
INSERT INTO city
    (id, city_name, city_image)
VALUES (1, '서울', 'https://a0.muscache.com/im/pictures/71e23854-a3c7-491c-b715-6e86233a293f.jpg?im_q=medq&im_w=240'),
       (2, '경기', 'https://a0.muscache.com/im/pictures/558a403a-aeed-4829-83a6-c9b0ccf21866.jpg?im_q=medq&im_w=240'),
       (3, '인천', 'https://a0.muscache.com/im/pictures/31e445ed-8b69-477b-aefd-d04dae6d0bb1.jpg?im_q=medq&im_w=240'),
       (4, '대구', 'https://a0.muscache.com/im/pictures/f7736f4a-f8b9-4527-b46c-d0d8df856984.jpg?im_q=medq&im_w=240'),
       (5, '울산', 'https://a0.muscache.com/im/pictures/926d56aa-8b36-4138-8eae-ad991868b858.jpg?im_q=medq&im_w=240'),
       (6, '광주', 'https://a0.muscache.com/im/pictures/087a8dff-a609-4084-86db-f45051c6f23a.jpg?im_q=medq&im_w=240'),
       (7, '부산', 'https://a0.muscache.com/im/pictures/f7736f4a-f8b9-4527-b46c-d0d8df856984.jpg?im_q=medq&im_w=240'),
       (8, '제주', 'https://a0.muscache.com/im/pictures/85bd76fe-3c73-4e79-b581-36b9676892f7.jpg?im_q=medq&im_w=240');

-- INSERT INTO user (user_id, email, `name`, token)
-- VALUES ('kjk402', 'joonki402@gmail.com', NULL, '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');
--



/*
INSERT INTO location
    (id, latitude, longitude, city)
VALUES
    (1, 37.47965, 126.64642, '인천'),
    (2, 37.45023, 126.71375, '인천');

INSERT INTO room
    (id, title, description, price_per_day, room_type, bed, max_guest, bathroom, location)
VALUES
    (1, '인천공항과 가까운 송림동, 인천숙소입니다.', '침실과 주방이 분리되어 있는 1.5룸 숙소로 도보로 3분거리에 전통시장과 대형 마트가 가까이 있고, 교통도 편리합니다. 여러분도 이곳에서 즐거운 행복 만들어가시길 바랍니다.'
    , 60000, '아파트', 1, 2, 1, 1),
    (2, '인천시청역 도보5분!신축! ', '길병원,인천시청 바로 앞에 있는 신축 건물 입니다. 층수는 9층 입니다.시설 깔끔하고 조용하고 각종 편의시설이 많아 생활이 편리해요.'
    , 70000, '아파트', 1, 4, 1, 2);

INSERT INTO image
    (`type`, url, room)
VALUES
    ('thumb', 'https://a0.muscache.com/im/pictures/33f486e0-d180-48c1-81e9-7aed9fbfeb4a.jpg?im_w=720', 1),
    ('detail', 'https://a0.muscache.com/im/pictures/3bea6518-9d84-4427-8553-622189e5aca1.jpg?im_w=720', 1),
    ('detail', 'https://a0.muscache.com/im/pictures/b401b1f4-40e0-43e6-b871-cb0141e6dc70.jpg?im_w=720', 1),
    ('detail', 'https://a0.muscache.com/im/pictures/2600e790-68ef-4726-83aa-d8e49077c7c6.jpg?im_w=720', 1),

    ('thumb', 'https://a0.muscache.com/im/pictures/miso/Hosting-42235322/original/f57a1653-938b-48e9-aaf9-077a0e6741d3.jpeg?im_w=960', 2),
    ('detail', 'https://a0.muscache.com/im/pictures/19140500-0b50-41bb-994d-5e3ab0c2a211.jpg?im_w=720', 2),
    ('detail', 'https://a0.muscache.com/im/pictures/468e312c-f002-4049-99b6-d44661da52ff.jpg?im_w=720', 2),
    ('detail', 'https://a0.muscache.com/im/pictures/468e312c-f002-4049-99b6-d44661da52ff.jpg?im_w=720', 2);

INSERT INTO reservation
    (room, check_in, check_out, total_price, number_of_guest)
VALUE
    (1, '2021-05-26', '2021-05-28', 153680, 2);




*/











insert into location(id,latitude,longitude,city) values (1,37.555,126.935,'서울');
INSERT INTO room (id, title, description, price_per_day, room_type, bed, max_guest, bathroom, location) VALUES (1,'(Sinchon-Ewha Univ.) Private room 3_Female only','마포구의 개인실',100000,'개인실',0,1,1,1);
INSERT INTO image (type, url, room) VALUES ('thumb','https://a0.muscache.com/im/pictures/ef521870-3d30-4d44-a47f-eccef1d8e212.jpg?im_w=720',1);
INSERT INTO image (type, url, room) VALUES ('detail','https://a0.muscache.com/im/pictures/6aa5d223-19ec-4e13-bcba-616e5d2ace0d.jpg?im_w=720',1);
INSERT INTO image (type, url, room) VALUES ('detail','https://a0.muscache.com/im/pictures/85ecfcdf-f3f4-4847-9711-f7dc920cfcfd.jpg?im_w=720',1);
INSERT INTO image (type, url, room) VALUES ('detail','https://a0.muscache.com/im/pictures/7d200f81-52cf-4b9f-b40a-82f63ab5abb2.jpg?im_w=720',1);

insert into location(id,latitude,longitude,city) values (2,37.591,127.012,'서울');
INSERT INTO room (id, title, description, price_per_day, room_type, bed, max_guest, bathroom, location) VALUES (2,'Kevins home 3 (For one person.)','성북구의 아파트 전체',95000,'집 전체',1,1,1,2);
INSERT INTO image (type, url, room) VALUES ('thumb','https://a0.muscache.com/im/pictures/2afd6b49-159e-436b-893d-498bcaa4350e.jpg?im_w=720',2);
INSERT INTO image (type, url, room) VALUES ('detail','https://a0.muscache.com/im/pictures/56ac81ff-433c-4e95-92d2-9ebd859af4e3.jpg?im_w=720',2);
INSERT INTO image (type, url, room) VALUES ('detail','https://a0.muscache.com/im/pictures/82aa0743-2720-44b2-be4f-0f8aec95dfa3.jpg?im_w=720',2);
INSERT INTO image (type, url, room) VALUES ('detail','https://a0.muscache.com/im/pictures/113f6534-22a5-4923-845f-2e8a609e51ee.jpg?im_w=720',2);
INSERT INTO image (type, url, room) VALUES ('detail','https://a0.muscache.com/im/pictures/a56d3dfd-df88-40c6-acab-f3826ea49c0c.jpg?im_w=720',2);
INSERT INTO image (type, url, room) VALUES ('detail','https://a0.muscache.com/im/pictures/2515f275-0e7d-49fe-a911-20c205b2588b.jpg?im_w=720',2);
INSERT INTO image (type, url, room) VALUES ('detail','https://a0.muscache.com/im/pictures/c10829b3-73ef-4528-b505-f587d8db3415.jpg?im_w=720',2);
INSERT INTO image (type, url, room) VALUES ('detail','https://a0.muscache.com/im/pictures/90dc666c-0fe2-42bc-9000-6ea143b860a1.jpg?im_w=720',2);
INSERT INTO image (type, url, room) VALUES ('detail','https://a0.muscache.com/im/pictures/9356effc-805a-4490-ad11-0e84ae8986ba.jpg?im_w=720',2);
INSERT INTO image (type, url, room) VALUES ('detail','https://a0.muscache.com/im/pictures/1c0b32de-1888-43df-b560-e90a7bc7600f.jpg?im_w=720',2);
INSERT INTO image (type, url, room) VALUES ('detail','https://a0.muscache.com/im/pictures/4af05440-2e74-49b9-9317-c9bbab66eea8.jpg?im_w=720',2);
INSERT INTO image (type, url, room) VALUES ('detail','https://a0.muscache.com/im/pictures/a082282d-7d68-4690-b2cf-4487acbbcd26.jpg?im_w=720',2);
INSERT INTO image (type, url, room) VALUES ('detail','https://a0.muscache.com/im/pictures/e503002a-c016-446a-b97d-dee33ee57f56.jpg?im_w=720',2);
INSERT INTO image (type, url, room) VALUES ('detail','https://a0.muscache.com/im/pictures/6c4e2cc4-d943-447d-a701-a31d82178548.jpg?im_w=720',2);
INSERT INTO image (type, url, room) VALUES ('detail','https://a0.muscache.com/im/pictures/b2855b7d-b5b2-43d8-9dc2-afa2b7717303.jpg?im_w=720',2);
INSERT INTO image (type, url, room) VALUES ('detail','https://a0.muscache.com/im/pictures/f724c446-6e0d-49cd-8a0f-dc11851b8c8e.jpg?im_w=720',2);
INSERT INTO image (type, url, room) VALUES ('detail','https://a0.muscache.com/im/pictures/d829dc41-9a33-4fa2-99bc-1ee87884112e.jpg?im_w=720',2);
INSERT INTO image (type, url, room) VALUES ('detail','https://a0.muscache.com/im/pictures/5b6af1cc-39c1-4875-b511-70c1cbd8b939.jpg?im_w=720',2);
INSERT INTO image (type, url, room) VALUES ('detail','https://a0.muscache.com/im/pictures/61e44bb3-0981-4f1e-97d4-4362faf45941.jpg?im_w=720',2);
INSERT INTO image (type, url, room) VALUES ('detail','https://a0.muscache.com/im/pictures/6272a8c3-6c90-4ba4-bcb6-62dba2a3804c.jpg?im_w=720',2);
INSERT INTO image (type, url, room) VALUES ('detail','https://a0.muscache.com/im/pictures/d8bcf637-0e48-4c98-a569-8ba7e0638cd6.jpg?im_w=720',2);
INSERT INTO image (type, url, room) VALUES ('detail','https://a0.muscache.com/im/pictures/437ac739-1b25-4df8-bd49-395345e1bf66.jpg?im_w=720',2);
INSERT INTO image (type, url, room) VALUES ('detail','https://a0.muscache.com/im/pictures/9916b53f-61f6-464b-bf2b-6e0c15c7f44d.jpg?im_w=720',2);
INSERT INTO image (type, url, room) VALUES ('detail','https://a0.muscache.com/im/pictures/b1cec547-4a36-4636-ad53-01bd796efe6f.jpg?im_w=720',2);
INSERT INTO image (type, url, room) VALUES ('detail','https://a0.muscache.com/im/pictures/42d5bba2-a30b-47fb-a3c5-c2e4a1700d2a.jpg?im_w=720',2);
insert into location(id,latitude,longitude,city) values (3,37.563,127,'서울');
INSERT INTO room (id, title, description, price_per_day, room_type, bed, max_guest, bathroom, location) VALUES (3,'현대 레지던스 (Hyundai Residence) 장기 숙박 플랜 트윈룸[2인]','Gwanghui-dong, Jung-gu의 레지던스 전체',100000,'집 전체',2,2,1,3);
INSERT INTO image (type, url, room) VALUES ('thumb','https://a0.muscache.com/im/pictures/miso/Hosting-47321627/original/89a788df-cb72-44e4-96a4-f2c5fab02950.jpeg?im_w=720',3);
INSERT INTO image (type, url, room) VALUES ('detail','https://a0.muscache.com/im/pictures/5b25820d-3dcc-43e6-a124-8a0448751158.jpg?im_w=720',3);
INSERT INTO image (type, url, room) VALUES ('detail','https://a0.muscache.com/im/pictures/4f8e9347-49d2-425b-a679-44208aee96e2.jpg?im_w=720',3);
INSERT INTO image (type, url, room) VALUES ('detail','https://a0.muscache.com/im/pictures/01b18efb-0996-4c58-994c-2f101ee4d332.jpg?im_w=720',3);
INSERT INTO image (type, url, room) VALUES ('detail','https://a0.muscache.com/im/pictures/4be0f0c8-6e69-43e9-a4f0-7566e082dd75.jpg?im_w=720',3);
INSERT INTO image (type, url, room) VALUES ('detail','https://a0.muscache.com/im/pictures/8e9b2e6d-ea9e-427d-9fd5-1f200e38c797.jpg?im_w=720',3);
INSERT INTO image (type, url, room) VALUES ('detail','https://a0.muscache.com/im/pictures/546cf9a2-6018-44d7-ad31-6b08e690f899.jpg?im_w=720',3);
INSERT INTO image (type, url, room) VALUES ('detail','https://a0.muscache.com/im/pictures/904e1845-b1c5-4a50-9893-36ba5f723190.jpg?im_w=720',3);
INSERT INTO image (type, url, room) VALUES ('detail','https://a0.muscache.com/im/pictures/a14b788c-957f-4fe1-ac38-d2eab0150ebf.jpg?im_w=720',3);
INSERT INTO image (type, url, room) VALUES ('detail','https://a0.muscache.com/im/pictures/2b1d5500-2f75-4040-b604-6f9fe2a4a0da.jpg?im_w=720',3);
INSERT INTO image (type, url, room) VALUES ('detail','https://a0.muscache.com/im/pictures/cad71293-46eb-401b-8831-a253b81494ee.jpg?im_w=720',3);
INSERT INTO image (type, url, room) VALUES ('detail','https://a0.muscache.com/im/pictures/bbcd87c5-3a37-48d2-9c88-5c875741815a.jpg?im_w=720',3);
INSERT INTO image (type, url, room) VALUES ('detail','https://a0.muscache.com/im/pictures/851b44d6-6f33-48e9-8196-debdd5b59154.jpg?im_w=720',3);
INSERT INTO image (type, url, room) VALUES ('detail','https://a0.muscache.com/im/pictures/1c8da5fd-0bb0-42a2-abd9-acb25539d504.jpg?im_w=720',3);
INSERT INTO image (type, url, room) VALUES ('detail','https://a0.muscache.com/im/pictures/9a0d086c-599e-4dd0-bbe5-e6d38a22d671.jpg?im_w=720',3);
INSERT INTO image (type, url, room) VALUES ('detail','https://a0.muscache.com/im/pictures/miso/Hosting-47321627/original/7aa8e731-f184-48c8-8703-968d6aec858a.jpeg?im_w=720',3);
insert into location(id,latitude,longitude,city) values (4,37.556,126.931,'서울');
INSERT INTO room (id, title, description, price_per_day, room_type, bed, max_guest, bathroom, location) VALUES (4,'#2 홍대입구역 도보 5분 조용하고 깔끔한 집','서대문구의 집 전체',95000,'집 전체',1,2,1,4);
INSERT INTO image (type, url, room) VALUES ('thumb','https://a0.muscache.com/im/pictures/miso/Hosting-48235229/original/4bf6a5cc-dc35-49fa-a625-951f8a76fec5.jpeg?im_w=720',4);
INSERT INTO image (type, url, room) VALUES ('detail','https://a0.muscache.com/im/pictures/miso/Hosting-48235229/original/4a9c2baa-44fc-4a4d-a067-854f167bfcfb.jpeg?im_w=720',4);
INSERT INTO image (type, url, room) VALUES ('detail','https://a0.muscache.com/im/pictures/miso/Hosting-48235229/original/37764a52-e072-41f4-8f19-c3f89e242bef.jpeg?im_w=720',4);
INSERT INTO image (type, url, room) VALUES ('detail','https://a0.muscache.com/im/pictures/miso/Hosting-48235229/original/5ce4b1ac-92b3-46bc-92c9-3a2e9f85aa0b.jpeg?im_w=720',4);
INSERT INTO image (type, url, room) VALUES ('detail','https://a0.muscache.com/im/pictures/miso/Hosting-48235229/original/b1102385-8db1-4ef6-97e9-e34027388355.jpeg?im_w=720',4);
INSERT INTO image (type, url, room) VALUES ('detail','https://a0.muscache.com/im/pictures/miso/Hosting-48235229/original/e88fbe17-6d58-410d-8799-83ca5022a543.jpeg?im_w=720',4);
INSERT INTO image (type, url, room) VALUES ('detail','https://a0.muscache.com/im/pictures/miso/Hosting-48235229/original/9eb245eb-ea25-40da-b045-4cecde615617.jpeg?im_w=720',4);
INSERT INTO image (type, url, room) VALUES ('detail','https://a0.muscache.com/im/pictures/miso/Hosting-48235229/original/217258d6-fb04-439a-840e-7223ad6b0563.jpeg?im_w=720',4);
INSERT INTO image (type, url, room) VALUES ('detail','https://a0.muscache.com/im/pictures/miso/Hosting-48235229/original/5872cd69-2885-439e-babe-e2e0dc7b2f9f.jpeg?im_w=720',4);
INSERT INTO image (type, url, room) VALUES ('detail','https://a0.muscache.com/im/pictures/miso/Hosting-48235229/original/5190dd47-c437-4e2c-90fa-b040c5f5b9c1.jpeg?im_w=720',4);
INSERT INTO image (type, url, room) VALUES ('detail','https://a0.muscache.com/im/pictures/miso/Hosting-48235229/original/89596b22-de26-4ea8-9470-362329e70d30.jpeg?im_w=720',4);
INSERT INTO image (type, url, room) VALUES ('detail','https://a0.muscache.com/im/pictures/miso/Hosting-48110410/original/e7b47cfc-d049-49b1-9b1e-b8d6b87c3527.jpeg?im_w=720',4);
INSERT INTO image (type, url, room) VALUES ('detail','https://a0.muscache.com/im/pictures/miso/Hosting-48110410/original/b7d92379-d4ce-4850-8cb2-394d07852685.jpeg?im_w=720',4);
INSERT INTO image (type, url, room) VALUES ('detail','https://a0.muscache.com/im/pictures/miso/Hosting-48235229/original/0e3f3867-54c9-405f-9454-e27009572b75.jpeg?im_w=720',4);
insert into location(id,latitude,longitude,city) values (5,37.56,126.925,'서울');
INSERT INTO room (id, title, description, price_per_day, room_type, bed, max_guest, bathroom, location) VALUES (5,'★105SweetCheese★역에서 단 3분거리!','Yeonnam-dong, Mapo-gu의 콘도(아파트) 전체',95000,'집 전체',1,2,1,5);
INSERT INTO image (type, url, room) VALUES ('thumb','https://a0.muscache.com/im/pictures/6c2c2c2d-d9a1-4a64-a31e-b4e2666c254f.jpg?im_w=720',5);
INSERT INTO image (type, url, room) VALUES ('detail','https://a0.muscache.com/im/pictures/727ad1b6-a222-44b3-90c9-d56f10b89507.jpg?im_w=720',5);
INSERT INTO image (type, url, room) VALUES ('detail','https://a0.muscache.com/im/pictures/0d94e6e9-9813-40eb-8203-fdf7767477d2.jpg?im_w=720',5);
INSERT INTO image (type, url, room) VALUES ('detail','https://a0.muscache.com/im/pictures/c518a275-1835-42d3-925d-01acdfb4c88f.jpg?im_w=720',5);
INSERT INTO image (type, url, room) VALUES ('detail','https://a0.muscache.com/im/pictures/miso/Hosting-29213312/original/8e25f0c6-2529-483e-866c-0c22f27ad7db.jpeg?im_w=720',5);
INSERT INTO image (type, url, room) VALUES ('detail','https://a0.muscache.com/im/pictures/6b441461-4fa4-4ede-a403-6db2d54da848.jpg?im_w=720',5);
INSERT INTO image (type, url, room) VALUES ('detail','https://a0.muscache.com/im/pictures/638f45b5-9d27-4dae-9e39-6db94f919b92.jpg?im_w=720',5);
INSERT INTO image (type, url, room) VALUES ('detail','https://a0.muscache.com/im/pictures/8a276697-9ef0-4d70-925d-0ba9ff1f49a5.jpg?im_w=720',5);
INSERT INTO image (type, url, room) VALUES ('detail','https://a0.muscache.com/im/pictures/54253c64-47ba-4370-9e4e-5c0a57ba4012.jpg?im_w=720',5);
INSERT INTO image (type, url, room) VALUES ('detail','https://a0.muscache.com/im/pictures/5eae9100-60d2-4c9c-a747-24ca55fa3a1f.jpg?im_w=720',5);
INSERT INTO image (type, url, room) VALUES ('detail','https://a0.muscache.com/im/pictures/242c3351-1d54-4d2e-9de3-55ec3f08780a.jpg?im_w=720',5);
INSERT INTO image (type, url, room) VALUES ('detail','https://a0.muscache.com/im/pictures/c9943eae-4522-4030-890e-3bdd1f64b2e1.jpg?im_w=720',5);
INSERT INTO image (type, url, room) VALUES ('detail','https://a0.muscache.com/im/pictures/0db80cbf-f2a1-41d5-b40d-7443582fff37.jpg?im_w=720',5);
INSERT INTO image (type, url, room) VALUES ('detail','https://a0.muscache.com/im/pictures/968e72f5-3297-4c57-85b8-1ce32108de51.jpg?im_w=720',5);
INSERT INTO image (type, url, room) VALUES ('detail','https://a0.muscache.com/im/pictures/32edcd87-60ee-4f44-9b48-69b31b3d78f8.jpg?im_w=720',5);
INSERT INTO image (type, url, room) VALUES ('detail','https://a0.muscache.com/im/pictures/4bf51ba5-5bc9-4b52-92ef-e14da1ff9885.jpg?im_w=720',5);
INSERT INTO image (type, url, room) VALUES ('detail','https://a0.muscache.com/im/pictures/a9c454be-8c6a-47b3-b07b-445dbdb58b73.jpg?im_w=720',5);
INSERT INTO image (type, url, room) VALUES ('detail','https://a0.muscache.com/im/pictures/3e05aa88-a972-4e06-91b0-d7a51d76259d.jpg?im_w=720',5);
INSERT INTO image (type, url, room) VALUES ('detail','https://a0.muscache.com/im/pictures/55425dfd-fcd0-4a1a-b5c8-02f1e1925634.jpg?im_w=720',5);
INSERT INTO image (type, url, room) VALUES ('detail','https://a0.muscache.com/im/pictures/5c5c1eb9-5a49-40ed-8c98-bdc1e2a6de07.jpg?im_w=720',5);
INSERT INTO image (type, url, room) VALUES ('detail','https://a0.muscache.com/im/pictures/a05e75f6-29d3-4bf9-9c58-a2fc5a8cafd7.jpg?im_w=720',5);
INSERT INTO image (type, url, room) VALUES ('detail','https://a0.muscache.com/im/pictures/89295036-adb4-4e01-a909-60b3946aeddc.jpg?im_w=720',5);
INSERT INTO image (type, url, room) VALUES ('detail','https://a0.muscache.com/im/pictures/aeba9f46-ada8-416b-9a0f-2a4f9ba66afb.jpg?im_w=720',5);
INSERT INTO image (type, url, room) VALUES ('detail','https://a0.muscache.com/im/pictures/149f6806-d3ca-4ea3-b0ee-a2b1e748dfba.jpg?im_w=720',5);
INSERT INTO image (type, url, room) VALUES ('detail','https://a0.muscache.com/im/pictures/aad24232-61d7-4614-9e9f-b70ef90f30a6.jpg?im_w=720',5);
INSERT INTO image (type, url, room) VALUES ('detail','https://a0.muscache.com/im/pictures/e01a282d-c60d-4eba-b9a7-f885f8c4341c.jpg?im_w=720',5);
INSERT INTO image (type, url, room) VALUES ('detail','https://a0.muscache.com/im/pictures/miso/Hosting-29213312/original/3f2ffeac-2ff1-4d00-b3fd-9d4e8272ca8b.jpeg?im_w=720',5);
INSERT INTO image (type, url, room) VALUES ('detail','https://a0.muscache.com/im/pictures/miso/Hosting-29213312/original/eb16ae3c-46f8-4de9-adbb-08e2d32e1c2d.jpeg?im_w=720',5);
INSERT INTO image (type, url, room) VALUES ('detail','https://a0.muscache.com/im/pictures/miso/Hosting-29213312/original/ff74d0da-ecfb-4c3e-b550-b67fbe3d1270.jpeg?im_w=720',5);
INSERT INTO image (type, url, room) VALUES ('detail','https://a0.muscache.com/im/pictures/miso/Hosting-29213312/original/c1c64e8e-93c6-4a5d-adde-74e854fd709d.jpeg?im_w=720',5);
insert into location(id,latitude,longitude,city) values (6,37.587,127.015,'서울');
INSERT INTO room (id, title, description, price_per_day, room_type, bed, max_guest, bathroom, location) VALUES (6,'위생철저,방역철저!!♥Cozy and simple♥
고려대,성신여대,보문역3분','Samseon-dong, Seongbuk-gu의 아파트 전체',93000,'집 전체',1,2,1,6);
INSERT INTO image (type, url, room) VALUES ('thumb','https://a0.muscache.com/im/pictures/d17993ae-182d-445a-b41b-cbb478ff2223.jpg?im_w=720',6);
INSERT INTO image (type, url, room) VALUES ('detail','https://a0.muscache.com/im/pictures/3df85866-c497-473a-8c3a-04570bc9b7d5.jpg?im_w=720',6);
INSERT INTO image (type, url, room) VALUES ('detail','https://a0.muscache.com/im/pictures/acec6cd1-5a52-4553-a13f-d09c73580960.jpg?im_w=720',6);
INSERT INTO image (type, url, room) VALUES ('detail','https://a0.muscache.com/im/pictures/a47744af-b089-43c2-b01c-2d8267fbbe2a.jpg?im_w=720',6);
INSERT INTO image (type, url, room) VALUES ('detail','https://a0.muscache.com/im/pictures/f6585835-7db4-4c4b-a9c5-6e77fdc49ae7.jpg?im_w=720',6);
INSERT INTO image (type, url, room) VALUES ('detail','https://a0.muscache.com/im/pictures/c9d006d8-cb10-45fb-a80b-8de37ed7355b.jpg?im_w=720',6);
INSERT INTO image (type, url, room) VALUES ('detail','https://a0.muscache.com/im/pictures/0532b337-ec44-400e-b117-0572609f3040.jpg?im_w=720',6);
INSERT INTO image (type, url, room) VALUES ('detail','https://a0.muscache.com/im/pictures/07273c83-e895-4838-b2bf-24de8f6a5333.jpg?im_w=720',6);
INSERT INTO image (type, url, room) VALUES ('detail','https://a0.muscache.com/im/pictures/1fc78ffa-e4ef-49ab-b79f-0c5266015354.jpg?im_w=720',6);
INSERT INTO image (type, url, room) VALUES ('detail','https://a0.muscache.com/im/pictures/202e460e-b3b0-4990-b654-504434fb52cd.jpg?im_w=720',6);
insert into location(id,latitude,longitude,city) values (7,37.569,126.991,'서울');
INSERT INTO room (id, title, description, price_per_day, room_type, bed, max_guest, bathroom, location) VALUES (7,'허브c','종로구의 개인실',90000,'개인실',1,1,1,7);
INSERT INTO image (type, url, room) VALUES ('thumb','https://a0.muscache.com/im/pictures/e821c9a6-90a5-4988-a6dc-da39cd4c280b.jpg?im_w=720',7);
INSERT INTO image (type, url, room) VALUES ('detail','https://a0.muscache.com/im/pictures/95082310-9596-49f6-b91f-eb850836c73c.jpg?im_w=720',7);
INSERT INTO image (type, url, room) VALUES ('detail','https://a0.muscache.com/im/pictures/b796a9b1-8f20-4b75-9821-ca483fab0ea8.jpg?im_w=720',7);
INSERT INTO image (type, url, room) VALUES ('detail','https://a0.muscache.com/im/pictures/cd03c105-c0fb-4438-99a3-313f87964bca.jpg?im_w=720',7);
INSERT INTO image (type, url, room) VALUES ('detail','https://a0.muscache.com/im/pictures/6d23ea05-3dba-4ff8-aa26-2006c3ab11dd.jpg?im_w=720',7);
INSERT INTO image (type, url, room) VALUES ('detail','https://a0.muscache.com/im/pictures/353bbe34-b1b1-40a7-b815-cad1b8435d31.jpg?im_w=720',7);
INSERT INTO image (type, url, room) VALUES ('detail','https://a0.muscache.com/im/pictures/52e29756-8d9a-4f83-8b8f-222e8a950aeb.jpg?im_w=720',7);
INSERT INTO image (type, url, room) VALUES ('detail','https://a0.muscache.com/im/pictures/6727dba6-427b-45b9-9ff4-6a00a932a7a8.jpg?im_w=720',7);
INSERT INTO image (type, url, room) VALUES ('detail','https://a0.muscache.com/im/pictures/8d13c891-728a-4930-bbe6-641e133eb2da.jpg?im_w=720',7);
INSERT INTO image (type, url, room) VALUES ('detail','https://a0.muscache.com/im/pictures/06ce5e27-3cc4-43d9-b43b-07d7e0947af0.jpg?im_w=720',7);
insert into location(id,latitude,longitude,city) values (8,37.554,126.924,'서울');
INSERT INTO room (id, title, description, price_per_day, room_type, bed, max_guest, bathroom, location) VALUES (8,'[OPEN]#루프탑캠핑#홍대입구역5분#Rooftop camping & BBQ party','Changjeon-dong, Mapo-gu의 집 전체',100000,'집 전체',0,4,1,8);
INSERT INTO image (type, url, room) VALUES ('thumb','https://a0.muscache.com/im/pictures/miso/Hosting-49034435/original/3541ab34-dd5c-4c0b-995a-f17e454cba0e.jpeg?im_w=720',8);
INSERT INTO image (type, url, room) VALUES ('detail','https://a0.muscache.com/im/pictures/miso/Hosting-49034435/original/cd3b41c9-930b-4c9e-a2ee-3c7f4110a50f.jpeg?im_w=720',8);
INSERT INTO image (type, url, room) VALUES ('detail','https://a0.muscache.com/im/pictures/miso/Hosting-49034435/original/42f30b8e-83fd-4d5a-8bac-3e82e3aacbfe.jpeg?im_w=720',8);
INSERT INTO image (type, url, room) VALUES ('detail','https://a0.muscache.com/im/pictures/5078d72d-3862-4335-9764-62ebfc16aa9b.jpg?im_w=720',8);
INSERT INTO image (type, url, room) VALUES ('detail','https://a0.muscache.com/im/pictures/miso/Hosting-49034435/original/d9fe4177-5461-494e-98ab-3e6468dd9779.jpeg?im_w=720',8);
INSERT INTO image (type, url, room) VALUES ('detail','https://a0.muscache.com/im/pictures/miso/Hosting-49034435/original/f16c6e9e-b4c7-4820-96d7-29e096f5c1a8.jpeg?im_w=720',8);
INSERT INTO image (type, url, room) VALUES ('detail','https://a0.muscache.com/im/pictures/miso/Hosting-49034435/original/ae4e1123-7952-4c24-99fd-9865a0df484c.jpeg?im_w=720',8);
INSERT INTO image (type, url, room) VALUES ('detail','https://a0.muscache.com/im/pictures/miso/Hosting-49034435/original/105890ee-4eac-4a00-8c7c-6655c36c2b89.jpeg?im_w=720',8);
INSERT INTO image (type, url, room) VALUES ('detail','https://a0.muscache.com/im/pictures/miso/Hosting-49034435/original/db3a96a4-28ea-4a0d-aabe-5512dc3ac697.jpeg?im_w=720',8);
INSERT INTO image (type, url, room) VALUES ('detail','https://a0.muscache.com/im/pictures/miso/Hosting-49034435/original/8d6f8785-956d-424d-9713-a60470a4248a.jpeg?im_w=720',8);
INSERT INTO image (type, url, room) VALUES ('detail','https://a0.muscache.com/im/pictures/miso/Hosting-49034435/original/f8150951-2f27-4ad5-b250-0c9b22ae568a.jpeg?im_w=720',8);
INSERT INTO image (type, url, room) VALUES ('detail','https://a0.muscache.com/im/pictures/6f3370d5-c182-4f47-9597-a39b750a22f7.jpg?im_w=720',8);
INSERT INTO image (type, url, room) VALUES ('detail','https://a0.muscache.com/im/pictures/miso/Hosting-49034435/original/f95044cf-9c02-429a-80ee-ce2167be62aa.jpeg?im_w=720',8);
INSERT INTO image (type, url, room) VALUES ('detail','https://a0.muscache.com/im/pictures/miso/Hosting-49034435/original/21d0b656-2b9f-4f4d-8a29-3f4fbea39084.jpeg?im_w=720',8);
INSERT INTO image (type, url, room) VALUES ('detail','https://a0.muscache.com/im/pictures/0c415fc0-f600-4a21-b658-18ee9f7e6d91.jpg?im_w=720',8);
INSERT INTO image (type, url, room) VALUES ('detail','https://a0.muscache.com/im/pictures/3c8029ec-0abb-4552-bc1e-d81b89921d79.jpg?im_w=720',8);
INSERT INTO image (type, url, room) VALUES ('detail','https://a0.muscache.com/im/pictures/03aa6fb9-6fcc-48a9-b6fd-6489209c6e1d.jpg?im_w=720',8);
INSERT INTO image (type, url, room) VALUES ('detail','https://a0.muscache.com/im/pictures/a22d5894-96a8-4fb1-8bf7-b233c15b65b8.jpg?im_w=720',8);
INSERT INTO image (type, url, room) VALUES ('detail','https://a0.muscache.com/im/pictures/6a80e606-dd4f-4e48-81bc-bbb342dc4e14.jpg?im_w=720',8);
insert into location(id,latitude,longitude,city) values (9,37.558,126.935,'서울');
INSERT INTO room (id, title, description, price_per_day, room_type, bed, max_guest, bathroom, location) VALUES (9,'#ONLY 자가격리 & 장기숙박 특별할인 #도시힐링감성 #숙소설명 꼭 확인해주세요','Sinchon-dong, Seodaemun-gu의 아파트 전체',80000,'집 전체',1,4,1,9);
INSERT INTO image (type, url, room) VALUES ('thumb','https://a0.muscache.com/im/pictures/miso/Hosting-44159716/original/04dc2ade-cd11-4599-a7fb-a6f4b6176f4e.jpeg?im_w=720',9);
INSERT INTO image (type, url, room) VALUES ('detail','https://a0.muscache.com/im/pictures/miso/Hosting-44159716/original/c6c1a442-b449-495a-8ee9-f1779f36b5b4.jpeg?im_w=720',9);
INSERT INTO image (type, url, room) VALUES ('detail','https://a0.muscache.com/im/pictures/miso/Hosting-44159716/original/66bd535a-ba05-43e7-adbe-6953bbc13da5.jpeg?im_w=720',9);
INSERT INTO image (type, url, room) VALUES ('detail','https://a0.muscache.com/im/pictures/miso/Hosting-44159716/original/d1857908-90c8-48fd-9e68-a743187664ed.jpeg?im_w=720',9);
INSERT INTO image (type, url, room) VALUES ('detail','https://a0.muscache.com/im/pictures/39b76268-042e-4a89-aa3b-89abe9865c58.jpg?im_w=720',9);
INSERT INTO image (type, url, room) VALUES ('detail','https://a0.muscache.com/im/pictures/miso/Hosting-44159716/original/53dcf85e-6295-4f84-a246-cc6fdb142d2f.jpeg?im_w=720',9);
INSERT INTO image (type, url, room) VALUES ('detail','https://a0.muscache.com/im/pictures/6652d911-214a-4bfc-b097-0192f4d78579.jpg?im_w=720',9);
INSERT INTO image (type, url, room) VALUES ('detail','https://a0.muscache.com/im/pictures/ca8abc0d-9e94-4f15-8548-012c8ec969f2.jpg?im_w=720',9);
INSERT INTO image (type, url, room) VALUES ('detail','https://a0.muscache.com/im/pictures/miso/Hosting-44159716/original/df233302-04bd-41a1-93c4-62b39aa73fa8.jpeg?im_w=720',9);
INSERT INTO image (type, url, room) VALUES ('detail','https://a0.muscache.com/im/pictures/f61432bd-d31d-481d-9452-08c276b3f201.jpg?im_w=720',9);
INSERT INTO image (type, url, room) VALUES ('detail','https://a0.muscache.com/im/pictures/miso/Hosting-44159716/original/bc21e608-4244-40ab-8cc9-3781b36e0971.jpeg?im_w=720',9);
INSERT INTO image (type, url, room) VALUES ('detail','https://a0.muscache.com/im/pictures/4ed0d2e5-b305-4483-a237-a6473985187d.jpg?im_w=720',9);
INSERT INTO image (type, url, room) VALUES ('detail','https://a0.muscache.com/im/pictures/miso/Hosting-44159716/original/c19548f2-1658-442e-a67f-be42fd89bbd6.jpeg?im_w=720',9);
INSERT INTO image (type, url, room) VALUES ('detail','https://a0.muscache.com/im/pictures/f474676e-b04c-4173-964d-80179db71c88.jpg?im_w=720',9);
INSERT INTO image (type, url, room) VALUES ('detail','https://a0.muscache.com/im/pictures/79219262-c3f4-4140-bca8-5712cea4bf5b.jpg?im_w=720',9);
INSERT INTO image (type, url, room) VALUES ('detail','https://a0.muscache.com/im/pictures/ef80325d-39b5-4770-9acc-6b52905d6ee9.jpg?im_w=720',9);
INSERT INTO image (type, url, room) VALUES ('detail','https://a0.muscache.com/im/pictures/144f2b64-feb0-44b2-852e-1dab468d28c7.jpg?im_w=720',9);
INSERT INTO image (type, url, room) VALUES ('detail','https://a0.muscache.com/im/pictures/ebaaa9e9-a8a4-4bca-9f27-e234d3153b03.jpg?im_w=720',9);
INSERT INTO image (type, url, room) VALUES ('detail','https://a0.muscache.com/im/pictures/2f300753-ee47-418f-982d-acf65f518b2e.jpg?im_w=720',9);
INSERT INTO image (type, url, room) VALUES ('detail','https://a0.muscache.com/im/pictures/c48191ab-fd5e-4d37-9019-d9a85922097d.jpg?im_w=720',9);
INSERT INTO image (type, url, room) VALUES ('detail','https://a0.muscache.com/im/pictures/f7448e23-7009-4c76-a118-efdda9ee2e02.jpg?im_w=720',9);
INSERT INTO image (type, url, room) VALUES ('detail','https://a0.muscache.com/im/pictures/miso/Hosting-44159716/original/63e6f7cf-09d8-41af-b691-0e59fc210cd1.jpeg?im_w=720',9);
INSERT INTO image (type, url, room) VALUES ('detail','https://a0.muscache.com/im/pictures/miso/Hosting-44159716/original/4cb9b04b-da66-40bc-a81c-2e9ff973df6c.jpeg?im_w=720',9);
insert into location(id,latitude,longitude,city) values (10,37.575,127.02,'서울');
INSERT INTO room (id, title, description, price_per_day, room_type, bed, max_guest, bathroom, location) VALUES (10,'dmyk_"Trois"','종로구의 게스트용 별채 전체',100000,'집 전체',1,2,1,10);
INSERT INTO image (type, url, room) VALUES ('thumb','https://a0.muscache.com/im/pictures/c32e84f8-77c4-442c-8d11-566835f3412c.jpg?im_w=720',10);
INSERT INTO image (type, url, room) VALUES ('detail','https://a0.muscache.com/im/pictures/0e2f35b2-afff-4247-8da7-74f612be0fd7.jpg?im_w=720',10);
INSERT INTO image (type, url, room) VALUES ('detail','https://a0.muscache.com/im/pictures/4c904049-898d-4fe0-b35e-56bb0c345050.jpg?im_w=720',10);
INSERT INTO image (type, url, room) VALUES ('detail','https://a0.muscache.com/im/pictures/9f2900fd-d865-4dfe-95a2-2b862ec6024d.jpg?im_w=720',10);
INSERT INTO image (type, url, room) VALUES ('detail','https://a0.muscache.com/im/pictures/a771881a-656c-42a4-8bfc-b370f559f6a3.jpg?im_w=720',10);
INSERT INTO image (type, url, room) VALUES ('detail','https://a0.muscache.com/im/pictures/d1a01679-7adc-4a5c-b92c-c76e6ad563ab.jpg?im_w=720',10);
INSERT INTO image (type, url, room) VALUES ('detail','https://a0.muscache.com/im/pictures/5668c52b-fed9-4c05-b7ad-0572388959c3.jpg?im_w=720',10);
INSERT INTO image (type, url, room) VALUES ('detail','https://a0.muscache.com/im/pictures/771f5064-0b6d-4544-acae-b5c05a0c26ad.jpg?im_w=720',10);
INSERT INTO image (type, url, room) VALUES ('detail','https://a0.muscache.com/im/pictures/2091ff18-9473-44fa-8bbd-ec863951f899.jpg?im_w=720',10);
INSERT INTO image (type, url, room) VALUES ('detail','https://a0.muscache.com/im/pictures/9dd633fc-d961-426b-8644-32d680a86b59.jpg?im_w=720',10);
INSERT INTO image (type, url, room) VALUES ('detail','https://a0.muscache.com/im/pictures/386977ec-3453-4e01-b48a-fa489cb95b9b.jpg?im_w=720',10);
INSERT INTO image (type, url, room) VALUES ('detail','https://a0.muscache.com/im/pictures/89e9e4ef-2d1e-4ca7-b27a-1d237d4f1007.jpg?im_w=720',10);
INSERT INTO image (type, url, room) VALUES ('detail','https://a0.muscache.com/im/pictures/e50589b1-ef91-428f-ae77-e174c4a297a1.jpg?im_w=720',10);
insert into location(id,latitude,longitude,city) values (11,37.576,127.022,'서울');
INSERT INTO room (id, title, description, price_per_day, room_type, bed, max_guest, bathroom, location) VALUES (11,'dmyk_"Carré"','종로구의 게스트 스위트 전체',100000,'집 전체',1,2,1,11);
INSERT INTO image (type, url, room) VALUES ('thumb','https://a0.muscache.com/im/pictures/35ecadd2-da5d-4db1-92bd-867ec152921d.jpg?im_w=720',11);
INSERT INTO image (type, url, room) VALUES ('detail','https://a0.muscache.com/im/pictures/5e1185eb-f9fc-43fe-a398-0ed7c49bfdbd.jpg?im_w=720',11);
INSERT INTO image (type, url, room) VALUES ('detail','https://a0.muscache.com/im/pictures/3ac4c49b-f4b0-4c37-b99f-420ff88f0292.jpg?im_w=720',11);
INSERT INTO image (type, url, room) VALUES ('detail','https://a0.muscache.com/im/pictures/a530684f-96f3-4116-a3c4-cd3bf7806d1f.jpg?im_w=720',11);
INSERT INTO image (type, url, room) VALUES ('detail','https://a0.muscache.com/im/pictures/332e7ca4-9318-4511-9b44-b4b54ef1250c.jpg?im_w=720',11);
INSERT INTO image (type, url, room) VALUES ('detail','https://a0.muscache.com/im/pictures/51fe9399-c4a2-4f2c-a5b6-c820b0535ebe.jpg?im_w=720',11);
INSERT INTO image (type, url, room) VALUES ('detail','https://a0.muscache.com/im/pictures/d1f6561f-ed8c-4b50-a0d0-1650e7a2a44d.jpg?im_w=720',11);
INSERT INTO image (type, url, room) VALUES ('detail','https://a0.muscache.com/im/pictures/015724ab-56d9-4336-a7dd-34920d3f89a7.jpg?im_w=720',11);
INSERT INTO image (type, url, room) VALUES ('detail','https://a0.muscache.com/im/pictures/47864437-e142-4d74-aba9-42770d949a80.jpg?im_w=720',11);
INSERT INTO image (type, url, room) VALUES ('detail','https://a0.muscache.com/im/pictures/d7f59f60-4752-4c43-9225-793095ba8638.jpg?im_w=720',11);
INSERT INTO image (type, url, room) VALUES ('detail','https://a0.muscache.com/im/pictures/858f355f-e9e9-4467-b193-8cea445381eb.jpg?im_w=720',11);
insert into location(id,latitude,longitude,city) values (12,37.557,126.941,'서울');
INSERT INTO room (id, title, description, price_per_day, room_type, bed, max_guest, bathroom, location) VALUES (12,'韩国 서울 신촌역연속극 촬영지 1인실 202首尔浪漫满屋宿舍别馆','Sinchon-dong, Seodaemun-gu의 집 전체',100000,'집 전체',1,1,1,12);
INSERT INTO image (type, url, room) VALUES ('thumb','https://a0.muscache.com/im/pictures/50047b00-8d00-44d5-89c3-d2f2f122a8ee.jpg?im_w=720',12);
INSERT INTO image (type, url, room) VALUES ('detail','https://a0.muscache.com/im/pictures/f42535df-cd07-4403-9264-22907e75f240.jpg?im_w=720',12);
INSERT INTO image (type, url, room) VALUES ('detail','https://a0.muscache.com/im/pictures/0e3c96a6-f609-4b93-bafe-1b1b764be523.jpg?im_w=720',12);
INSERT INTO image (type, url, room) VALUES ('detail','https://a0.muscache.com/im/pictures/15af3286-65ea-482c-9810-f3b10318ed96.jpg?im_w=720',12);
INSERT INTO image (type, url, room) VALUES ('detail','https://a0.muscache.com/im/pictures/537c3860-8240-40c4-8edb-7a38ad6e7a8e.jpg?im_w=720',12);
INSERT INTO image (type, url, room) VALUES ('detail','https://a0.muscache.com/im/pictures/dab411b1-84c6-4c58-9145-f5212c536cae.jpg?im_w=720',12);
INSERT INTO image (type, url, room) VALUES ('detail','https://a0.muscache.com/im/pictures/7c49a94d-9d35-4c53-9331-f62447929527.jpg?im_w=720',12);
INSERT INTO image (type, url, room) VALUES ('detail','https://a0.muscache.com/im/pictures/2a17cb83-f536-4bec-b160-a2605f0fc2e5.jpg?im_w=720',12);
INSERT INTO image (type, url, room) VALUES ('detail','https://a0.muscache.com/im/pictures/ea8fbfa6-89c4-4747-a765-338c7724ab1a.jpg?im_w=720',12);
INSERT INTO image (type, url, room) VALUES ('detail','https://a0.muscache.com/im/pictures/0ef48f42-f30a-42e1-b26c-5f25c4575ba2.jpg?im_w=720',12);
INSERT INTO image (type, url, room) VALUES ('detail','https://a0.muscache.com/im/pictures/c7f0679c-c4a2-4a9c-a2b3-1fe9e37dbc72.jpg?im_w=720',12);
INSERT INTO image (type, url, room) VALUES ('detail','https://a0.muscache.com/im/pictures/66062739-1ed5-4b2a-9343-3f56fa45115e.jpg?im_w=720',12);
INSERT INTO image (type, url, room) VALUES ('detail','https://a0.muscache.com/im/pictures/afa4a45a-89bb-4ec6-8f86-80676c04c48b.jpg?im_w=720',12);
INSERT INTO image (type, url, room) VALUES ('detail','https://a0.muscache.com/im/pictures/560462b2-afcf-454d-9fe2-7cd3413d6cac.jpg?im_w=720',12);
INSERT INTO image (type, url, room) VALUES ('detail','https://a0.muscache.com/im/pictures/4135197c-0b63-4a85-9c36-74ec1f3b54df.jpg?im_w=720',12);
insert into location(id,latitude,longitude,city) values (13,37.502,127.034,'서울');
INSERT INTO room (id, title, description, price_per_day, room_type, bed, max_guest, bathroom, location) VALUES (13,'깔끔하고 가성비좋은 미니룸(역삼역 2분 강남역7분)','강남구의 개인실',95000,'개인실',1,1,0,13);
INSERT INTO image (type, url, room) VALUES ('thumb','https://a0.muscache.com/im/pictures/626e1416-cf7a-44aa-ba03-fb6d9cf1f46e.jpg?im_w=720',13);
INSERT INTO image (type, url, room) VALUES ('detail','https://a0.muscache.com/im/pictures/d7fa1d03-a06d-4a2c-8006-5b40a3fbe7ed.jpg?im_w=720',13);
INSERT INTO image (type, url, room) VALUES ('detail','https://a0.muscache.com/im/pictures/1f3c8ce0-6487-47e6-b7fc-793726b643e6.jpg?im_w=720',13);
INSERT INTO image (type, url, room) VALUES ('detail','https://a0.muscache.com/im/pictures/7af07a82-bcff-4bcb-9944-ca1256cf0c66.jpg?im_w=720',13);
INSERT INTO image (type, url, room) VALUES ('detail','https://a0.muscache.com/im/pictures/d426bcd2-95a1-4053-a519-64952ccea590.jpg?im_w=720',13);
INSERT INTO image (type, url, room) VALUES ('detail','https://a0.muscache.com/im/pictures/4e5116cb-818b-49d4-89c8-d21094ad6561.jpg?im_w=720',13);
INSERT INTO image (type, url, room) VALUES ('detail','https://a0.muscache.com/im/pictures/b33f0f97-4333-4b2f-a642-0e5ff44a1df5.jpg?im_w=720',13);
INSERT INTO image (type, url, room) VALUES ('detail','https://a0.muscache.com/im/pictures/0ebe4fbc-9158-4b7c-8e12-88e7514cf90f.jpg?im_w=720',13);
INSERT INTO image (type, url, room) VALUES ('detail','https://a0.muscache.com/im/pictures/99699859-03fc-429a-9cb4-11e2e3272c46.jpg?im_w=720',13);
INSERT INTO image (type, url, room) VALUES ('detail','https://a0.muscache.com/im/pictures/1b3311ae-ebb1-47ae-86b5-209e5f277d81.jpg?im_w=720',13);
INSERT INTO image (type, url, room) VALUES ('detail','https://a0.muscache.com/im/pictures/dee0df18-8d8a-4a2a-bd8c-e6b2db26aa03.jpg?im_w=720',13);
INSERT INTO image (type, url, room) VALUES ('detail','https://a0.muscache.com/im/pictures/940d2288-f180-49c9-9553-209c64c0b765.jpg?im_w=720',13);
INSERT INTO image (type, url, room) VALUES ('detail','https://a0.muscache.com/im/pictures/21256c34-4b50-4805-8cf2-866868dde25b.jpg?im_w=720',13);
INSERT INTO image (type, url, room) VALUES ('detail','https://a0.muscache.com/im/pictures/221ad9f9-7361-43aa-a129-daf623c5a9ba.jpg?im_w=720',13);
insert into location(id,latitude,longitude,city) values (14,37.547,126.924,'서울');
INSERT INTO room (id, title, description, price_per_day, room_type, bed, max_guest, bathroom, location) VALUES (14,'☆Netflix☆Hongdae_Sangsu sta.20sec 갬성돋는 나만의 공간♡','Sangsu-dong, Mapo-gu의 콘도(아파트) 전체',100000,'집 전체',1,2,1,14);
INSERT INTO image (type, url, room) VALUES ('thumb','https://a0.muscache.com/im/pictures/f2f4d084-a4f3-4048-b4c9-5d464cee8a7c.jpg?im_w=720',14);
INSERT INTO image (type, url, room) VALUES ('detail','https://a0.muscache.com/im/pictures/a3838477-d54f-40c3-9e59-5da6153bb757.jpg?im_w=720',14);
INSERT INTO image (type, url, room) VALUES ('detail','https://a0.muscache.com/im/pictures/d0ac0b42-da60-4eb9-9a6f-aaa9f54d7afc.jpg?im_w=720',14);
INSERT INTO image (type, url, room) VALUES ('detail','https://a0.muscache.com/im/pictures/8338f0a3-d966-496b-a927-85507e9ac8b3.jpg?im_w=720',14);
INSERT INTO image (type, url, room) VALUES ('detail','https://a0.muscache.com/im/pictures/94414f30-586a-41e7-bf03-1d31c18a6540.jpg?im_w=720',14);
INSERT INTO image (type, url, room) VALUES ('detail','https://a0.muscache.com/im/pictures/8ca80227-0fb1-4f7f-a3c7-51f1eae67351.jpg?im_w=720',14);
INSERT INTO image (type, url, room) VALUES ('detail','https://a0.muscache.com/im/pictures/e580c191-df46-41a7-9966-d19148691f51.jpg?im_w=720',14);
INSERT INTO image (type, url, room) VALUES ('detail','https://a0.muscache.com/im/pictures/ccfdfaca-890c-4aae-a4c5-f74c9b10f065.jpg?im_w=720',14);
INSERT INTO image (type, url, room) VALUES ('detail','https://a0.muscache.com/im/pictures/79b67869-7959-4e4b-97ba-19409d0805f8.jpg?im_w=720',14);
INSERT INTO image (type, url, room) VALUES ('detail','https://a0.muscache.com/im/pictures/4ae2cc5a-62c1-47eb-8d93-ee526e159e77.jpg?im_w=720',14);
INSERT INTO image (type, url, room) VALUES ('detail','https://a0.muscache.com/im/pictures/d5629509-0ea0-4058-b4a1-ca23cc8ade26.jpg?im_w=720',14);
INSERT INTO image (type, url, room) VALUES ('detail','https://a0.muscache.com/im/pictures/1cf471f3-009e-4a17-aa5a-50c8c2af7ada.jpg?im_w=720',14);
INSERT INTO image (type, url, room) VALUES ('detail','https://a0.muscache.com/im/pictures/c1529a27-cd8d-4952-a315-ffea3991313b.jpg?im_w=720',14);
INSERT INTO image (type, url, room) VALUES ('detail','https://a0.muscache.com/im/pictures/df29fdbd-a1de-4376-91f3-9131cda3483a.jpg?im_w=720',14);
INSERT INTO image (type, url, room) VALUES ('detail','https://a0.muscache.com/im/pictures/b2024cb4-eee7-4494-8266-ee497bd9140f.jpg?im_w=720',14);
INSERT INTO image (type, url, room) VALUES ('detail','https://a0.muscache.com/im/pictures/3618120f-7010-4114-9dc2-516cde79e0f5.jpg?im_w=720',14);
INSERT INTO image (type, url, room) VALUES ('detail','https://a0.muscache.com/im/pictures/c11b2630-dea3-45bc-93c1-22162e3db6d4.jpg?im_w=720',14);
INSERT INTO image (type, url, room) VALUES ('detail','https://a0.muscache.com/im/pictures/b3edf350-4018-4e0c-b26b-04721001c2b1.jpg?im_w=720',14);
INSERT INTO image (type, url, room) VALUES ('detail','https://a0.muscache.com/im/pictures/15ce84e5-a9ee-4e2d-aef4-70de9b688ed2.jpg?im_w=720',14);
INSERT INTO image (type, url, room) VALUES ('detail','https://a0.muscache.com/im/pictures/4dec2590-39cb-4032-ab85-0b48e799e7fc.jpg?im_w=720',14);
INSERT INTO image (type, url, room) VALUES ('detail','https://a0.muscache.com/im/pictures/7177064c-7cd9-4c85-b28a-35076ee69c77.jpg?im_w=720',14);
INSERT INTO image (type, url, room) VALUES ('detail','https://a0.muscache.com/im/pictures/6adf7ed2-b9cc-42de-bf51-61e08d06d2f0.jpg?im_w=720',14);
insert into location(id,latitude,longitude,city) values (15,37.564,126.923,'서울');
INSERT INTO room (id, title, description, price_per_day, room_type, bed, max_guest, bathroom, location) VALUES (15,'#203 Big Private room with private bathroom','Yeonnam-dong, Mapo-gu의 개인실',100000,'개인실',0,1,2,15);
INSERT INTO image (type, url, room) VALUES ('thumb','https://a0.muscache.com/im/pictures/f8fe80c4-b348-4bbd-b561-4f976860c654.jpg?im_w=720',15);
INSERT INTO image (type, url, room) VALUES ('detail','https://a0.muscache.com/im/pictures/miso/Hosting-49694175/original/b6bd9029-e529-4c39-a8ff-94de54859dba.jpeg?im_w=720',15);
INSERT INTO image (type, url, room) VALUES ('detail','https://a0.muscache.com/im/pictures/miso/Hosting-49694175/original/9506e587-4f21-4d12-b47f-3ba523daee3c.jpeg?im_w=720',15);
INSERT INTO image (type, url, room) VALUES ('detail','https://a0.muscache.com/im/pictures/miso/Hosting-49694175/original/788ef890-a6eb-406b-b50a-57396cb38a09.jpeg?im_w=720',15);
INSERT INTO image (type, url, room) VALUES ('detail','https://a0.muscache.com/im/pictures/miso/Hosting-49694175/original/e728d88a-4759-422d-a7ea-e7afbe289a64.jpeg?im_w=720',15);
INSERT INTO image (type, url, room) VALUES ('detail','https://a0.muscache.com/im/pictures/miso/Hosting-49694175/original/0b556670-e21d-4c9b-832e-1a66e6a81db1.jpeg?im_w=720',15);
INSERT INTO image (type, url, room) VALUES ('detail','https://a0.muscache.com/im/pictures/miso/Hosting-49694175/original/806b488b-511c-485a-a103-331781a06bf7.jpeg?im_w=720',15);
INSERT INTO image (type, url, room) VALUES ('detail','https://a0.muscache.com/im/pictures/miso/Hosting-49694175/original/9d7829d5-40fa-444c-a59e-85873964c881.jpeg?im_w=720',15);
INSERT INTO image (type, url, room) VALUES ('detail','https://a0.muscache.com/im/pictures/miso/Hosting-49694175/original/7ac8d76a-cfc7-42fc-a152-6cac6903839a.jpeg?im_w=720',15);
insert into location(id,latitude,longitude,city) values (16,37.544,126.942,'서울');
INSERT INTO room (id, title, description, price_per_day, room_type, bed, max_guest, bathroom, location) VALUES (16,'GETTY HOUSE - DELUXE ROOM 6A','Yonggang-dong, Mapo-gu의 개인실',93000,'개인실',1,1,1,16);
INSERT INTO image (type, url, room) VALUES ('thumb','https://a0.muscache.com/im/pictures/d9750dd7-ff14-4e9c-be62-f10076bc0351.jpg?im_w=720',16);
INSERT INTO image (type, url, room) VALUES ('detail','https://a0.muscache.com/im/pictures/miso/Hosting-48352693/original/2e282406-bde5-4f12-aa7e-8044568b16c7.jpeg?im_w=720',16);
INSERT INTO image (type, url, room) VALUES ('detail','https://a0.muscache.com/im/pictures/441beebe-ec24-41da-99c6-a49cd1d5692c.jpg?im_w=720',16);
INSERT INTO image (type, url, room) VALUES ('detail','https://a0.muscache.com/im/pictures/miso/Hosting-48352693/original/354286d5-44f8-4c2c-a06d-0e4a48a53e51.jpeg?im_w=720',16);
INSERT INTO image (type, url, room) VALUES ('detail','https://a0.muscache.com/im/pictures/921cd937-07de-4371-af94-94dc6d289a21.jpg?im_w=720',16);
INSERT INTO image (type, url, room) VALUES ('detail','https://a0.muscache.com/im/pictures/f496cc8f-36a0-4cfc-967f-be1da4a0465c.jpg?im_w=720',16);
INSERT INTO image (type, url, room) VALUES ('detail','https://a0.muscache.com/im/pictures/94cff13e-f158-4931-8fa8-f1413375cf22.jpg?im_w=720',16);
INSERT INTO image (type, url, room) VALUES ('detail','https://a0.muscache.com/im/pictures/19d978c0-ebc2-4216-bcfb-597a001810a1.jpg?im_w=720',16);
INSERT INTO image (type, url, room) VALUES ('detail','https://a0.muscache.com/im/pictures/dba6f9a5-19a5-4923-8982-78ab269a4c5c.jpg?im_w=720',16);
INSERT INTO image (type, url, room) VALUES ('detail','https://a0.muscache.com/im/pictures/c7c847b0-8aa7-48eb-9014-b5e18be70c86.jpg?im_w=720',16);
INSERT INTO image (type, url, room) VALUES ('detail','https://a0.muscache.com/im/pictures/9956b9db-3631-49bb-b31b-1c1c4b4e4669.jpg?im_w=720',16);
INSERT INTO image (type, url, room) VALUES ('detail','https://a0.muscache.com/im/pictures/miso/Hosting-48191983/original/71d069a9-3ac9-481b-b078-ef66a8022489.png?im_w=720',16);
INSERT INTO image (type, url, room) VALUES ('detail','https://a0.muscache.com/im/pictures/miso/Hosting-48191983/original/50822719-463c-4fcb-a941-51bd65f2a03a.png?im_w=720',16);
INSERT INTO image (type, url, room) VALUES ('detail','https://a0.muscache.com/im/pictures/miso/Hosting-48191983/original/b13d2aa1-4238-4257-916f-e5dda184c0cd.png?im_w=720',16);
INSERT INTO image (type, url, room) VALUES ('detail','https://a0.muscache.com/im/pictures/miso/Hosting-48191983/original/ca1ec866-5923-4b01-a2b1-a6ed277e4931.png?im_w=720',16);
INSERT INTO image (type, url, room) VALUES ('detail','https://a0.muscache.com/im/pictures/miso/Hosting-48191983/original/8f24ce65-08e9-460e-9c3b-9fb9d0f4cd96.png?im_w=720',16);
INSERT INTO image (type, url, room) VALUES ('detail','https://a0.muscache.com/im/pictures/miso/Hosting-48191983/original/f3dbd14c-700d-4034-a757-1ef8eb884545.png?im_w=720',16);
insert into location(id,latitude,longitude,city) values (17,37.501,127.035,'서울');
INSERT INTO room (id, title, description, price_per_day, room_type, bed, max_guest, bathroom, location) VALUES (17,'☆역삼역도보2분#417','Yeoksam 1(il)-dong, Gangnam-gu의 초소형 주택',100000,'집 전체',1,1,1,17);
INSERT INTO image (type, url, room) VALUES ('thumb','https://a0.muscache.com/im/pictures/98f9b3e3-11c2-4b9c-a543-f765b1e0f913.jpg?im_w=720',17);
INSERT INTO image (type, url, room) VALUES ('detail','https://a0.muscache.com/im/pictures/992eedac-b6d5-48a5-8ca8-2e027dcd97c1.jpg?im_w=720',17);
INSERT INTO image (type, url, room) VALUES ('detail','https://a0.muscache.com/im/pictures/831e83e7-e7fe-4b76-990f-6d8feee84291.jpg?im_w=720',17);
INSERT INTO image (type, url, room) VALUES ('detail','https://a0.muscache.com/im/pictures/8dab2db8-ef04-471a-857f-d61c1ea13567.jpg?im_w=720',17);
INSERT INTO image (type, url, room) VALUES ('detail','https://a0.muscache.com/im/pictures/59cc7abd-f642-4548-838d-16e2e657f842.jpg?im_w=720',17);
INSERT INTO image (type, url, room) VALUES ('detail','https://a0.muscache.com/im/pictures/47fc8c9d-377b-4b43-8519-10bdc3636068.jpg?im_w=720',17);
INSERT INTO image (type, url, room) VALUES ('detail','https://a0.muscache.com/im/pictures/59ce19e9-4e60-4820-9251-7aacf2d001d6.jpg?im_w=720',17);
INSERT INTO image (type, url, room) VALUES ('detail','https://a0.muscache.com/im/pictures/33c7e9d2-fb01-4a15-a72c-ad13d55a7ff0.jpg?im_w=720',17);
INSERT INTO image (type, url, room) VALUES ('detail','https://a0.muscache.com/im/pictures/91677694-8304-49f4-a3a6-fdeb1ff2c89f.jpg?im_w=720',17);
insert into location(id,latitude,longitude,city) values (18,37.557,126.917,'서울');
INSERT INTO room (id, title, description, price_per_day, room_type, bed, max_guest, bathroom, location) VALUES (18,'홍대의 당신의 아름다운 장기 렌탈집! (+ wifi에그)','마포구의 아파트 전체',100000,'집 전체',2,3,1,18);
INSERT INTO image (type, url, room) VALUES ('thumb','https://a0.muscache.com/im/pictures/ccf7ecef-2801-4b8e-9a57-bf4b0d1dceb5.jpg?im_w=720',18);
INSERT INTO image (type, url, room) VALUES ('detail','https://a0.muscache.com/im/pictures/7ec18bca-54b8-4748-98cb-c527c8c61514.jpg?im_w=720',18);
INSERT INTO image (type, url, room) VALUES ('detail','https://a0.muscache.com/im/pictures/d9a6e3d2-41e1-4128-a820-a46f31d5b13d.jpg?im_w=720',18);
INSERT INTO image (type, url, room) VALUES ('detail','https://a0.muscache.com/im/pictures/754f6294-28f3-46c6-b070-7a65aeac00f3.jpg?im_w=720',18);
INSERT INTO image (type, url, room) VALUES ('detail','https://a0.muscache.com/im/pictures/fedbaa09-864a-401a-89dc-ff3e9ea1f8b4.jpg?im_w=720',18);
INSERT INTO image (type, url, room) VALUES ('detail','https://a0.muscache.com/im/pictures/0d242fc1-3f44-47ba-a35c-961f3a9f6c8b.jpg?im_w=720',18);
INSERT INTO image (type, url, room) VALUES ('detail','https://a0.muscache.com/im/pictures/81861874/f6055795_original.jpg?im_w=720',18);
INSERT INTO image (type, url, room) VALUES ('detail','https://a0.muscache.com/im/pictures/58ac6632-4fc2-4ef5-9d30-146954a58dac.jpg?im_w=720',18);
INSERT INTO image (type, url, room) VALUES ('detail','https://a0.muscache.com/im/pictures/e8885055-1728-43d5-9ae9-1fa09d3267f7.jpg?im_w=720',18);
INSERT INTO image (type, url, room) VALUES ('detail','https://a0.muscache.com/im/pictures/d6758e59-cd01-4261-bc7b-f737a4a1372f.jpg?im_w=720',18);
INSERT INTO image (type, url, room) VALUES ('detail','https://a0.muscache.com/im/pictures/cefaffba-4d3c-4b2a-b63f-7f7a959865c9.jpg?im_w=720',18);
INSERT INTO image (type, url, room) VALUES ('detail','https://a0.muscache.com/im/pictures/29e1a8f0-2c99-418f-9c3e-facb1ca7aeda.jpg?im_w=720',18);
INSERT INTO image (type, url, room) VALUES ('detail','https://a0.muscache.com/im/pictures/a348b823-ac14-4550-b769-5f821e1ec3d0.jpg?im_w=720',18);
INSERT INTO image (type, url, room) VALUES ('detail','https://a0.muscache.com/im/pictures/0d0afb93-14f7-46bd-9a8a-21233ccb00d0.jpg?im_w=720',18);
INSERT INTO image (type, url, room) VALUES ('detail','https://a0.muscache.com/im/pictures/7a23d72e-04bc-4dfa-a942-98c9b270f651.jpg?im_w=720',18);
INSERT INTO image (type, url, room) VALUES ('detail','https://a0.muscache.com/im/pictures/7cfadaca-5a32-4fdf-b081-2c21644be0c2.jpg?im_w=720',18);
INSERT INTO image (type, url, room) VALUES ('detail','https://a0.muscache.com/im/pictures/ef319400-a283-42b2-969d-cb0d55fe93d7.jpg?im_w=720',18);
INSERT INTO image (type, url, room) VALUES ('detail','https://a0.muscache.com/im/pictures/5bcf8709-90f6-48ae-8ca2-67e1ab04afe8.jpg?im_w=720',18);
INSERT INTO image (type, url, room) VALUES ('detail','https://a0.muscache.com/im/pictures/df0f9244-6f7d-4295-8ec7-0cd068d98b83.jpg?im_w=720',18);
INSERT INTO image (type, url, room) VALUES ('detail','https://a0.muscache.com/im/pictures/82851701/9fa2d512_original.jpg?im_w=720',18);
INSERT INTO image (type, url, room) VALUES ('detail','https://a0.muscache.com/im/pictures/83795705/88f3711d_original.jpg?im_w=720',18);
INSERT INTO image (type, url, room) VALUES ('detail','https://a0.muscache.com/im/pictures/83632999/9b6f7025_original.jpg?im_w=720',18);
INSERT INTO image (type, url, room) VALUES ('detail','https://a0.muscache.com/im/pictures/b1cb8b0f-bb13-4257-b95d-0e50c15bea37.jpg?im_w=720',18);
INSERT INTO image (type, url, room) VALUES ('detail','https://a0.muscache.com/im/pictures/83632839/7406e8b5_original.jpg?im_w=720',18);
INSERT INTO image (type, url, room) VALUES ('detail','https://a0.muscache.com/im/pictures/81861993/ded807ce_original.jpg?im_w=720',18);
INSERT INTO image (type, url, room) VALUES ('detail','https://a0.muscache.com/im/pictures/81aacbab-ac77-4299-9212-637ac47dab0f.jpg?im_w=720',18);
INSERT INTO image (type, url, room) VALUES ('detail','https://a0.muscache.com/im/pictures/83632873/98df24e2_original.jpg?im_w=720',18);
INSERT INTO image (type, url, room) VALUES ('detail','https://a0.muscache.com/im/pictures/81861911/8c62ed60_original.jpg?im_w=720',18);
INSERT INTO image (type, url, room) VALUES ('detail','https://a0.muscache.com/im/pictures/82851738/5b628405_original.jpg?im_w=720',18);
INSERT INTO image (type, url, room) VALUES ('detail','https://a0.muscache.com/im/pictures/82851435/d9112d65_original.jpg?im_w=720',18);
insert into location(id,latitude,longitude,city) values (19,37.562,126.985,'서울');
INSERT INTO room (id, title, description, price_per_day, room_type, bed, max_guest, bathroom, location) VALUES (19,'딱 좋은 나홀로 객실 ( 게스트하우스,호스텔)','Myeong-dong, Jung-gu의 개인실',90000,'개인실',1,1,1,19);
INSERT INTO image (type, url, room) VALUES ('thumb','https://a0.muscache.com/im/pictures/deef2366-4579-445a-b002-384e302d4bfd.jpg?im_w=720',19);
INSERT INTO image (type, url, room) VALUES ('detail','https://a0.muscache.com/im/pictures/4a025c99-cd56-4b1e-b9b7-0fd0b8b901c1.jpg?im_w=720',19);
INSERT INTO image (type, url, room) VALUES ('detail','https://a0.muscache.com/im/pictures/d7f5250c-f918-47a6-9659-2d0c5679f944.jpg?im_w=720',19);
INSERT INTO image (type, url, room) VALUES ('detail','https://a0.muscache.com/im/pictures/9b189a6c-22d6-45b7-a929-27d3f26dc8c6.jpg?im_w=720',19);
INSERT INTO image (type, url, room) VALUES ('detail','https://a0.muscache.com/im/pictures/a8ebd8a7-1a11-47cd-aa37-74ed32b0d509.jpg?im_w=720',19);
INSERT INTO image (type, url, room) VALUES ('detail','https://a0.muscache.com/im/pictures/92482848-7582-4750-ae50-45019c5af1a2.jpg?im_w=720',19);
INSERT INTO image (type, url, room) VALUES ('detail','https://a0.muscache.com/im/pictures/0f783735-c2c1-4bd4-96f6-2933b750949b.jpg?im_w=720',19);
INSERT INTO image (type, url, room) VALUES ('detail','https://a0.muscache.com/im/pictures/f1139232-7967-4ccb-aedf-a3b2fa543b60.jpg?im_w=720',19);
INSERT INTO image (type, url, room) VALUES ('detail','https://a0.muscache.com/im/pictures/3bae5ff9-dd29-4a84-86f3-ccdbff97ad7f.jpg?im_w=720',19);
INSERT INTO image (type, url, room) VALUES ('detail','https://a0.muscache.com/im/pictures/d914cec8-8b9e-4bcb-88f5-6d25a0e5ebb0.jpg?im_w=720',19);
INSERT INTO image (type, url, room) VALUES ('detail','https://a0.muscache.com/im/pictures/d36a633e-addc-4bf2-876b-b7c468294f1e.jpg?im_w=720',19);
INSERT INTO image (type, url, room) VALUES ('detail','https://a0.muscache.com/im/pictures/737d0367-35cd-4c7d-b64a-b4cec376e9e8.jpg?im_w=720',19);
INSERT INTO image (type, url, room) VALUES ('detail','https://a0.muscache.com/im/pictures/f1bddbdb-14d8-4c87-90d4-07e4f663c634.jpg?im_w=720',19);
INSERT INTO image (type, url, room) VALUES ('detail','https://a0.muscache.com/im/pictures/18aa63d9-15e4-4b60-a3c3-951f32bfa09b.jpg?im_w=720',19);
INSERT INTO image (type, url, room) VALUES ('detail','https://a0.muscache.com/im/pictures/adb7593a-9566-4f02-83ad-6e9a39cd2d9f.jpg?im_w=720',19);
INSERT INTO image (type, url, room) VALUES ('detail','https://a0.muscache.com/im/pictures/90ebdae0-2496-418b-8ab5-3cbf1d1548b2.jpg?im_w=720',19);
INSERT INTO image (type, url, room) VALUES ('detail','https://a0.muscache.com/im/pictures/7640fbe3-30f9-4996-8d2b-dd0577bd22a4.jpg?im_w=720',19);
INSERT INTO image (type, url, room) VALUES ('detail','https://a0.muscache.com/im/pictures/2e01a55c-5c6b-4a47-b79b-17e509c74b6b.jpg?im_w=720',19);
INSERT INTO image (type, url, room) VALUES ('detail','https://a0.muscache.com/im/pictures/82cb57e1-29a7-4bc7-a6ab-99ebf7968435.jpg?im_w=720',19);
INSERT INTO image (type, url, room) VALUES ('detail','https://a0.muscache.com/im/pictures/9779b7b4-8395-4ec5-ad2d-7d69a77651d8.jpg?im_w=720',19);
INSERT INTO image (type, url, room) VALUES ('detail','https://a0.muscache.com/im/pictures/398164cd-6b02-4bed-9e0a-8bd5367a9a9d.jpg?im_w=720',19);
INSERT INTO image (type, url, room) VALUES ('detail','https://a0.muscache.com/im/pictures/96cd2f0d-09ce-4848-84af-e922c01167bd.jpg?im_w=720',19);
INSERT INTO image (type, url, room) VALUES ('detail','https://a0.muscache.com/im/pictures/bbe02d6a-f334-4aee-9392-c1e010ff483e.jpg?im_w=720',19);
INSERT INTO image (type, url, room) VALUES ('detail','https://a0.muscache.com/im/pictures/ff74f74f-0423-4e33-820b-eee451d0b52f.jpg?im_w=720',19);
INSERT INTO image (type, url, room) VALUES ('detail','https://a0.muscache.com/im/pictures/57bfbb27-f427-4150-a413-a10d6394096f.jpg?im_w=720',19);
INSERT INTO image (type, url, room) VALUES ('detail','https://a0.muscache.com/im/pictures/4d612d12-5b4e-463c-a42b-afa0a72e0518.jpg?im_w=720',19);
INSERT INTO image (type, url, room) VALUES ('detail','https://a0.muscache.com/im/pictures/2c973d2c-84fb-4523-b74e-a3decc74abd3.jpg?im_w=720',19);
INSERT INTO image (type, url, room) VALUES ('detail','https://a0.muscache.com/im/pictures/626ec57e-4001-4928-ab11-9709dc29945b.jpg?im_w=720',19);
insert into location(id,latitude,longitude,city) values (20,37.568,126.99,'서울');
INSERT INTO room (id, title, description, price_per_day, room_type, bed, max_guest, bathroom, location) VALUES (20,'종로3가역 학원가 중심 탑골공원근처  가성비 갑 숙소 - 2','종로구의 개인실',95000,'개인실',1,1,1,20);
INSERT INTO image (type, url, room) VALUES ('thumb','https://a0.muscache.com/im/pictures/65e75106-eded-466e-a6df-d9f180e0cee8.jpg?im_w=720',20);
INSERT INTO image (type, url, room) VALUES ('detail','https://a0.muscache.com/im/pictures/d77acbe8-124d-42a7-9409-5ecfe6582972.jpg?im_w=720',20);
INSERT INTO image (type, url, room) VALUES ('detail','https://a0.muscache.com/im/pictures/77121720-a331-49c4-9307-102de63381e0.jpg?im_w=720',20);
INSERT INTO image (type, url, room) VALUES ('detail','https://a0.muscache.com/im/pictures/889b0a61-a4d3-4fc5-bb55-bc28fc41571e.jpg?im_w=720',20);
INSERT INTO image (type, url, room) VALUES ('detail','https://a0.muscache.com/im/pictures/017db03f-2aa1-4bee-92bd-7041a3cfd86e.jpg?im_w=720',20);
INSERT INTO image (type, url, room) VALUES ('detail','https://a0.muscache.com/im/pictures/345bacda-161c-4548-8ed9-6d18d7f709ca.jpg?im_w=720',20);
INSERT INTO image (type, url, room) VALUES ('detail','https://a0.muscache.com/im/pictures/eacd0d08-b7dc-440f-b231-c909a5a41431.jpg?im_w=720',20);
INSERT INTO image (type, url, room) VALUES ('detail','https://a0.muscache.com/im/pictures/785cb5d8-007a-495a-b32f-390552619602.jpg?im_w=720',20);
INSERT INTO image (type, url, room) VALUES ('detail','https://a0.muscache.com/im/pictures/4045d0a3-1d60-42ec-aba5-622384f60100.jpg?im_w=720',20);
INSERT INTO image (type, url, room) VALUES ('detail','https://a0.muscache.com/im/pictures/256170ab-0050-44a6-b39e-febf1dea4648.jpg?im_w=720',20);
INSERT INTO image (type, url, room) VALUES ('detail','https://a0.muscache.com/im/pictures/4d48667b-2bc2-4874-9e53-dc44c35b8ac4.jpg?im_w=720',20);
INSERT INTO image (type, url, room) VALUES ('detail','https://a0.muscache.com/im/pictures/364a66dc-89f1-4a70-9199-d05133bc140f.jpg?im_w=720',20);
INSERT INTO image (type, url, room) VALUES ('detail','https://a0.muscache.com/im/pictures/ab0e20d0-8b11-4419-8ea6-6ddec9527228.jpg?im_w=720',20);
insert into location(id,latitude,longitude,city) values (21,37.574,127.02,'서울');
INSERT INTO room (id, title, description, price_per_day, room_type, bed, max_guest, bathroom, location) VALUES (21,'dmyk_"Hachure"','종로구의 게스트용 별채 전체',100000,'집 전체',1,2,1,21);
INSERT INTO image (type, url, room) VALUES ('thumb','https://a0.muscache.com/im/pictures/3428dcfb-ca43-45d5-aeec-5c0f11f7c39b.jpg?im_w=720',21);
INSERT INTO image (type, url, room) VALUES ('detail','https://a0.muscache.com/im/pictures/fbad6a88-fe0e-410d-a827-0ea865d9a186.jpg?im_w=720',21);
INSERT INTO image (type, url, room) VALUES ('detail','https://a0.muscache.com/im/pictures/6f014ffd-c1e8-4626-b98d-762b7148119f.jpg?im_w=720',21);
INSERT INTO image (type, url, room) VALUES ('detail','https://a0.muscache.com/im/pictures/9580d656-346c-4184-9b0d-1a2b5833f1a2.jpg?im_w=720',21);
INSERT INTO image (type, url, room) VALUES ('detail','https://a0.muscache.com/im/pictures/da1e3bb9-0f89-48a8-85e8-10c854d96284.jpg?im_w=720',21);
INSERT INTO image (type, url, room) VALUES ('detail','https://a0.muscache.com/im/pictures/e0122193-b343-47d8-9191-28f7bc1e7c16.jpg?im_w=720',21);
INSERT INTO image (type, url, room) VALUES ('detail','https://a0.muscache.com/im/pictures/db179a3e-0836-4283-93b6-1258ef7db2c1.jpg?im_w=720',21);
INSERT INTO image (type, url, room) VALUES ('detail','https://a0.muscache.com/im/pictures/5b79fb8c-77b3-4d40-9dc0-ce37a9c2a335.jpg?im_w=720',21);
INSERT INTO image (type, url, room) VALUES ('detail','https://a0.muscache.com/im/pictures/e84d91a5-8b2e-4e08-b6ac-52f3edd947ab.jpg?im_w=720',21);
INSERT INTO image (type, url, room) VALUES ('detail','https://a0.muscache.com/im/pictures/d7db13b0-b19e-4932-b2fc-0ea7ae5828cd.jpg?im_w=720',21);
INSERT INTO image (type, url, room) VALUES ('detail','https://a0.muscache.com/im/pictures/1d2afd83-464d-4c30-9734-9d993fd41068.jpg?im_w=720',21);
insert into location(id,latitude,longitude,city) values (22,37.468,126.939,'서울');
INSERT INTO room (id, title, description, price_per_day, room_type, bed, max_guest, bathroom, location) VALUES (22,'cozy room with compatible price','Daehak-dong, Gwanak-gu의 아파트 전체',100000,'집 전체',1,1,1,22);
INSERT INTO image (type, url, room) VALUES ('thumb','https://a0.muscache.com/im/pictures/c397e8d2-de40-4a9d-aa36-6e1afb8621ec.jpg?im_w=720',22);
INSERT INTO image (type, url, room) VALUES ('detail','https://a0.muscache.com/im/pictures/3bb13725-cab3-4dec-afd8-56d4bd48466a.jpg?im_w=720',22);
INSERT INTO image (type, url, room) VALUES ('detail','https://a0.muscache.com/im/pictures/88a24192-946e-4467-b94f-14c7e56a3a05.jpg?im_w=720',22);
INSERT INTO image (type, url, room) VALUES ('detail','https://a0.muscache.com/im/pictures/920b6209-f158-4a9d-a4ae-369efcc27998.jpg?im_w=720',22);
insert into location(id,latitude,longitude,city) values (23,37.579,127.023,'서울');
INSERT INTO room (id, title, description, price_per_day, room_type, bed, max_guest, bathroom, location) VALUES (23,'HOSTEL SEOUL - Double room with a bathroom (3020)','Sungin 2(i)-dong, Jongno-gu의 개인실',95000,'개인실',0,2,1,23);
INSERT INTO image (type, url, room) VALUES ('thumb','https://a0.muscache.com/im/pictures/miso/Hosting-49507837/original/576cc5b7-8114-4466-9376-45c259780fd5.jpeg?im_w=720',23);
INSERT INTO image (type, url, room) VALUES ('detail','https://a0.muscache.com/im/pictures/miso/Hosting-49507837/original/edd18b3e-ca0e-4e92-af7b-9119f279dce0.jpeg?im_w=720',23);
INSERT INTO image (type, url, room) VALUES ('detail','https://a0.muscache.com/im/pictures/1b363415-58b7-4a1f-9d61-a2a6b10e3996.jpg?im_w=720',23);
INSERT INTO image (type, url, room) VALUES ('detail','https://a0.muscache.com/im/pictures/f6c93e58-9cb5-47e3-842b-b042c1894979.jpg?im_w=720',23);
INSERT INTO image (type, url, room) VALUES ('detail','https://a0.muscache.com/im/pictures/miso/Hosting-49239379/original/ac61924d-d7cd-4e71-b45c-ded668968e9c.jpeg?im_w=720',23);
INSERT INTO image (type, url, room) VALUES ('detail','https://a0.muscache.com/im/pictures/miso/Hosting-49150712/original/c8e15eee-e1a0-4e91-912d-4bf2fca6860b.jpeg?im_w=720',23);
INSERT INTO image (type, url, room) VALUES ('detail','https://a0.muscache.com/im/pictures/miso/Hosting-49131805/original/f40b5394-42b9-4e71-ab39-7593dee4d5aa.jpeg?im_w=720',23);
INSERT INTO image (type, url, room) VALUES ('detail','https://a0.muscache.com/im/pictures/8012bdbf-e281-4fc8-b645-ef663143135d.jpg?im_w=720',23);
INSERT INTO image (type, url, room) VALUES ('detail','https://a0.muscache.com/im/pictures/46bf7e9a-23dc-4174-864f-8967b7859175.jpg?im_w=720',23);
INSERT INTO image (type, url, room) VALUES ('detail','https://a0.muscache.com/im/pictures/daf17c3d-3520-4103-8135-38fc6e6865aa.jpg?im_w=720',23);
INSERT INTO image (type, url, room) VALUES ('detail','https://a0.muscache.com/im/pictures/9f52c84f-e648-4208-916e-194e64ec48fa.jpg?im_w=720',23);
INSERT INTO image (type, url, room) VALUES ('detail','https://a0.muscache.com/im/pictures/ed01fcd7-a882-41e7-a5b2-662ba2a36938.jpg?im_w=720',23);
INSERT INTO image (type, url, room) VALUES ('detail','https://a0.muscache.com/im/pictures/a0528d71-018f-45c1-bee9-d38b5dcf29a6.jpg?im_w=720',23);
INSERT INTO image (type, url, room) VALUES ('detail','https://a0.muscache.com/im/pictures/c5264df5-f483-4021-96dd-ef85f184a7c2.jpg?im_w=720',23);
INSERT INTO image (type, url, room) VALUES ('detail','https://a0.muscache.com/im/pictures/45d9e8ca-1d15-4dda-b4a7-02696cbce714.jpg?im_w=720',23);
INSERT INTO image (type, url, room) VALUES ('detail','https://a0.muscache.com/im/pictures/miso/Hosting-49150712/original/4bdb422a-949b-47d8-85d7-eac0dc2b8caa.jpeg?im_w=720',23);
INSERT INTO image (type, url, room) VALUES ('detail','https://a0.muscache.com/im/pictures/miso/Hosting-49150712/original/190c7b35-04b1-4519-a66d-e217530f7bdd.jpeg?im_w=720',23);
INSERT INTO image (type, url, room) VALUES ('detail','https://a0.muscache.com/im/pictures/miso/Hosting-49150712/original/b808fea9-3f14-4fd8-881e-79e55fa6ce34.jpeg?im_w=720',23);
INSERT INTO image (type, url, room) VALUES ('detail','https://a0.muscache.com/im/pictures/miso/Hosting-49239379/original/a2e2dabd-49a6-4862-84f8-b79dd38d9605.jpeg?im_w=720',23);
INSERT INTO image (type, url, room) VALUES ('detail','https://a0.muscache.com/im/pictures/miso/Hosting-49239379/original/ee47672b-9a15-40ce-9e79-eed71d07619b.jpeg?im_w=720',23);
INSERT INTO image (type, url, room) VALUES ('detail','https://a0.muscache.com/im/pictures/c4517a03-8adf-403b-8896-a51124df5806.jpg?im_w=720',23);
insert into location(id,latitude,longitude,city) values (24,37.564,126.925,'서울');
INSERT INTO room (id, title, description, price_per_day, room_type, bed, max_guest, bathroom, location) VALUES (24,'#202 Big Private room with private bathroom','Yeonnam-dong, Mapo-gu의 개인실',100000,'개인실',0,1,2,24);
INSERT INTO image (type, url, room) VALUES ('thumb','https://a0.muscache.com/im/pictures/miso/Hosting-49694087/original/581a9a72-f86b-4aca-b26c-20385342a06c.jpeg?im_w=720',24);
INSERT INTO image (type, url, room) VALUES ('detail','https://a0.muscache.com/im/pictures/7ed9a1c1-e132-4b6c-a1a2-0d3f28816a83.jpg?im_w=720',24);
INSERT INTO image (type, url, room) VALUES ('detail','https://a0.muscache.com/im/pictures/miso/Hosting-49694087/original/68daf0a8-dac2-414c-8eaa-45e4514ceaca.jpeg?im_w=720',24);
INSERT INTO image (type, url, room) VALUES ('detail','https://a0.muscache.com/im/pictures/miso/Hosting-49694087/original/e368a401-a9b2-4455-8cbd-7068b6a8da0d.jpeg?im_w=720',24);
INSERT INTO image (type, url, room) VALUES ('detail','https://a0.muscache.com/im/pictures/miso/Hosting-49694087/original/3e010efc-19e2-4092-a656-015a056c8080.jpeg?im_w=720',24);
INSERT INTO image (type, url, room) VALUES ('detail','https://a0.muscache.com/im/pictures/miso/Hosting-49694087/original/eefc0563-bcd1-498d-aae3-259a2473d60e.jpeg?im_w=720',24);
INSERT INTO image (type, url, room) VALUES ('detail','https://a0.muscache.com/im/pictures/miso/Hosting-49694087/original/cabad906-bf69-439a-af9e-6cf949b29284.jpeg?im_w=720',24);
INSERT INTO image (type, url, room) VALUES ('detail','https://a0.muscache.com/im/pictures/miso/Hosting-49694087/original/efe88a89-1db6-4cdb-a6fc-10b209164370.jpeg?im_w=720',24);
INSERT INTO image (type, url, room) VALUES ('detail','https://a0.muscache.com/im/pictures/miso/Hosting-49694087/original/6208e0ac-3404-4206-938d-ef5632f14f13.jpeg?im_w=720',24);
insert into location(id,latitude,longitude,city) values (25,37.496,127.03,'서울');
INSERT INTO room (id, title, description, price_per_day, room_type, bed, max_guest, bathroom, location) VALUES (25,'S4 Clean & cozy room right next to Gangnam Station','강남구의 아파트 전체',95000,'집 전체',1,3,1,25);
INSERT INTO image (type, url, room) VALUES ('thumb','https://a0.muscache.com/im/pictures/d9fb7454-fd02-4faf-8712-aa1f84f0f60f.jpg?im_w=720',25);
INSERT INTO image (type, url, room) VALUES ('detail','https://a0.muscache.com/im/pictures/5cdb79f3-be4a-424a-92f6-a8923063e7a2.jpg?im_w=720',25);
INSERT INTO image (type, url, room) VALUES ('detail','https://a0.muscache.com/im/pictures/40ddf4a9-2fc5-41d4-9235-2dfc43b9e146.jpg?im_w=720',25);
INSERT INTO image (type, url, room) VALUES ('detail','https://a0.muscache.com/im/pictures/f7efcaad-3944-4561-99f7-03bd6b36a5e0.jpg?im_w=720',25);
INSERT INTO image (type, url, room) VALUES ('detail','https://a0.muscache.com/im/pictures/ed258494-52f1-4744-8553-8abdd8d96f73.jpg?im_w=720',25);
INSERT INTO image (type, url, room) VALUES ('detail','https://a0.muscache.com/im/pictures/021115ef-7cc1-4ca5-b557-97b30ff42519.jpg?im_w=720',25);
INSERT INTO image (type, url, room) VALUES ('detail','https://a0.muscache.com/im/pictures/4f22bae7-da01-4796-b778-6649e249d0f9.jpg?im_w=720',25);
INSERT INTO image (type, url, room) VALUES ('detail','https://a0.muscache.com/im/pictures/bcac6ab9-0c0d-4010-b16c-1e61b52c67dd.jpg?im_w=720',25);
INSERT INTO image (type, url, room) VALUES ('detail','https://a0.muscache.com/im/pictures/7eb0519c-95fd-40e6-84be-ed6ddd391a33.jpg?im_w=720',25);
INSERT INTO image (type, url, room) VALUES ('detail','https://a0.muscache.com/im/pictures/e2dbcf1e-a548-4c96-b299-0162a0475cc9.jpg?im_w=720',25);
INSERT INTO image (type, url, room) VALUES ('detail','https://a0.muscache.com/im/pictures/80dce4dc-e79d-4dbb-b382-253ee3ff8e1d.jpg?im_w=720',25);
INSERT INTO image (type, url, room) VALUES ('detail','https://a0.muscache.com/im/pictures/6017e38f-249f-4880-b826-0d1cfdb8d5af.jpg?im_w=720',25);
INSERT INTO image (type, url, room) VALUES ('detail','https://a0.muscache.com/im/pictures/7c30fd3b-81fa-4c16-9dc5-8baa001af586.jpg?im_w=720',25);
INSERT INTO image (type, url, room) VALUES ('detail','https://a0.muscache.com/im/pictures/8f082f2e-97c3-402e-9555-2472988e036d.jpg?im_w=720',25);
INSERT INTO image (type, url, room) VALUES ('detail','https://a0.muscache.com/im/pictures/9b00d4ad-e5aa-4311-b1ec-82acf9771646.jpg?im_w=720',25);
INSERT INTO image (type, url, room) VALUES ('detail','https://a0.muscache.com/im/pictures/962362c4-ff04-4fbc-a9fa-d66d549a10de.jpg?im_w=720',25);
INSERT INTO image (type, url, room) VALUES ('detail','https://a0.muscache.com/im/pictures/3c053afa-403e-40bd-a50d-2e784ae45f88.jpg?im_w=720',25);
INSERT INTO image (type, url, room) VALUES ('detail','https://a0.muscache.com/im/pictures/47aae3b4-3064-4c48-a6c0-20c61a673ed0.jpg?im_w=720',25);
INSERT INTO image (type, url, room) VALUES ('detail','https://a0.muscache.com/im/pictures/9fe481d5-8266-4c0e-8351-8213d841b99b.jpg?im_w=720',25);
INSERT INTO image (type, url, room) VALUES ('detail','https://a0.muscache.com/im/pictures/4ed29d28-fc13-471d-bf5b-83433e3d2892.jpg?im_w=720',25);
INSERT INTO image (type, url, room) VALUES ('detail','https://a0.muscache.com/im/pictures/f91af3ce-6f4b-46ce-92c8-e3e90a7a588c.jpg?im_w=720',25);
INSERT INTO image (type, url, room) VALUES ('detail','https://a0.muscache.com/im/pictures/56c11ff0-ce09-45c4-a5f0-0efbead2eb1a.jpg?im_w=720',25);
INSERT INTO image (type, url, room) VALUES ('detail','https://a0.muscache.com/im/pictures/1bab0768-15ea-4294-8fa5-21c9f63159eb.jpg?im_w=720',25);
insert into location(id,latitude,longitude,city) values (26,37.484,127.122,'서울');
INSERT INTO room (id, title, description, price_per_day, room_type, bed, max_guest, bathroom, location) VALUES (26,'하우스" 李相"','Songpa-gu의 아파트 전체',79000,'집 전체',1,4,1,26);
INSERT INTO image (type, url, room) VALUES ('thumb','https://a0.muscache.com/im/pictures/756bb2f7-2342-4d3b-9694-492b71635bc7.jpg?im_w=720',26);
INSERT INTO image (type, url, room) VALUES ('detail','https://a0.muscache.com/im/pictures/71db6334-dfda-4be3-9a53-9221faab3672.jpg?im_w=720',26);
INSERT INTO image (type, url, room) VALUES ('detail','https://a0.muscache.com/im/pictures/a144ef2a-b416-4f8b-bfb8-d74ce11a3539.jpg?im_w=720',26);
INSERT INTO image (type, url, room) VALUES ('detail','https://a0.muscache.com/im/pictures/32bd0f40-6b1b-4860-9f57-56bd04c33c14.jpg?im_w=720',26);
INSERT INTO image (type, url, room) VALUES ('detail','https://a0.muscache.com/im/pictures/8a119488-8143-47ae-a4a5-947a500e49e6.jpg?im_w=720',26);
INSERT INTO image (type, url, room) VALUES ('detail','https://a0.muscache.com/im/pictures/ee22e3f7-be28-41f5-b92b-a98d39d404f9.jpg?im_w=720',26);
INSERT INTO image (type, url, room) VALUES ('detail','https://a0.muscache.com/im/pictures/a8383dfd-3903-432d-8b2b-67340ff2b81f.jpg?im_w=720',26);
INSERT INTO image (type, url, room) VALUES ('detail','https://a0.muscache.com/im/pictures/b3317441-3434-4b13-9adc-9e4d58154bcf.jpg?im_w=720',26);
INSERT INTO image (type, url, room) VALUES ('detail','https://a0.muscache.com/im/pictures/d4562f30-d64b-40fc-ba2c-da36db60a65a.jpg?im_w=720',26);
INSERT INTO image (type, url, room) VALUES ('detail','https://a0.muscache.com/im/pictures/3e6c29fb-9425-454d-a333-19c83b660d38.jpg?im_w=720',26);
insert into location(id,latitude,longitude,city) values (27,37.551,126.914,'서울');
INSERT INTO room (id, title, description, price_per_day, room_type, bed, max_guest, bathroom, location) VALUES (27,'Micasa@Seoul:  Just opened for you~','Seogyo-dong, Mapo-gu의 아파트 전체',95000,'집 전체',1,2,1,27);
INSERT INTO image (type, url, room) VALUES ('thumb','https://a0.muscache.com/im/pictures/c3886eb7-5268-446b-a302-26ceb6e324cc.jpg?im_w=720',27);
INSERT INTO image (type, url, room) VALUES ('detail','https://a0.muscache.com/im/pictures/703d741a-6d82-4cc9-ac44-b7ed4811721e.jpg?im_w=720',27);
INSERT INTO image (type, url, room) VALUES ('detail','https://a0.muscache.com/im/pictures/25d3b605-847a-4333-b54c-b8c997fd5932.jpg?im_w=720',27);
INSERT INTO image (type, url, room) VALUES ('detail','https://a0.muscache.com/im/pictures/420d2fa9-7584-4eaf-b735-43886ab5567e.jpg?im_w=720',27);
INSERT INTO image (type, url, room) VALUES ('detail','https://a0.muscache.com/im/pictures/87286634-71d3-4839-a13e-215e8d89d604.jpg?im_w=720',27);
INSERT INTO image (type, url, room) VALUES ('detail','https://a0.muscache.com/im/pictures/351eac7d-2f70-4f4c-a8f5-eca22eabd7db.jpg?im_w=720',27);
INSERT INTO image (type, url, room) VALUES ('detail','https://a0.muscache.com/im/pictures/5c175527-ed48-4698-b404-8286fabc2a09.jpg?im_w=720',27);
INSERT INTO image (type, url, room) VALUES ('detail','https://a0.muscache.com/im/pictures/4a144435-1c88-4648-b845-281464e764d7.jpg?im_w=720',27);
INSERT INTO image (type, url, room) VALUES ('detail','https://a0.muscache.com/im/pictures/4911f525-b997-4d74-90c2-31c937b6887b.jpg?im_w=720',27);
INSERT INTO image (type, url, room) VALUES ('detail','https://a0.muscache.com/im/pictures/7eea873d-1d61-4143-b860-59aedf28617a.jpg?im_w=720',27);
INSERT INTO image (type, url, room) VALUES ('detail','https://a0.muscache.com/im/pictures/a4562b42-1035-44c2-9a86-972f82112341.jpg?im_w=720',27);
INSERT INTO image (type, url, room) VALUES ('detail','https://a0.muscache.com/im/pictures/c660216a-79b8-4ab9-b3bc-afeb098f3783.jpg?im_w=720',27);
INSERT INTO image (type, url, room) VALUES ('detail','https://a0.muscache.com/im/pictures/24b7d31e-7742-4c75-bcec-b68b84ddc8eb.jpg?im_w=720',27);
INSERT INTO image (type, url, room) VALUES ('detail','https://a0.muscache.com/im/pictures/d949998c-c8cc-4dbf-b180-304e4cc287b6.jpg?im_w=720',27);
INSERT INTO image (type, url, room) VALUES ('detail','https://a0.muscache.com/im/pictures/043959c3-7bc1-497b-bd7c-03d81e13d436.jpg?im_w=720',27);
INSERT INTO image (type, url, room) VALUES ('detail','https://a0.muscache.com/im/pictures/0b145afd-75c0-448d-9762-4503191a2b5f.jpg?im_w=720',27);
INSERT INTO image (type, url, room) VALUES ('detail','https://a0.muscache.com/im/pictures/88bbc594-74a2-4313-ba88-7e1827a67753.jpg?im_w=720',27);
INSERT INTO image (type, url, room) VALUES ('detail','https://a0.muscache.com/im/pictures/02315c58-7fbc-482b-a2e0-d0a6f7d019ef.jpg?im_w=720',27);
INSERT INTO image (type, url, room) VALUES ('detail','https://a0.muscache.com/im/pictures/a8ed3d06-c675-451d-825e-9dd28555ea98.jpg?im_w=720',27);
INSERT INTO image (type, url, room) VALUES ('detail','https://a0.muscache.com/im/pictures/e8438b42-3e50-40c3-abe8-b13cb80cbf4f.jpg?im_w=720',27);
INSERT INTO image (type, url, room) VALUES ('detail','https://a0.muscache.com/im/pictures/9cd3a186-d268-42bf-a6f4-4cdf3753649d.jpg?im_w=720',27);
INSERT INTO image (type, url, room) VALUES ('detail','https://a0.muscache.com/im/pictures/4df64e89-fe66-43d0-8585-a0894b4f795e.jpg?im_w=720',27);
INSERT INTO image (type, url, room) VALUES ('detail','https://a0.muscache.com/im/pictures/7987186c-fa09-49a1-a2c7-6180e5e7f51c.jpg?im_w=720',27);
INSERT INTO image (type, url, room) VALUES ('detail','https://a0.muscache.com/im/pictures/3cf44ee8-7663-45cf-a8ad-4eebad106e05.jpg?im_w=720',27);
INSERT INTO image (type, url, room) VALUES ('detail','https://a0.muscache.com/im/pictures/9c6b6a72-ea9d-40ef-87da-d741b8f0d5ac.jpg?im_w=720',27);
INSERT INTO image (type, url, room) VALUES ('detail','https://a0.muscache.com/im/pictures/41b07969-f249-4cf4-b7d0-e0e75634ecc4.jpg?im_w=720',27);
INSERT INTO image (type, url, room) VALUES ('detail','https://a0.muscache.com/im/pictures/abb01fc7-82a1-4786-9442-01dcc8b3ab07.jpg?im_w=720',27);
INSERT INTO image (type, url, room) VALUES ('detail','https://a0.muscache.com/im/pictures/14abcc84-e998-467f-acc4-d8fe581570e2.jpg?im_w=720',27);
INSERT INTO image (type, url, room) VALUES ('detail','https://a0.muscache.com/im/pictures/834d2b82-8911-474c-b456-8d1ed1777807.jpg?im_w=720',27);
INSERT INTO image (type, url, room) VALUES ('detail','https://a0.muscache.com/im/pictures/5a693ae4-e75e-4f93-b873-4b3a41473787.jpg?im_w=720',27);
insert into location(id,latitude,longitude,city) values (28,37.558,126.984,'서울');
INSERT INTO room (id, title, description, price_per_day, room_type, bed, max_guest, bathroom, location) VALUES (28,'5# 12 Bed Female Dorm[Myeong-dong, 明洞]','Myeong-dong, Jung-gu의 호텔 객실',100000,'호텔 객실',1,1,5,28);
INSERT INTO image (type, url, room) VALUES ('thumb','https://a0.muscache.com/im/pictures/4aef6395-ceb8-4592-9313-a6d4680471a7.jpg?im_w=720',28);
INSERT INTO image (type, url, room) VALUES ('detail','https://a0.muscache.com/im/pictures/e0cbd6f8-c6fc-4bf7-893a-35d6ca732075.jpg?im_w=720',28);
INSERT INTO image (type, url, room) VALUES ('detail','https://a0.muscache.com/im/pictures/80f80af5-e8fe-45c5-b4e4-610a1f66d52c.jpg?im_w=720',28);
INSERT INTO image (type, url, room) VALUES ('detail','https://a0.muscache.com/im/pictures/ebd66864-ae9e-4caa-b24d-268c48bc8fc5.jpg?im_w=720',28);
INSERT INTO image (type, url, room) VALUES ('detail','https://a0.muscache.com/im/pictures/19d6ee40-4011-42af-a1e4-d07b44e720a0.jpg?im_w=720',28);
INSERT INTO image (type, url, room) VALUES ('detail','https://a0.muscache.com/im/pictures/32f8e359-4ba6-49a4-a810-b63a5923d47b.jpg?im_w=720',28);
INSERT INTO image (type, url, room) VALUES ('detail','https://a0.muscache.com/im/pictures/351dd26b-54f9-4d3c-bbcd-39ed1b1d4276.jpg?im_w=720',28);
INSERT INTO image (type, url, room) VALUES ('detail','https://a0.muscache.com/im/pictures/86e3da16-9b2d-4f97-a56b-26fd0826666a.jpg?im_w=720',28);
INSERT INTO image (type, url, room) VALUES ('detail','https://a0.muscache.com/im/pictures/f33d8ecd-cdbe-4a53-b9c5-836b10e893e5.jpg?im_w=720',28);
INSERT INTO image (type, url, room) VALUES ('detail','https://a0.muscache.com/im/pictures/db854534-75f6-4984-8c6b-d825e1546c57.jpg?im_w=720',28);
INSERT INTO image (type, url, room) VALUES ('detail','https://a0.muscache.com/im/pictures/9384e655-3dbb-4b61-9355-1460bf03ae99.jpg?im_w=720',28);
INSERT INTO image (type, url, room) VALUES ('detail','https://a0.muscache.com/im/pictures/759d79cc-c8b6-43d3-95c5-7a5c6c50f368.jpg?im_w=720',28);
INSERT INTO image (type, url, room) VALUES ('detail','https://a0.muscache.com/im/pictures/db4c2737-37a7-40c6-88bb-bc518b7573d3.jpg?im_w=720',28);
INSERT INTO image (type, url, room) VALUES ('detail','https://a0.muscache.com/im/pictures/e14156c8-fc25-45ea-89a2-5740da4a43ef.jpg?im_w=720',28);
INSERT INTO image (type, url, room) VALUES ('detail','https://a0.muscache.com/im/pictures/1d559ac1-bf1a-44fd-90b7-9ff32898f17d.jpg?im_w=720',28);
insert into location(id,latitude,longitude,city) values (29,37.576,127.02,'서울');
INSERT INTO room (id, title, description, price_per_day, room_type, bed, max_guest, bathroom, location) VALUES (29,'dmyk-oblong','종로구의 게스트용 별채 전체',100000,'집 전체',1,2,1,29);
INSERT INTO image (type, url, room) VALUES ('thumb','https://a0.muscache.com/im/pictures/3dfeacd4-bea8-4c2e-820f-bf61f8053323.jpg?im_w=720',29);
INSERT INTO image (type, url, room) VALUES ('detail','https://a0.muscache.com/im/pictures/4f01dedf-ccfb-4d08-8ffb-77c3d6c08043.jpg?im_w=720',29);
INSERT INTO image (type, url, room) VALUES ('detail','https://a0.muscache.com/im/pictures/894fb768-578d-4c74-b55c-a8f2b391eeea.jpg?im_w=720',29);
INSERT INTO image (type, url, room) VALUES ('detail','https://a0.muscache.com/im/pictures/54aa4fd6-648e-4389-8caf-fd8807fb3c12.jpg?im_w=720',29);
INSERT INTO image (type, url, room) VALUES ('detail','https://a0.muscache.com/im/pictures/b225e782-ca50-4176-bde9-5f83386c26ef.jpg?im_w=720',29);
INSERT INTO image (type, url, room) VALUES ('detail','https://a0.muscache.com/im/pictures/8fca6e8a-036f-4eb2-9ed3-433aaa9c05ec.jpg?im_w=720',29);
INSERT INTO image (type, url, room) VALUES ('detail','https://a0.muscache.com/im/pictures/84dcee45-d1e4-4b6a-b4a6-c9bfe95f06e3.jpg?im_w=720',29);
INSERT INTO image (type, url, room) VALUES ('detail','https://a0.muscache.com/im/pictures/82f03dff-c05d-4f86-8d0f-8c79e6c2a64c.jpg?im_w=720',29);
INSERT INTO image (type, url, room) VALUES ('detail','https://a0.muscache.com/im/pictures/45b77d08-794d-4a03-a495-d597969e0bd4.jpg?im_w=720',29);
INSERT INTO image (type, url, room) VALUES ('detail','https://a0.muscache.com/im/pictures/63ee0d96-9f13-4ff5-894b-ed552052f686.jpg?im_w=720',29);
INSERT INTO image (type, url, room) VALUES ('detail','https://a0.muscache.com/im/pictures/249cc763-f0e4-48c8-a799-1a46ae0a55c7.jpg?im_w=720',29);
insert into location(id,latitude,longitude,city) values (30,37.556,126.93,'서울');
INSERT INTO room (id, title, description, price_per_day, room_type, bed, max_guest, bathroom, location) VALUES (30,'홍대3분 저렴깔끔 조용','Seogyo-dong, Mapo-gu의 개인실',100000,'개인실',0,2,1,30);
INSERT INTO image (type, url, room) VALUES ('thumb','https://a0.muscache.com/im/pictures/46e5451e-bd34-4d56-ba6d-1f7e7fd62952.jpg?im_w=720',30);
INSERT INTO image (type, url, room) VALUES ('detail','https://a0.muscache.com/im/pictures/baf72ff3-6b7c-4755-88c6-e771f746a055.jpg?im_w=720',30);
INSERT INTO image (type, url, room) VALUES ('detail','https://a0.muscache.com/im/pictures/af643414-4c6d-41c9-8579-7e5b777c3c3f.jpg?im_w=720',30);
INSERT INTO image (type, url, room) VALUES ('detail','https://a0.muscache.com/im/pictures/a14fb161-ebe1-4426-abcf-967a364c37ab.jpg?im_w=720',30);
INSERT INTO image (type, url, room) VALUES ('detail','https://a0.muscache.com/im/pictures/dec8cfbb-61d7-4e2b-a28c-bf5a333b5775.jpg?im_w=720',30);
insert into location(id,latitude,longitude,city) values (31,37.489,126.927,'서울');
INSERT INTO room (id, title, description, price_per_day, room_type, bed, max_guest, bathroom, location) VALUES (31,'Black&white (cost-effective room)','Sillim-dong, Gwanak-gu의 아파트 전체',95000,'집 전체',1,2,1,31);
INSERT INTO image (type, url, room) VALUES ('thumb','https://a0.muscache.com/im/pictures/081cb2c4-481d-4aac-a340-8df67be907e7.jpg?im_w=720',31);
INSERT INTO image (type, url, room) VALUES ('detail','https://a0.muscache.com/im/pictures/d33089c3-bf1f-42b6-b5de-066a4414cd16.jpg?im_w=720',31);
INSERT INTO image (type, url, room) VALUES ('detail','https://a0.muscache.com/im/pictures/5bd6ea7f-dfa5-4f5c-8a72-d10d70b93781.jpg?im_w=720',31);
INSERT INTO image (type, url, room) VALUES ('detail','https://a0.muscache.com/im/pictures/38a621ef-fd30-44ad-8f7e-29801d2bd94a.jpg?im_w=720',31);
INSERT INTO image (type, url, room) VALUES ('detail','https://a0.muscache.com/im/pictures/9dcdd674-634c-4a14-894a-25550e97c3b9.jpg?im_w=720',31);
INSERT INTO image (type, url, room) VALUES ('detail','https://a0.muscache.com/im/pictures/238b13b8-19c1-4388-86f6-8de31513b4c3.jpg?im_w=720',31);
INSERT INTO image (type, url, room) VALUES ('detail','https://a0.muscache.com/im/pictures/f37a10bc-7be0-4e3c-9b9d-702d267d46fd.jpg?im_w=720',31);
INSERT INTO image (type, url, room) VALUES ('detail','https://a0.muscache.com/im/pictures/c46ff164-08d3-46f6-802b-2f652011e9c0.jpg?im_w=720',31);
INSERT INTO image (type, url, room) VALUES ('detail','https://a0.muscache.com/im/pictures/a46aaf42-56ec-4541-8d50-0c6cf6c4d401.jpg?im_w=720',31);
INSERT INTO image (type, url, room) VALUES ('detail','https://a0.muscache.com/im/pictures/06e7d2f8-3928-440d-a6ba-b7cfef2381d5.jpg?im_w=720',31);
INSERT INTO image (type, url, room) VALUES ('detail','https://a0.muscache.com/im/pictures/79d4d0e7-083a-4f83-8977-99d71a142b08.jpg?im_w=720',31);
INSERT INTO image (type, url, room) VALUES ('detail','https://a0.muscache.com/im/pictures/13123d67-200d-4ae7-9b25-a1accf0ac374.jpg?im_w=720',31);
INSERT INTO image (type, url, room) VALUES ('detail','https://a0.muscache.com/im/pictures/222f9cf2-e4d4-4ad8-8dd2-33097cb5f64f.jpg?im_w=720',31);
INSERT INTO image (type, url, room) VALUES ('detail','https://a0.muscache.com/im/pictures/be44eac7-3e1b-4630-b2ab-07154d8b567e.jpg?im_w=720',31);
insert into location(id,latitude,longitude,city) values (32,37.564,126.993,'서울');
INSERT INTO room (id, title, description, price_per_day, room_type, bed, max_guest, bathroom, location) VALUES (32,'🏡풀옵션 신축🏡 조리도구 구비 🍳 어메니티 & 네스프레소 무료제공','Euljiro-dong, Jung-gu의 레지던스 전체',90000,'집 전체',1,2,1,32);
INSERT INTO image (type, url, room) VALUES ('thumb','https://a0.muscache.com/im/pictures/miso/Hosting-48060580/original/67951b69-6aed-4ac2-b5fc-4786a8386434.jpeg?im_w=720',32);
INSERT INTO image (type, url, room) VALUES ('detail','https://a0.muscache.com/im/pictures/miso/Hosting-48060580/original/26e4b56d-c74d-4c38-b4a2-0180d77a43c4.jpeg?im_w=720',32);
INSERT INTO image (type, url, room) VALUES ('detail','https://a0.muscache.com/im/pictures/miso/Hosting-48060580/original/19f7d41e-1b14-408b-a7c4-8913affee99e.jpeg?im_w=720',32);
INSERT INTO image (type, url, room) VALUES ('detail','https://a0.muscache.com/im/pictures/miso/Hosting-48060580/original/1d581b16-d860-4fca-851e-b2148d8ba527.jpeg?im_w=720',32);
INSERT INTO image (type, url, room) VALUES ('detail','https://a0.muscache.com/im/pictures/miso/Hosting-48060580/original/cac0d2ab-4b78-4206-bad3-6077c62d2b87.jpeg?im_w=720',32);
INSERT INTO image (type, url, room) VALUES ('detail','https://a0.muscache.com/im/pictures/miso/Hosting-48060580/original/674befb4-d0c3-42b7-bb38-6ee2a4c0e7e0.jpeg?im_w=720',32);
INSERT INTO image (type, url, room) VALUES ('detail','https://a0.muscache.com/im/pictures/miso/Hosting-48060580/original/b30ae470-892d-4a43-85cf-c796c1d905c4.jpeg?im_w=720',32);
INSERT INTO image (type, url, room) VALUES ('detail','https://a0.muscache.com/im/pictures/miso/Hosting-48060580/original/c843b46e-d40c-40b2-9085-a9dcad9d0f89.jpeg?im_w=720',32);
INSERT INTO image (type, url, room) VALUES ('detail','https://a0.muscache.com/im/pictures/miso/Hosting-48060580/original/934eb285-b6ba-4a6d-b896-9c44be6453ca.jpeg?im_w=720',32);
INSERT INTO image (type, url, room) VALUES ('detail','https://a0.muscache.com/im/pictures/miso/Hosting-48060580/original/fa60a949-ccdd-4db2-ba87-827ec3482f11.jpeg?im_w=720',32);
INSERT INTO image (type, url, room) VALUES ('detail','https://a0.muscache.com/im/pictures/miso/Hosting-48060580/original/19cbd3e2-c880-4a39-ad47-9e247d7d871b.jpeg?im_w=720',32);
INSERT INTO image (type, url, room) VALUES ('detail','https://a0.muscache.com/im/pictures/miso/Hosting-48060580/original/fac6ab1f-31cc-4000-98a5-1a33c1c0a1c6.jpeg?im_w=720',32);
INSERT INTO image (type, url, room) VALUES ('detail','https://a0.muscache.com/im/pictures/miso/Hosting-48060580/original/06d5793a-d88c-41da-8ee7-b7aed1b3d978.jpeg?im_w=720',32);
insert into location(id,latitude,longitude,city) values (33,37.512,127.026,'서울');
INSERT INTO room (id, title, description, price_per_day, room_type, bed, max_guest, bathroom, location) VALUES (33,'sunny house','Nonhyeon 1(il)-dong, Gangnam-gu의 집 전체',100000,'집 전체',0,2,1,33);
INSERT INTO image (type, url, room) VALUES ('thumb','https://a0.muscache.com/im/pictures/f3e2d9f3-5bec-4794-84dc-70162526326d.jpg?im_w=720',33);
INSERT INTO image (type, url, room) VALUES ('detail','https://a0.muscache.com/im/pictures/00d9fda0-e742-4218-8f17-0ac3edc18b3d.jpg?im_w=720',33);
INSERT INTO image (type, url, room) VALUES ('detail','https://a0.muscache.com/im/pictures/248d3260-c368-45ed-9dd3-a3b308a14080.jpg?im_w=720',33);
INSERT INTO image (type, url, room) VALUES ('detail','https://a0.muscache.com/im/pictures/070ce7b6-397c-4afb-b215-c12c66da0816.jpg?im_w=720',33);
INSERT INTO image (type, url, room) VALUES ('detail','https://a0.muscache.com/im/pictures/f5dc2ecd-2cde-4c18-be25-261dc6c114d9.jpg?im_w=720',33);
insert into location(id,latitude,longitude,city) values (34,37.58,127.005,'서울');
INSERT INTO room (id, title, description, price_per_day, room_type, bed, max_guest, bathroom, location) VALUES (34,'대학로 Mins House!!401','Ihwa-dong, Jongno-gu의 게스트용 별채 전체',100000,'집 전체',1,2,0,34);
INSERT INTO image (type, url, room) VALUES ('thumb','https://a0.muscache.com/im/pictures/ce32c273-7ce6-49de-bd79-2413fcae84d5.jpg?im_w=720',34);
INSERT INTO image (type, url, room) VALUES ('detail','https://a0.muscache.com/im/pictures/8d959e6d-c7aa-4979-bbf4-3f9d65993d34.jpg?im_w=720',34);
INSERT INTO image (type, url, room) VALUES ('detail','https://a0.muscache.com/im/pictures/d9546211-7a66-4e39-a1b2-6d180db71bf4.jpg?im_w=720',34);
INSERT INTO image (type, url, room) VALUES ('detail','https://a0.muscache.com/im/pictures/f55e4d2b-090a-4bad-a3fc-10509a60bebd.jpg?im_w=720',34);
INSERT INTO image (type, url, room) VALUES ('detail','https://a0.muscache.com/im/pictures/6f0d7027-8954-4f7f-b6e9-4c161b3b5af3.jpg?im_w=720',34);
INSERT INTO image (type, url, room) VALUES ('detail','https://a0.muscache.com/im/pictures/d0bce30d-e764-4b8e-bb00-e93cb80c4b53.jpg?im_w=720',34);
INSERT INTO image (type, url, room) VALUES ('detail','https://a0.muscache.com/im/pictures/ce1396c6-3f63-41ff-8abd-a573188c7301.jpg?im_w=720',34);
INSERT INTO image (type, url, room) VALUES ('detail','https://a0.muscache.com/im/pictures/75a1e008-0cd9-46a4-9268-eb1d01ab245f.jpg?im_w=720',34);
INSERT INTO image (type, url, room) VALUES ('detail','https://a0.muscache.com/im/pictures/b7cd7616-4ed9-44f3-ae83-9d0a4843ac15.jpg?im_w=720',34);
INSERT INTO image (type, url, room) VALUES ('detail','https://a0.muscache.com/im/pictures/3682c1be-96e8-4851-931e-c1aef17f89b2.jpg?im_w=720',34);
INSERT INTO image (type, url, room) VALUES ('detail','https://a0.muscache.com/im/pictures/22b5d913-dcd4-4819-888e-0d23372deeae.jpg?im_w=720',34);
INSERT INTO image (type, url, room) VALUES ('detail','https://a0.muscache.com/im/pictures/5986b5a1-50a9-411d-a259-f78d033ac028.jpg?im_w=720',34);
INSERT INTO image (type, url, room) VALUES ('detail','https://a0.muscache.com/im/pictures/3b5a4b4b-3b9b-4fe7-ad6c-f63cc99d9187.jpg?im_w=720',34);
INSERT INTO image (type, url, room) VALUES ('detail','https://a0.muscache.com/im/pictures/c274dc07-194f-410c-ad38-e5e1ae2803bb.jpg?im_w=720',34);
INSERT INTO image (type, url, room) VALUES ('detail','https://a0.muscache.com/im/pictures/6587aec6-88ed-478e-bf95-973465ed111a.jpg?im_w=720',34);
INSERT INTO image (type, url, room) VALUES ('detail','https://a0.muscache.com/im/pictures/a5fcaf77-6003-432e-8dfe-cdcd48fa71c5.jpg?im_w=720',34);
INSERT INTO image (type, url, room) VALUES ('detail','https://a0.muscache.com/im/pictures/926e2437-dad9-43c5-8c2e-f7efec310314.jpg?im_w=720',34);
INSERT INTO image (type, url, room) VALUES ('detail','https://a0.muscache.com/im/pictures/1569248f-01a1-406e-8ad3-8dfb1780a7cf.jpg?im_w=720',34);
insert into location(id,latitude,longitude,city) values (35,37.583,127.051,'서울');
INSERT INTO room (id, title, description, price_per_day, room_type, bed, max_guest, bathroom, location) VALUES (35,'(Quarantine available) garden house Uni of Seoul','동대문구의 초소형 주택',100000,'집 전체',2,2,1,35);
INSERT INTO image (type, url, room) VALUES ('thumb','https://a0.muscache.com/im/pictures/dd631db5-b666-4b22-a198-9a7a239bab26.jpg?im_w=720',35);
INSERT INTO image (type, url, room) VALUES ('detail','https://a0.muscache.com/im/pictures/2a88de3a-df6a-4ffa-b443-46fdf7e92ab7.jpg?im_w=720',35);
INSERT INTO image (type, url, room) VALUES ('detail','https://a0.muscache.com/im/pictures/355c2879-8925-493b-bbc0-5c55238e7213.jpg?im_w=720',35);
INSERT INTO image (type, url, room) VALUES ('detail','https://a0.muscache.com/im/pictures/a108f46d-f1d7-4cbe-b53b-4966c551ba8a.jpg?im_w=720',35);
INSERT INTO image (type, url, room) VALUES ('detail','https://a0.muscache.com/im/pictures/06c664a3-dd15-4ec3-9bbc-5b63378d8948.jpg?im_w=720',35);
INSERT INTO image (type, url, room) VALUES ('detail','https://a0.muscache.com/im/pictures/2847520a-179a-47c8-ad55-cd0536e677c6.jpg?im_w=720',35);
INSERT INTO image (type, url, room) VALUES ('detail','https://a0.muscache.com/im/pictures/8dce2b29-9c44-406f-ae3c-ffcb2f41023e.jpg?im_w=720',35);
INSERT INTO image (type, url, room) VALUES ('detail','https://a0.muscache.com/im/pictures/8d1682aa-229d-4f25-ae68-a99c2b696504.jpg?im_w=720',35);
INSERT INTO image (type, url, room) VALUES ('detail','https://a0.muscache.com/im/pictures/57da27fa-5b42-4174-96c5-5018aa5bb279.jpg?im_w=720',35);
INSERT INTO image (type, url, room) VALUES ('detail','https://a0.muscache.com/im/pictures/7a7c6348-42ba-4ef8-abe8-c4b78d509846.jpg?im_w=720',35);
insert into location(id,latitude,longitude,city) values (36,37.562,126.985,'서울');
INSERT INTO room (id, title, description, price_per_day, room_type, bed, max_guest, bathroom, location) VALUES (36,'포근함과 편리함이 있는 게스트하우스(호스텔)','Myeong-dong, Jung-gu의 개인실',90000,'개인실',1,1,1,36);
INSERT INTO image (type, url, room) VALUES ('thumb','https://a0.muscache.com/im/pictures/54a96cb4-a721-47e8-a3a4-c48d73bba0ce.jpg?im_w=720',36);
INSERT INTO image (type, url, room) VALUES ('detail','https://a0.muscache.com/im/pictures/4a025c99-cd56-4b1e-b9b7-0fd0b8b901c1.jpg?im_w=720',36);
INSERT INTO image (type, url, room) VALUES ('detail','https://a0.muscache.com/im/pictures/d7f5250c-f918-47a6-9659-2d0c5679f944.jpg?im_w=720',36);
INSERT INTO image (type, url, room) VALUES ('detail','https://a0.muscache.com/im/pictures/9b189a6c-22d6-45b7-a929-27d3f26dc8c6.jpg?im_w=720',36);
INSERT INTO image (type, url, room) VALUES ('detail','https://a0.muscache.com/im/pictures/a8ebd8a7-1a11-47cd-aa37-74ed32b0d509.jpg?im_w=720',36);
INSERT INTO image (type, url, room) VALUES ('detail','https://a0.muscache.com/im/pictures/92482848-7582-4750-ae50-45019c5af1a2.jpg?im_w=720',36);
INSERT INTO image (type, url, room) VALUES ('detail','https://a0.muscache.com/im/pictures/f1139232-7967-4ccb-aedf-a3b2fa543b60.jpg?im_w=720',36);
INSERT INTO image (type, url, room) VALUES ('detail','https://a0.muscache.com/im/pictures/3bae5ff9-dd29-4a84-86f3-ccdbff97ad7f.jpg?im_w=720',36);
INSERT INTO image (type, url, room) VALUES ('detail','https://a0.muscache.com/im/pictures/d914cec8-8b9e-4bcb-88f5-6d25a0e5ebb0.jpg?im_w=720',36);
INSERT INTO image (type, url, room) VALUES ('detail','https://a0.muscache.com/im/pictures/737d0367-35cd-4c7d-b64a-b4cec376e9e8.jpg?im_w=720',36);
INSERT INTO image (type, url, room) VALUES ('detail','https://a0.muscache.com/im/pictures/f1bddbdb-14d8-4c87-90d4-07e4f663c634.jpg?im_w=720',36);
INSERT INTO image (type, url, room) VALUES ('detail','https://a0.muscache.com/im/pictures/18aa63d9-15e4-4b60-a3c3-951f32bfa09b.jpg?im_w=720',36);
INSERT INTO image (type, url, room) VALUES ('detail','https://a0.muscache.com/im/pictures/adb7593a-9566-4f02-83ad-6e9a39cd2d9f.jpg?im_w=720',36);
INSERT INTO image (type, url, room) VALUES ('detail','https://a0.muscache.com/im/pictures/90ebdae0-2496-418b-8ab5-3cbf1d1548b2.jpg?im_w=720',36);
INSERT INTO image (type, url, room) VALUES ('detail','https://a0.muscache.com/im/pictures/7640fbe3-30f9-4996-8d2b-dd0577bd22a4.jpg?im_w=720',36);
INSERT INTO image (type, url, room) VALUES ('detail','https://a0.muscache.com/im/pictures/231d4972-cae7-4b46-87d2-d1f34779524a.jpg?im_w=720',36);
INSERT INTO image (type, url, room) VALUES ('detail','https://a0.muscache.com/im/pictures/b49f6c1e-cdcd-4d51-aa26-20b9e659fb97.jpg?im_w=720',36);
INSERT INTO image (type, url, room) VALUES ('detail','https://a0.muscache.com/im/pictures/57524a20-ecbf-4959-8e96-7751dc9d0d6f.jpg?im_w=720',36);
INSERT INTO image (type, url, room) VALUES ('detail','https://a0.muscache.com/im/pictures/03293448-c232-46b2-9634-2bad372e4b2f.jpg?im_w=720',36);
INSERT INTO image (type, url, room) VALUES ('detail','https://a0.muscache.com/im/pictures/e1610b61-a0e4-4a5a-9173-16569d02e20f.jpg?im_w=720',36);
INSERT INTO image (type, url, room) VALUES ('detail','https://a0.muscache.com/im/pictures/4465849b-c482-42c3-ba17-bc44816363d0.jpg?im_w=720',36);
INSERT INTO image (type, url, room) VALUES ('detail','https://a0.muscache.com/im/pictures/811dc004-982a-4288-a38e-b8fd07005160.jpg?im_w=720',36);
INSERT INTO image (type, url, room) VALUES ('detail','https://a0.muscache.com/im/pictures/a72cedbc-6846-4af6-a614-f86ab8fc875c.jpg?im_w=720',36);
insert into location(id,latitude,longitude,city) values (37,37.508,126.946,'서울');
INSERT INTO room (id, title, description, price_per_day, room_type, bed, max_guest, bathroom, location) VALUES (37,'깔끔하고 아기자기한 노량진 하우스/원목 푹신한 침구로 편안하게!','Noryangjin 1(il)-dong, Dongjak-gu의 아파트 전체',85000,'집 전체',1,2,1,37);
INSERT INTO image (type, url, room) VALUES ('thumb','https://a0.muscache.com/im/pictures/791e41bf-1b2a-4332-b816-2a1d3f619145.jpg?im_w=720',37);
INSERT INTO image (type, url, room) VALUES ('detail','https://a0.muscache.com/im/pictures/d3ebf396-7dac-4a7c-8c0b-51d0fc70928e.jpg?im_w=720',37);
INSERT INTO image (type, url, room) VALUES ('detail','https://a0.muscache.com/im/pictures/674692f6-2474-4f38-933c-e9373b5ba5a5.jpg?im_w=720',37);
INSERT INTO image (type, url, room) VALUES ('detail','https://a0.muscache.com/im/pictures/440a48a9-ea59-4972-b480-c585675ff3c4.jpg?im_w=720',37);
INSERT INTO image (type, url, room) VALUES ('detail','https://a0.muscache.com/im/pictures/cb10c3a5-e45b-4e20-8b14-8a8c5bdb1ead.jpg?im_w=720',37);
INSERT INTO image (type, url, room) VALUES ('detail','https://a0.muscache.com/im/pictures/178557bd-9035-4c2d-9903-c2d048e83021.jpg?im_w=720',37);
INSERT INTO image (type, url, room) VALUES ('detail','https://a0.muscache.com/im/pictures/a0f3718a-8057-4f3c-b718-36933e2ce0a4.jpg?im_w=720',37);
INSERT INTO image (type, url, room) VALUES ('detail','https://a0.muscache.com/im/pictures/891060fa-06e2-4ec8-aeef-5f482ddc6ea7.jpg?im_w=720',37);
insert into location(id,latitude,longitude,city) values (38,37.579,127.023,'서울');
INSERT INTO room (id, title, description, price_per_day, room_type, bed, max_guest, bathroom, location) VALUES (38,'HOSTEL SEOUL - Single Room with a bathroom (301)','Sungin 2(i)-dong, Jongno-gu의 개인실',95000,'개인실',0,1,1,38);
INSERT INTO image (type, url, room) VALUES ('thumb','https://a0.muscache.com/im/pictures/miso/Hosting-49658744/original/fe02bf3a-b99e-4c22-8f62-5f8fdb70556c.jpeg?im_w=720',38);
INSERT INTO image (type, url, room) VALUES ('detail','https://a0.muscache.com/im/pictures/miso/Hosting-49507837/original/576cc5b7-8114-4466-9376-45c259780fd5.jpeg?im_w=720',38);
INSERT INTO image (type, url, room) VALUES ('detail','https://a0.muscache.com/im/pictures/miso/Hosting-49507837/original/edd18b3e-ca0e-4e92-af7b-9119f279dce0.jpeg?im_w=720',38);
INSERT INTO image (type, url, room) VALUES ('detail','https://a0.muscache.com/im/pictures/1b363415-58b7-4a1f-9d61-a2a6b10e3996.jpg?im_w=720',38);
INSERT INTO image (type, url, room) VALUES ('detail','https://a0.muscache.com/im/pictures/f6c93e58-9cb5-47e3-842b-b042c1894979.jpg?im_w=720',38);
INSERT INTO image (type, url, room) VALUES ('detail','https://a0.muscache.com/im/pictures/miso/Hosting-49239379/original/ac61924d-d7cd-4e71-b45c-ded668968e9c.jpeg?im_w=720',38);
INSERT INTO image (type, url, room) VALUES ('detail','https://a0.muscache.com/im/pictures/miso/Hosting-49150712/original/c8e15eee-e1a0-4e91-912d-4bf2fca6860b.jpeg?im_w=720',38);
INSERT INTO image (type, url, room) VALUES ('detail','https://a0.muscache.com/im/pictures/miso/Hosting-49131805/original/f40b5394-42b9-4e71-ab39-7593dee4d5aa.jpeg?im_w=720',38);
INSERT INTO image (type, url, room) VALUES ('detail','https://a0.muscache.com/im/pictures/8012bdbf-e281-4fc8-b645-ef663143135d.jpg?im_w=720',38);
INSERT INTO image (type, url, room) VALUES ('detail','https://a0.muscache.com/im/pictures/46bf7e9a-23dc-4174-864f-8967b7859175.jpg?im_w=720',38);
INSERT INTO image (type, url, room) VALUES ('detail','https://a0.muscache.com/im/pictures/daf17c3d-3520-4103-8135-38fc6e6865aa.jpg?im_w=720',38);
INSERT INTO image (type, url, room) VALUES ('detail','https://a0.muscache.com/im/pictures/9f52c84f-e648-4208-916e-194e64ec48fa.jpg?im_w=720',38);
INSERT INTO image (type, url, room) VALUES ('detail','https://a0.muscache.com/im/pictures/ed01fcd7-a882-41e7-a5b2-662ba2a36938.jpg?im_w=720',38);
INSERT INTO image (type, url, room) VALUES ('detail','https://a0.muscache.com/im/pictures/a0528d71-018f-45c1-bee9-d38b5dcf29a6.jpg?im_w=720',38);
INSERT INTO image (type, url, room) VALUES ('detail','https://a0.muscache.com/im/pictures/c5264df5-f483-4021-96dd-ef85f184a7c2.jpg?im_w=720',38);
INSERT INTO image (type, url, room) VALUES ('detail','https://a0.muscache.com/im/pictures/45d9e8ca-1d15-4dda-b4a7-02696cbce714.jpg?im_w=720',38);
INSERT INTO image (type, url, room) VALUES ('detail','https://a0.muscache.com/im/pictures/miso/Hosting-49150712/original/4bdb422a-949b-47d8-85d7-eac0dc2b8caa.jpeg?im_w=720',38);
INSERT INTO image (type, url, room) VALUES ('detail','https://a0.muscache.com/im/pictures/miso/Hosting-49150712/original/190c7b35-04b1-4519-a66d-e217530f7bdd.jpeg?im_w=720',38);
INSERT INTO image (type, url, room) VALUES ('detail','https://a0.muscache.com/im/pictures/miso/Hosting-49150712/original/b808fea9-3f14-4fd8-881e-79e55fa6ce34.jpeg?im_w=720',38);
INSERT INTO image (type, url, room) VALUES ('detail','https://a0.muscache.com/im/pictures/miso/Hosting-49239379/original/a2e2dabd-49a6-4862-84f8-b79dd38d9605.jpeg?im_w=720',38);
INSERT INTO image (type, url, room) VALUES ('detail','https://a0.muscache.com/im/pictures/miso/Hosting-49239379/original/ee47672b-9a15-40ce-9e79-eed71d07619b.jpeg?im_w=720',38);
INSERT INTO image (type, url, room) VALUES ('detail','https://a0.muscache.com/im/pictures/c4517a03-8adf-403b-8896-a51124df5806.jpg?im_w=720',38);
INSERT INTO image (type, url, room) VALUES ('detail','https://a0.muscache.com/im/pictures/miso/Hosting-49658744/original/82a32b30-7041-422e-af9f-fcb4919cdd8e.jpeg?im_w=720',38);
insert into location(id,latitude,longitude,city) values (39,37.556,126.935,'서울');
INSERT INTO room (id, title, description, price_per_day, room_type, bed, max_guest, bathroom, location) VALUES (39,'#31 Sinchon Sta 2mins Hongdae 8mins Blue Mansion','마포구의 집 전체',100000,'집 전체',1,1,1,39);
INSERT INTO image (type, url, room) VALUES ('thumb','https://a0.muscache.com/im/pictures/29aa0a8e-b6bd-4310-bd90-1866b56e1d54.jpg?im_w=720',39);
INSERT INTO image (type, url, room) VALUES ('detail','https://a0.muscache.com/im/pictures/4a8035d5-9f43-463b-ae04-5d48360956ab.jpg?im_w=720',39);
INSERT INTO image (type, url, room) VALUES ('detail','https://a0.muscache.com/im/pictures/89a7d409-4147-4e9e-bc11-e2201488135d.jpg?im_w=720',39);
INSERT INTO image (type, url, room) VALUES ('detail','https://a0.muscache.com/im/pictures/a3d9fbd0-1e82-4057-aac0-4f16b6a84aa1.jpg?im_w=720',39);
INSERT INTO image (type, url, room) VALUES ('detail','https://a0.muscache.com/im/pictures/70991420-c698-4775-b31c-c2e7cda23ded.jpg?im_w=720',39);
INSERT INTO image (type, url, room) VALUES ('detail','https://a0.muscache.com/im/pictures/10dedcbd-2cf5-4a5c-a193-54d2b425227d.jpg?im_w=720',39);
INSERT INTO image (type, url, room) VALUES ('detail','https://a0.muscache.com/im/pictures/b601e914-d854-4291-8470-e43292eee9e0.jpg?im_w=720',39);
INSERT INTO image (type, url, room) VALUES ('detail','https://a0.muscache.com/im/pictures/a03f7dde-0c92-4008-b363-94cc8b8767c8.jpg?im_w=720',39);
INSERT INTO image (type, url, room) VALUES ('detail','https://a0.muscache.com/im/pictures/8786e0d2-31ed-478f-9e12-d277ff9d8d38.jpg?im_w=720',39);
INSERT INTO image (type, url, room) VALUES ('detail','https://a0.muscache.com/im/pictures/e906ba99-ea43-4d6e-84e0-71a591661fc4.jpg?im_w=720',39);
INSERT INTO image (type, url, room) VALUES ('detail','https://a0.muscache.com/im/pictures/ff92b493-4c4c-4738-a6a5-0a1636d3badb.jpg?im_w=720',39);
INSERT INTO image (type, url, room) VALUES ('detail','https://a0.muscache.com/im/pictures/a383e171-9cfd-49ae-b48c-a261a83a7cb3.jpg?im_w=720',39);
INSERT INTO image (type, url, room) VALUES ('detail','https://a0.muscache.com/im/pictures/96e118e7-9687-424f-9034-e198d37ae036.jpg?im_w=720',39);
INSERT INTO image (type, url, room) VALUES ('detail','https://a0.muscache.com/im/pictures/95ed4f63-c448-4a8f-97cc-4f0d6f9835d2.jpg?im_w=720',39);
INSERT INTO image (type, url, room) VALUES ('detail','https://a0.muscache.com/im/pictures/b83a55f8-1818-483b-ab22-455046e5e60a.jpg?im_w=720',39);
INSERT INTO image (type, url, room) VALUES ('detail','https://a0.muscache.com/im/pictures/6236e4a3-510c-4910-aec0-20507fc3259b.jpg?im_w=720',39);
INSERT INTO image (type, url, room) VALUES ('detail','https://a0.muscache.com/im/pictures/fb75598d-18fd-4114-88fe-eefd48449344.jpg?im_w=720',39);
INSERT INTO image (type, url, room) VALUES ('detail','https://a0.muscache.com/im/pictures/c51c66a7-9fc6-41b6-a4cb-b026fe8c901a.jpg?im_w=720',39);
INSERT INTO image (type, url, room) VALUES ('detail','https://a0.muscache.com/im/pictures/b7ff51bb-e6a8-4788-b38c-73e458d0b649.jpg?im_w=720',39);
INSERT INTO image (type, url, room) VALUES ('detail','https://a0.muscache.com/im/pictures/cd09b650-45f8-49a6-9fc1-a661f85ff4e7.jpg?im_w=720',39);
INSERT INTO image (type, url, room) VALUES ('detail','https://a0.muscache.com/im/pictures/ad1ec3c7-a314-48a3-9da9-b67dfb77f318.jpg?im_w=720',39);
INSERT INTO image (type, url, room) VALUES ('detail','https://a0.muscache.com/im/pictures/3e051faf-f503-4adb-a66c-990f5ebe7bc0.jpg?im_w=720',39);
INSERT INTO image (type, url, room) VALUES ('detail','https://a0.muscache.com/im/pictures/e99891e0-d902-424f-b34d-8335ef671ff9.jpg?im_w=720',39);
INSERT INTO image (type, url, room) VALUES ('detail','https://a0.muscache.com/im/pictures/392eb653-b5f2-4536-b800-e9b9eec930ac.jpg?im_w=720',39);
INSERT INTO image (type, url, room) VALUES ('detail','https://a0.muscache.com/im/pictures/2b184052-b0c1-4710-97cf-a3c04d839909.jpg?im_w=720',39);
INSERT INTO image (type, url, room) VALUES ('detail','https://a0.muscache.com/im/pictures/9ea3b09c-77f8-4ea9-a5f0-82e26009fdee.jpg?im_w=720',39);
INSERT INTO image (type, url, room) VALUES ('detail','https://a0.muscache.com/im/pictures/bc8731aa-ff3f-4f9e-b7c0-113b27ac567b.jpg?im_w=720',39);
INSERT INTO image (type, url, room) VALUES ('detail','https://a0.muscache.com/im/pictures/9901cc48-61f7-42bf-9124-516d0078f4a6.jpg?im_w=720',39);
INSERT INTO image (type, url, room) VALUES ('detail','https://a0.muscache.com/im/pictures/7345ccdf-3800-4a87-8799-389bcc2ab9a2.jpg?im_w=720',39);
insert into location(id,latitude,longitude,city) values (40,37.579,127.023,'서울');
INSERT INTO room (id, title, description, price_per_day, room_type, bed, max_guest, bathroom, location) VALUES (40,'HOSTEL SEOUL - Double room with a bathroom','Sungin 2(i)-dong, Jongno-gu의 개인실',95000,'개인실',0,2,1,40);
INSERT INTO image (type, url, room) VALUES ('thumb','https://a0.muscache.com/im/pictures/1b363415-58b7-4a1f-9d61-a2a6b10e3996.jpg?im_w=720',40);
INSERT INTO image (type, url, room) VALUES ('detail','https://a0.muscache.com/im/pictures/f6c93e58-9cb5-47e3-842b-b042c1894979.jpg?im_w=720',40);
INSERT INTO image (type, url, room) VALUES ('detail','https://a0.muscache.com/im/pictures/miso/Hosting-49239379/original/ac61924d-d7cd-4e71-b45c-ded668968e9c.jpeg?im_w=720',40);
INSERT INTO image (type, url, room) VALUES ('detail','https://a0.muscache.com/im/pictures/miso/Hosting-49150712/original/c8e15eee-e1a0-4e91-912d-4bf2fca6860b.jpeg?im_w=720',40);
INSERT INTO image (type, url, room) VALUES ('detail','https://a0.muscache.com/im/pictures/miso/Hosting-49131805/original/f40b5394-42b9-4e71-ab39-7593dee4d5aa.jpeg?im_w=720',40);
INSERT INTO image (type, url, room) VALUES ('detail','https://a0.muscache.com/im/pictures/8012bdbf-e281-4fc8-b645-ef663143135d.jpg?im_w=720',40);
INSERT INTO image (type, url, room) VALUES ('detail','https://a0.muscache.com/im/pictures/46bf7e9a-23dc-4174-864f-8967b7859175.jpg?im_w=720',40);
INSERT INTO image (type, url, room) VALUES ('detail','https://a0.muscache.com/im/pictures/daf17c3d-3520-4103-8135-38fc6e6865aa.jpg?im_w=720',40);
INSERT INTO image (type, url, room) VALUES ('detail','https://a0.muscache.com/im/pictures/9f52c84f-e648-4208-916e-194e64ec48fa.jpg?im_w=720',40);
INSERT INTO image (type, url, room) VALUES ('detail','https://a0.muscache.com/im/pictures/ed01fcd7-a882-41e7-a5b2-662ba2a36938.jpg?im_w=720',40);
INSERT INTO image (type, url, room) VALUES ('detail','https://a0.muscache.com/im/pictures/a0528d71-018f-45c1-bee9-d38b5dcf29a6.jpg?im_w=720',40);
INSERT INTO image (type, url, room) VALUES ('detail','https://a0.muscache.com/im/pictures/c5264df5-f483-4021-96dd-ef85f184a7c2.jpg?im_w=720',40);
INSERT INTO image (type, url, room) VALUES ('detail','https://a0.muscache.com/im/pictures/45d9e8ca-1d15-4dda-b4a7-02696cbce714.jpg?im_w=720',40);
INSERT INTO image (type, url, room) VALUES ('detail','https://a0.muscache.com/im/pictures/miso/Hosting-49150712/original/4bdb422a-949b-47d8-85d7-eac0dc2b8caa.jpeg?im_w=720',40);
INSERT INTO image (type, url, room) VALUES ('detail','https://a0.muscache.com/im/pictures/miso/Hosting-49150712/original/190c7b35-04b1-4519-a66d-e217530f7bdd.jpeg?im_w=720',40);
INSERT INTO image (type, url, room) VALUES ('detail','https://a0.muscache.com/im/pictures/miso/Hosting-49150712/original/b808fea9-3f14-4fd8-881e-79e55fa6ce34.jpeg?im_w=720',40);
INSERT INTO image (type, url, room) VALUES ('detail','https://a0.muscache.com/im/pictures/miso/Hosting-49239379/original/a2e2dabd-49a6-4862-84f8-b79dd38d9605.jpeg?im_w=720',40);
INSERT INTO image (type, url, room) VALUES ('detail','https://a0.muscache.com/im/pictures/miso/Hosting-49239379/original/ee47672b-9a15-40ce-9e79-eed71d07619b.jpeg?im_w=720',40);
INSERT INTO image (type, url, room) VALUES ('detail','https://a0.muscache.com/im/pictures/c4517a03-8adf-403b-8896-a51124df5806.jpg?im_w=720',40);
insert into location(id,latitude,longitude,city) values (41,37.559,126.933,'서울');
INSERT INTO room (id, title, description, price_per_day, room_type, bed, max_guest, bathroom, location) VALUES (41,'ENTIRE STUDIO(APT) subletting before study abroad','Sinchon-dong, Seodaemun-gu의 아파트 전체',100000,'집 전체',1,1,1,41);
INSERT INTO image (type, url, room) VALUES ('thumb','https://a0.muscache.com/im/pictures/9d53d1e9-7a74-4c38-a307-0b2570750ff9.jpg?im_w=720',41);
INSERT INTO image (type, url, room) VALUES ('detail','https://a0.muscache.com/im/pictures/d1ebc395-a40c-4b69-b52b-1d8932d3c033.jpg?im_w=720',41);
INSERT INTO image (type, url, room) VALUES ('detail','https://a0.muscache.com/im/pictures/f5c8b3db-83fd-4930-9b67-6a4cd3739dd8.jpg?im_w=720',41);
INSERT INTO image (type, url, room) VALUES ('detail','https://a0.muscache.com/im/pictures/27fcca8d-07e1-4b55-8e93-875ceda9fe86.jpg?im_w=720',41);
INSERT INTO image (type, url, room) VALUES ('detail','https://a0.muscache.com/im/pictures/a67626f9-8c20-4c0f-99b1-34697188a868.jpg?im_w=720',41);
INSERT INTO image (type, url, room) VALUES ('detail','https://a0.muscache.com/im/pictures/caa0b1f3-2e59-4252-ad12-f52db254ee42.jpg?im_w=720',41);
INSERT INTO image (type, url, room) VALUES ('detail','https://a0.muscache.com/im/pictures/miso/Hosting-49784056/original/162dee12-4543-4b06-abc8-fadc9f34bfce.jpeg?im_w=720',41);
insert into location(id,latitude,longitude,city) values (42,37.574,127.02,'서울');
INSERT INTO room (id, title, description, price_per_day, room_type, bed, max_guest, bathroom, location) VALUES (42,'dmyk_"Droptop"','종로구의 게스트용 별채 전체',100000,'집 전체',1,2,1,42);
INSERT INTO image (type, url, room) VALUES ('thumb','https://a0.muscache.com/im/pictures/ccac8b08-61e4-4b55-9c32-c3addea2f744.jpg?im_w=720',42);
INSERT INTO image (type, url, room) VALUES ('detail','https://a0.muscache.com/im/pictures/a45d93af-79a3-4f8b-8661-a250114cb1ca.jpg?im_w=720',42);
INSERT INTO image (type, url, room) VALUES ('detail','https://a0.muscache.com/im/pictures/1e38f050-7748-4ced-a1d8-8a2fffa47150.jpg?im_w=720',42);
INSERT INTO image (type, url, room) VALUES ('detail','https://a0.muscache.com/im/pictures/7224d20e-47b8-41fc-a846-269f39a7dafa.jpg?im_w=720',42);
INSERT INTO image (type, url, room) VALUES ('detail','https://a0.muscache.com/im/pictures/de76d307-84b3-4112-b6e7-45e5c9bc2fd7.jpg?im_w=720',42);
INSERT INTO image (type, url, room) VALUES ('detail','https://a0.muscache.com/im/pictures/42d3c16a-7b2f-4b1c-8254-5c4d3ccd86da.jpg?im_w=720',42);
INSERT INTO image (type, url, room) VALUES ('detail','https://a0.muscache.com/im/pictures/0c0b815c-a02f-476f-ab3d-f9ba7d8eaa22.jpg?im_w=720',42);
INSERT INTO image (type, url, room) VALUES ('detail','https://a0.muscache.com/im/pictures/56c85649-dfb4-447d-a098-cbd1771b853f.jpg?im_w=720',42);
INSERT INTO image (type, url, room) VALUES ('detail','https://a0.muscache.com/im/pictures/ef529dbe-a001-46ad-9fc2-658043ccd6e1.jpg?im_w=720',42);
INSERT INTO image (type, url, room) VALUES ('detail','https://a0.muscache.com/im/pictures/deb99a2c-ddf4-4f3c-906d-be00da032b7e.jpg?im_w=720',42);
INSERT INTO image (type, url, room) VALUES ('detail','https://a0.muscache.com/im/pictures/7257539e-e61d-4cef-b775-a4462927191e.jpg?im_w=720',42);
INSERT INTO image (type, url, room) VALUES ('detail','https://a0.muscache.com/im/pictures/649bc710-b304-4077-b1ab-688387a82ce8.jpg?im_w=720',42);
INSERT INTO image (type, url, room) VALUES ('detail','https://a0.muscache.com/im/pictures/968ae0fd-ed14-4f9e-9d7b-e4f4b31e5ee3.jpg?im_w=720',42);
insert into location(id,latitude,longitude,city) values (43,37.554,126.936,'서울');
INSERT INTO room (id, title, description, price_per_day, room_type, bed, max_guest, bathroom, location) VALUES (43,'#32 Sinchon Sta 2mins Hongdae 8mins Blue Mansion','마포구의 집 전체',100000,'집 전체',1,2,1,43);
INSERT INTO image (type, url, room) VALUES ('thumb','https://a0.muscache.com/im/pictures/202f2d50-4c7e-41a9-9198-b775f2a20079.jpg?im_w=720',43);
INSERT INTO image (type, url, room) VALUES ('detail','https://a0.muscache.com/im/pictures/d32e2a72-ec50-4da2-b5b8-8a0ef8e935bc.jpg?im_w=720',43);
INSERT INTO image (type, url, room) VALUES ('detail','https://a0.muscache.com/im/pictures/e5d43b4f-9846-44c0-8832-f7ef7f863922.jpg?im_w=720',43);
INSERT INTO image (type, url, room) VALUES ('detail','https://a0.muscache.com/im/pictures/2a7a3916-4cc7-44d5-9721-dfff2c71531f.jpg?im_w=720',43);
INSERT INTO image (type, url, room) VALUES ('detail','https://a0.muscache.com/im/pictures/84e9e9c8-2967-4e1b-9813-ca2e9be78401.jpg?im_w=720',43);
INSERT INTO image (type, url, room) VALUES ('detail','https://a0.muscache.com/im/pictures/3f5438bd-8b8b-40f3-b275-efd29fbd62ff.jpg?im_w=720',43);
INSERT INTO image (type, url, room) VALUES ('detail','https://a0.muscache.com/im/pictures/d79ba587-0c96-4fed-a51e-40f807fb72a8.jpg?im_w=720',43);
INSERT INTO image (type, url, room) VALUES ('detail','https://a0.muscache.com/im/pictures/75127f29-e4df-4d2e-abe4-4da6a59c89b0.jpg?im_w=720',43);
INSERT INTO image (type, url, room) VALUES ('detail','https://a0.muscache.com/im/pictures/a7fca734-e699-4fda-b7f0-64a8acb2eeb7.jpg?im_w=720',43);
INSERT INTO image (type, url, room) VALUES ('detail','https://a0.muscache.com/im/pictures/924b8b47-bb9b-4907-a73b-f410ec83ef33.jpg?im_w=720',43);
INSERT INTO image (type, url, room) VALUES ('detail','https://a0.muscache.com/im/pictures/5783d56a-2535-481f-a2d2-1f63a59c5170.jpg?im_w=720',43);
INSERT INTO image (type, url, room) VALUES ('detail','https://a0.muscache.com/im/pictures/97c66831-4f00-4e05-9ab2-3d5dd1407079.jpg?im_w=720',43);
INSERT INTO image (type, url, room) VALUES ('detail','https://a0.muscache.com/im/pictures/ddc8b218-ec0d-4e96-92c1-a9f75f89781a.jpg?im_w=720',43);
INSERT INTO image (type, url, room) VALUES ('detail','https://a0.muscache.com/im/pictures/6981e30a-2f26-40ed-bc41-fa8f30e3976d.jpg?im_w=720',43);
INSERT INTO image (type, url, room) VALUES ('detail','https://a0.muscache.com/im/pictures/d06fb721-3d19-4e79-a40f-207ff7ea9f77.jpg?im_w=720',43);
INSERT INTO image (type, url, room) VALUES ('detail','https://a0.muscache.com/im/pictures/ef2ae023-b3fb-4783-9efb-19123f00bda1.jpg?im_w=720',43);
INSERT INTO image (type, url, room) VALUES ('detail','https://a0.muscache.com/im/pictures/a79bf415-1e9c-47c8-b41d-a7fdb714a5bd.jpg?im_w=720',43);
INSERT INTO image (type, url, room) VALUES ('detail','https://a0.muscache.com/im/pictures/d22ae9b2-142c-4fa7-9df7-ffb135b63ef0.jpg?im_w=720',43);
INSERT INTO image (type, url, room) VALUES ('detail','https://a0.muscache.com/im/pictures/1e27dbb4-f604-466c-8ad7-eba9b7798c46.jpg?im_w=720',43);
INSERT INTO image (type, url, room) VALUES ('detail','https://a0.muscache.com/im/pictures/0800efeb-2d66-4eb4-a349-739a612eca01.jpg?im_w=720',43);
INSERT INTO image (type, url, room) VALUES ('detail','https://a0.muscache.com/im/pictures/9f9245a6-d6de-4d2d-8520-158a69b508dd.jpg?im_w=720',43);
INSERT INTO image (type, url, room) VALUES ('detail','https://a0.muscache.com/im/pictures/0c7fa0ec-df44-4dca-b95a-efb01198b540.jpg?im_w=720',43);
INSERT INTO image (type, url, room) VALUES ('detail','https://a0.muscache.com/im/pictures/fc861f79-a29b-4101-9543-cbf3764384d5.jpg?im_w=720',43);
INSERT INTO image (type, url, room) VALUES ('detail','https://a0.muscache.com/im/pictures/aff31852-ca49-431c-b344-fd3bac46f641.jpg?im_w=720',43);
INSERT INTO image (type, url, room) VALUES ('detail','https://a0.muscache.com/im/pictures/4f33cc13-fd83-4ca9-8870-5a8e1ed202ff.jpg?im_w=720',43);
INSERT INTO image (type, url, room) VALUES ('detail','https://a0.muscache.com/im/pictures/b27cb043-b9bc-4096-8f06-729481267ec4.jpg?im_w=720',43);
INSERT INTO image (type, url, room) VALUES ('detail','https://a0.muscache.com/im/pictures/6fb1036c-f8dc-4b0c-ba36-1808a219e05b.jpg?im_w=720',43);
INSERT INTO image (type, url, room) VALUES ('detail','https://a0.muscache.com/im/pictures/121def72-7fd2-49c4-8f08-1bfef6f0c9ee.jpg?im_w=720',43);
INSERT INTO image (type, url, room) VALUES ('detail','https://a0.muscache.com/im/pictures/776ddd45-5052-41cb-b2d7-861891228b2d.jpg?im_w=720',43);
INSERT INTO image (type, url, room) VALUES ('detail','https://a0.muscache.com/im/pictures/6bbb0532-324b-43da-9246-182f85087281.jpg?im_w=720',43);
insert into location(id,latitude,longitude,city) values (44,37.56,126.985,'서울');
INSERT INTO room (id, title, description, price_per_day, room_type, bed, max_guest, bathroom, location) VALUES (44,'3# 12 Bed Female Dorm[Myeong-dong, 明洞]','Myeong-dong, Jung-gu의 호텔 객실',100000,'호텔 객실',1,1,5,44);
INSERT INTO image (type, url, room) VALUES ('thumb','https://a0.muscache.com/im/pictures/4aef6395-ceb8-4592-9313-a6d4680471a7.jpg?im_w=720',44);
INSERT INTO image (type, url, room) VALUES ('detail','https://a0.muscache.com/im/pictures/e0cbd6f8-c6fc-4bf7-893a-35d6ca732075.jpg?im_w=720',44);
INSERT INTO image (type, url, room) VALUES ('detail','https://a0.muscache.com/im/pictures/80f80af5-e8fe-45c5-b4e4-610a1f66d52c.jpg?im_w=720',44);
INSERT INTO image (type, url, room) VALUES ('detail','https://a0.muscache.com/im/pictures/ebd66864-ae9e-4caa-b24d-268c48bc8fc5.jpg?im_w=720',44);
INSERT INTO image (type, url, room) VALUES ('detail','https://a0.muscache.com/im/pictures/19d6ee40-4011-42af-a1e4-d07b44e720a0.jpg?im_w=720',44);
INSERT INTO image (type, url, room) VALUES ('detail','https://a0.muscache.com/im/pictures/32f8e359-4ba6-49a4-a810-b63a5923d47b.jpg?im_w=720',44);
INSERT INTO image (type, url, room) VALUES ('detail','https://a0.muscache.com/im/pictures/351dd26b-54f9-4d3c-bbcd-39ed1b1d4276.jpg?im_w=720',44);
INSERT INTO image (type, url, room) VALUES ('detail','https://a0.muscache.com/im/pictures/86e3da16-9b2d-4f97-a56b-26fd0826666a.jpg?im_w=720',44);
INSERT INTO image (type, url, room) VALUES ('detail','https://a0.muscache.com/im/pictures/f33d8ecd-cdbe-4a53-b9c5-836b10e893e5.jpg?im_w=720',44);
INSERT INTO image (type, url, room) VALUES ('detail','https://a0.muscache.com/im/pictures/db854534-75f6-4984-8c6b-d825e1546c57.jpg?im_w=720',44);
INSERT INTO image (type, url, room) VALUES ('detail','https://a0.muscache.com/im/pictures/9384e655-3dbb-4b61-9355-1460bf03ae99.jpg?im_w=720',44);
INSERT INTO image (type, url, room) VALUES ('detail','https://a0.muscache.com/im/pictures/759d79cc-c8b6-43d3-95c5-7a5c6c50f368.jpg?im_w=720',44);
INSERT INTO image (type, url, room) VALUES ('detail','https://a0.muscache.com/im/pictures/db4c2737-37a7-40c6-88bb-bc518b7573d3.jpg?im_w=720',44);
INSERT INTO image (type, url, room) VALUES ('detail','https://a0.muscache.com/im/pictures/e14156c8-fc25-45ea-89a2-5740da4a43ef.jpg?im_w=720',44);
INSERT INTO image (type, url, room) VALUES ('detail','https://a0.muscache.com/im/pictures/1d559ac1-bf1a-44fd-90b7-9ff32898f17d.jpg?im_w=720',44);
INSERT INTO image (type, url, room) VALUES ('detail','https://a0.muscache.com/im/pictures/128cf7f5-3ca2-4604-a799-4091794fa5ae.jpg?im_w=720',44);
INSERT INTO image (type, url, room) VALUES ('detail','https://a0.muscache.com/im/pictures/b72bbdb1-7a8f-4781-a759-f194d5b982b6.jpg?im_w=720',44);
INSERT INTO image (type, url, room) VALUES ('detail','https://a0.muscache.com/im/pictures/f53e783c-07b5-428b-b6e0-9d542a5bb0dc.jpg?im_w=720',44);
INSERT INTO image (type, url, room) VALUES ('detail','https://a0.muscache.com/im/pictures/284ab9e6-01c4-4175-b4a4-1efdb0609c11.jpg?im_w=720',44);
INSERT INTO image (type, url, room) VALUES ('detail','https://a0.muscache.com/im/pictures/d6ad15d1-8fd3-4231-920f-4eafb3be87db.jpg?im_w=720',44);
INSERT INTO image (type, url, room) VALUES ('detail','https://a0.muscache.com/im/pictures/92b35c9f-fedd-40f0-a57f-baae60f52cd5.jpg?im_w=720',44);
INSERT INTO image (type, url, room) VALUES ('detail','https://a0.muscache.com/im/pictures/4ec6faea-7906-49e2-b5b6-65699e91e987.jpg?im_w=720',44);
INSERT INTO image (type, url, room) VALUES ('detail','https://a0.muscache.com/im/pictures/2fe11227-cd15-42ae-8245-d14c82c02ecd.jpg?im_w=720',44);
INSERT INTO image (type, url, room) VALUES ('detail','https://a0.muscache.com/im/pictures/2242738f-1a3f-42c6-869b-0f02eb2f9e00.jpg?im_w=720',44);
INSERT INTO image (type, url, room) VALUES ('detail','https://a0.muscache.com/im/pictures/2c66ee03-0ad7-48bf-bfbc-63b49243eba1.jpg?im_w=720',44);
INSERT INTO image (type, url, room) VALUES ('detail','https://a0.muscache.com/im/pictures/f05ba3fc-9529-4f18-a2e7-0682763cc292.jpg?im_w=720',44);
INSERT INTO image (type, url, room) VALUES ('detail','https://a0.muscache.com/im/pictures/516e44cc-214c-46d2-9de7-7458ca2a4fc2.jpg?im_w=720',44);
INSERT INTO image (type, url, room) VALUES ('detail','https://a0.muscache.com/im/pictures/a7e35fc7-c515-48db-9ede-798228a7b862.jpg?im_w=720',44);
INSERT INTO image (type, url, room) VALUES ('detail','https://a0.muscache.com/im/pictures/4cb9a794-dcf3-4185-b5c1-be8eae2b4518.jpg?im_w=720',44);
INSERT INTO image (type, url, room) VALUES ('detail','https://a0.muscache.com/im/pictures/9c1f245f-591c-4861-9b77-d027e63d6b8b.jpg?im_w=720',44);
insert into location(id,latitude,longitude,city) values (45,37.556,126.929,'서울');
INSERT INTO room (id, title, description, price_per_day, room_type, bed, max_guest, bathroom, location) VALUES (45,'홍대3분 저렴 깔끔 조용','Seogyo-dong, Mapo-gu의 개인실',100000,'개인실',0,2,1,45);
INSERT INTO image (type, url, room) VALUES ('thumb','https://a0.muscache.com/im/pictures/46e5451e-bd34-4d56-ba6d-1f7e7fd62952.jpg?im_w=720',45);
INSERT INTO image (type, url, room) VALUES ('detail','https://a0.muscache.com/im/pictures/baf72ff3-6b7c-4755-88c6-e771f746a055.jpg?im_w=720',45);
INSERT INTO image (type, url, room) VALUES ('detail','https://a0.muscache.com/im/pictures/af643414-4c6d-41c9-8579-7e5b777c3c3f.jpg?im_w=720',45);
INSERT INTO image (type, url, room) VALUES ('detail','https://a0.muscache.com/im/pictures/a14fb161-ebe1-4426-abcf-967a364c37ab.jpg?im_w=720',45);
INSERT INTO image (type, url, room) VALUES ('detail','https://a0.muscache.com/im/pictures/dec8cfbb-61d7-4e2b-a28c-bf5a333b5775.jpg?im_w=720',45);
insert into location(id,latitude,longitude,city) values (46,37.559,126.943,'서울');
INSERT INTO room (id, title, description, price_per_day, room_type, bed, max_guest, bathroom, location) VALUES (46,'Near airport Seoul Sinchon  412 alicehouse','Daehyeon-dong, Seodaemun-gu의 개인실',95000,'개인실',1,1,1,46);
INSERT INTO image (type, url, room) VALUES ('thumb','https://a0.muscache.com/im/pictures/miso/Hosting-41650874/original/3e7e61dd-0c82-4920-9e24-7e1b9e64a0c6.jpeg?im_w=720',46);
INSERT INTO image (type, url, room) VALUES ('detail','https://a0.muscache.com/im/pictures/e59a0ec0-cd7d-43a4-95d4-05f53babd99f.jpg?im_w=720',46);
INSERT INTO image (type, url, room) VALUES ('detail','https://a0.muscache.com/im/pictures/miso/Hosting-41650874/original/195ae524-6cfe-41ce-aa54-061dc7b5e80b.jpeg?im_w=720',46);
INSERT INTO image (type, url, room) VALUES ('detail','https://a0.muscache.com/im/pictures/miso/Hosting-41650874/original/ef16e535-beb5-467b-82e6-0f12f803cb2b.jpeg?im_w=720',46);
INSERT INTO image (type, url, room) VALUES ('detail','https://a0.muscache.com/im/pictures/miso/Hosting-41650874/original/4ac40880-e089-4ff1-a9e4-ed4aa28c31a1.jpeg?im_w=720',46);
INSERT INTO image (type, url, room) VALUES ('detail','https://a0.muscache.com/im/pictures/miso/Hosting-41650874/original/e501f2ff-5cb9-44f6-8301-ff055aff3713.jpeg?im_w=720',46);
INSERT INTO image (type, url, room) VALUES ('detail','https://a0.muscache.com/im/pictures/miso/Hosting-41650874/original/027df28f-e3aa-4517-9baf-bbbf212a0de2.jpeg?im_w=720',46);
INSERT INTO image (type, url, room) VALUES ('detail','https://a0.muscache.com/im/pictures/miso/Hosting-41650874/original/4bdbeae7-72e1-4988-bd6d-427d8dbde1f9.jpeg?im_w=720',46);
INSERT INTO image (type, url, room) VALUES ('detail','https://a0.muscache.com/im/pictures/miso/Hosting-41650874/original/acf01b25-b0a3-4dcd-8ac9-84c626b368bc.jpeg?im_w=720',46);
INSERT INTO image (type, url, room) VALUES ('detail','https://a0.muscache.com/im/pictures/miso/Hosting-41650874/original/0252c45b-263b-43c4-b717-67a895309fb7.jpeg?im_w=720',46);
INSERT INTO image (type, url, room) VALUES ('detail','https://a0.muscache.com/im/pictures/miso/Hosting-41650874/original/92321fd2-c41a-4def-8063-46832aa81f9e.jpeg?im_w=720',46);
INSERT INTO image (type, url, room) VALUES ('detail','https://a0.muscache.com/im/pictures/miso/Hosting-41650874/original/7d884a97-8323-4bfc-bc10-b0ca3c31f9f0.jpeg?im_w=720',46);
INSERT INTO image (type, url, room) VALUES ('detail','https://a0.muscache.com/im/pictures/miso/Hosting-41650874/original/84563dce-c91c-4cd5-9c79-8701cd7d6ba0.jpeg?im_w=720',46);
INSERT INTO image (type, url, room) VALUES ('detail','https://a0.muscache.com/im/pictures/miso/Hosting-41650874/original/468c31e3-2002-4b88-b90a-2c6c5a79b300.jpeg?im_w=720',46);
INSERT INTO image (type, url, room) VALUES ('detail','https://a0.muscache.com/im/pictures/miso/Hosting-41650874/original/fe8ccebb-b7f2-4dc2-a7d7-e04a7a5a12af.jpeg?im_w=720',46);
INSERT INTO image (type, url, room) VALUES ('detail','https://a0.muscache.com/im/pictures/miso/Hosting-41650874/original/e51a561b-92bd-48a1-aedd-681359943e8e.jpeg?im_w=720',46);
INSERT INTO image (type, url, room) VALUES ('detail','https://a0.muscache.com/im/pictures/miso/Hosting-41650874/original/02549fc7-fe7a-4977-bc16-dc7bab1be915.jpeg?im_w=720',46);
INSERT INTO image (type, url, room) VALUES ('detail','https://a0.muscache.com/im/pictures/miso/Hosting-41650874/original/3e671361-c16a-4c87-a2da-2f3d8f5b0174.jpeg?im_w=720',46);
INSERT INTO image (type, url, room) VALUES ('detail','https://a0.muscache.com/im/pictures/miso/Hosting-41650874/original/43abfc2e-d7eb-44aa-8977-3e3961ae2ff8.jpeg?im_w=720',46);
insert into location(id,latitude,longitude,city) values (47,37.557,126.935,'서울');
INSERT INTO room (id, title, description, price_per_day, room_type, bed, max_guest, bathroom, location) VALUES (47,'#ONLY 자가격리숙소 "실내 감성캠핑 인테리어" #숙소설명꼭읽어주세요','Sinchon-dong, Seodaemun-gu의 아파트 전체',90000,'집 전체',0,4,1,47);
INSERT INTO image (type, url, room) VALUES ('thumb','https://a0.muscache.com/im/pictures/77e3ba94-09f4-4089-9688-4ec0550614c1.jpg?im_w=720',47);
INSERT INTO image (type, url, room) VALUES ('detail','https://a0.muscache.com/im/pictures/b7f25a1c-1180-479f-b735-280fdee424c3.jpg?im_w=720',47);
INSERT INTO image (type, url, room) VALUES ('detail','https://a0.muscache.com/im/pictures/38e6470f-3fdb-4084-8b35-1614a064f38c.jpg?im_w=720',47);
INSERT INTO image (type, url, room) VALUES ('detail','https://a0.muscache.com/im/pictures/e6ac86ff-0150-49d1-b505-b7a15b790c03.jpg?im_w=720',47);
INSERT INTO image (type, url, room) VALUES ('detail','https://a0.muscache.com/im/pictures/5497c82e-fbac-40eb-8b65-9e30dce21faa.jpg?im_w=720',47);
INSERT INTO image (type, url, room) VALUES ('detail','https://a0.muscache.com/im/pictures/d5ab96ca-3881-4dbb-b9ef-590636f0653c.jpg?im_w=720',47);
INSERT INTO image (type, url, room) VALUES ('detail','https://a0.muscache.com/im/pictures/cabf3082-dba4-4f62-8e57-bf59054a4a69.jpg?im_w=720',47);
INSERT INTO image (type, url, room) VALUES ('detail','https://a0.muscache.com/im/pictures/7a5d3bec-a216-4196-9408-3332417bc1ec.jpg?im_w=720',47);
INSERT INTO image (type, url, room) VALUES ('detail','https://a0.muscache.com/im/pictures/4f464be1-8ec5-48fe-b157-577a00ae0ba0.jpg?im_w=720',47);
INSERT INTO image (type, url, room) VALUES ('detail','https://a0.muscache.com/im/pictures/4daf2a6c-ed0b-40ed-8cc3-58863728c78d.jpg?im_w=720',47);
INSERT INTO image (type, url, room) VALUES ('detail','https://a0.muscache.com/im/pictures/2cc2b4cb-ae2b-4565-ab72-7b95fda32887.jpg?im_w=720',47);
INSERT INTO image (type, url, room) VALUES ('detail','https://a0.muscache.com/im/pictures/30c7663c-b02f-486b-a29b-71a3a5237ce8.jpg?im_w=720',47);
INSERT INTO image (type, url, room) VALUES ('detail','https://a0.muscache.com/im/pictures/11fa3ea7-ad35-41ef-8793-1e707022f7c3.jpg?im_w=720',47);
INSERT INTO image (type, url, room) VALUES ('detail','https://a0.muscache.com/im/pictures/4762abd0-9337-4222-9d1e-4e281f1b616b.jpg?im_w=720',47);
INSERT INTO image (type, url, room) VALUES ('detail','https://a0.muscache.com/im/pictures/d84e37c3-74ac-46d4-92c3-2c86cc4673ef.jpg?im_w=720',47);
INSERT INTO image (type, url, room) VALUES ('detail','https://a0.muscache.com/im/pictures/55fdd93f-b639-4f88-993f-ad70b61d7ea0.jpg?im_w=720',47);
INSERT INTO image (type, url, room) VALUES ('detail','https://a0.muscache.com/im/pictures/23fd7fbd-9d1e-45d1-af05-fa16b2ac3694.jpg?im_w=720',47);
INSERT INTO image (type, url, room) VALUES ('detail','https://a0.muscache.com/im/pictures/b166afc6-188f-4ee6-930f-16ca59a088dd.jpg?im_w=720',47);
INSERT INTO image (type, url, room) VALUES ('detail','https://a0.muscache.com/im/pictures/eaba5297-e269-4d39-b408-72367740a5bf.jpg?im_w=720',47);
insert into location(id,latitude,longitude,city) values (48,37.546,127.072,'서울');
INSERT INTO room (id, title, description, price_per_day, room_type, bed, max_guest, bathroom, location) VALUES (48,'Welcome to my single private room and enjoy.','광진구의 아파트 전체',100000,'집 전체',1,1,1,48);
INSERT INTO image (type, url, room) VALUES ('thumb','https://a0.muscache.com/im/pictures/01f60a89-fd2a-4d53-9f36-9836731f7ba1.jpg?im_w=720',48);
INSERT INTO image (type, url, room) VALUES ('detail','https://a0.muscache.com/im/pictures/922028e0-4968-427a-bd2c-9a32d58f2757.jpg?im_w=720',48);
INSERT INTO image (type, url, room) VALUES ('detail','https://a0.muscache.com/im/pictures/12a43463-d2da-4399-88e2-9d124cb1d73d.jpg?im_w=720',48);
INSERT INTO image (type, url, room) VALUES ('detail','https://a0.muscache.com/im/pictures/4eb6cf39-2190-4beb-ad77-b57222437f65.jpg?im_w=720',48);
INSERT INTO image (type, url, room) VALUES ('detail','https://a0.muscache.com/im/pictures/e8e8efb8-4b82-4336-9e3c-d3f12cc9ba2c.jpg?im_w=720',48);
INSERT INTO image (type, url, room) VALUES ('detail','https://a0.muscache.com/im/pictures/e9b5e906-f53d-458e-908f-ca0db264890e.jpg?im_w=720',48);
INSERT INTO image (type, url, room) VALUES ('detail','https://a0.muscache.com/im/pictures/8149c9b7-7912-4924-900f-501ed7254460.jpg?im_w=720',48);
INSERT INTO image (type, url, room) VALUES ('detail','https://a0.muscache.com/im/pictures/4a9dbca8-bba9-4b43-9f83-da49437e6222.jpg?im_w=720',48);
INSERT INTO image (type, url, room) VALUES ('detail','https://a0.muscache.com/im/pictures/c32f964c-7775-4ac3-ac12-c67d98535d97.jpg?im_w=720',48);
INSERT INTO image (type, url, room) VALUES ('detail','https://a0.muscache.com/im/pictures/1eb04db8-2998-4318-853a-65974ae670a2.jpg?im_w=720',48);
INSERT INTO image (type, url, room) VALUES ('detail','https://a0.muscache.com/im/pictures/68959a1b-a448-469d-bc07-8dc5d53c3dab.jpg?im_w=720',48);
INSERT INTO image (type, url, room) VALUES ('detail','https://a0.muscache.com/im/pictures/fbe71979-503d-4fb2-9ebd-df5706a90666.jpg?im_w=720',48);
INSERT INTO image (type, url, room) VALUES ('detail','https://a0.muscache.com/im/pictures/f782c36d-5469-4193-97ae-b7d013fbe85d.jpg?im_w=720',48);
insert into location(id,latitude,longitude,city) values (49,37.562,126.984,'서울');
INSERT INTO room (id, title, description, price_per_day, room_type, bed, max_guest, bathroom, location) VALUES (49,'♥명동역3분♥ 아늑하고 편한 모임+  감성유닛 T5  in 명동 (방역완료, 살균ing)','Myeong-dong, Jung-gu의 콘도(아파트) 전체',90000,'집 전체',2,4,1,49);
INSERT INTO image (type, url, room) VALUES ('thumb','https://a0.muscache.com/im/pictures/miso/Hosting-44542209/original/93921868-7f14-4121-b465-4e887bf61693.jpeg?im_w=720',49);
INSERT INTO image (type, url, room) VALUES ('detail','https://a0.muscache.com/im/pictures/miso/Hosting-44542209/original/b6f06d00-ab5c-4203-a373-f00ad0fc2dba.jpeg?im_w=720',49);
INSERT INTO image (type, url, room) VALUES ('detail','https://a0.muscache.com/im/pictures/miso/Hosting-44542209/original/d89c435b-a9bc-429f-b7ad-28f62dfa84ec.jpeg?im_w=720',49);
INSERT INTO image (type, url, room) VALUES ('detail','https://a0.muscache.com/im/pictures/miso/Hosting-44542209/original/8c5099f2-cebd-4730-af4b-9a3dbc8471e5.jpeg?im_w=720',49);
INSERT INTO image (type, url, room) VALUES ('detail','https://a0.muscache.com/im/pictures/miso/Hosting-44542209/original/8ff1ad6b-2629-4c1d-a797-3a97fb6de8ee.jpeg?im_w=720',49);
INSERT INTO image (type, url, room) VALUES ('detail','https://a0.muscache.com/im/pictures/miso/Hosting-44542209/original/fa1357f2-70f6-4cb1-b37a-ad9c4d46cd7a.jpeg?im_w=720',49);
INSERT INTO image (type, url, room) VALUES ('detail','https://a0.muscache.com/im/pictures/miso/Hosting-44542209/original/09856f22-09a1-441e-a604-36c44937c080.jpeg?im_w=720',49);
INSERT INTO image (type, url, room) VALUES ('detail','https://a0.muscache.com/im/pictures/miso/Hosting-44542209/original/5bae7481-f911-43ec-885c-0a59be84e3c0.jpeg?im_w=720',49);
INSERT INTO image (type, url, room) VALUES ('detail','https://a0.muscache.com/im/pictures/miso/Hosting-44542209/original/c6007b9f-744e-422c-bae6-55a0d8e2647c.jpeg?im_w=720',49);
INSERT INTO image (type, url, room) VALUES ('detail','https://a0.muscache.com/im/pictures/miso/Hosting-44542209/original/8ee92a8c-0f84-4310-a7fb-744bff05ed1b.jpeg?im_w=720',49);
INSERT INTO image (type, url, room) VALUES ('detail','https://a0.muscache.com/im/pictures/miso/Hosting-44542209/original/b1939f21-93a5-40ce-82b9-c9b1b3d1f059.jpeg?im_w=720',49);
INSERT INTO image (type, url, room) VALUES ('detail','https://a0.muscache.com/im/pictures/miso/Hosting-44542209/original/3645a59d-4693-4f71-aa00-1ca523fb81b2.jpeg?im_w=720',49);
INSERT INTO image (type, url, room) VALUES ('detail','https://a0.muscache.com/im/pictures/miso/Hosting-44542209/original/e3452395-3ff1-4699-8daf-f1b1e59d8392.jpeg?im_w=720',49);
INSERT INTO image (type, url, room) VALUES ('detail','https://a0.muscache.com/im/pictures/miso/Hosting-44542209/original/c08a0135-c823-4098-9c4a-8b59dc5e4178.jpeg?im_w=720',49);
INSERT INTO image (type, url, room) VALUES ('detail','https://a0.muscache.com/im/pictures/miso/Hosting-44542209/original/609d27ff-c23a-4ab1-9876-e50fc691b6ce.jpeg?im_w=720',49);
INSERT INTO image (type, url, room) VALUES ('detail','https://a0.muscache.com/im/pictures/miso/Hosting-44542209/original/2785cc18-6557-4ec9-a18a-1a4d63f115a5.jpeg?im_w=720',49);
INSERT INTO image (type, url, room) VALUES ('detail','https://a0.muscache.com/im/pictures/miso/Hosting-44542209/original/d4460297-b992-4fda-bf42-01bc80ae9fba.jpeg?im_w=720',49);
INSERT INTO image (type, url, room) VALUES ('detail','https://a0.muscache.com/im/pictures/miso/Hosting-44542209/original/1f6ada5d-56f0-45d3-a17a-b33983f4e555.jpeg?im_w=720',49);
INSERT INTO image (type, url, room) VALUES ('detail','https://a0.muscache.com/im/pictures/miso/Hosting-44542209/original/7c9978e9-8811-4cf1-9013-fe655538fe14.jpeg?im_w=720',49);
INSERT INTO image (type, url, room) VALUES ('detail','https://a0.muscache.com/im/pictures/miso/Hosting-44542209/original/95e131ac-040b-4937-a637-0f9d1f1034ff.jpeg?im_w=720',49);
INSERT INTO image (type, url, room) VALUES ('detail','https://a0.muscache.com/im/pictures/miso/Hosting-44542209/original/43213c42-362d-402a-ba20-1ce59f16f35b.jpeg?im_w=720',49);
INSERT INTO image (type, url, room) VALUES ('detail','https://a0.muscache.com/im/pictures/miso/Hosting-44542209/original/2847bfc3-1bdc-4cf4-8ef2-905b5d5127a0.jpeg?im_w=720',49);
INSERT INTO image (type, url, room) VALUES ('detail','https://a0.muscache.com/im/pictures/miso/Hosting-44542209/original/4c94ee74-184f-4f90-8d73-62d3640fe9fd.jpeg?im_w=720',49);
INSERT INTO image (type, url, room) VALUES ('detail','https://a0.muscache.com/im/pictures/miso/Hosting-44542209/original/0c9c4d75-21a9-48aa-98d0-b847314a7aa6.jpeg?im_w=720',49);
INSERT INTO image (type, url, room) VALUES ('detail','https://a0.muscache.com/im/pictures/miso/Hosting-44542209/original/aa64509f-9dac-438f-8303-709d74bbaf8a.jpeg?im_w=720',49);
INSERT INTO image (type, url, room) VALUES ('detail','https://a0.muscache.com/im/pictures/miso/Hosting-44542209/original/f208440f-f1a6-4c2a-860c-69b15ea192fe.jpeg?im_w=720',49);
INSERT INTO image (type, url, room) VALUES ('detail','https://a0.muscache.com/im/pictures/miso/Hosting-44542209/original/aa08aa96-9c78-482a-8d2d-82ca36079b8e.jpeg?im_w=720',49);
INSERT INTO image (type, url, room) VALUES ('detail','https://a0.muscache.com/im/pictures/miso/Hosting-44542209/original/2dd6eafa-577a-4c50-9c90-c8339866441d.jpeg?im_w=720',49);
INSERT INTO image (type, url, room) VALUES ('detail','https://a0.muscache.com/im/pictures/miso/Hosting-44542209/original/8fed6b8a-6f7d-4125-8e80-aa87ea49f6e3.jpeg?im_w=720',49);
INSERT INTO image (type, url, room) VALUES ('detail','https://a0.muscache.com/im/pictures/miso/Hosting-44542209/original/a5195961-a916-431c-b567-a8c8d645b6b2.jpeg?im_w=720',49);
insert into location(id,latitude,longitude,city) values (50,37.569,126.99,'서울');
INSERT INTO room (id, title, description, price_per_day, room_type, bed, max_guest, bathroom, location) VALUES (50,'종로3가역 종각역 국일관 YBM어학원근처 가성비 갑 숙소 -  1','종로구의 개인실',95000,'개인실',1,1,1,50);
INSERT INTO image (type, url, room) VALUES ('thumb','https://a0.muscache.com/im/pictures/348aad06-6b03-4725-b37d-6adb38eac034.jpg?im_w=720',50);
INSERT INTO image (type, url, room) VALUES ('detail','https://a0.muscache.com/im/pictures/8473d030-4134-48f7-87ff-960810b69e95.jpg?im_w=720',50);
INSERT INTO image (type, url, room) VALUES ('detail','https://a0.muscache.com/im/pictures/c8678e29-5441-4d81-983e-d124491d6661.jpg?im_w=720',50);
INSERT INTO image (type, url, room) VALUES ('detail','https://a0.muscache.com/im/pictures/f50e87d9-53f2-41f2-9fa2-9fc7bc87fad6.jpg?im_w=720',50);
INSERT INTO image (type, url, room) VALUES ('detail','https://a0.muscache.com/im/pictures/d31186ab-16b4-46b1-8290-07021ca317c1.jpg?im_w=720',50);
INSERT INTO image (type, url, room) VALUES ('detail','https://a0.muscache.com/im/pictures/3d4b9bda-b9bd-4720-a770-a3a0a475e45f.jpg?im_w=720',50);
INSERT INTO image (type, url, room) VALUES ('detail','https://a0.muscache.com/im/pictures/d14b0e31-d3fa-4fa2-b242-ae013a355081.jpg?im_w=720',50);
INSERT INTO image (type, url, room) VALUES ('detail','https://a0.muscache.com/im/pictures/be45b09b-b08e-4b79-9dfc-f08f6e14bbea.jpg?im_w=720',50);
INSERT INTO image (type, url, room) VALUES ('detail','https://a0.muscache.com/im/pictures/6fa21f23-bb75-43ee-a359-fafea67a3271.jpg?im_w=720',50);
insert into location(id,latitude,longitude,city) values (51,37.781,126.711,'경기');
INSERT INTO room (id, title, description, price_per_day, room_type, bed, max_guest, bathroom, location) VALUES (51,'태양스테이 SunStay - 파주 헤이리 감성 숙소','파주시의 타운하우스 전체',100000,'집 전체',2,3,1,51);
INSERT INTO image (type, url, room) VALUES ('thumb','https://a0.muscache.com/im/pictures/c8dadca0-0363-4582-aeea-93f6d688e9dd.jpg?im_w=720',51);
INSERT INTO image (type, url, room) VALUES ('detail','https://a0.muscache.com/im/pictures/53d6f09f-a29f-474f-a745-4618689470b6.jpg?im_w=720',51);
INSERT INTO image (type, url, room) VALUES ('detail','https://a0.muscache.com/im/pictures/5ad2ba22-242e-4aea-a437-69b07604f5bd.jpg?im_w=720',51);
INSERT INTO image (type, url, room) VALUES ('detail','https://a0.muscache.com/im/pictures/c97dd010-0ebe-438f-86ce-5ca6d7c02f1f.jpg?im_w=720',51);
INSERT INTO image (type, url, room) VALUES ('detail','https://a0.muscache.com/im/pictures/9003421b-0386-4e92-a9f9-3257cc4a237f.jpg?im_w=720',51);
INSERT INTO image (type, url, room) VALUES ('detail','https://a0.muscache.com/im/pictures/64579140-6808-44e5-875e-9a02ac63b8fe.jpg?im_w=720',51);
INSERT INTO image (type, url, room) VALUES ('detail','https://a0.muscache.com/im/pictures/712e7206-0b78-4217-a5b4-2f9990a056df.jpg?im_w=720',51);
INSERT INTO image (type, url, room) VALUES ('detail','https://a0.muscache.com/im/pictures/1b78d748-fa73-41a8-be5c-578e6defe2ba.jpg?im_w=720',51);
INSERT INTO image (type, url, room) VALUES ('detail','https://a0.muscache.com/im/pictures/671c902d-3bc1-488a-957b-9a99da055d76.jpg?im_w=720',51);
INSERT INTO image (type, url, room) VALUES ('detail','https://a0.muscache.com/im/pictures/5c23e38f-2441-4ca5-9124-825bdba9af83.jpg?im_w=720',51);
INSERT INTO image (type, url, room) VALUES ('detail','https://a0.muscache.com/im/pictures/c3810838-9e2e-431c-a781-e9595c0eda74.jpg?im_w=720',51);
INSERT INTO image (type, url, room) VALUES ('detail','https://a0.muscache.com/im/pictures/a4f77a70-fcdc-4a4a-a183-d08f85495279.jpg?im_w=720',51);
INSERT INTO image (type, url, room) VALUES ('detail','https://a0.muscache.com/im/pictures/427ca7a3-2c9a-4b53-89be-6de6951ed232.jpg?im_w=720',51);
INSERT INTO image (type, url, room) VALUES ('detail','https://a0.muscache.com/im/pictures/d7556f9c-db1e-4987-9769-d166d6f65035.jpg?im_w=720',51);
INSERT INTO image (type, url, room) VALUES ('detail','https://a0.muscache.com/im/pictures/d48f5e62-5510-4e88-9f4d-83d0981e586c.jpg?im_w=720',51);
INSERT INTO image (type, url, room) VALUES ('detail','https://a0.muscache.com/im/pictures/df0c34d6-30d0-4feb-968c-1bbc583eba55.jpg?im_w=720',51);
INSERT INTO image (type, url, room) VALUES ('detail','https://a0.muscache.com/im/pictures/a2359af5-e23c-47a9-998a-5d7e64d7fe93.jpg?im_w=720',51);
INSERT INTO image (type, url, room) VALUES ('detail','https://a0.muscache.com/im/pictures/e2d97319-1c9b-45fa-8ed5-df83660761a0.jpg?im_w=720',51);
INSERT INTO image (type, url, room) VALUES ('detail','https://a0.muscache.com/im/pictures/c24890ca-c89e-46f4-82b6-54d3f74c171a.jpg?im_w=720',51);
INSERT INTO image (type, url, room) VALUES ('detail','https://a0.muscache.com/im/pictures/669c6aa4-087a-4a37-8f0b-d0afec485082.jpg?im_w=720',51);
INSERT INTO image (type, url, room) VALUES ('detail','https://a0.muscache.com/im/pictures/e4eb94f4-8fed-4211-bdb4-acc587202c32.jpg?im_w=720',51);
INSERT INTO image (type, url, room) VALUES ('detail','https://a0.muscache.com/im/pictures/b78532ba-39ac-4c31-ae69-080e441ce670.jpg?im_w=720',51);
INSERT INTO image (type, url, room) VALUES ('detail','https://a0.muscache.com/im/pictures/9df15464-93a2-46db-a8db-b25ee21f5cbc.jpg?im_w=720',51);
INSERT INTO image (type, url, room) VALUES ('detail','https://a0.muscache.com/im/pictures/32d2cd34-568d-4b30-b5d1-44fb99af4a12.jpg?im_w=720',51);
INSERT INTO image (type, url, room) VALUES ('detail','https://a0.muscache.com/im/pictures/784250af-43bf-4e3f-ba97-b41a64d31c5f.jpg?im_w=720',51);
INSERT INTO image (type, url, room) VALUES ('detail','https://a0.muscache.com/im/pictures/d24568be-0d19-402b-8949-2cde2591b8e3.jpg?im_w=720',51);
INSERT INTO image (type, url, room) VALUES ('detail','https://a0.muscache.com/im/pictures/50d94083-df99-4b0d-9dae-7802cc0f8ce7.jpg?im_w=720',51);
INSERT INTO image (type, url, room) VALUES ('detail','https://a0.muscache.com/im/pictures/83db8056-df1f-4087-98cb-e3640aa4de14.jpg?im_w=720',51);
INSERT INTO image (type, url, room) VALUES ('detail','https://a0.muscache.com/im/pictures/ca6132b7-2ada-47fa-9d6f-d1332189f07f.jpg?im_w=720',51);
INSERT INTO image (type, url, room) VALUES ('detail','https://a0.muscache.com/im/pictures/80716086-8acb-4d37-83ec-6f033da47c34.jpg?im_w=720',51);
insert into location(id,latitude,longitude,city) values (52,37.861,127.791,'경기');
INSERT INTO room (id, title, description, price_per_day, room_type, bed, max_guest, bathroom, location) VALUES (52,'해원의 작은집º  _ 독채.반려견.울타리.마당.복층.바베큐.벨텐트','Dongnae-myeon, Chuncheon-si의 전원주택 전체',80000,'집 전체',1,4,1,52);
INSERT INTO image (type, url, room) VALUES ('thumb','https://a0.muscache.com/im/pictures/f20253c7-f4e3-42fc-a2a5-c7208e0b8e92.jpg?im_w=720',52);
INSERT INTO image (type, url, room) VALUES ('detail','https://a0.muscache.com/im/pictures/e89a7ec3-bef0-4b23-bf84-2bd13bb33368.jpg?im_w=720',52);
INSERT INTO image (type, url, room) VALUES ('detail','https://a0.muscache.com/im/pictures/ee0451d8-b77a-4ba8-8cef-5e85b70afbcf.jpg?im_w=720',52);
INSERT INTO image (type, url, room) VALUES ('detail','https://a0.muscache.com/im/pictures/baa8d122-c6d6-4305-bdd3-d9c6fbd1f011.jpg?im_w=720',52);
INSERT INTO image (type, url, room) VALUES ('detail','https://a0.muscache.com/im/pictures/b7ccad27-6fc8-4911-87c6-ff70bd0b82dd.jpg?im_w=720',52);
INSERT INTO image (type, url, room) VALUES ('detail','https://a0.muscache.com/im/pictures/606773c1-1786-4f9e-a9bb-89d72b846f52.jpg?im_w=720',52);
INSERT INTO image (type, url, room) VALUES ('detail','https://a0.muscache.com/im/pictures/1d1fab0d-2c5a-4bee-bdd3-7b990f936a0f.jpg?im_w=720',52);
INSERT INTO image (type, url, room) VALUES ('detail','https://a0.muscache.com/im/pictures/1d5e2161-30cf-454b-a540-c068efec0281.jpg?im_w=720',52);
INSERT INTO image (type, url, room) VALUES ('detail','https://a0.muscache.com/im/pictures/e288e15c-dd3b-4221-9faa-301ee90fa957.jpg?im_w=720',52);
INSERT INTO image (type, url, room) VALUES ('detail','https://a0.muscache.com/im/pictures/fafb56b6-58c5-4526-9f39-53182699df99.jpg?im_w=720',52);
INSERT INTO image (type, url, room) VALUES ('detail','https://a0.muscache.com/im/pictures/d172d2ee-5655-482f-a0b6-433904991fe0.jpg?im_w=720',52);
INSERT INTO image (type, url, room) VALUES ('detail','https://a0.muscache.com/im/pictures/8636060f-17cd-43a3-9faa-22160aab101c.jpg?im_w=720',52);
INSERT INTO image (type, url, room) VALUES ('detail','https://a0.muscache.com/im/pictures/3a00c05f-f93f-4358-8f67-938153a493f2.jpg?im_w=720',52);
INSERT INTO image (type, url, room) VALUES ('detail','https://a0.muscache.com/im/pictures/a9b01ffa-d57a-4b70-8d43-6b7877736bfc.jpg?im_w=720',52);
INSERT INTO image (type, url, room) VALUES ('detail','https://a0.muscache.com/im/pictures/80d834a1-8203-4ba5-9915-8a8472f35828.jpg?im_w=720',52);
INSERT INTO image (type, url, room) VALUES ('detail','https://a0.muscache.com/im/pictures/5f5ce92b-67a8-41dd-b2b0-d8fbe972e3a7.jpg?im_w=720',52);
INSERT INTO image (type, url, room) VALUES ('detail','https://a0.muscache.com/im/pictures/e4c06589-20c3-40cf-be16-d0d93bf33a36.jpg?im_w=720',52);
INSERT INTO image (type, url, room) VALUES ('detail','https://a0.muscache.com/im/pictures/6bdc1a71-394f-45a1-a7bc-86f0a9bc2bf1.jpg?im_w=720',52);
INSERT INTO image (type, url, room) VALUES ('detail','https://a0.muscache.com/im/pictures/562ab61e-c8b3-467e-b4d4-8e6d352266fa.jpg?im_w=720',52);
INSERT INTO image (type, url, room) VALUES ('detail','https://a0.muscache.com/im/pictures/3dea62bc-ef84-4903-acd3-a56d0bb394e4.jpg?im_w=720',52);
INSERT INTO image (type, url, room) VALUES ('detail','https://a0.muscache.com/im/pictures/584d1673-7b1b-4ba8-b956-4ed9e9ad3a04.jpg?im_w=720',52);
INSERT INTO image (type, url, room) VALUES ('detail','https://a0.muscache.com/im/pictures/f616bad2-a7b4-4fe7-b05a-d9556ce15c9a.jpg?im_w=720',52);
INSERT INTO image (type, url, room) VALUES ('detail','https://a0.muscache.com/im/pictures/ca696050-979a-452d-87e2-88ff956ca2dd.jpg?im_w=720',52);
INSERT INTO image (type, url, room) VALUES ('detail','https://a0.muscache.com/im/pictures/b697782b-e953-4180-bd17-71f93e47a43a.jpg?im_w=720',52);
INSERT INTO image (type, url, room) VALUES ('detail','https://a0.muscache.com/im/pictures/c6894da6-caa0-4e3f-8251-3be78d10922e.jpg?im_w=720',52);
INSERT INTO image (type, url, room) VALUES ('detail','https://a0.muscache.com/im/pictures/89f902a8-fd76-4910-b78d-0554627af630.jpg?im_w=720',52);
INSERT INTO image (type, url, room) VALUES ('detail','https://a0.muscache.com/im/pictures/ef8a8431-0db2-4771-9a1e-6f25e4b4abc6.jpg?im_w=720',52);
INSERT INTO image (type, url, room) VALUES ('detail','https://a0.muscache.com/im/pictures/b1d29fd6-f623-4c27-a0e8-8c76790e4772.jpg?im_w=720',52);
INSERT INTO image (type, url, room) VALUES ('detail','https://a0.muscache.com/im/pictures/9df398c9-41f8-40cb-858c-6aa42ddf5185.jpg?im_w=720',52);
INSERT INTO image (type, url, room) VALUES ('detail','https://a0.muscache.com/im/pictures/fccc68ce-ee0a-4d20-b995-513df5efdc59.jpg?im_w=720',52);
insert into location(id,latitude,longitude,city) values (53,37.711,126.932,'경기');
INSERT INTO room (id, title, description, price_per_day, room_type, bed, max_guest, bathroom, location) VALUES (53,'일영댁 1층  서울근교에서 전원을 느낄수있는 곳  ♪♪','Yangju-si의 게스트용 별채 전체',90000,'집 전체',2,4,1,53);
INSERT INTO image (type, url, room) VALUES ('thumb','https://a0.muscache.com/im/pictures/d583afe8-6540-4fa6-8cf2-58cd2d71bebf.jpg?im_w=720',53);
INSERT INTO image (type, url, room) VALUES ('detail','https://a0.muscache.com/im/pictures/2c9e1756-3e46-4fe7-9c97-3e8ee8e45b55.jpg?im_w=720',53);
INSERT INTO image (type, url, room) VALUES ('detail','https://a0.muscache.com/im/pictures/82d16429-77b6-4436-bed7-6275f0116228.jpg?im_w=720',53);
INSERT INTO image (type, url, room) VALUES ('detail','https://a0.muscache.com/im/pictures/cf8cc7af-fb80-4d04-88ba-d44a7c90dab5.jpg?im_w=720',53);
INSERT INTO image (type, url, room) VALUES ('detail','https://a0.muscache.com/im/pictures/24347da9-edac-4501-9438-45fcb43674ed.jpg?im_w=720',53);
INSERT INTO image (type, url, room) VALUES ('detail','https://a0.muscache.com/im/pictures/cca02cd3-591d-4541-83e0-e33deb84a545.jpg?im_w=720',53);
INSERT INTO image (type, url, room) VALUES ('detail','https://a0.muscache.com/im/pictures/0eb94903-9913-4e44-8afd-7290adc8bea4.jpg?im_w=720',53);
INSERT INTO image (type, url, room) VALUES ('detail','https://a0.muscache.com/im/pictures/ed166805-dc55-4eab-bae8-74bde2fb6d7b.jpg?im_w=720',53);
INSERT INTO image (type, url, room) VALUES ('detail','https://a0.muscache.com/im/pictures/16f7d1f5-eb4e-4113-9164-2c9898645389.jpg?im_w=720',53);
INSERT INTO image (type, url, room) VALUES ('detail','https://a0.muscache.com/im/pictures/36338047-cd1f-4d64-8186-13e562f5a92b.jpg?im_w=720',53);
INSERT INTO image (type, url, room) VALUES ('detail','https://a0.muscache.com/im/pictures/f3c5455e-ecce-4253-aaef-4fef39ea1266.jpg?im_w=720',53);
INSERT INTO image (type, url, room) VALUES ('detail','https://a0.muscache.com/im/pictures/5aaa6dfc-a876-4c48-a5d7-4ce8e769a2f9.jpg?im_w=720',53);
INSERT INTO image (type, url, room) VALUES ('detail','https://a0.muscache.com/im/pictures/8d5e69b8-749c-4c55-8bf1-6413edaf6ae5.jpg?im_w=720',53);
INSERT INTO image (type, url, room) VALUES ('detail','https://a0.muscache.com/im/pictures/874d0d30-1cd6-447f-88e8-79a5555759cf.jpg?im_w=720',53);
INSERT INTO image (type, url, room) VALUES ('detail','https://a0.muscache.com/im/pictures/f1f0abf6-8a3d-4661-848a-ebbe2ef1ead9.jpg?im_w=720',53);
INSERT INTO image (type, url, room) VALUES ('detail','https://a0.muscache.com/im/pictures/4e371d28-960b-4068-a00a-fbc5962cdf31.jpg?im_w=720',53);
INSERT INTO image (type, url, room) VALUES ('detail','https://a0.muscache.com/im/pictures/159759f4-1f49-4417-b24c-19738834a61c.jpg?im_w=720',53);
INSERT INTO image (type, url, room) VALUES ('detail','https://a0.muscache.com/im/pictures/98a736e1-538b-446a-b521-b402bd5a5d59.jpg?im_w=720',53);
INSERT INTO image (type, url, room) VALUES ('detail','https://a0.muscache.com/im/pictures/7c162db2-5993-4dce-bed1-f03708cb594c.jpg?im_w=720',53);
INSERT INTO image (type, url, room) VALUES ('detail','https://a0.muscache.com/im/pictures/39793b50-8c27-49be-9a09-ef36442e9f7e.jpg?im_w=720',53);
INSERT INTO image (type, url, room) VALUES ('detail','https://a0.muscache.com/im/pictures/84f4c5a5-3afc-4e3f-b15e-ec0deeda7823.jpg?im_w=720',53);
INSERT INTO image (type, url, room) VALUES ('detail','https://a0.muscache.com/im/pictures/ccbae13b-6c17-4b0c-a4b5-b2c2d1b043b9.jpg?im_w=720',53);
INSERT INTO image (type, url, room) VALUES ('detail','https://a0.muscache.com/im/pictures/bf9b6961-bbb6-436b-880a-842549f39562.jpg?im_w=720',53);
INSERT INTO image (type, url, room) VALUES ('detail','https://a0.muscache.com/im/pictures/bc59c509-af6c-475d-97ce-75233220682d.jpg?im_w=720',53);
INSERT INTO image (type, url, room) VALUES ('detail','https://a0.muscache.com/im/pictures/4bb2a9ab-6c7e-463c-b411-04a5ab8f149f.jpg?im_w=720',53);
INSERT INTO image (type, url, room) VALUES ('detail','https://a0.muscache.com/im/pictures/99936f07-7503-4143-ac22-d498122e88e0.jpg?im_w=720',53);
INSERT INTO image (type, url, room) VALUES ('detail','https://a0.muscache.com/im/pictures/095c96cd-c4ca-4700-a41f-45f36cb20985.jpg?im_w=720',53);
INSERT INTO image (type, url, room) VALUES ('detail','https://a0.muscache.com/im/pictures/2f3aa767-f063-4d01-aa7b-7cf223134315.jpg?im_w=720',53);
INSERT INTO image (type, url, room) VALUES ('detail','https://a0.muscache.com/im/pictures/23abf5a6-0c5a-493f-aa2e-fec1c717162b.jpg?im_w=720',53);
INSERT INTO image (type, url, room) VALUES ('detail','https://a0.muscache.com/im/pictures/848095ab-5a9e-40ec-bc2f-bc348ccf81f1.jpg?im_w=720',53);
insert into location(id,latitude,longitude,city) values (54,37.818,127.721,'경기');
INSERT INTO room (id, title, description, price_per_day, room_type, bed, max_guest, bathroom, location) VALUES (54,'햄릿과 올리브     Hamlet & Olive','Sindong-myeon, Chuncheon의 게스트용 별채 전체',100000,'집 전체',2,4,1,54);
INSERT INTO image (type, url, room) VALUES ('thumb','https://a0.muscache.com/im/pictures/47087981-38ac-41be-9c11-ecd51b25132c.jpg?im_w=720',54);
INSERT INTO image (type, url, room) VALUES ('detail','https://a0.muscache.com/im/pictures/b51be1aa-91cd-4217-bc0d-8bd774eb950d.jpg?im_w=720',54);
INSERT INTO image (type, url, room) VALUES ('detail','https://a0.muscache.com/im/pictures/2c1c41f4-0fbe-4fe4-b0f7-7fd3e7b3aed9.jpg?im_w=720',54);
INSERT INTO image (type, url, room) VALUES ('detail','https://a0.muscache.com/im/pictures/2784c0f0-53f1-42b9-9d3f-71f53040a171.jpg?im_w=720',54);
INSERT INTO image (type, url, room) VALUES ('detail','https://a0.muscache.com/im/pictures/c5eb5ed9-8add-4f79-82b3-b8cafca015e6.jpg?im_w=720',54);
INSERT INTO image (type, url, room) VALUES ('detail','https://a0.muscache.com/im/pictures/e387e594-58e4-437e-b239-a8e2db849692.jpg?im_w=720',54);
INSERT INTO image (type, url, room) VALUES ('detail','https://a0.muscache.com/im/pictures/31d66898-9bb3-4139-8ea7-92044725f2f9.jpg?im_w=720',54);
INSERT INTO image (type, url, room) VALUES ('detail','https://a0.muscache.com/im/pictures/5c63c20e-f9ee-4928-87db-12ad6a2f51c3.jpg?im_w=720',54);
INSERT INTO image (type, url, room) VALUES ('detail','https://a0.muscache.com/im/pictures/4884c61a-6416-4a80-b641-38dd6f897baa.jpg?im_w=720',54);
INSERT INTO image (type, url, room) VALUES ('detail','https://a0.muscache.com/im/pictures/ef3ef3af-e718-4aa8-9c2a-306dc88a4a56.jpg?im_w=720',54);
INSERT INTO image (type, url, room) VALUES ('detail','https://a0.muscache.com/im/pictures/652237d6-5fee-4568-8a14-4d84492de5d8.jpg?im_w=720',54);
INSERT INTO image (type, url, room) VALUES ('detail','https://a0.muscache.com/im/pictures/8e99c965-7d24-4391-8e87-815128a5725d.jpg?im_w=720',54);
INSERT INTO image (type, url, room) VALUES ('detail','https://a0.muscache.com/im/pictures/e20d6b80-c839-44f7-9f37-0dbdba0360fb.jpg?im_w=720',54);
INSERT INTO image (type, url, room) VALUES ('detail','https://a0.muscache.com/im/pictures/9476a74c-53bd-4f7f-a35a-2dd2773d364c.jpg?im_w=720',54);
INSERT INTO image (type, url, room) VALUES ('detail','https://a0.muscache.com/im/pictures/c032ee9b-aa4d-4352-854a-16012fe08a80.jpg?im_w=720',54);
INSERT INTO image (type, url, room) VALUES ('detail','https://a0.muscache.com/im/pictures/d1247f6d-8667-4eed-aecb-525382c93096.jpg?im_w=720',54);
INSERT INTO image (type, url, room) VALUES ('detail','https://a0.muscache.com/im/pictures/cc4d1048-6d59-401f-9d1b-88f5b337b067.jpg?im_w=720',54);
INSERT INTO image (type, url, room) VALUES ('detail','https://a0.muscache.com/im/pictures/deb46e93-8394-4526-acb0-cb8c6bb4e4c7.jpg?im_w=720',54);
INSERT INTO image (type, url, room) VALUES ('detail','https://a0.muscache.com/im/pictures/fa916e5e-cf94-4c6f-a777-7079cb34e87c.jpg?im_w=720',54);
INSERT INTO image (type, url, room) VALUES ('detail','https://a0.muscache.com/im/pictures/49ac5210-ef91-4ce2-888a-ffef3ed35937.jpg?im_w=720',54);
INSERT INTO image (type, url, room) VALUES ('detail','https://a0.muscache.com/im/pictures/3a04567a-9059-47dd-9577-4692e3c3c8c4.jpg?im_w=720',54);
insert into location(id,latitude,longitude,city) values (55,37.834,127.594,'경기');
INSERT INTO room (id, title, description, price_per_day, room_type, bed, max_guest, bathroom, location) VALUES (55,'춘천 유유자적 삼동_yuyujajeok, 편히쉬어가는곳','Seo-myeon, Chuncheon-si의 집 전체',100000,'집 전체',1,2,1,55);
INSERT INTO image (type, url, room) VALUES ('thumb','https://a0.muscache.com/im/pictures/a3c8be8b-764f-4ce4-9c1d-3c5191f52323.jpg?im_w=720',55);
INSERT INTO image (type, url, room) VALUES ('detail','https://a0.muscache.com/im/pictures/6c7811d0-d8d1-40fb-849f-116f5fb52e1b.jpg?im_w=720',55);
INSERT INTO image (type, url, room) VALUES ('detail','https://a0.muscache.com/im/pictures/c09ac227-30eb-4b46-8c4e-e2938e980a81.jpg?im_w=720',55);
INSERT INTO image (type, url, room) VALUES ('detail','https://a0.muscache.com/im/pictures/b1b65205-ea9f-4943-8aea-9ec4ba6782d4.jpg?im_w=720',55);
INSERT INTO image (type, url, room) VALUES ('detail','https://a0.muscache.com/im/pictures/9fdddcc3-acc4-445b-b736-6c003ce3623f.jpg?im_w=720',55);
INSERT INTO image (type, url, room) VALUES ('detail','https://a0.muscache.com/im/pictures/14b3ed5b-b7a0-4c01-ba39-bece72f303d7.jpg?im_w=720',55);
INSERT INTO image (type, url, room) VALUES ('detail','https://a0.muscache.com/im/pictures/miso/Hosting-49336798/original/86bb9561-752a-456b-9c24-05462092f640.jpeg?im_w=720',55);
INSERT INTO image (type, url, room) VALUES ('detail','https://a0.muscache.com/im/pictures/miso/Hosting-49336798/original/3bdd4b89-1f55-4cde-bc47-3516a15ef10e.jpeg?im_w=720',55);
INSERT INTO image (type, url, room) VALUES ('detail','https://a0.muscache.com/im/pictures/2beaad39-0c2e-4fee-9764-0b1bb2dfb2d3.jpg?im_w=720',55);
INSERT INTO image (type, url, room) VALUES ('detail','https://a0.muscache.com/im/pictures/f1a24e56-78e9-4b91-8440-e9da81c9f3a0.jpg?im_w=720',55);
INSERT INTO image (type, url, room) VALUES ('detail','https://a0.muscache.com/im/pictures/5f9917bc-5656-4908-9870-3f18a62299d3.jpg?im_w=720',55);
INSERT INTO image (type, url, room) VALUES ('detail','https://a0.muscache.com/im/pictures/miso/Hosting-49336798/original/f4fcd93c-0991-49d6-b39a-2e54122c0818.jpeg?im_w=720',55);
INSERT INTO image (type, url, room) VALUES ('detail','https://a0.muscache.com/im/pictures/miso/Hosting-49336798/original/ee2818cf-05df-42cd-820c-8c8c43dea1aa.jpeg?im_w=720',55);
INSERT INTO image (type, url, room) VALUES ('detail','https://a0.muscache.com/im/pictures/3784e8bf-c815-497c-a3ca-f5e6269f9d20.jpg?im_w=720',55);
INSERT INTO image (type, url, room) VALUES ('detail','https://a0.muscache.com/im/pictures/d6a0b210-2e22-4a03-9b33-0b4376305562.jpg?im_w=720',55);
INSERT INTO image (type, url, room) VALUES ('detail','https://a0.muscache.com/im/pictures/fbbab78f-d066-4f3e-bf74-3763ca09ba13.jpg?im_w=720',55);
insert into location(id,latitude,longitude,city) values (56,37.526,127.458,'경기');
INSERT INTO room (id, title, description, price_per_day, room_type, bed, max_guest, bathroom, location) VALUES (56,'소곤소곤','Okcheon-myeon, Yangpyeong의 게스트 스위트 전체',95000,'집 전체',1,3,1,56);
INSERT INTO image (type, url, room) VALUES ('thumb','https://a0.muscache.com/im/pictures/miso/Hosting-47279544/original/b7fb2e99-9cbf-4162-b7c7-ec135cd5c6d0.jpeg?im_w=720',56);
INSERT INTO image (type, url, room) VALUES ('detail','https://a0.muscache.com/im/pictures/miso/Hosting-47279544/original/bd655995-86d4-4153-948c-b9eac4e678bc.jpeg?im_w=720',56);
INSERT INTO image (type, url, room) VALUES ('detail','https://a0.muscache.com/im/pictures/miso/Hosting-47279544/original/30025df2-f98e-41f7-8e38-6860d20b1d19.jpeg?im_w=720',56);
INSERT INTO image (type, url, room) VALUES ('detail','https://a0.muscache.com/im/pictures/945bbf42-46bb-45db-9d01-14681ed67d8f.jpg?im_w=720',56);
INSERT INTO image (type, url, room) VALUES ('detail','https://a0.muscache.com/im/pictures/ca376048-f034-4d88-a49d-061c951a4d2e.jpg?im_w=720',56);
INSERT INTO image (type, url, room) VALUES ('detail','https://a0.muscache.com/im/pictures/4714cd6d-5df9-4010-84ac-3498305d1469.jpg?im_w=720',56);
INSERT INTO image (type, url, room) VALUES ('detail','https://a0.muscache.com/im/pictures/29ae7fc8-32b0-4d8f-8215-2e81856a0310.jpg?im_w=720',56);
INSERT INTO image (type, url, room) VALUES ('detail','https://a0.muscache.com/im/pictures/64f8e874-7f46-4a04-90ee-d2d798570ed7.jpg?im_w=720',56);
INSERT INTO image (type, url, room) VALUES ('detail','https://a0.muscache.com/im/pictures/27103a65-1bda-49cc-bb04-0dcac53e8aa4.jpg?im_w=720',56);
INSERT INTO image (type, url, room) VALUES ('detail','https://a0.muscache.com/im/pictures/ace7634d-b1ff-4732-8576-8564a3d64f9f.jpg?im_w=720',56);
INSERT INTO image (type, url, room) VALUES ('detail','https://a0.muscache.com/im/pictures/e1f6ed68-04f7-4800-b653-082f831b33ee.jpg?im_w=720',56);
INSERT INTO image (type, url, room) VALUES ('detail','https://a0.muscache.com/im/pictures/25a2786b-d378-41a2-8ed4-d5bca0e99db6.jpg?im_w=720',56);
INSERT INTO image (type, url, room) VALUES ('detail','https://a0.muscache.com/im/pictures/9dd45a1e-6d25-4218-8101-c48889dc2e7e.jpg?im_w=720',56);
INSERT INTO image (type, url, room) VALUES ('detail','https://a0.muscache.com/im/pictures/909f8061-1c62-4f73-ab70-ee9f96e52403.jpg?im_w=720',56);
INSERT INTO image (type, url, room) VALUES ('detail','https://a0.muscache.com/im/pictures/98388467-7e0a-4a28-93ba-0cd0d7af76e1.jpg?im_w=720',56);
INSERT INTO image (type, url, room) VALUES ('detail','https://a0.muscache.com/im/pictures/ae57dfd8-a6c2-4d8f-9a08-a88bf636faf0.jpg?im_w=720',56);
INSERT INTO image (type, url, room) VALUES ('detail','https://a0.muscache.com/im/pictures/miso/Hosting-47279544/original/c1862698-d467-49fb-be02-d0d49f8c654c.png?im_w=720',56);
INSERT INTO image (type, url, room) VALUES ('detail','https://a0.muscache.com/im/pictures/d60636a2-21a7-48ad-b6b0-7d9ce9cf06a9.jpg?im_w=720',56);
INSERT INTO image (type, url, room) VALUES ('detail','https://a0.muscache.com/im/pictures/69094d29-9441-46d0-9839-aaf5d64bd115.jpg?im_w=720',56);
INSERT INTO image (type, url, room) VALUES ('detail','https://a0.muscache.com/im/pictures/94aa9440-c898-41de-9eca-a6d77cdd52b9.jpg?im_w=720',56);
INSERT INTO image (type, url, room) VALUES ('detail','https://a0.muscache.com/im/pictures/miso/Hosting-47279544/original/77a222fe-ad5a-4dc7-a0dd-5973309ccf6b.jpeg?im_w=720',56);
INSERT INTO image (type, url, room) VALUES ('detail','https://a0.muscache.com/im/pictures/8c1693ad-17f4-4e50-8f2a-4e2127b7f8df.jpg?im_w=720',56);
insert into location(id,latitude,longitude,city) values (57,37.834,127.594,'경기');
INSERT INTO room (id, title, description, price_per_day, room_type, bed, max_guest, bathroom, location) VALUES (57,'춘천 유유자적 일동_yuyujajeok, 편히쉬어가는곳','Seo-myeon, Chuncheon-si의 집 전체',100000,'집 전체',1,4,1,57);
INSERT INTO image (type, url, room) VALUES ('thumb','https://a0.muscache.com/im/pictures/2840943e-c8bd-4a56-ab32-05ffd425fa6d.jpg?im_w=720',57);
INSERT INTO image (type, url, room) VALUES ('detail','https://a0.muscache.com/im/pictures/2f0d1708-3394-4cd7-abed-25d221dea411.jpg?im_w=720',57);
INSERT INTO image (type, url, room) VALUES ('detail','https://a0.muscache.com/im/pictures/ce5bfc2b-323c-42bb-8abc-1ab8d9d254e8.jpg?im_w=720',57);
INSERT INTO image (type, url, room) VALUES ('detail','https://a0.muscache.com/im/pictures/001c54c6-3453-4d77-8110-985e5e7e909c.jpg?im_w=720',57);
INSERT INTO image (type, url, room) VALUES ('detail','https://a0.muscache.com/im/pictures/70133f03-a459-45fb-9ce3-34d47f8aeb40.jpg?im_w=720',57);
INSERT INTO image (type, url, room) VALUES ('detail','https://a0.muscache.com/im/pictures/c6d1d8aa-0084-4e84-8eb1-7d29a76e151a.jpg?im_w=720',57);
INSERT INTO image (type, url, room) VALUES ('detail','https://a0.muscache.com/im/pictures/0213bbb4-936f-453a-95e2-62a15ec2bc8a.jpg?im_w=720',57);
INSERT INTO image (type, url, room) VALUES ('detail','https://a0.muscache.com/im/pictures/8a2cef16-5e8c-4c67-b377-f98b063d45d2.jpg?im_w=720',57);
INSERT INTO image (type, url, room) VALUES ('detail','https://a0.muscache.com/im/pictures/f77aaef3-7be7-423c-80ff-be7421c12662.jpg?im_w=720',57);
INSERT INTO image (type, url, room) VALUES ('detail','https://a0.muscache.com/im/pictures/fab8e698-f96e-4fc3-be40-1c8398f72275.jpg?im_w=720',57);
INSERT INTO image (type, url, room) VALUES ('detail','https://a0.muscache.com/im/pictures/7ccc3ecc-4884-4911-8bf8-9193c403ee7f.jpg?im_w=720',57);
INSERT INTO image (type, url, room) VALUES ('detail','https://a0.muscache.com/im/pictures/79ad82bf-e7d4-43e2-acbd-dfeccfca907e.jpg?im_w=720',57);
INSERT INTO image (type, url, room) VALUES ('detail','https://a0.muscache.com/im/pictures/3b68af76-12d0-411e-8536-8722be7a5246.jpg?im_w=720',57);
INSERT INTO image (type, url, room) VALUES ('detail','https://a0.muscache.com/im/pictures/c8f8de05-f241-4c74-b422-dc5ff2c7c8aa.jpg?im_w=720',57);
INSERT INTO image (type, url, room) VALUES ('detail','https://a0.muscache.com/im/pictures/9d151edd-21ea-4075-b56c-7712d871f218.jpg?im_w=720',57);
INSERT INTO image (type, url, room) VALUES ('detail','https://a0.muscache.com/im/pictures/79e522eb-acb7-417e-ba16-e300f1b74873.jpg?im_w=720',57);
insert into location(id,latitude,longitude,city) values (58,37.832,127.595,'경기');
INSERT INTO room (id, title, description, price_per_day, room_type, bed, max_guest, bathroom, location) VALUES (58,'춘천 유유자적 이동_yuyujajeok, 편히쉬어가는곳','Seo-myeon, Chuncheon-si의 집 전체',100000,'집 전체',1,4,1,58);
INSERT INTO image (type, url, room) VALUES ('thumb','https://a0.muscache.com/im/pictures/5249528c-a4d1-4016-b299-9649b5b3c754.jpg?im_w=720',58);
INSERT INTO image (type, url, room) VALUES ('detail','https://a0.muscache.com/im/pictures/0df23eea-7548-4229-8b27-5f5656ac7c92.jpg?im_w=720',58);
INSERT INTO image (type, url, room) VALUES ('detail','https://a0.muscache.com/im/pictures/b187a26f-da99-44d9-85c6-773f3f7bf3de.jpg?im_w=720',58);
INSERT INTO image (type, url, room) VALUES ('detail','https://a0.muscache.com/im/pictures/d40be5b2-a342-459b-ba53-e3ae3d96c599.jpg?im_w=720',58);
INSERT INTO image (type, url, room) VALUES ('detail','https://a0.muscache.com/im/pictures/8aff9e55-98c7-4c22-b570-a0de5e650731.jpg?im_w=720',58);
INSERT INTO image (type, url, room) VALUES ('detail','https://a0.muscache.com/im/pictures/37c4ef2c-c204-4154-8b56-ece28a26d7d2.jpg?im_w=720',58);
INSERT INTO image (type, url, room) VALUES ('detail','https://a0.muscache.com/im/pictures/046948a4-4b25-46b8-b9c4-ebd28fdbf2a5.jpg?im_w=720',58);
INSERT INTO image (type, url, room) VALUES ('detail','https://a0.muscache.com/im/pictures/28279813-d4bb-4fbc-bb34-4bb8fe71f93b.jpg?im_w=720',58);
INSERT INTO image (type, url, room) VALUES ('detail','https://a0.muscache.com/im/pictures/dad026ec-62ed-42f8-ad5e-4656c6daae61.jpg?im_w=720',58);
INSERT INTO image (type, url, room) VALUES ('detail','https://a0.muscache.com/im/pictures/c6b3fd40-d35f-49b3-8eb8-cf57f98ec421.jpg?im_w=720',58);
INSERT INTO image (type, url, room) VALUES ('detail','https://a0.muscache.com/im/pictures/e00e7974-9b40-48d8-92c0-57009d6c1b2c.jpg?im_w=720',58);
INSERT INTO image (type, url, room) VALUES ('detail','https://a0.muscache.com/im/pictures/208f2584-2382-4cdc-8f12-4b7fa3a6d496.jpg?im_w=720',58);
INSERT INTO image (type, url, room) VALUES ('detail','https://a0.muscache.com/im/pictures/c93a92e2-7c8e-4064-8cf8-029d2280b1f0.jpg?im_w=720',58);
INSERT INTO image (type, url, room) VALUES ('detail','https://a0.muscache.com/im/pictures/a06c6ff9-e77b-4dbc-b1e7-67897a363108.jpg?im_w=720',58);
INSERT INTO image (type, url, room) VALUES ('detail','https://a0.muscache.com/im/pictures/00c518ae-42b1-4c96-a758-6877b22b624b.jpg?im_w=720',58);
insert into location(id,latitude,longitude,city) values (59,37.638,127.397,'경기');
INSERT INTO room (id, title, description, price_per_day, room_type, bed, max_guest, bathroom, location) VALUES (59,'고즈넉한 한옥스테이 "희담재 (喜湛齋)"  조용하고 평안한 분위기로 행복과 힐링이 되는 집','Seojong-myeon, Yangpyeong의 집 전체',100000,'집 전체',2,6,3,59);
INSERT INTO image (type, url, room) VALUES ('thumb','https://a0.muscache.com/im/pictures/4faf53de-3b74-443c-8f50-30da1b4cc8ba.jpg?im_w=720',59);
INSERT INTO image (type, url, room) VALUES ('detail','https://a0.muscache.com/im/pictures/5e98b611-eecb-4fc2-9236-ab1187ef5f41.jpg?im_w=720',59);
INSERT INTO image (type, url, room) VALUES ('detail','https://a0.muscache.com/im/pictures/44942089-c703-46d1-94a1-22c010addd3f.jpg?im_w=720',59);
INSERT INTO image (type, url, room) VALUES ('detail','https://a0.muscache.com/im/pictures/250c4c33-495c-46a5-a6e2-711b5d208704.jpg?im_w=720',59);
INSERT INTO image (type, url, room) VALUES ('detail','https://a0.muscache.com/im/pictures/3ee45b8e-f53c-4076-99b2-596109c2e790.jpg?im_w=720',59);
INSERT INTO image (type, url, room) VALUES ('detail','https://a0.muscache.com/im/pictures/406b2865-6189-47f8-ba1f-1fc90b8fd2c8.jpg?im_w=720',59);
INSERT INTO image (type, url, room) VALUES ('detail','https://a0.muscache.com/im/pictures/61babd7e-c604-4374-86c9-287992244d06.jpg?im_w=720',59);
INSERT INTO image (type, url, room) VALUES ('detail','https://a0.muscache.com/im/pictures/0a3e731f-21c9-4f9d-9b8f-d31ad76de48c.jpg?im_w=720',59);
INSERT INTO image (type, url, room) VALUES ('detail','https://a0.muscache.com/im/pictures/3b08479d-9dae-42d5-b83a-623c4c7796b3.jpg?im_w=720',59);
INSERT INTO image (type, url, room) VALUES ('detail','https://a0.muscache.com/im/pictures/4ba8443f-2d2f-4425-bbba-368b706f8215.jpg?im_w=720',59);
INSERT INTO image (type, url, room) VALUES ('detail','https://a0.muscache.com/im/pictures/0be2e310-e200-479e-9d11-94c1d48e5e65.jpg?im_w=720',59);
INSERT INTO image (type, url, room) VALUES ('detail','https://a0.muscache.com/im/pictures/6739abbb-2ae6-427f-b327-d53ddf093629.jpg?im_w=720',59);
INSERT INTO image (type, url, room) VALUES ('detail','https://a0.muscache.com/im/pictures/92d95b36-1222-46e3-ae6d-3db4b21e2895.jpg?im_w=720',59);
INSERT INTO image (type, url, room) VALUES ('detail','https://a0.muscache.com/im/pictures/52fab22c-13d8-4c49-81d8-f07d12beb89d.jpg?im_w=720',59);
INSERT INTO image (type, url, room) VALUES ('detail','https://a0.muscache.com/im/pictures/10b409c3-423b-4920-b672-c91f27b87889.jpg?im_w=720',59);
INSERT INTO image (type, url, room) VALUES ('detail','https://a0.muscache.com/im/pictures/c8f6671e-446b-4079-9ace-1157f6c90840.jpg?im_w=720',59);
INSERT INTO image (type, url, room) VALUES ('detail','https://a0.muscache.com/im/pictures/14fdc8f1-ad90-4faa-b714-e6e1ea664381.jpg?im_w=720',59);
INSERT INTO image (type, url, room) VALUES ('detail','https://a0.muscache.com/im/pictures/b017812d-ff1a-4f06-95e7-1807169c7b70.jpg?im_w=720',59);
INSERT INTO image (type, url, room) VALUES ('detail','https://a0.muscache.com/im/pictures/9bc62db0-1bfc-4574-879a-f4e697979990.jpg?im_w=720',59);
INSERT INTO image (type, url, room) VALUES ('detail','https://a0.muscache.com/im/pictures/62333eae-54f4-40ea-a502-fe1bbfa8fa9e.jpg?im_w=720',59);
INSERT INTO image (type, url, room) VALUES ('detail','https://a0.muscache.com/im/pictures/7c53dfd7-2825-4976-9e81-ef850913fa77.jpg?im_w=720',59);
INSERT INTO image (type, url, room) VALUES ('detail','https://a0.muscache.com/im/pictures/2d7e573f-e136-4743-872a-2bf420563a34.jpg?im_w=720',59);
INSERT INTO image (type, url, room) VALUES ('detail','https://a0.muscache.com/im/pictures/2515c235-5bf9-4d8a-95c6-4de3b522eec4.jpg?im_w=720',59);
INSERT INTO image (type, url, room) VALUES ('detail','https://a0.muscache.com/im/pictures/76fb866b-83e6-4964-8c61-c6eb5062b707.jpg?im_w=720',59);
INSERT INTO image (type, url, room) VALUES ('detail','https://a0.muscache.com/im/pictures/9491cc8d-2164-413d-85f4-538c1b347ac5.jpg?im_w=720',59);
INSERT INTO image (type, url, room) VALUES ('detail','https://a0.muscache.com/im/pictures/0a1f109a-0df6-4522-b4a9-7578a2f79e9f.jpg?im_w=720',59);
INSERT INTO image (type, url, room) VALUES ('detail','https://a0.muscache.com/im/pictures/d9a373be-a8f2-4cf4-b506-6d740941ff8d.jpg?im_w=720',59);
INSERT INTO image (type, url, room) VALUES ('detail','https://a0.muscache.com/im/pictures/d3e783fa-786e-44ab-a0a9-538384d823ab.jpg?im_w=720',59);
INSERT INTO image (type, url, room) VALUES ('detail','https://a0.muscache.com/im/pictures/e51c98f4-fb89-4eb9-94ac-c4e4dd7424d7.jpg?im_w=720',59);
INSERT INTO image (type, url, room) VALUES ('detail','https://a0.muscache.com/im/pictures/a20e7e90-dd9f-457f-92e6-68c62673c000.jpg?im_w=720',59);
insert into location(id,latitude,longitude,city) values (60,37.54,126.946,'경기');
INSERT INTO room (id, title, description, price_per_day, room_type, bed, max_guest, bathroom, location) VALUES (60,'Micasa@Seoul: Home away from home','Mapo의 아파트 전체',95000,'집 전체',3,4,1,60);
INSERT INTO image (type, url, room) VALUES ('thumb','https://a0.muscache.com/im/pictures/78858561/7e858201_original.jpg?im_w=720',60);
INSERT INTO image (type, url, room) VALUES ('detail','https://a0.muscache.com/im/pictures/eb40b64f-dad0-4094-ac15-b81cef1939db.jpg?im_w=720',60);
INSERT INTO image (type, url, room) VALUES ('detail','https://a0.muscache.com/im/pictures/79887980/1e6ee76f_original.jpg?im_w=720',60);
INSERT INTO image (type, url, room) VALUES ('detail','https://a0.muscache.com/im/pictures/77851713/ef772bf0_original.jpg?im_w=720',60);
INSERT INTO image (type, url, room) VALUES ('detail','https://a0.muscache.com/im/pictures/79535047/62ef9d08_original.jpg?im_w=720',60);
INSERT INTO image (type, url, room) VALUES ('detail','https://a0.muscache.com/im/pictures/f63e92a7-fea4-4418-beb1-bef46a108887.jpg?im_w=720',60);
INSERT INTO image (type, url, room) VALUES ('detail','https://a0.muscache.com/im/pictures/e842fd34-64da-41d8-9460-6af2ad8869a5.jpg?im_w=720',60);
INSERT INTO image (type, url, room) VALUES ('detail','https://a0.muscache.com/im/pictures/77851662/c1f032ce_original.jpg?im_w=720',60);
INSERT INTO image (type, url, room) VALUES ('detail','https://a0.muscache.com/im/pictures/77851675/3f687a93_original.jpg?im_w=720',60);
INSERT INTO image (type, url, room) VALUES ('detail','https://a0.muscache.com/im/pictures/77851699/fe05c67c_original.jpg?im_w=720',60);
INSERT INTO image (type, url, room) VALUES ('detail','https://a0.muscache.com/im/pictures/79888938/cb87ea62_original.jpg?im_w=720',60);
INSERT INTO image (type, url, room) VALUES ('detail','https://a0.muscache.com/im/pictures/79890213/3503f9f7_original.jpg?im_w=720',60);
INSERT INTO image (type, url, room) VALUES ('detail','https://a0.muscache.com/im/pictures/79889881/26a0e5d8_original.jpg?im_w=720',60);
INSERT INTO image (type, url, room) VALUES ('detail','https://a0.muscache.com/im/pictures/77851693/253e1cad_original.jpg?im_w=720',60);
INSERT INTO image (type, url, room) VALUES ('detail','https://a0.muscache.com/im/pictures/78862822/a9adaf31_original.jpg?im_w=720',60);
INSERT INTO image (type, url, room) VALUES ('detail','https://a0.muscache.com/im/pictures/78862842/3501c493_original.jpg?im_w=720',60);
INSERT INTO image (type, url, room) VALUES ('detail','https://a0.muscache.com/im/pictures/78862879/32627773_original.jpg?im_w=720',60);
INSERT INTO image (type, url, room) VALUES ('detail','https://a0.muscache.com/im/pictures/78862900/4b41f47b_original.jpg?im_w=720',60);
INSERT INTO image (type, url, room) VALUES ('detail','https://a0.muscache.com/im/pictures/77851707/3939d7fe_original.jpg?im_w=720',60);
INSERT INTO image (type, url, room) VALUES ('detail','https://a0.muscache.com/im/pictures/77851753/01e89745_original.jpg?im_w=720',60);
INSERT INTO image (type, url, room) VALUES ('detail','https://a0.muscache.com/im/pictures/77851711/77ccccf3_original.jpg?im_w=720',60);
INSERT INTO image (type, url, room) VALUES ('detail','https://a0.muscache.com/im/pictures/77851745/4936901f_original.jpg?im_w=720',60);
INSERT INTO image (type, url, room) VALUES ('detail','https://a0.muscache.com/im/pictures/fa518a19-28eb-48ab-978d-979e932a882c.jpg?im_w=720',60);
INSERT INTO image (type, url, room) VALUES ('detail','https://a0.muscache.com/im/pictures/77851741/d1153828_original.jpg?im_w=720',60);
INSERT INTO image (type, url, room) VALUES ('detail','https://a0.muscache.com/im/pictures/78863275/b50fc636_original.jpg?im_w=720',60);
INSERT INTO image (type, url, room) VALUES ('detail','https://a0.muscache.com/im/pictures/79898978/6dc85b3a_original.jpg?im_w=720',60);
INSERT INTO image (type, url, room) VALUES ('detail','https://a0.muscache.com/im/pictures/79908948/7b34192a_original.jpg?im_w=720',60);
INSERT INTO image (type, url, room) VALUES ('detail','https://a0.muscache.com/im/pictures/79908673/6707acd4_original.jpg?im_w=720',60);
INSERT INTO image (type, url, room) VALUES ('detail','https://a0.muscache.com/im/pictures/79909192/02924cf8_original.jpg?im_w=720',60);
INSERT INTO image (type, url, room) VALUES ('detail','https://a0.muscache.com/im/pictures/78863601/2191c878_original.jpg?im_w=720',60);
insert into location(id,latitude,longitude,city) values (61,37.579,127.682,'경기');
INSERT INTO room (id, title, description, price_per_day, room_type, bed, max_guest, bathroom, location) VALUES (61,'A. 아름다운 자연경관과 야외자쿠지가 잘 어우러진 객실 홍천 대명비발디파크 15분거리','Danwol-myeon, Yangpyeong의 펜션',100000,'집 전체',0,3,1,61);
INSERT INTO image (type, url, room) VALUES ('thumb','https://a0.muscache.com/im/pictures/7fa5f743-51db-4306-a81d-d2c15f6ce726.jpg?im_w=720',61);
INSERT INTO image (type, url, room) VALUES ('detail','https://a0.muscache.com/im/pictures/76a16ff2-2e70-4967-9f50-586a615be366.jpg?im_w=720',61);
INSERT INTO image (type, url, room) VALUES ('detail','https://a0.muscache.com/im/pictures/e3050844-3340-42ce-a3ab-ec56dd1d220e.jpg?im_w=720',61);
INSERT INTO image (type, url, room) VALUES ('detail','https://a0.muscache.com/im/pictures/14ed4f6e-f1aa-4e70-be1c-0932648cd474.jpg?im_w=720',61);
INSERT INTO image (type, url, room) VALUES ('detail','https://a0.muscache.com/im/pictures/ef44d3b0-4522-4685-9721-ac530ae589d3.jpg?im_w=720',61);
INSERT INTO image (type, url, room) VALUES ('detail','https://a0.muscache.com/im/pictures/38d79daa-b78c-4055-aabe-aab007557ae0.jpg?im_w=720',61);
INSERT INTO image (type, url, room) VALUES ('detail','https://a0.muscache.com/im/pictures/a1fb222b-1c19-48e4-933d-acbd3dc9a993.jpg?im_w=720',61);
INSERT INTO image (type, url, room) VALUES ('detail','https://a0.muscache.com/im/pictures/1d35debf-0a89-44ec-bf38-c8b0630fa2e7.jpg?im_w=720',61);
INSERT INTO image (type, url, room) VALUES ('detail','https://a0.muscache.com/im/pictures/43585556-c877-41c9-8f17-b845ca9206d4.jpg?im_w=720',61);
INSERT INTO image (type, url, room) VALUES ('detail','https://a0.muscache.com/im/pictures/edf4839a-18c1-4d60-94da-dc70f8a31c94.jpg?im_w=720',61);
INSERT INTO image (type, url, room) VALUES ('detail','https://a0.muscache.com/im/pictures/fac6334a-3a06-4d4e-b755-0f553b29f868.jpg?im_w=720',61);
INSERT INTO image (type, url, room) VALUES ('detail','https://a0.muscache.com/im/pictures/d96dd2b6-5193-4feb-aaf6-81b91eacdbf0.jpg?im_w=720',61);
insert into location(id,latitude,longitude,city) values (62,37.781,126.709,'경기');
INSERT INTO room (id, title, description, price_per_day, room_type, bed, max_guest, bathroom, location) VALUES (62,'넓은숙소 탁트인조망 단독옥상 SELF QUARANTINE OK  Americano빌딩 3층','Tanhyeon-myeon, Paju-si의 타운하우스 전체',90000,'집 전체',1,2,1,62);
INSERT INTO image (type, url, room) VALUES ('thumb','https://a0.muscache.com/im/pictures/d4cae489-dcbc-4cea-bfe0-ec6a9390c25a.jpg?im_w=720',62);
INSERT INTO image (type, url, room) VALUES ('detail','https://a0.muscache.com/im/pictures/9b266883-2e48-4bf6-8851-b94569dfdbff.jpg?im_w=720',62);
INSERT INTO image (type, url, room) VALUES ('detail','https://a0.muscache.com/im/pictures/af9a8a63-e00a-47be-b94e-dd9c9845c03e.jpg?im_w=720',62);
INSERT INTO image (type, url, room) VALUES ('detail','https://a0.muscache.com/im/pictures/994af149-6ef1-4718-812f-fcdc8e885b8e.jpg?im_w=720',62);
INSERT INTO image (type, url, room) VALUES ('detail','https://a0.muscache.com/im/pictures/c8e74dad-a2cb-4efa-b7b5-817a7a5ba4ea.jpg?im_w=720',62);
INSERT INTO image (type, url, room) VALUES ('detail','https://a0.muscache.com/im/pictures/35f9b6f9-f471-42f2-93ee-c2a582f13708.jpg?im_w=720',62);
INSERT INTO image (type, url, room) VALUES ('detail','https://a0.muscache.com/im/pictures/42e70aeb-16d1-42dd-a382-142f9b478a4d.jpg?im_w=720',62);
INSERT INTO image (type, url, room) VALUES ('detail','https://a0.muscache.com/im/pictures/7df923e5-9f42-4864-8c36-2165af6f899c.jpg?im_w=720',62);
INSERT INTO image (type, url, room) VALUES ('detail','https://a0.muscache.com/im/pictures/dddf7e73-8389-47e1-9349-92cbc595ad0b.jpg?im_w=720',62);
INSERT INTO image (type, url, room) VALUES ('detail','https://a0.muscache.com/im/pictures/d4ba2820-a12d-499a-94d3-a7fb0d95874f.jpg?im_w=720',62);
INSERT INTO image (type, url, room) VALUES ('detail','https://a0.muscache.com/im/pictures/6d1d986d-61a8-456a-a614-119007b977bb.jpg?im_w=720',62);
INSERT INTO image (type, url, room) VALUES ('detail','https://a0.muscache.com/im/pictures/916349e6-a240-4bc7-a272-047cb9f238a9.jpg?im_w=720',62);
INSERT INTO image (type, url, room) VALUES ('detail','https://a0.muscache.com/im/pictures/de6c9420-d8b3-4f0d-ba6f-847f9ee07d50.jpg?im_w=720',62);
INSERT INTO image (type, url, room) VALUES ('detail','https://a0.muscache.com/im/pictures/8e32f986-7cb9-47f3-b104-49c3a67be5b0.jpg?im_w=720',62);
INSERT INTO image (type, url, room) VALUES ('detail','https://a0.muscache.com/im/pictures/0f3530fe-3807-43b1-8dfd-47960e1d9cac.jpg?im_w=720',62);
INSERT INTO image (type, url, room) VALUES ('detail','https://a0.muscache.com/im/pictures/20b2b28d-41bc-45df-9183-98748751ae49.jpg?im_w=720',62);
INSERT INTO image (type, url, room) VALUES ('detail','https://a0.muscache.com/im/pictures/6d94e175-c37d-45f7-bc76-0c210e6ae541.jpg?im_w=720',62);
INSERT INTO image (type, url, room) VALUES ('detail','https://a0.muscache.com/im/pictures/d49a1aec-5f27-4af7-a7c5-0870a5b6b896.jpg?im_w=720',62);
INSERT INTO image (type, url, room) VALUES ('detail','https://a0.muscache.com/im/pictures/e352be95-513e-4b0f-9e68-4127b9fd53f9.jpg?im_w=720',62);
INSERT INTO image (type, url, room) VALUES ('detail','https://a0.muscache.com/im/pictures/6a05769f-783e-42ed-bbc3-b8b9a39f03eb.jpg?im_w=720',62);
insert into location(id,latitude,longitude,city) values (63,37.286,127.057,'경기');
INSERT INTO room (id, title, description, price_per_day, room_type, bed, max_guest, bathroom, location) VALUES (63,'최고의 광교호수 뷰 , 수원 컨벤션, 전철역 도보7분, 인계동, 화성, 애버랜드','영통구 의 아파트 전체',95000,'집 전체',2,4,1,63);
INSERT INTO image (type, url, room) VALUES ('thumb','https://a0.muscache.com/im/pictures/67c77075-9762-474d-84c7-3d1156c4d66b.jpg?im_w=720',63);
INSERT INTO image (type, url, room) VALUES ('detail','https://a0.muscache.com/im/pictures/55f1adf9-abbf-42b7-9b57-b8f87ec6fab5.jpg?im_w=720',63);
INSERT INTO image (type, url, room) VALUES ('detail','https://a0.muscache.com/im/pictures/9a2ee17d-2bf1-495d-86fe-1eae702a5f93.jpg?im_w=720',63);
INSERT INTO image (type, url, room) VALUES ('detail','https://a0.muscache.com/im/pictures/37fa7ae4-1b68-4ee1-b23f-2f41a310ef64.jpg?im_w=720',63);
INSERT INTO image (type, url, room) VALUES ('detail','https://a0.muscache.com/im/pictures/2ec5835c-04ab-4c45-b79a-f297da516f23.jpg?im_w=720',63);
INSERT INTO image (type, url, room) VALUES ('detail','https://a0.muscache.com/im/pictures/d34500aa-0c7a-47e7-a7fb-c3217c266956.jpg?im_w=720',63);
INSERT INTO image (type, url, room) VALUES ('detail','https://a0.muscache.com/im/pictures/4fffb8a0-d704-4673-8245-3b8ab96e2e32.jpg?im_w=720',63);
INSERT INTO image (type, url, room) VALUES ('detail','https://a0.muscache.com/im/pictures/51546e64-a674-4afc-833a-3eef2b3f7f26.jpg?im_w=720',63);
INSERT INTO image (type, url, room) VALUES ('detail','https://a0.muscache.com/im/pictures/3ce39a95-083c-40b3-97c7-184b976973d7.jpg?im_w=720',63);
INSERT INTO image (type, url, room) VALUES ('detail','https://a0.muscache.com/im/pictures/76d8dbe4-edac-427a-88d5-a3a849e80abc.jpg?im_w=720',63);
INSERT INTO image (type, url, room) VALUES ('detail','https://a0.muscache.com/im/pictures/917d41c1-b056-4771-88b1-0e5b592766ce.jpg?im_w=720',63);
INSERT INTO image (type, url, room) VALUES ('detail','https://a0.muscache.com/im/pictures/f8cb52f7-a5dc-42e6-8dd6-a9cab5921e80.jpg?im_w=720',63);
INSERT INTO image (type, url, room) VALUES ('detail','https://a0.muscache.com/im/pictures/316eb0bc-62ee-4b0d-b79e-3a59374d6a64.jpg?im_w=720',63);
INSERT INTO image (type, url, room) VALUES ('detail','https://a0.muscache.com/im/pictures/acc004d9-b249-47d3-9de2-5071880d466a.jpg?im_w=720',63);
INSERT INTO image (type, url, room) VALUES ('detail','https://a0.muscache.com/im/pictures/a8965af1-edef-4baa-907a-47cb553225cb.jpg?im_w=720',63);
INSERT INTO image (type, url, room) VALUES ('detail','https://a0.muscache.com/im/pictures/fbde215c-d206-416c-b42b-5d0fb938fb9b.jpg?im_w=720',63);
INSERT INTO image (type, url, room) VALUES ('detail','https://a0.muscache.com/im/pictures/547458da-86f8-4d83-bdbf-d9b100378c8b.jpg?im_w=720',63);
INSERT INTO image (type, url, room) VALUES ('detail','https://a0.muscache.com/im/pictures/960020d3-339e-4b30-84f1-a55500a16235.jpg?im_w=720',63);
INSERT INTO image (type, url, room) VALUES ('detail','https://a0.muscache.com/im/pictures/1ca91b37-3689-41f3-82c5-1af1093f00b2.jpg?im_w=720',63);
INSERT INTO image (type, url, room) VALUES ('detail','https://a0.muscache.com/im/pictures/1cfd0c79-e723-4669-b70b-9b0c3a39563b.jpg?im_w=720',63);
INSERT INTO image (type, url, room) VALUES ('detail','https://a0.muscache.com/im/pictures/9035a271-c3d8-44cd-b053-44bb7b462085.jpg?im_w=720',63);
INSERT INTO image (type, url, room) VALUES ('detail','https://a0.muscache.com/im/pictures/3696f8e1-0fe6-4907-8371-385e84f4a93d.jpg?im_w=720',63);
INSERT INTO image (type, url, room) VALUES ('detail','https://a0.muscache.com/im/pictures/aacc8c1a-9254-4547-8713-b464dccc01ea.jpg?im_w=720',63);
INSERT INTO image (type, url, room) VALUES ('detail','https://a0.muscache.com/im/pictures/ae0212e4-fe69-4d3a-a48c-fe42761dbd1c.jpg?im_w=720',63);
INSERT INTO image (type, url, room) VALUES ('detail','https://a0.muscache.com/im/pictures/8c6207d6-05af-47fb-b62d-3bf580d70c1e.jpg?im_w=720',63);
INSERT INTO image (type, url, room) VALUES ('detail','https://a0.muscache.com/im/pictures/5e555f1b-8097-4b30-a37b-a086caa30cf8.jpg?im_w=720',63);
insert into location(id,latitude,longitude,city) values (64,37.885,127.755,'경기');
INSERT INTO room (id, title, description, price_per_day, room_type, bed, max_guest, bathroom, location) VALUES (64,'벨라루나W♡   도심속 휴양지 ♡ 노천스파 즐기러 오세요♡','Hupyeong-dong, Chuncheon의 집 전체',90000,'집 전체',1,2,1,64);
INSERT INTO image (type, url, room) VALUES ('thumb','https://a0.muscache.com/im/pictures/b2e3b21c-68c5-4fab-a546-b9f776103e58.jpg?im_w=720',64);
INSERT INTO image (type, url, room) VALUES ('detail','https://a0.muscache.com/im/pictures/a629a164-0026-409c-8ce7-72fb85fc78c9.jpg?im_w=720',64);
INSERT INTO image (type, url, room) VALUES ('detail','https://a0.muscache.com/im/pictures/3758073d-cfe4-4ff1-aad5-c0a506dc540a.jpg?im_w=720',64);
INSERT INTO image (type, url, room) VALUES ('detail','https://a0.muscache.com/im/pictures/e13bb492-eb4c-4f7b-be92-135621696eb9.jpg?im_w=720',64);
INSERT INTO image (type, url, room) VALUES ('detail','https://a0.muscache.com/im/pictures/e101d197-17cb-4cae-81ed-a128b8442d7c.jpg?im_w=720',64);
INSERT INTO image (type, url, room) VALUES ('detail','https://a0.muscache.com/im/pictures/e3e36132-4b76-4711-82a1-130ae3013822.jpg?im_w=720',64);
INSERT INTO image (type, url, room) VALUES ('detail','https://a0.muscache.com/im/pictures/d2acf5c8-42b2-427d-b14c-e3bc8d809bfd.jpg?im_w=720',64);
INSERT INTO image (type, url, room) VALUES ('detail','https://a0.muscache.com/im/pictures/36b9426b-fe17-4077-b539-b1ca2b12d9b7.jpg?im_w=720',64);
INSERT INTO image (type, url, room) VALUES ('detail','https://a0.muscache.com/im/pictures/6f206001-e944-4c51-a608-20e589b0358b.jpg?im_w=720',64);
INSERT INTO image (type, url, room) VALUES ('detail','https://a0.muscache.com/im/pictures/2c4973e3-47f8-403d-a0a4-9378becef561.jpg?im_w=720',64);
INSERT INTO image (type, url, room) VALUES ('detail','https://a0.muscache.com/im/pictures/66ffc28f-3739-4931-9cc0-e85a17ff4af1.jpg?im_w=720',64);
INSERT INTO image (type, url, room) VALUES ('detail','https://a0.muscache.com/im/pictures/837fa64f-9dbe-4bfa-a31e-4b9ffe07d8f9.jpg?im_w=720',64);
INSERT INTO image (type, url, room) VALUES ('detail','https://a0.muscache.com/im/pictures/ec995ad9-73c7-4550-ba96-4a11a7f2f7e3.jpg?im_w=720',64);
INSERT INTO image (type, url, room) VALUES ('detail','https://a0.muscache.com/im/pictures/33f7ebf1-6b79-49e4-b31a-d47717a1ee04.jpg?im_w=720',64);
INSERT INTO image (type, url, room) VALUES ('detail','https://a0.muscache.com/im/pictures/0dc4df97-4d1f-4e37-a9f8-a1e28d26baf6.jpg?im_w=720',64);
INSERT INTO image (type, url, room) VALUES ('detail','https://a0.muscache.com/im/pictures/ef75ea3e-0c4a-4fdc-acd9-20498f378c99.jpg?im_w=720',64);
INSERT INTO image (type, url, room) VALUES ('detail','https://a0.muscache.com/im/pictures/c3433fae-a140-44f1-bd60-e66e80a9d697.jpg?im_w=720',64);
INSERT INTO image (type, url, room) VALUES ('detail','https://a0.muscache.com/im/pictures/48aa5007-ca48-476d-9a1e-5f6823386db2.jpg?im_w=720',64);
INSERT INTO image (type, url, room) VALUES ('detail','https://a0.muscache.com/im/pictures/f9b12367-8e80-40f1-9dc5-e43b484286c5.jpg?im_w=720',64);
INSERT INTO image (type, url, room) VALUES ('detail','https://a0.muscache.com/im/pictures/a713ecba-7143-4d0c-805a-b99efb96ea2e.jpg?im_w=720',64);
INSERT INTO image (type, url, room) VALUES ('detail','https://a0.muscache.com/im/pictures/837fa04a-7e7e-403b-8c4e-cc3028b34f4c.jpg?im_w=720',64);
INSERT INTO image (type, url, room) VALUES ('detail','https://a0.muscache.com/im/pictures/1a3d238c-baca-4eca-a991-0a79092ae153.jpg?im_w=720',64);
INSERT INTO image (type, url, room) VALUES ('detail','https://a0.muscache.com/im/pictures/4765b515-e177-4af0-a621-0862e2ad59ca.jpg?im_w=720',64);
INSERT INTO image (type, url, room) VALUES ('detail','https://a0.muscache.com/im/pictures/d36ee4d0-9ea7-4361-8a1c-20f0c4ebc88e.jpg?im_w=720',64);
INSERT INTO image (type, url, room) VALUES ('detail','https://a0.muscache.com/im/pictures/61ba3b23-7319-4153-b50a-3e7bd75b7b07.jpg?im_w=720',64);
INSERT INTO image (type, url, room) VALUES ('detail','https://a0.muscache.com/im/pictures/f2199284-89d3-4efc-a2ba-d64c725bb100.jpg?im_w=720',64);
INSERT INTO image (type, url, room) VALUES ('detail','https://a0.muscache.com/im/pictures/6c0f6a2f-babb-4a35-9de7-502ee9105846.jpg?im_w=720',64);
INSERT INTO image (type, url, room) VALUES ('detail','https://a0.muscache.com/im/pictures/bc6bcd3d-66d7-45fd-b9e3-94e29303c388.jpg?im_w=720',64);
INSERT INTO image (type, url, room) VALUES ('detail','https://a0.muscache.com/im/pictures/c816e305-ae44-4b79-98ee-b4c2513412d3.jpg?im_w=720',64);
INSERT INTO image (type, url, room) VALUES ('detail','https://a0.muscache.com/im/pictures/839f346b-6e0f-42e9-96bd-b5cb1c8a3d4a.jpg?im_w=720',64);
insert into location(id,latitude,longitude,city) values (65,37.998,127.682,'경기');
INSERT INTO room (id, title, description, price_per_day, room_type, bed, max_guest, bathroom, location) VALUES (65,'지혜원','Sabuk-myeon, Chuncheon의 전원주택 전체',75000,'집 전체',0,4,1,65);
INSERT INTO image (type, url, room) VALUES ('thumb','https://a0.muscache.com/im/pictures/14059ee6-c4d7-4e62-8234-1818e715c600.jpg?im_w=720',65);
INSERT INTO image (type, url, room) VALUES ('detail','https://a0.muscache.com/im/pictures/a6f13a82-7e53-401e-9f2e-9ee743412db0.jpg?im_w=720',65);
INSERT INTO image (type, url, room) VALUES ('detail','https://a0.muscache.com/im/pictures/adcf174b-b1c5-429a-92ee-3ff3f00dc635.jpg?im_w=720',65);
INSERT INTO image (type, url, room) VALUES ('detail','https://a0.muscache.com/im/pictures/458d8f22-0521-4933-a061-25065e0ef86a.jpg?im_w=720',65);
INSERT INTO image (type, url, room) VALUES ('detail','https://a0.muscache.com/im/pictures/63fe92bb-091f-4da3-8f6e-c615d7c12ac5.jpg?im_w=720',65);
INSERT INTO image (type, url, room) VALUES ('detail','https://a0.muscache.com/im/pictures/35c8619b-669e-4735-a383-7c257f2e6f93.jpg?im_w=720',65);
INSERT INTO image (type, url, room) VALUES ('detail','https://a0.muscache.com/im/pictures/8fa129ba-2577-4fed-aeed-06df0d1d596b.jpg?im_w=720',65);
INSERT INTO image (type, url, room) VALUES ('detail','https://a0.muscache.com/im/pictures/9ecd2c8b-b8be-493e-9b28-c265287b5678.jpg?im_w=720',65);
INSERT INTO image (type, url, room) VALUES ('detail','https://a0.muscache.com/im/pictures/7c977e71-be81-4b58-a35e-8ca621495c99.jpg?im_w=720',65);
INSERT INTO image (type, url, room) VALUES ('detail','https://a0.muscache.com/im/pictures/8faa36f3-2b54-4668-8d41-604742f69296.jpg?im_w=720',65);
INSERT INTO image (type, url, room) VALUES ('detail','https://a0.muscache.com/im/pictures/3d355581-b383-4819-9048-055787e15360.jpg?im_w=720',65);
INSERT INTO image (type, url, room) VALUES ('detail','https://a0.muscache.com/im/pictures/29bdb02c-c8fc-4dd1-8c08-4957cea7c7b3.jpg?im_w=720',65);
INSERT INTO image (type, url, room) VALUES ('detail','https://a0.muscache.com/im/pictures/708a0561-8663-4534-b050-cf374994d056.jpg?im_w=720',65);
INSERT INTO image (type, url, room) VALUES ('detail','https://a0.muscache.com/im/pictures/9829d580-8f7c-46c3-a14f-e63de2bb0e89.jpg?im_w=720',65);
INSERT INTO image (type, url, room) VALUES ('detail','https://a0.muscache.com/im/pictures/d756ca2f-4d81-415f-a9de-86d856b4fccc.jpg?im_w=720',65);
INSERT INTO image (type, url, room) VALUES ('detail','https://a0.muscache.com/im/pictures/2bc71dfc-8713-48f6-b707-c183f2cd66b0.jpg?im_w=720',65);
INSERT INTO image (type, url, room) VALUES ('detail','https://a0.muscache.com/im/pictures/27593c3d-41f0-40dc-a67e-36b28c65405b.jpg?im_w=720',65);
INSERT INTO image (type, url, room) VALUES ('detail','https://a0.muscache.com/im/pictures/1d8ef709-e5bd-4ce8-b9b5-9270b863e86f.jpg?im_w=720',65);
INSERT INTO image (type, url, room) VALUES ('detail','https://a0.muscache.com/im/pictures/94cca8a9-647c-48dc-af31-e733345cd79c.jpg?im_w=720',65);
INSERT INTO image (type, url, room) VALUES ('detail','https://a0.muscache.com/im/pictures/0944ceeb-f8b3-4915-b415-a3229311841f.jpg?im_w=720',65);
INSERT INTO image (type, url, room) VALUES ('detail','https://a0.muscache.com/im/pictures/f82bc87c-44d1-4e35-b2d7-627169cf9850.jpg?im_w=720',65);
INSERT INTO image (type, url, room) VALUES ('detail','https://a0.muscache.com/im/pictures/47e23a31-cec4-492e-85ee-d17de6cd6fda.jpg?im_w=720',65);
INSERT INTO image (type, url, room) VALUES ('detail','https://a0.muscache.com/im/pictures/b3d7e909-7c3d-49c3-bf5a-1f2c76b1884d.jpg?im_w=720',65);
INSERT INTO image (type, url, room) VALUES ('detail','https://a0.muscache.com/im/pictures/63d61856-27eb-4217-bd60-42132d389ee8.jpg?im_w=720',65);
INSERT INTO image (type, url, room) VALUES ('detail','https://a0.muscache.com/im/pictures/b82b7515-4c70-42c8-b7db-f91ca47ac19c.jpg?im_w=720',65);
INSERT INTO image (type, url, room) VALUES ('detail','https://a0.muscache.com/im/pictures/8aefdb67-2a37-4622-916e-904f7d124b46.jpg?im_w=720',65);
INSERT INTO image (type, url, room) VALUES ('detail','https://a0.muscache.com/im/pictures/67bc7b8d-13be-42de-9308-14d0da9a6d83.jpg?im_w=720',65);
INSERT INTO image (type, url, room) VALUES ('detail','https://a0.muscache.com/im/pictures/a0d8325d-bb46-4f4b-974d-3ecfde9468ce.jpg?im_w=720',65);
INSERT INTO image (type, url, room) VALUES ('detail','https://a0.muscache.com/im/pictures/3aa43dc9-a4d9-41cc-90a9-6f9c84bcf638.jpg?im_w=720',65);
INSERT INTO image (type, url, room) VALUES ('detail','https://a0.muscache.com/im/pictures/a6bbc5a0-8e34-4f44-ba0d-227357af7928.jpg?im_w=720',65);
insert into location(id,latitude,longitude,city) values (66,37.381,127.117,'경기');
INSERT INTO room (id, title, description, price_per_day, room_type, bed, max_guest, bathroom, location) VALUES (66,'🌸오-늘행복스테이🌸, 인생샷 예쁜 인테리어 (수내역 도보3분, 서현역 도보10분)','Sunae 1(il)-dong, Bundang-gu, Seongnam-si의 아파트 전체',90000,'집 전체',1,2,1,66);
INSERT INTO image (type, url, room) VALUES ('thumb','https://a0.muscache.com/im/pictures/870e8471-a858-48de-9383-c51ed5857b17.jpg?im_w=720',66);
INSERT INTO image (type, url, room) VALUES ('detail','https://a0.muscache.com/im/pictures/miso/Hosting-47056084/original/05ce6b93-c250-4bc0-bb72-00065b2cf92a.jpeg?im_w=720',66);
INSERT INTO image (type, url, room) VALUES ('detail','https://a0.muscache.com/im/pictures/4ab4e49f-4e94-4fc5-9011-65019048bab8.jpg?im_w=720',66);
INSERT INTO image (type, url, room) VALUES ('detail','https://a0.muscache.com/im/pictures/0b81c7fd-e11f-49fd-8b85-599161265f14.jpg?im_w=720',66);
INSERT INTO image (type, url, room) VALUES ('detail','https://a0.muscache.com/im/pictures/3f9fedaf-e321-4c5f-b61c-22831fd9a970.jpg?im_w=720',66);
INSERT INTO image (type, url, room) VALUES ('detail','https://a0.muscache.com/im/pictures/fa7a8ef1-37d8-4d90-a917-40af8721c43b.jpg?im_w=720',66);
INSERT INTO image (type, url, room) VALUES ('detail','https://a0.muscache.com/im/pictures/a7d74612-82c1-41fd-a5f6-0d3f27cba3a6.jpg?im_w=720',66);
INSERT INTO image (type, url, room) VALUES ('detail','https://a0.muscache.com/im/pictures/ed27c630-be3a-4333-bc93-36383251d90c.jpg?im_w=720',66);
INSERT INTO image (type, url, room) VALUES ('detail','https://a0.muscache.com/im/pictures/b40ac075-5b8c-4d86-be43-83f6d0c78b13.jpg?im_w=720',66);
INSERT INTO image (type, url, room) VALUES ('detail','https://a0.muscache.com/im/pictures/86ed6642-a931-4dff-8548-f44fd66cd137.jpg?im_w=720',66);
INSERT INTO image (type, url, room) VALUES ('detail','https://a0.muscache.com/im/pictures/eaf75160-416e-4c86-ad17-bbbab773f699.jpg?im_w=720',66);
INSERT INTO image (type, url, room) VALUES ('detail','https://a0.muscache.com/im/pictures/86a02f58-4e23-4adc-83ea-3b0a6eefde83.jpg?im_w=720',66);
INSERT INTO image (type, url, room) VALUES ('detail','https://a0.muscache.com/im/pictures/d307e957-7631-4eab-a84f-bedcc78366bc.jpg?im_w=720',66);
INSERT INTO image (type, url, room) VALUES ('detail','https://a0.muscache.com/im/pictures/c6f2f41a-72ef-45a3-97f9-714c5c528667.jpg?im_w=720',66);
INSERT INTO image (type, url, room) VALUES ('detail','https://a0.muscache.com/im/pictures/b740a980-e1c4-4932-95b7-6230458be6e8.jpg?im_w=720',66);
INSERT INTO image (type, url, room) VALUES ('detail','https://a0.muscache.com/im/pictures/8eea483e-37c2-426e-bb48-fe162ff45f21.jpg?im_w=720',66);
INSERT INTO image (type, url, room) VALUES ('detail','https://a0.muscache.com/im/pictures/e1308e51-5ba3-4631-9c3f-56be1b8dda6c.jpg?im_w=720',66);
INSERT INTO image (type, url, room) VALUES ('detail','https://a0.muscache.com/im/pictures/70bd0b6a-4bac-470b-b2dd-ed9d2a58e1ff.jpg?im_w=720',66);
INSERT INTO image (type, url, room) VALUES ('detail','https://a0.muscache.com/im/pictures/06886f15-9dac-42b6-b19b-61c9f403581e.jpg?im_w=720',66);
INSERT INTO image (type, url, room) VALUES ('detail','https://a0.muscache.com/im/pictures/fd5513e0-6951-4359-9580-82791e32f22d.jpg?im_w=720',66);
INSERT INTO image (type, url, room) VALUES ('detail','https://a0.muscache.com/im/pictures/c115180a-5e74-45ff-84b2-edf2ea150812.jpg?im_w=720',66);
INSERT INTO image (type, url, room) VALUES ('detail','https://a0.muscache.com/im/pictures/8300becc-334a-4ca1-bad9-dc8e79266f6d.jpg?im_w=720',66);
INSERT INTO image (type, url, room) VALUES ('detail','https://a0.muscache.com/im/pictures/326383e4-83f5-4bd4-9f6d-ed45102b8483.jpg?im_w=720',66);
INSERT INTO image (type, url, room) VALUES ('detail','https://a0.muscache.com/im/pictures/eee528fe-f560-4a25-ac7e-b3aebe487410.jpg?im_w=720',66);
INSERT INTO image (type, url, room) VALUES ('detail','https://a0.muscache.com/im/pictures/4371ce14-f9c5-460b-b8f6-cc3a9c2a4318.jpg?im_w=720',66);
INSERT INTO image (type, url, room) VALUES ('detail','https://a0.muscache.com/im/pictures/c3c36a0c-2c41-43b8-849a-2e480d37214c.jpg?im_w=720',66);
INSERT INTO image (type, url, room) VALUES ('detail','https://a0.muscache.com/im/pictures/1f3c1a42-93ce-4908-a051-c320fa0c5b13.jpg?im_w=720',66);
INSERT INTO image (type, url, room) VALUES ('detail','https://a0.muscache.com/im/pictures/a80eb4a4-8aa3-4ec0-8f78-2d543d66633f.jpg?im_w=720',66);
INSERT INTO image (type, url, room) VALUES ('detail','https://a0.muscache.com/im/pictures/0b471bce-20cf-452b-bf6f-75ad867a22bb.jpg?im_w=720',66);
INSERT INTO image (type, url, room) VALUES ('detail','https://a0.muscache.com/im/pictures/da3d52fd-1775-42de-ac46-92615b19d2f4.jpg?im_w=720',66);
insert into location(id,latitude,longitude,city) values (67,37.579,126.982,'경기');
INSERT INTO room (id, title, description, price_per_day, room_type, bed, max_guest, bathroom, location) VALUES (67,'[NEW OPEN]이호소락•釐毫小樂','Samcheong-dong, Jongno-gu의 집 전체',95000,'집 전체',1,2,1,67);
INSERT INTO image (type, url, room) VALUES ('thumb','https://a0.muscache.com/im/pictures/0447aec6-f865-4f95-8c6a-0a4955d16771.jpg?im_w=720',67);
INSERT INTO image (type, url, room) VALUES ('detail','https://a0.muscache.com/im/pictures/163c8a84-1706-4e02-a353-0ed6c4fb2315.jpg?im_w=720',67);
INSERT INTO image (type, url, room) VALUES ('detail','https://a0.muscache.com/im/pictures/1c3c9906-03ce-46f1-8d1c-16ad2825c48f.jpg?im_w=720',67);
INSERT INTO image (type, url, room) VALUES ('detail','https://a0.muscache.com/im/pictures/17f5a7c9-beda-42aa-b116-8a7bcc3a41ce.jpg?im_w=720',67);
INSERT INTO image (type, url, room) VALUES ('detail','https://a0.muscache.com/im/pictures/fb0bf030-dd46-4bd4-a947-5a44f92025b2.jpg?im_w=720',67);
INSERT INTO image (type, url, room) VALUES ('detail','https://a0.muscache.com/im/pictures/9373df96-aa5a-4ed6-b286-87d63a46bde2.jpg?im_w=720',67);
INSERT INTO image (type, url, room) VALUES ('detail','https://a0.muscache.com/im/pictures/483d7cc7-8f42-41da-8058-d879a1ea2087.jpg?im_w=720',67);
INSERT INTO image (type, url, room) VALUES ('detail','https://a0.muscache.com/im/pictures/e8f64458-15bc-4fc3-8c26-04d9ac45e099.jpg?im_w=720',67);
INSERT INTO image (type, url, room) VALUES ('detail','https://a0.muscache.com/im/pictures/646f0655-a420-4788-b1f5-ed189988a306.jpg?im_w=720',67);
INSERT INTO image (type, url, room) VALUES ('detail','https://a0.muscache.com/im/pictures/5936b830-edb9-4335-8df1-5e349f284b6f.jpg?im_w=720',67);
INSERT INTO image (type, url, room) VALUES ('detail','https://a0.muscache.com/im/pictures/4c5464a9-622d-4f32-98e8-4ceb052df473.jpg?im_w=720',67);
INSERT INTO image (type, url, room) VALUES ('detail','https://a0.muscache.com/im/pictures/9fc69727-b36c-4806-9b60-273e2352a8a3.jpg?im_w=720',67);
INSERT INTO image (type, url, room) VALUES ('detail','https://a0.muscache.com/im/pictures/9922c49f-6ea9-435f-84a5-ed1b0e6977c7.jpg?im_w=720',67);
INSERT INTO image (type, url, room) VALUES ('detail','https://a0.muscache.com/im/pictures/47510ee3-5b06-4ce1-b730-5194c315d22b.jpg?im_w=720',67);
INSERT INTO image (type, url, room) VALUES ('detail','https://a0.muscache.com/im/pictures/2e0f0d5a-e02b-4cf3-bf60-0c2e24f12023.jpg?im_w=720',67);
INSERT INTO image (type, url, room) VALUES ('detail','https://a0.muscache.com/im/pictures/5c6e9c0e-444d-4857-b694-3adf0159bdf5.jpg?im_w=720',67);
INSERT INTO image (type, url, room) VALUES ('detail','https://a0.muscache.com/im/pictures/4f3e69bd-c664-4f83-9dc2-67d93d6bc344.jpg?im_w=720',67);
INSERT INTO image (type, url, room) VALUES ('detail','https://a0.muscache.com/im/pictures/5546ab94-4979-451b-bd35-e69c4fde2d41.jpg?im_w=720',67);
INSERT INTO image (type, url, room) VALUES ('detail','https://a0.muscache.com/im/pictures/1bf1c1d4-6240-448c-979d-49df0e0dfd06.jpg?im_w=720',67);
INSERT INTO image (type, url, room) VALUES ('detail','https://a0.muscache.com/im/pictures/fb068d44-2a15-4557-b877-61ed52bb979f.jpg?im_w=720',67);
INSERT INTO image (type, url, room) VALUES ('detail','https://a0.muscache.com/im/pictures/2aa7a572-7717-4095-b9e6-d60c78ed9cdb.jpg?im_w=720',67);
INSERT INTO image (type, url, room) VALUES ('detail','https://a0.muscache.com/im/pictures/bd391317-3c05-42c0-b2ef-e0cd62ef3d49.jpg?im_w=720',67);
INSERT INTO image (type, url, room) VALUES ('detail','https://a0.muscache.com/im/pictures/77caaaed-adef-421c-bde5-f0248fcd745b.jpg?im_w=720',67);
INSERT INTO image (type, url, room) VALUES ('detail','https://a0.muscache.com/im/pictures/18b20331-75d4-4b53-b9a8-683c57ff1a66.jpg?im_w=720',67);
INSERT INTO image (type, url, room) VALUES ('detail','https://a0.muscache.com/im/pictures/37b998e6-ead1-4470-891f-3d11c4ee0978.jpg?im_w=720',67);
INSERT INTO image (type, url, room) VALUES ('detail','https://a0.muscache.com/im/pictures/49846ba1-4c43-46b8-818a-6b213ab71374.jpg?im_w=720',67);
INSERT INTO image (type, url, room) VALUES ('detail','https://a0.muscache.com/im/pictures/4a8f909a-30e4-4751-9af5-7b05e4d2522d.jpg?im_w=720',67);
INSERT INTO image (type, url, room) VALUES ('detail','https://a0.muscache.com/im/pictures/39190316-1a22-4384-81bf-2312f24221a0.jpg?im_w=720',67);
INSERT INTO image (type, url, room) VALUES ('detail','https://a0.muscache.com/im/pictures/0038b818-055a-46ae-977f-fe02ec932b4b.jpg?im_w=720',67);
INSERT INTO image (type, url, room) VALUES ('detail','https://a0.muscache.com/im/pictures/53fe9185-861d-4871-bc3f-6947c64a52ba.jpg?im_w=720',67);
insert into location(id,latitude,longitude,city) values (68,37.317,127.417,'경기');
INSERT INTO room (id, title, description, price_per_day, room_type, bed, max_guest, bathroom, location) VALUES (68,'(.5민박)-맥가이버와 숨숨이동물들과 살고있는예술가^^#오직한팀380평#~사방휀스~','Sindun-myeon, Icheon-si의 전원주택 전체',85000,'집 전체',1,6,1,68);
INSERT INTO image (type, url, room) VALUES ('thumb','https://a0.muscache.com/im/pictures/d64dfdf7-1805-4c9e-908d-7bd909e400ae.jpg?im_w=720',68);
INSERT INTO image (type, url, room) VALUES ('detail','https://a0.muscache.com/im/pictures/675260da-e014-4311-bea7-805e95b72c2a.jpg?im_w=720',68);
INSERT INTO image (type, url, room) VALUES ('detail','https://a0.muscache.com/im/pictures/ec1e2b8d-a484-41d4-b91f-6286e727b8ff.jpg?im_w=720',68);
INSERT INTO image (type, url, room) VALUES ('detail','https://a0.muscache.com/im/pictures/3b6cc704-4322-4856-a03f-1371bed662aa.jpg?im_w=720',68);
INSERT INTO image (type, url, room) VALUES ('detail','https://a0.muscache.com/im/pictures/6d1cb10e-1ef2-4135-859e-9ff8f022bbbc.jpg?im_w=720',68);
INSERT INTO image (type, url, room) VALUES ('detail','https://a0.muscache.com/im/pictures/dad26169-5c5c-419e-a312-ee0a0493fc09.jpg?im_w=720',68);
INSERT INTO image (type, url, room) VALUES ('detail','https://a0.muscache.com/im/pictures/bf2ffcd9-2b59-4cc4-9239-bd91db7944eb.jpg?im_w=720',68);
INSERT INTO image (type, url, room) VALUES ('detail','https://a0.muscache.com/im/pictures/0706478f-e7c4-4148-b9d2-dc01787b423a.jpg?im_w=720',68);
INSERT INTO image (type, url, room) VALUES ('detail','https://a0.muscache.com/im/pictures/c5a073dc-91d2-4c91-abfd-4fc66009517d.jpg?im_w=720',68);
INSERT INTO image (type, url, room) VALUES ('detail','https://a0.muscache.com/im/pictures/1dfb50fc-1b92-4297-acb6-c078e5a6f78d.jpg?im_w=720',68);
INSERT INTO image (type, url, room) VALUES ('detail','https://a0.muscache.com/im/pictures/416717be-98fa-4002-a085-73eda04e3faa.jpg?im_w=720',68);
INSERT INTO image (type, url, room) VALUES ('detail','https://a0.muscache.com/im/pictures/5f1eacdf-6c35-46f0-bd9e-2ce0c8510f3b.jpg?im_w=720',68);
INSERT INTO image (type, url, room) VALUES ('detail','https://a0.muscache.com/im/pictures/587c8a7e-0880-42cb-b66e-bb77964092f9.jpg?im_w=720',68);
INSERT INTO image (type, url, room) VALUES ('detail','https://a0.muscache.com/im/pictures/4c994326-1f79-43eb-9470-cabd9914d857.jpg?im_w=720',68);
INSERT INTO image (type, url, room) VALUES ('detail','https://a0.muscache.com/im/pictures/d9f5f682-c618-4ab7-87d8-f525dfbbe6e9.jpg?im_w=720',68);
INSERT INTO image (type, url, room) VALUES ('detail','https://a0.muscache.com/im/pictures/ba8448d3-8b83-4244-b4c0-52f4325e15f1.jpg?im_w=720',68);
INSERT INTO image (type, url, room) VALUES ('detail','https://a0.muscache.com/im/pictures/7595e957-c68f-4b00-a737-16d1a408be61.jpg?im_w=720',68);
INSERT INTO image (type, url, room) VALUES ('detail','https://a0.muscache.com/im/pictures/080f66c6-3b61-48aa-8012-b4469fae986d.jpg?im_w=720',68);
INSERT INTO image (type, url, room) VALUES ('detail','https://a0.muscache.com/im/pictures/885eae78-a9c0-47a8-82a9-b959ef2b2aed.jpg?im_w=720',68);
INSERT INTO image (type, url, room) VALUES ('detail','https://a0.muscache.com/im/pictures/ab18a10e-3ce0-422d-95ef-88debd6cb0ad.jpg?im_w=720',68);
INSERT INTO image (type, url, room) VALUES ('detail','https://a0.muscache.com/im/pictures/5405646b-8e29-4297-a6cc-9ce81d0aff37.jpg?im_w=720',68);
INSERT INTO image (type, url, room) VALUES ('detail','https://a0.muscache.com/im/pictures/03161b50-c738-4f5f-9d73-5c8b172d5a4b.jpg?im_w=720',68);
INSERT INTO image (type, url, room) VALUES ('detail','https://a0.muscache.com/im/pictures/5c398264-38f8-4369-b21c-aa791b300152.jpg?im_w=720',68);
INSERT INTO image (type, url, room) VALUES ('detail','https://a0.muscache.com/im/pictures/847ea176-f517-43c8-ab3c-6f66b16aa6c5.jpg?im_w=720',68);
INSERT INTO image (type, url, room) VALUES ('detail','https://a0.muscache.com/im/pictures/1b3b862b-052d-4e6b-a60f-187424d8dbd9.jpg?im_w=720',68);
INSERT INTO image (type, url, room) VALUES ('detail','https://a0.muscache.com/im/pictures/9e7473d8-d939-43bb-a722-0507bad7643e.jpg?im_w=720',68);
INSERT INTO image (type, url, room) VALUES ('detail','https://a0.muscache.com/im/pictures/565a0172-c3c9-4276-b3dc-5ec645464769.jpg?im_w=720',68);
INSERT INTO image (type, url, room) VALUES ('detail','https://a0.muscache.com/im/pictures/2da915ed-d250-4e1a-805f-8f83de46a674.jpg?im_w=720',68);
INSERT INTO image (type, url, room) VALUES ('detail','https://a0.muscache.com/im/pictures/45595677-bdf2-406a-8485-87d2f1773db3.jpg?im_w=720',68);
INSERT INTO image (type, url, room) VALUES ('detail','https://a0.muscache.com/im/pictures/b4a17c06-796d-49a3-a792-051e9cfcef5b.jpg?im_w=720',68);
insert into location(id,latitude,longitude,city) values (69,37.686,127.237,'경기');
INSERT INTO room (id, title, description, price_per_day, room_type, bed, max_guest, bathroom, location) VALUES (69,'그랜마 하우스#2','Onam-eup, Namyangju-si의 통나무집 전체',97000,'집 전체',1,4,1,69);
INSERT INTO image (type, url, room) VALUES ('thumb','https://a0.muscache.com/im/pictures/cd63d697-b3ae-4b09-a282-499a47e50f7b.jpg?im_w=720',69);
INSERT INTO image (type, url, room) VALUES ('detail','https://a0.muscache.com/im/pictures/6c9f10b5-f275-4f9a-a680-c8b6270163c9.jpg?im_w=720',69);
INSERT INTO image (type, url, room) VALUES ('detail','https://a0.muscache.com/im/pictures/cbe42184-dd7a-484a-b04e-ddd4ba379b28.jpg?im_w=720',69);
INSERT INTO image (type, url, room) VALUES ('detail','https://a0.muscache.com/im/pictures/6cb1e926-9565-45e9-81b7-5b3603725372.jpg?im_w=720',69);
INSERT INTO image (type, url, room) VALUES ('detail','https://a0.muscache.com/im/pictures/18aa35f6-8c62-49c3-9a19-5a096d5b8405.jpg?im_w=720',69);
INSERT INTO image (type, url, room) VALUES ('detail','https://a0.muscache.com/im/pictures/4066ed82-5ce2-449d-94b3-8edc6c208463.jpg?im_w=720',69);
INSERT INTO image (type, url, room) VALUES ('detail','https://a0.muscache.com/im/pictures/a9f167c8-6d5b-4300-b542-b917adab9d41.jpg?im_w=720',69);
INSERT INTO image (type, url, room) VALUES ('detail','https://a0.muscache.com/im/pictures/decc44dc-6a64-4c84-a58d-2eecb3dcdbe3.jpg?im_w=720',69);
INSERT INTO image (type, url, room) VALUES ('detail','https://a0.muscache.com/im/pictures/59606335-c36d-4f0b-8a6f-a767d943eb38.jpg?im_w=720',69);
INSERT INTO image (type, url, room) VALUES ('detail','https://a0.muscache.com/im/pictures/ad83912b-78ed-4f3c-8887-ec78c1c7df43.jpg?im_w=720',69);
INSERT INTO image (type, url, room) VALUES ('detail','https://a0.muscache.com/im/pictures/30da6f39-704a-4c78-a4a2-ace698a279ca.jpg?im_w=720',69);
INSERT INTO image (type, url, room) VALUES ('detail','https://a0.muscache.com/im/pictures/8b6d04ae-7e36-48cd-9e3c-8a919b88f28f.jpg?im_w=720',69);
INSERT INTO image (type, url, room) VALUES ('detail','https://a0.muscache.com/im/pictures/ff6315f8-8669-49e4-a11b-7c6b70a4503c.jpg?im_w=720',69);
INSERT INTO image (type, url, room) VALUES ('detail','https://a0.muscache.com/im/pictures/bd25513d-2458-450d-a646-0186e332a812.jpg?im_w=720',69);
INSERT INTO image (type, url, room) VALUES ('detail','https://a0.muscache.com/im/pictures/ca28cd22-740d-45c7-b85e-9a060fd831e1.jpg?im_w=720',69);
INSERT INTO image (type, url, room) VALUES ('detail','https://a0.muscache.com/im/pictures/655e905d-6a44-4f5d-919e-bd8394658570.jpg?im_w=720',69);
INSERT INTO image (type, url, room) VALUES ('detail','https://a0.muscache.com/im/pictures/0c556be4-ad6c-4d7a-8ee4-1efcdd0338bb.jpg?im_w=720',69);
INSERT INTO image (type, url, room) VALUES ('detail','https://a0.muscache.com/im/pictures/9b1ec072-21ec-47e5-bad9-efb899dcbf36.jpg?im_w=720',69);
INSERT INTO image (type, url, room) VALUES ('detail','https://a0.muscache.com/im/pictures/843f8161-92b4-436c-9202-9517ae268081.jpg?im_w=720',69);
INSERT INTO image (type, url, room) VALUES ('detail','https://a0.muscache.com/im/pictures/25a9b0c7-d970-4c72-a486-8b7970f2ca23.jpg?im_w=720',69);
INSERT INTO image (type, url, room) VALUES ('detail','https://a0.muscache.com/im/pictures/d0c1af4e-a4f1-4f9b-83e6-0c7a95b31fec.jpg?im_w=720',69);
INSERT INTO image (type, url, room) VALUES ('detail','https://a0.muscache.com/im/pictures/d7c30cfd-e62e-486b-9ee4-045d3a9a4730.jpg?im_w=720',69);
INSERT INTO image (type, url, room) VALUES ('detail','https://a0.muscache.com/im/pictures/cededac0-bf70-4308-a532-ff2a08201a06.jpg?im_w=720',69);
INSERT INTO image (type, url, room) VALUES ('detail','https://a0.muscache.com/im/pictures/85e22e3b-ac9b-43b8-9074-53e458b8b83a.jpg?im_w=720',69);
insert into location(id,latitude,longitude,city) values (70,37.481,127.473,'경기');
INSERT INTO room (id, title, description, price_per_day, room_type, bed, max_guest, bathroom, location) VALUES (70,'전망좋은 단지내 게스트하우스, 양평시내와 가까운 강상면 숙소 ‘휴가’','Gangsang-myeon, Yangpyeong-gun의 전원주택 전체',90000,'집 전체',2,2,1,70);
INSERT INTO image (type, url, room) VALUES ('thumb','https://a0.muscache.com/im/pictures/57e41b94-36b9-4a59-b665-6121fb415d7a.jpg?im_w=720',70);
INSERT INTO image (type, url, room) VALUES ('detail','https://a0.muscache.com/im/pictures/8d653c86-fb0e-43dd-95e8-be1a71e7cfa5.jpg?im_w=720',70);
INSERT INTO image (type, url, room) VALUES ('detail','https://a0.muscache.com/im/pictures/bbed66b0-d3e5-4007-b467-21fbfc8cfa0f.jpg?im_w=720',70);
INSERT INTO image (type, url, room) VALUES ('detail','https://a0.muscache.com/im/pictures/3e92bb7a-232a-4d0d-b1e8-75335257186d.jpg?im_w=720',70);
INSERT INTO image (type, url, room) VALUES ('detail','https://a0.muscache.com/im/pictures/miso/Hosting-45557437/original/76a3800d-2601-4ae3-8f71-3d6e7960d80a.jpeg?im_w=720',70);
INSERT INTO image (type, url, room) VALUES ('detail','https://a0.muscache.com/im/pictures/miso/Hosting-45557437/original/26d7930b-f6d9-4104-bfb2-7291d8d3cd65.jpeg?im_w=720',70);
INSERT INTO image (type, url, room) VALUES ('detail','https://a0.muscache.com/im/pictures/miso/Hosting-45557437/original/165f984a-513b-4707-be1d-c7a7dff7ba5a.jpeg?im_w=720',70);
INSERT INTO image (type, url, room) VALUES ('detail','https://a0.muscache.com/im/pictures/miso/Hosting-45557437/original/c4253a2e-b855-41c9-81ca-141a288b5f60.jpeg?im_w=720',70);
INSERT INTO image (type, url, room) VALUES ('detail','https://a0.muscache.com/im/pictures/miso/Hosting-45557437/original/0066ed9f-a025-4394-9ca1-7d38652cabae.jpeg?im_w=720',70);
INSERT INTO image (type, url, room) VALUES ('detail','https://a0.muscache.com/im/pictures/miso/Hosting-45557437/original/1742d2a5-f812-487c-88a9-b186545de57c.jpeg?im_w=720',70);
INSERT INTO image (type, url, room) VALUES ('detail','https://a0.muscache.com/im/pictures/miso/Hosting-45557437/original/83a28c95-6932-4b15-9898-31cdd7ee5c73.jpeg?im_w=720',70);
INSERT INTO image (type, url, room) VALUES ('detail','https://a0.muscache.com/im/pictures/miso/Hosting-45557437/original/df9ad5d6-d3e2-497f-95c1-09a285c96d44.jpeg?im_w=720',70);
INSERT INTO image (type, url, room) VALUES ('detail','https://a0.muscache.com/im/pictures/miso/Hosting-45557437/original/f47ee84f-82ff-4599-8e9e-efe8eed36d0c.jpeg?im_w=720',70);
INSERT INTO image (type, url, room) VALUES ('detail','https://a0.muscache.com/im/pictures/807a138c-b020-4cce-a753-b858f297de19.jpg?im_w=720',70);
INSERT INTO image (type, url, room) VALUES ('detail','https://a0.muscache.com/im/pictures/f6ca50da-9073-4e1a-87bb-56f675dad8fb.jpg?im_w=720',70);
INSERT INTO image (type, url, room) VALUES ('detail','https://a0.muscache.com/im/pictures/3ab13007-ad5c-4fd0-a843-628c3c6f0f00.jpg?im_w=720',70);
INSERT INTO image (type, url, room) VALUES ('detail','https://a0.muscache.com/im/pictures/eb8ca70f-f533-4358-851a-4e8cca0718a4.jpg?im_w=720',70);
INSERT INTO image (type, url, room) VALUES ('detail','https://a0.muscache.com/im/pictures/1d6e3603-5a0f-474d-af03-4e1625cf061e.jpg?im_w=720',70);
INSERT INTO image (type, url, room) VALUES ('detail','https://a0.muscache.com/im/pictures/29982584-2626-4144-af90-0988b51dda49.jpg?im_w=720',70);
insert into location(id,latitude,longitude,city) values (71,37.743,127.307,'경기');
INSERT INTO room (id, title, description, price_per_day, room_type, bed, max_guest, bathroom, location) VALUES (71,'자연과 함께, 가족과 함께, 채이네로 오세요','Sudong-myeon, Namyangju-si의 전원주택 전체',85000,'집 전체',1,7,2,71);
INSERT INTO image (type, url, room) VALUES ('thumb','https://a0.muscache.com/im/pictures/1722768f-59ff-45a1-a1f6-c7bb19e0562b.jpg?im_w=720',71);
INSERT INTO image (type, url, room) VALUES ('detail','https://a0.muscache.com/im/pictures/99a8bad3-2509-4723-8a39-aaa15936e888.jpg?im_w=720',71);
INSERT INTO image (type, url, room) VALUES ('detail','https://a0.muscache.com/im/pictures/b6db1ad8-0fed-47f8-ae4e-f7ff2a6c57a6.jpg?im_w=720',71);
INSERT INTO image (type, url, room) VALUES ('detail','https://a0.muscache.com/im/pictures/2880946f-d497-4692-a485-c54f99e7b61f.jpg?im_w=720',71);
INSERT INTO image (type, url, room) VALUES ('detail','https://a0.muscache.com/im/pictures/e9bdc3a6-8305-4719-bd1c-30d1984a7d26.jpg?im_w=720',71);
INSERT INTO image (type, url, room) VALUES ('detail','https://a0.muscache.com/im/pictures/e9e304c6-c95b-46d1-87a5-c8a28066314d.jpg?im_w=720',71);
INSERT INTO image (type, url, room) VALUES ('detail','https://a0.muscache.com/im/pictures/33357308-3507-49e5-aaaf-0b5b9fe234fc.jpg?im_w=720',71);
INSERT INTO image (type, url, room) VALUES ('detail','https://a0.muscache.com/im/pictures/8a3bc3fd-efbf-4c6f-a08d-0110ac672d39.jpg?im_w=720',71);
INSERT INTO image (type, url, room) VALUES ('detail','https://a0.muscache.com/im/pictures/87ef06f4-6a78-43f1-b03c-0734de4e3a36.jpg?im_w=720',71);
INSERT INTO image (type, url, room) VALUES ('detail','https://a0.muscache.com/im/pictures/3de2cfe4-475f-40d7-8f58-702db2abbbf5.jpg?im_w=720',71);
INSERT INTO image (type, url, room) VALUES ('detail','https://a0.muscache.com/im/pictures/2021f072-0d3d-4588-9f12-1d87523168e9.jpg?im_w=720',71);
INSERT INTO image (type, url, room) VALUES ('detail','https://a0.muscache.com/im/pictures/82461627-1135-49d0-aff0-26151f177c29.jpg?im_w=720',71);
INSERT INTO image (type, url, room) VALUES ('detail','https://a0.muscache.com/im/pictures/fd105324-e50d-49d4-ada2-a04b54f818ee.jpg?im_w=720',71);
INSERT INTO image (type, url, room) VALUES ('detail','https://a0.muscache.com/im/pictures/112daabd-3507-4095-b662-4c87990ad0ed.jpg?im_w=720',71);
INSERT INTO image (type, url, room) VALUES ('detail','https://a0.muscache.com/im/pictures/8171bcf4-2796-4be1-bbe6-cc7de103e7c3.jpg?im_w=720',71);
INSERT INTO image (type, url, room) VALUES ('detail','https://a0.muscache.com/im/pictures/47310f91-100d-4d7a-a48e-2e3816d73002.jpg?im_w=720',71);
INSERT INTO image (type, url, room) VALUES ('detail','https://a0.muscache.com/im/pictures/ee7f3c40-390a-42f3-825b-7be454e7ba57.jpg?im_w=720',71);
INSERT INTO image (type, url, room) VALUES ('detail','https://a0.muscache.com/im/pictures/0cee6b9a-f85d-43c0-8175-14b0b6a4d86d.jpg?im_w=720',71);
INSERT INTO image (type, url, room) VALUES ('detail','https://a0.muscache.com/im/pictures/56a019ab-7387-4cca-beab-8247f705ebf5.jpg?im_w=720',71);
INSERT INTO image (type, url, room) VALUES ('detail','https://a0.muscache.com/im/pictures/6b590acd-2617-4959-96c6-7fb3c709f7d8.jpg?im_w=720',71);
INSERT INTO image (type, url, room) VALUES ('detail','https://a0.muscache.com/im/pictures/a0b69d06-005f-4547-90d4-f3eeabfb4ae1.jpg?im_w=720',71);
INSERT INTO image (type, url, room) VALUES ('detail','https://a0.muscache.com/im/pictures/ca86bf35-93cc-47b3-8345-209334bbf731.jpg?im_w=720',71);
INSERT INTO image (type, url, room) VALUES ('detail','https://a0.muscache.com/im/pictures/d120391d-0aeb-4720-acd5-5a35e6907e25.jpg?im_w=720',71);
INSERT INTO image (type, url, room) VALUES ('detail','https://a0.muscache.com/im/pictures/a42a5d6e-40c8-4b77-8303-2e65263d1cc7.jpg?im_w=720',71);
INSERT INTO image (type, url, room) VALUES ('detail','https://a0.muscache.com/im/pictures/312d8ea5-c0c6-4190-b7e8-6fc9ffc19467.jpg?im_w=720',71);
INSERT INTO image (type, url, room) VALUES ('detail','https://a0.muscache.com/im/pictures/c9557ca3-df6d-4125-8098-b26ea14c34d3.jpg?im_w=720',71);
INSERT INTO image (type, url, room) VALUES ('detail','https://a0.muscache.com/im/pictures/0faa6b46-69ee-4784-8c60-3d4de07ff220.jpg?im_w=720',71);
INSERT INTO image (type, url, room) VALUES ('detail','https://a0.muscache.com/im/pictures/9e06864d-e5f3-4e58-b2df-ce48b0307644.jpg?im_w=720',71);
INSERT INTO image (type, url, room) VALUES ('detail','https://a0.muscache.com/im/pictures/5d269e8a-eddd-4069-a987-d502ebcb387a.jpg?im_w=720',71);
INSERT INTO image (type, url, room) VALUES ('detail','https://a0.muscache.com/im/pictures/087f711c-ae64-43aa-86d8-f6c46003ecfa.jpg?im_w=720',71);
insert into location(id,latitude,longitude,city) values (72,37.71,126.933,'경기');
INSERT INTO room (id, title, description, price_per_day, room_type, bed, max_guest, bathroom, location) VALUES (72,'일영댁의 루프탑','Jangheung-myeon, Yangju-si의 게스트용 별채 전체',90000,'집 전체',2,4,1,72);
INSERT INTO image (type, url, room) VALUES ('thumb','https://a0.muscache.com/im/pictures/a317fbfd-e121-4bcb-ac8b-f5720aaa016d.jpg?im_w=720',72);
INSERT INTO image (type, url, room) VALUES ('detail','https://a0.muscache.com/im/pictures/8a518449-1d87-4f5b-91db-e40e759db974.jpg?im_w=720',72);
INSERT INTO image (type, url, room) VALUES ('detail','https://a0.muscache.com/im/pictures/4725d94b-3f3b-4567-b5d1-bb08a3a131a0.jpg?im_w=720',72);
INSERT INTO image (type, url, room) VALUES ('detail','https://a0.muscache.com/im/pictures/cd05cf09-c7cf-4058-b6eb-f030bd4b76f4.jpg?im_w=720',72);
INSERT INTO image (type, url, room) VALUES ('detail','https://a0.muscache.com/im/pictures/9273d0a4-a6de-422f-a33b-ea7f78c36504.jpg?im_w=720',72);
INSERT INTO image (type, url, room) VALUES ('detail','https://a0.muscache.com/im/pictures/b6922083-d261-4a3b-a094-091c1e278e25.jpg?im_w=720',72);
INSERT INTO image (type, url, room) VALUES ('detail','https://a0.muscache.com/im/pictures/791a9bc1-af5a-46b1-960e-181075bcb1ba.jpg?im_w=720',72);
INSERT INTO image (type, url, room) VALUES ('detail','https://a0.muscache.com/im/pictures/ff8e60de-017b-4071-a389-eb556b80655f.jpg?im_w=720',72);
INSERT INTO image (type, url, room) VALUES ('detail','https://a0.muscache.com/im/pictures/c6548f52-dbd9-4985-9773-674451262c24.jpg?im_w=720',72);
INSERT INTO image (type, url, room) VALUES ('detail','https://a0.muscache.com/im/pictures/bd108df7-a740-47f2-8803-f7660e24ede3.jpg?im_w=720',72);
INSERT INTO image (type, url, room) VALUES ('detail','https://a0.muscache.com/im/pictures/7a8813fb-84d4-44af-a0a1-3968691e928f.jpg?im_w=720',72);
INSERT INTO image (type, url, room) VALUES ('detail','https://a0.muscache.com/im/pictures/f49f39cb-6316-46bb-a515-bee1d98117f0.jpg?im_w=720',72);
INSERT INTO image (type, url, room) VALUES ('detail','https://a0.muscache.com/im/pictures/ef784fe9-1a56-4f81-9768-0d32cc05be6d.jpg?im_w=720',72);
INSERT INTO image (type, url, room) VALUES ('detail','https://a0.muscache.com/im/pictures/81d04dd9-19f5-449c-9f52-8457dd8ef6ba.jpg?im_w=720',72);
INSERT INTO image (type, url, room) VALUES ('detail','https://a0.muscache.com/im/pictures/fee68c25-360a-46e7-b16e-4d43a24e7de0.jpg?im_w=720',72);
INSERT INTO image (type, url, room) VALUES ('detail','https://a0.muscache.com/im/pictures/8c7bf879-7c10-4bae-8109-ff1a06b20e00.jpg?im_w=720',72);
INSERT INTO image (type, url, room) VALUES ('detail','https://a0.muscache.com/im/pictures/0092d470-b19f-4790-9c88-b35e128f7ca8.jpg?im_w=720',72);
INSERT INTO image (type, url, room) VALUES ('detail','https://a0.muscache.com/im/pictures/29e5e2dc-9d36-4b66-a0cf-1a2b42bacc67.jpg?im_w=720',72);
insert into location(id,latitude,longitude,city) values (73,37.581,127.682,'경기');
INSERT INTO room (id, title, description, price_per_day, room_type, bed, max_guest, bathroom, location) VALUES (73,'B. 아름다운 자연경관과 야외자쿠지가 잘 어우러진 객실 대명비발디 워터파크 15분거리','Danwol-myeon, Yangpyeong의 펜션',100000,'집 전체',1,3,1,73);
INSERT INTO image (type, url, room) VALUES ('thumb','https://a0.muscache.com/im/pictures/52a89730-89c1-4712-8407-02ed705d70e1.jpg?im_w=720',73);
INSERT INTO image (type, url, room) VALUES ('detail','https://a0.muscache.com/im/pictures/a3f94b58-1836-4f06-9bea-ee56d60545cb.jpg?im_w=720',73);
INSERT INTO image (type, url, room) VALUES ('detail','https://a0.muscache.com/im/pictures/e803985d-5406-4804-80f6-61d43f654fd6.jpg?im_w=720',73);
INSERT INTO image (type, url, room) VALUES ('detail','https://a0.muscache.com/im/pictures/6ae1787e-c034-4bb4-ace8-1f2e43313670.jpg?im_w=720',73);
INSERT INTO image (type, url, room) VALUES ('detail','https://a0.muscache.com/im/pictures/3686464d-2e2f-4a2c-a4b0-e52f1f606881.jpg?im_w=720',73);
INSERT INTO image (type, url, room) VALUES ('detail','https://a0.muscache.com/im/pictures/2e018b07-37ae-4398-999c-31eb88891774.jpg?im_w=720',73);
INSERT INTO image (type, url, room) VALUES ('detail','https://a0.muscache.com/im/pictures/0b084ac9-14f6-464b-85c7-5d9c818dce49.jpg?im_w=720',73);
INSERT INTO image (type, url, room) VALUES ('detail','https://a0.muscache.com/im/pictures/64c14892-9302-4570-b9f6-5f7168b3b399.jpg?im_w=720',73);
INSERT INTO image (type, url, room) VALUES ('detail','https://a0.muscache.com/im/pictures/022e542c-b6a2-4047-bc11-8c75ca1c167f.jpg?im_w=720',73);
insert into location(id,latitude,longitude,city) values (74,37.714,126.763,'경기');
INSERT INTO room (id, title, description, price_per_day, room_type, bed, max_guest, bathroom, location) VALUES (74,'• Saudade 사우다지 🌱','Unjeong 3(sam)-dong, Paju-si의 집 전체',100000,'집 전체',2,6,2,74);
INSERT INTO image (type, url, room) VALUES ('thumb','https://a0.muscache.com/im/pictures/5e22526a-3973-4a4c-94b6-acfc8859e3d4.jpg?im_w=720',74);
INSERT INTO image (type, url, room) VALUES ('detail','https://a0.muscache.com/im/pictures/a08df792-6896-4c77-a067-2a4ddf846f37.jpg?im_w=720',74);
INSERT INTO image (type, url, room) VALUES ('detail','https://a0.muscache.com/im/pictures/miso/Hosting-43026496/original/ea2b747d-d449-443d-b1ff-d3b5f12070ed.jpeg?im_w=720',74);
INSERT INTO image (type, url, room) VALUES ('detail','https://a0.muscache.com/im/pictures/93e525e4-0bca-4402-a384-3c1d9d760915.jpg?im_w=720',74);
INSERT INTO image (type, url, room) VALUES ('detail','https://a0.muscache.com/im/pictures/6d5facc2-ec8d-4370-8f0d-15ecc664d01e.jpg?im_w=720',74);
INSERT INTO image (type, url, room) VALUES ('detail','https://a0.muscache.com/im/pictures/fee17237-2ddf-4697-91db-1cb4857c830c.jpg?im_w=720',74);
INSERT INTO image (type, url, room) VALUES ('detail','https://a0.muscache.com/im/pictures/miso/Hosting-43026496/original/e929594d-12b5-4815-8ffd-9af1e5a56735.jpeg?im_w=720',74);
INSERT INTO image (type, url, room) VALUES ('detail','https://a0.muscache.com/im/pictures/miso/Hosting-43026496/original/70856a11-33e6-4dc9-895c-745cc1be6a97.jpeg?im_w=720',74);
INSERT INTO image (type, url, room) VALUES ('detail','https://a0.muscache.com/im/pictures/miso/Hosting-43026496/original/df1c219b-e5ac-42a5-a44a-41f68731911c.jpeg?im_w=720',74);
INSERT INTO image (type, url, room) VALUES ('detail','https://a0.muscache.com/im/pictures/4a1ca157-8898-4143-96b9-2152f060ece9.jpg?im_w=720',74);
INSERT INTO image (type, url, room) VALUES ('detail','https://a0.muscache.com/im/pictures/043a07e1-81b3-4d22-ab2e-8749c6e459d7.jpg?im_w=720',74);
INSERT INTO image (type, url, room) VALUES ('detail','https://a0.muscache.com/im/pictures/miso/Hosting-43026496/original/77face35-d179-4e12-ab18-c5ee7e2924bf.jpeg?im_w=720',74);
INSERT INTO image (type, url, room) VALUES ('detail','https://a0.muscache.com/im/pictures/miso/Hosting-43026496/original/0e7273cb-3950-4585-be11-72cb04f57859.jpeg?im_w=720',74);
INSERT INTO image (type, url, room) VALUES ('detail','https://a0.muscache.com/im/pictures/miso/Hosting-43026496/original/c6837590-e6ab-4f75-b65b-a5b1ee424cba.jpeg?im_w=720',74);
INSERT INTO image (type, url, room) VALUES ('detail','https://a0.muscache.com/im/pictures/miso/Hosting-43026496/original/67769a9a-e95e-47b9-b486-7adced763f32.jpeg?im_w=720',74);
INSERT INTO image (type, url, room) VALUES ('detail','https://a0.muscache.com/im/pictures/ae35c7c3-c1e4-4b25-bd3a-21a53ddaa4f5.jpg?im_w=720',74);
INSERT INTO image (type, url, room) VALUES ('detail','https://a0.muscache.com/im/pictures/cf30fc27-6e80-4c48-b756-5fc19efcfd22.jpg?im_w=720',74);
INSERT INTO image (type, url, room) VALUES ('detail','https://a0.muscache.com/im/pictures/507903e8-9383-4ff7-8d7f-aa65cae5f363.jpg?im_w=720',74);
INSERT INTO image (type, url, room) VALUES ('detail','https://a0.muscache.com/im/pictures/df0e614c-065e-42b2-910d-9489bc5461b1.jpg?im_w=720',74);
INSERT INTO image (type, url, room) VALUES ('detail','https://a0.muscache.com/im/pictures/5255e884-52c9-43d3-90b4-1361785ba38a.jpg?im_w=720',74);
INSERT INTO image (type, url, room) VALUES ('detail','https://a0.muscache.com/im/pictures/e193bf63-6a4b-4685-bc08-c05786984695.jpg?im_w=720',74);
INSERT INTO image (type, url, room) VALUES ('detail','https://a0.muscache.com/im/pictures/9eb8a59f-7917-44ed-b4fd-9de54b87267a.jpg?im_w=720',74);
INSERT INTO image (type, url, room) VALUES ('detail','https://a0.muscache.com/im/pictures/48d07aaf-3dd1-4001-a3cb-81667931045e.jpg?im_w=720',74);
INSERT INTO image (type, url, room) VALUES ('detail','https://a0.muscache.com/im/pictures/6d191d56-69ec-4cb7-8c94-d1d034870309.jpg?im_w=720',74);
INSERT INTO image (type, url, room) VALUES ('detail','https://a0.muscache.com/im/pictures/81e23fd1-d552-422e-9adf-f98cca9d0b52.jpg?im_w=720',74);
INSERT INTO image (type, url, room) VALUES ('detail','https://a0.muscache.com/im/pictures/82dccad7-9a3a-432d-80b3-102b2757606b.jpg?im_w=720',74);
INSERT INTO image (type, url, room) VALUES ('detail','https://a0.muscache.com/im/pictures/bfaee99f-130f-40c7-a672-8dc107201616.jpg?im_w=720',74);
INSERT INTO image (type, url, room) VALUES ('detail','https://a0.muscache.com/im/pictures/c8379b8d-0347-4714-9a0a-f9771f7636dc.jpg?im_w=720',74);
INSERT INTO image (type, url, room) VALUES ('detail','https://a0.muscache.com/im/pictures/b39262c7-ef39-49da-903d-2418216c56ce.jpg?im_w=720',74);
insert into location(id,latitude,longitude,city) values (75,37.597,127.331,'경기');
INSERT INTO room (id, title, description, price_per_day, room_type, bed, max_guest, bathroom, location) VALUES (75,'느리고 가벼운 스테이, 소형 독채 오동재','Namyangju-si, Gyeonggi-do의 전원주택 전체',100000,'집 전체',1,3,1,75);
INSERT INTO image (type, url, room) VALUES ('thumb','https://a0.muscache.com/im/pictures/faf5aa3c-4659-4117-a3c3-997277ca0bb2.jpg?im_w=720',75);
INSERT INTO image (type, url, room) VALUES ('detail','https://a0.muscache.com/im/pictures/7e525895-b8a3-4023-abcb-0d0b9d2b531a.jpg?im_w=720',75);
INSERT INTO image (type, url, room) VALUES ('detail','https://a0.muscache.com/im/pictures/5d381444-8d35-41c7-a5d4-bd0deeec081a.jpg?im_w=720',75);
INSERT INTO image (type, url, room) VALUES ('detail','https://a0.muscache.com/im/pictures/d363359e-1547-4c6f-9630-79688c137dd3.jpg?im_w=720',75);
INSERT INTO image (type, url, room) VALUES ('detail','https://a0.muscache.com/im/pictures/06b83a2c-625c-4387-ae93-e72d92cc9e6f.jpg?im_w=720',75);
INSERT INTO image (type, url, room) VALUES ('detail','https://a0.muscache.com/im/pictures/f4239463-be87-4835-90d7-2968ca49f143.jpg?im_w=720',75);
INSERT INTO image (type, url, room) VALUES ('detail','https://a0.muscache.com/im/pictures/cabe775b-be0f-45d6-ab5b-77350b52c96c.jpg?im_w=720',75);
INSERT INTO image (type, url, room) VALUES ('detail','https://a0.muscache.com/im/pictures/207985fd-f736-474d-87a3-fc163e2437a5.jpg?im_w=720',75);
INSERT INTO image (type, url, room) VALUES ('detail','https://a0.muscache.com/im/pictures/915c5697-6f6c-4efd-a673-b44324b6dd4f.jpg?im_w=720',75);
INSERT INTO image (type, url, room) VALUES ('detail','https://a0.muscache.com/im/pictures/96a90c54-4fc2-4a38-859f-7c369bc32807.jpg?im_w=720',75);
INSERT INTO image (type, url, room) VALUES ('detail','https://a0.muscache.com/im/pictures/19a1535b-42b0-4150-863b-3b46d776eafb.jpg?im_w=720',75);
INSERT INTO image (type, url, room) VALUES ('detail','https://a0.muscache.com/im/pictures/7e09cec3-387a-49c2-8e37-7c54431f9e54.jpg?im_w=720',75);
INSERT INTO image (type, url, room) VALUES ('detail','https://a0.muscache.com/im/pictures/a7300b63-4e3f-4d87-a1db-33fda0a0243a.jpg?im_w=720',75);
INSERT INTO image (type, url, room) VALUES ('detail','https://a0.muscache.com/im/pictures/c579fda6-13d2-492b-a723-09fee9275f3f.jpg?im_w=720',75);
INSERT INTO image (type, url, room) VALUES ('detail','https://a0.muscache.com/im/pictures/892e2781-8c52-4a83-8a74-e5aae8fd0552.jpg?im_w=720',75);
INSERT INTO image (type, url, room) VALUES ('detail','https://a0.muscache.com/im/pictures/f02985c4-6bd9-4c7b-a8d1-d5e47e23e593.jpg?im_w=720',75);
INSERT INTO image (type, url, room) VALUES ('detail','https://a0.muscache.com/im/pictures/bf8506ca-9b51-4016-86ec-ad0622e02cff.jpg?im_w=720',75);
INSERT INTO image (type, url, room) VALUES ('detail','https://a0.muscache.com/im/pictures/ba566f4d-dacb-4cf0-9c85-721be2d969db.jpg?im_w=720',75);
INSERT INTO image (type, url, room) VALUES ('detail','https://a0.muscache.com/im/pictures/89196b34-15c6-4dc2-92a8-607f495615cc.jpg?im_w=720',75);
INSERT INTO image (type, url, room) VALUES ('detail','https://a0.muscache.com/im/pictures/5758f315-7fb0-4308-9719-64481dbe732a.jpg?im_w=720',75);
INSERT INTO image (type, url, room) VALUES ('detail','https://a0.muscache.com/im/pictures/282727c8-656c-47f8-bd09-a525f9761bc1.jpg?im_w=720',75);
INSERT INTO image (type, url, room) VALUES ('detail','https://a0.muscache.com/im/pictures/98e921e4-3fdf-4204-9560-40e5cd678991.jpg?im_w=720',75);
INSERT INTO image (type, url, room) VALUES ('detail','https://a0.muscache.com/im/pictures/67de2d46-b8ab-4f17-8c87-90b049f21136.jpg?im_w=720',75);
INSERT INTO image (type, url, room) VALUES ('detail','https://a0.muscache.com/im/pictures/b4b891c4-06fc-450c-bb53-1ac68bf94da4.jpg?im_w=720',75);
INSERT INTO image (type, url, room) VALUES ('detail','https://a0.muscache.com/im/pictures/505ea94e-b6d5-477a-b70d-7045629b5c16.jpg?im_w=720',75);
INSERT INTO image (type, url, room) VALUES ('detail','https://a0.muscache.com/im/pictures/de2c73e9-16b7-410d-9c07-8f43490b3d52.jpg?im_w=720',75);
INSERT INTO image (type, url, room) VALUES ('detail','https://a0.muscache.com/im/pictures/5b3269ad-a327-45de-b914-9c2c337a0740.jpg?im_w=720',75);
INSERT INTO image (type, url, room) VALUES ('detail','https://a0.muscache.com/im/pictures/2e0aa4af-1018-464b-b6d3-03f3a0d2182a.jpg?im_w=720',75);
INSERT INTO image (type, url, room) VALUES ('detail','https://a0.muscache.com/im/pictures/4f93681b-2b3b-4755-9f8a-7e9ee1bc4332.jpg?im_w=720',75);
insert into location(id,latitude,longitude,city) values (76,37.712,126.762,'경기');
INSERT INTO room (id, title, description, price_per_day, room_type, bed, max_guest, bathroom, location) VALUES (76,'★테라스하우스ㅡ바베큐가능','Unjeong 3(sam)-dong, Paju-si의 집 전체',100000,'집 전체',1,4,1,76);
INSERT INTO image (type, url, room) VALUES ('thumb','https://a0.muscache.com/im/pictures/fbe889e8-63de-4005-88cc-6611d8d96c6f.jpg?im_w=720',76);
INSERT INTO image (type, url, room) VALUES ('detail','https://a0.muscache.com/im/pictures/a9929a8f-1fb9-4692-b828-63006c5d2029.jpg?im_w=720',76);
INSERT INTO image (type, url, room) VALUES ('detail','https://a0.muscache.com/im/pictures/b60987de-257d-4e62-aa50-02a883e88bfa.jpg?im_w=720',76);
INSERT INTO image (type, url, room) VALUES ('detail','https://a0.muscache.com/im/pictures/d0de397a-ddee-4f8f-a77a-580c1b62dae2.jpg?im_w=720',76);
INSERT INTO image (type, url, room) VALUES ('detail','https://a0.muscache.com/im/pictures/209fdb82-685d-4579-85d2-3a15795fce9a.jpg?im_w=720',76);
INSERT INTO image (type, url, room) VALUES ('detail','https://a0.muscache.com/im/pictures/miso/Hosting-44524529/original/ee2a5ea6-4b27-4fe4-bb07-2c5139e48b7c.jpeg?im_w=720',76);
INSERT INTO image (type, url, room) VALUES ('detail','https://a0.muscache.com/im/pictures/730a957d-d839-46b4-886e-eb62c4b1fe9e.jpg?im_w=720',76);
INSERT INTO image (type, url, room) VALUES ('detail','https://a0.muscache.com/im/pictures/42172f09-a0d6-471c-aa08-aeb5279ead1f.jpg?im_w=720',76);
INSERT INTO image (type, url, room) VALUES ('detail','https://a0.muscache.com/im/pictures/8e9d5a53-dbfd-4f73-a9fc-d118edcd1219.jpg?im_w=720',76);
INSERT INTO image (type, url, room) VALUES ('detail','https://a0.muscache.com/im/pictures/miso/Hosting-44524529/original/3754c5f1-7990-4bc0-85ae-cacdd58dd200.jpeg?im_w=720',76);
INSERT INTO image (type, url, room) VALUES ('detail','https://a0.muscache.com/im/pictures/67f77870-e91f-49f2-8d94-352981279468.jpg?im_w=720',76);
INSERT INTO image (type, url, room) VALUES ('detail','https://a0.muscache.com/im/pictures/99b4b96a-e299-4e2e-ad9e-716d1ce240bc.jpg?im_w=720',76);
INSERT INTO image (type, url, room) VALUES ('detail','https://a0.muscache.com/im/pictures/41ed1868-f194-4404-b093-1b19147c10a6.jpg?im_w=720',76);
INSERT INTO image (type, url, room) VALUES ('detail','https://a0.muscache.com/im/pictures/miso/Hosting-44524529/original/76fcfb62-af96-4b55-9147-6b6b52ee5b72.jpeg?im_w=720',76);
INSERT INTO image (type, url, room) VALUES ('detail','https://a0.muscache.com/im/pictures/36eee615-c410-4637-8aa0-fecbfa6fc654.jpg?im_w=720',76);
INSERT INTO image (type, url, room) VALUES ('detail','https://a0.muscache.com/im/pictures/fe1e03bd-8a94-48ae-91a6-a9d4a577e78c.jpg?im_w=720',76);
INSERT INTO image (type, url, room) VALUES ('detail','https://a0.muscache.com/im/pictures/miso/Hosting-44524529/original/c895b637-10c1-475d-b959-bab3622a3631.jpeg?im_w=720',76);
INSERT INTO image (type, url, room) VALUES ('detail','https://a0.muscache.com/im/pictures/9febbf9d-02d8-47fb-a4b0-a0dbc326be13.jpg?im_w=720',76);
INSERT INTO image (type, url, room) VALUES ('detail','https://a0.muscache.com/im/pictures/e53d67d1-d94e-4065-86f6-61644cd4cd60.jpg?im_w=720',76);
INSERT INTO image (type, url, room) VALUES ('detail','https://a0.muscache.com/im/pictures/558469d7-9944-4ef5-b5ce-892b6581d066.jpg?im_w=720',76);
INSERT INTO image (type, url, room) VALUES ('detail','https://a0.muscache.com/im/pictures/miso/Hosting-44524529/original/7357e9d3-d29e-4eb6-a3f4-3e55f02e4500.jpeg?im_w=720',76);
INSERT INTO image (type, url, room) VALUES ('detail','https://a0.muscache.com/im/pictures/bf803b8b-521d-4ac5-b857-8bf15d92a690.jpg?im_w=720',76);
INSERT INTO image (type, url, room) VALUES ('detail','https://a0.muscache.com/im/pictures/223a81c6-c878-4fda-a73c-812e24e670be.jpg?im_w=720',76);
INSERT INTO image (type, url, room) VALUES ('detail','https://a0.muscache.com/im/pictures/fc55d773-907d-491e-9538-96bcee49a141.jpg?im_w=720',76);
INSERT INTO image (type, url, room) VALUES ('detail','https://a0.muscache.com/im/pictures/eac1e7c3-2bc6-4389-8379-9eb66638575a.jpg?im_w=720',76);
INSERT INTO image (type, url, room) VALUES ('detail','https://a0.muscache.com/im/pictures/miso/Hosting-44524529/original/140c660a-e15f-49f7-9d59-7aa9d0829162.jpeg?im_w=720',76);
INSERT INTO image (type, url, room) VALUES ('detail','https://a0.muscache.com/im/pictures/e3497aa0-fbf9-46a9-a34c-3f46c25f59a3.jpg?im_w=720',76);
INSERT INTO image (type, url, room) VALUES ('detail','https://a0.muscache.com/im/pictures/8f253563-e6a2-4fb0-b07b-4b427176056f.jpg?im_w=720',76);
INSERT INTO image (type, url, room) VALUES ('detail','https://a0.muscache.com/im/pictures/238d0d2c-f479-4c11-9919-f2289373e7a6.jpg?im_w=720',76);
INSERT INTO image (type, url, room) VALUES ('detail','https://a0.muscache.com/im/pictures/8b9a37cd-8285-40c7-8eec-c74388d34cd0.jpg?im_w=720',76);
insert into location(id,latitude,longitude,city) values (77,37.512,126.509,'경기');
INSERT INTO room (id, title, description, price_per_day, room_type, bed, max_guest, bathroom, location) VALUES (77,'1층전체오션뷰/노을맛집/야경맛집/바베큐365/단독테라스/정원마당/영종역
for.rest','중구의 게스트 스위트 전체',95000,'집 전체',2,4,1,77);
INSERT INTO image (type, url, room) VALUES ('thumb','https://a0.muscache.com/im/pictures/fbe8c688-e718-4fb1-81a8-bfea55f4024b.jpg?im_w=720',77);
INSERT INTO image (type, url, room) VALUES ('detail','https://a0.muscache.com/im/pictures/e21a631d-89e4-4b01-a352-65909ca5fe2f.jpg?im_w=720',77);
INSERT INTO image (type, url, room) VALUES ('detail','https://a0.muscache.com/im/pictures/22b354be-8e6b-413b-b9ce-ea1d6fc0b94c.jpg?im_w=720',77);
INSERT INTO image (type, url, room) VALUES ('detail','https://a0.muscache.com/im/pictures/f677f22a-66f7-4133-a2d5-0525a7bb0ca5.jpg?im_w=720',77);
INSERT INTO image (type, url, room) VALUES ('detail','https://a0.muscache.com/im/pictures/9f5d292e-d202-43ca-b35d-150491f79e43.jpg?im_w=720',77);
INSERT INTO image (type, url, room) VALUES ('detail','https://a0.muscache.com/im/pictures/1de488db-87a6-4ccf-9180-209ec5566857.jpg?im_w=720',77);
INSERT INTO image (type, url, room) VALUES ('detail','https://a0.muscache.com/im/pictures/18ba02c6-197d-4c91-8ae6-ee78b0ccf40f.jpg?im_w=720',77);
INSERT INTO image (type, url, room) VALUES ('detail','https://a0.muscache.com/im/pictures/594f5a11-e702-48c8-93f6-68bee5d1b5ce.jpg?im_w=720',77);
INSERT INTO image (type, url, room) VALUES ('detail','https://a0.muscache.com/im/pictures/711d5595-5b94-41e7-bc92-f543a51949d1.jpg?im_w=720',77);
INSERT INTO image (type, url, room) VALUES ('detail','https://a0.muscache.com/im/pictures/856250fd-d837-4d40-8735-a04a063333c7.jpg?im_w=720',77);
INSERT INTO image (type, url, room) VALUES ('detail','https://a0.muscache.com/im/pictures/16b4d672-6a9e-4648-a24b-5eea3886356a.jpg?im_w=720',77);
INSERT INTO image (type, url, room) VALUES ('detail','https://a0.muscache.com/im/pictures/b62fc1e0-29d9-41df-acbd-8a63a9ec0404.jpg?im_w=720',77);
INSERT INTO image (type, url, room) VALUES ('detail','https://a0.muscache.com/im/pictures/26cf9107-b6df-4f60-8e8a-48e6a52fcd84.jpg?im_w=720',77);
INSERT INTO image (type, url, room) VALUES ('detail','https://a0.muscache.com/im/pictures/7fab9e20-7f27-4f95-bb5c-5fbf0bf3275c.jpg?im_w=720',77);
INSERT INTO image (type, url, room) VALUES ('detail','https://a0.muscache.com/im/pictures/f62b5e75-b7c7-471c-bf66-15c51b90beb6.jpg?im_w=720',77);
INSERT INTO image (type, url, room) VALUES ('detail','https://a0.muscache.com/im/pictures/37310085-8fa7-40b7-9233-9da7e4b92e76.jpg?im_w=720',77);
INSERT INTO image (type, url, room) VALUES ('detail','https://a0.muscache.com/im/pictures/91b46fb7-8e2d-425c-b6fb-91a8782f8d66.jpg?im_w=720',77);
INSERT INTO image (type, url, room) VALUES ('detail','https://a0.muscache.com/im/pictures/a432e39a-f42d-4b89-8147-cb1fc44af07e.jpg?im_w=720',77);
INSERT INTO image (type, url, room) VALUES ('detail','https://a0.muscache.com/im/pictures/a413f1f8-89db-4565-91b2-05ed4a5670f8.jpg?im_w=720',77);
INSERT INTO image (type, url, room) VALUES ('detail','https://a0.muscache.com/im/pictures/62d84469-aff4-45ad-9fab-99fd8c755bbe.jpg?im_w=720',77);
INSERT INTO image (type, url, room) VALUES ('detail','https://a0.muscache.com/im/pictures/248660f6-f1e9-4d6c-a89e-63063eaca0aa.jpg?im_w=720',77);
INSERT INTO image (type, url, room) VALUES ('detail','https://a0.muscache.com/im/pictures/26ab0aa4-bd76-4878-b5a5-ddc72c668a5a.jpg?im_w=720',77);
INSERT INTO image (type, url, room) VALUES ('detail','https://a0.muscache.com/im/pictures/35944cfc-3bd8-4619-aa47-77d3fa0465e4.jpg?im_w=720',77);
INSERT INTO image (type, url, room) VALUES ('detail','https://a0.muscache.com/im/pictures/15f851b0-2990-4102-b9fd-16f861f2706a.jpg?im_w=720',77);
INSERT INTO image (type, url, room) VALUES ('detail','https://a0.muscache.com/im/pictures/02a314a1-8ae9-410b-bad1-d8072e3d0b08.jpg?im_w=720',77);
INSERT INTO image (type, url, room) VALUES ('detail','https://a0.muscache.com/im/pictures/d6c0e134-8313-47de-84ac-d7d6a73e8ff9.jpg?im_w=720',77);
INSERT INTO image (type, url, room) VALUES ('detail','https://a0.muscache.com/im/pictures/564d0d35-38bb-4b9c-bc08-d25eafc67720.jpg?im_w=720',77);
INSERT INTO image (type, url, room) VALUES ('detail','https://a0.muscache.com/im/pictures/1f59605d-424b-4007-91ed-60cd4dd582e2.jpg?im_w=720',77);
INSERT INTO image (type, url, room) VALUES ('detail','https://a0.muscache.com/im/pictures/6688c92b-dad8-4752-b65e-57e0cc6a6977.jpg?im_w=720',77);
INSERT INTO image (type, url, room) VALUES ('detail','https://a0.muscache.com/im/pictures/1401f120-11d5-4d94-84e8-b7a32214f3c3.jpg?im_w=720',77);
insert into location(id,latitude,longitude,city) values (78,37.215,126.722,'경기');
INSERT INTO room (id, title, description, price_per_day, room_type, bed, max_guest, bathroom, location) VALUES (78,'🧡OPEN🧡[독채/바베큐] 마스테이 : 도심 속 휴식공간에서 감성 가득한 시간을 가져보세요','Songsan-myeon, Hwaseong-si의 전원주택 전체',93000,'집 전체',3,8,2,78);
INSERT INTO image (type, url, room) VALUES ('thumb','https://a0.muscache.com/im/pictures/41c43aa9-d6bb-49e8-8529-d07c4c2bf8c5.jpg?im_w=720',78);
INSERT INTO image (type, url, room) VALUES ('detail','https://a0.muscache.com/im/pictures/miso/Hosting-48451963/original/7307e25d-7226-4e5f-b769-fd32f2735e9c.jpeg?im_w=720',78);
INSERT INTO image (type, url, room) VALUES ('detail','https://a0.muscache.com/im/pictures/miso/Hosting-48451963/original/6f9c5c8f-25fd-4906-b469-196e56a7be49.jpeg?im_w=720',78);
INSERT INTO image (type, url, room) VALUES ('detail','https://a0.muscache.com/im/pictures/7f68e5b1-f225-44c9-9248-948a376add4e.jpg?im_w=720',78);
INSERT INTO image (type, url, room) VALUES ('detail','https://a0.muscache.com/im/pictures/miso/Hosting-48451963/original/c3eb2604-fb6e-41ae-8c3c-1c373f2966d5.jpeg?im_w=720',78);
INSERT INTO image (type, url, room) VALUES ('detail','https://a0.muscache.com/im/pictures/ad71b9f4-25b5-437b-a139-f6d1bf96db42.jpg?im_w=720',78);
INSERT INTO image (type, url, room) VALUES ('detail','https://a0.muscache.com/im/pictures/680e9e96-c97f-4e3c-b05e-1367ddc1374f.jpg?im_w=720',78);
INSERT INTO image (type, url, room) VALUES ('detail','https://a0.muscache.com/im/pictures/6c6f381b-a12c-4444-aaf0-6323e7e5edd5.jpg?im_w=720',78);
INSERT INTO image (type, url, room) VALUES ('detail','https://a0.muscache.com/im/pictures/miso/Hosting-48451963/original/d6ca0af2-ff2d-4fab-9c1f-119d18c67cd2.jpeg?im_w=720',78);
INSERT INTO image (type, url, room) VALUES ('detail','https://a0.muscache.com/im/pictures/miso/Hosting-48451963/original/19562003-8098-4f3b-accf-b7f7df853d33.jpeg?im_w=720',78);
INSERT INTO image (type, url, room) VALUES ('detail','https://a0.muscache.com/im/pictures/miso/Hosting-48451963/original/a53c9753-056b-4939-bc4b-2592cf54f4b4.jpeg?im_w=720',78);
INSERT INTO image (type, url, room) VALUES ('detail','https://a0.muscache.com/im/pictures/miso/Hosting-48451963/original/d7d64b60-192c-41e6-aa02-eb0fe38d77c0.jpeg?im_w=720',78);
INSERT INTO image (type, url, room) VALUES ('detail','https://a0.muscache.com/im/pictures/miso/Hosting-48451963/original/754b79af-e936-4288-8611-b56840fe54cc.jpeg?im_w=720',78);
INSERT INTO image (type, url, room) VALUES ('detail','https://a0.muscache.com/im/pictures/6b64964b-d1d0-4da2-b853-c7e9fae442e6.jpg?im_w=720',78);
INSERT INTO image (type, url, room) VALUES ('detail','https://a0.muscache.com/im/pictures/028b4e0d-715d-4984-9c60-ea5cb0e180db.jpg?im_w=720',78);
INSERT INTO image (type, url, room) VALUES ('detail','https://a0.muscache.com/im/pictures/c8f6bb11-ba36-444e-8686-9db2b29d11d8.jpg?im_w=720',78);
INSERT INTO image (type, url, room) VALUES ('detail','https://a0.muscache.com/im/pictures/miso/Hosting-48451963/original/e6eaba37-ba40-40ba-8e17-2f71909fc6ce.jpeg?im_w=720',78);
INSERT INTO image (type, url, room) VALUES ('detail','https://a0.muscache.com/im/pictures/miso/Hosting-48451963/original/2c4227ff-47a7-4b10-8d01-d6e7155d10af.jpeg?im_w=720',78);
INSERT INTO image (type, url, room) VALUES ('detail','https://a0.muscache.com/im/pictures/dbbcd097-c139-43ae-a9d0-e14165bfb8f2.jpg?im_w=720',78);
INSERT INTO image (type, url, room) VALUES ('detail','https://a0.muscache.com/im/pictures/miso/Hosting-48451963/original/cf0e6090-bc76-41b7-a42b-218c41ba96be.jpeg?im_w=720',78);
INSERT INTO image (type, url, room) VALUES ('detail','https://a0.muscache.com/im/pictures/miso/Hosting-48451963/original/698357d6-8a90-47d8-98f8-3f44a0e8e8bb.jpeg?im_w=720',78);
INSERT INTO image (type, url, room) VALUES ('detail','https://a0.muscache.com/im/pictures/1180c6a0-8e08-462a-bbf4-db8223dbd9de.jpg?im_w=720',78);
INSERT INTO image (type, url, room) VALUES ('detail','https://a0.muscache.com/im/pictures/a960a7cf-1efc-4b48-94ee-6a43b7a67590.jpg?im_w=720',78);
INSERT INTO image (type, url, room) VALUES ('detail','https://a0.muscache.com/im/pictures/38378746-d097-4ca0-bdff-2f7828b78118.jpg?im_w=720',78);
INSERT INTO image (type, url, room) VALUES ('detail','https://a0.muscache.com/im/pictures/miso/Hosting-48451963/original/3e0eb8c9-1bdb-440b-b0f4-be44d51398de.jpeg?im_w=720',78);
INSERT INTO image (type, url, room) VALUES ('detail','https://a0.muscache.com/im/pictures/cba533ea-aa19-4dbe-b71b-0464bbb9cc01.jpg?im_w=720',78);
INSERT INTO image (type, url, room) VALUES ('detail','https://a0.muscache.com/im/pictures/miso/Hosting-48451963/original/6e32f005-a636-4ce2-8483-da9a6242c0cc.jpeg?im_w=720',78);
INSERT INTO image (type, url, room) VALUES ('detail','https://a0.muscache.com/im/pictures/miso/Hosting-48451963/original/7bfc49f9-7dea-4ef0-aa55-16dd73bb163a.jpeg?im_w=720',78);
INSERT INTO image (type, url, room) VALUES ('detail','https://a0.muscache.com/im/pictures/miso/Hosting-48451963/original/d64b2472-8e40-413b-beca-663bfc36358c.jpeg?im_w=720',78);
INSERT INTO image (type, url, room) VALUES ('detail','https://a0.muscache.com/im/pictures/2eff23b5-615c-45fb-91a5-18f9c081ee29.jpg?im_w=720',78);
insert into location(id,latitude,longitude,city) values (79,37.693,127.246,'경기');
INSERT INTO room (id, title, description, price_per_day, room_type, bed, max_guest, bathroom, location) VALUES (79,'숲속의 오두막......동화 #5 /Cabin in the wood','Onam-eup, Namyangju-si의 오두막',100000,'집 전체',3,2,1,79);
INSERT INTO image (type, url, room) VALUES ('thumb','https://a0.muscache.com/im/pictures/591dcc36-03ab-4db9-b0bf-a50c88e288e1.jpg?im_w=720',79);
INSERT INTO image (type, url, room) VALUES ('detail','https://a0.muscache.com/im/pictures/ad5069ec-49e2-45ec-b226-6d47d5ec0a20.jpg?im_w=720',79);
INSERT INTO image (type, url, room) VALUES ('detail','https://a0.muscache.com/im/pictures/2e89dd49-6745-4494-ab41-908680c2c2bf.jpg?im_w=720',79);
INSERT INTO image (type, url, room) VALUES ('detail','https://a0.muscache.com/im/pictures/b9f88aab-463d-4e48-b0ae-2b86ce0086ee.jpg?im_w=720',79);
INSERT INTO image (type, url, room) VALUES ('detail','https://a0.muscache.com/im/pictures/6af5c73f-6bf1-417c-a622-9c3280f9d242.jpg?im_w=720',79);
INSERT INTO image (type, url, room) VALUES ('detail','https://a0.muscache.com/im/pictures/26495343-d956-46c9-8a26-ccb8dc31ac22.jpg?im_w=720',79);
INSERT INTO image (type, url, room) VALUES ('detail','https://a0.muscache.com/im/pictures/f395560d-2670-463c-a60c-0c9953602a3d.jpg?im_w=720',79);
INSERT INTO image (type, url, room) VALUES ('detail','https://a0.muscache.com/im/pictures/3fcf95cb-7efd-4e73-a6cd-7d5891dea1d3.jpg?im_w=720',79);
INSERT INTO image (type, url, room) VALUES ('detail','https://a0.muscache.com/im/pictures/468b3851-3aee-4b42-9816-0a4822b6cf66.jpg?im_w=720',79);
INSERT INTO image (type, url, room) VALUES ('detail','https://a0.muscache.com/im/pictures/c057a289-a615-4cf4-932a-4f8a432aa2b8.jpg?im_w=720',79);
INSERT INTO image (type, url, room) VALUES ('detail','https://a0.muscache.com/im/pictures/74226b20-1227-4bbc-82e7-fd5b8303022d.jpg?im_w=720',79);
INSERT INTO image (type, url, room) VALUES ('detail','https://a0.muscache.com/im/pictures/7744bfce-1adc-4864-9b82-50e84ae6970a.jpg?im_w=720',79);
INSERT INTO image (type, url, room) VALUES ('detail','https://a0.muscache.com/im/pictures/cf228123-bab2-43e6-b8bf-995f13a67244.jpg?im_w=720',79);
INSERT INTO image (type, url, room) VALUES ('detail','https://a0.muscache.com/im/pictures/001bba2b-455a-4723-a360-6abd90cd1aea.jpg?im_w=720',79);
INSERT INTO image (type, url, room) VALUES ('detail','https://a0.muscache.com/im/pictures/71054714-1e5d-4790-a948-2267b12164ee.jpg?im_w=720',79);
INSERT INTO image (type, url, room) VALUES ('detail','https://a0.muscache.com/im/pictures/90b54a3a-6f1c-4476-851a-692b6ae87477.jpg?im_w=720',79);
INSERT INTO image (type, url, room) VALUES ('detail','https://a0.muscache.com/im/pictures/58b0e149-558f-4c45-b9a4-a5e5376ecd3e.jpg?im_w=720',79);
INSERT INTO image (type, url, room) VALUES ('detail','https://a0.muscache.com/im/pictures/09fa1448-d9c7-4d35-bece-caf09fef05b9.jpg?im_w=720',79);
INSERT INTO image (type, url, room) VALUES ('detail','https://a0.muscache.com/im/pictures/fcf279c7-602f-4f3c-82c3-e7e59b16b27b.jpg?im_w=720',79);
INSERT INTO image (type, url, room) VALUES ('detail','https://a0.muscache.com/im/pictures/62724795-af85-4d5d-8857-363c02f93d4d.jpg?im_w=720',79);
INSERT INTO image (type, url, room) VALUES ('detail','https://a0.muscache.com/im/pictures/a54b4bfe-c997-4bb2-9c07-0f020f245d7d.jpg?im_w=720',79);
INSERT INTO image (type, url, room) VALUES ('detail','https://a0.muscache.com/im/pictures/2ff8f814-b000-4a70-9bea-c31d66fc7bab.jpg?im_w=720',79);
INSERT INTO image (type, url, room) VALUES ('detail','https://a0.muscache.com/im/pictures/e7c83ddb-2576-4e5b-a0fc-f746c37a10ff.jpg?im_w=720',79);
INSERT INTO image (type, url, room) VALUES ('detail','https://a0.muscache.com/im/pictures/6f33ade3-d03a-4c08-a7d6-2bb5438fa8cb.jpg?im_w=720',79);
INSERT INTO image (type, url, room) VALUES ('detail','https://a0.muscache.com/im/pictures/7c3e78ab-41f4-42ab-bfa0-0e9a4f40f05d.jpg?im_w=720',79);
INSERT INTO image (type, url, room) VALUES ('detail','https://a0.muscache.com/im/pictures/685fad6f-a914-4303-963d-a795c8e20b5c.jpg?im_w=720',79);
INSERT INTO image (type, url, room) VALUES ('detail','https://a0.muscache.com/im/pictures/2ad8b12d-4626-4567-a5f6-ffa190945237.jpg?im_w=720',79);
INSERT INTO image (type, url, room) VALUES ('detail','https://a0.muscache.com/im/pictures/1aa825ef-9095-4d1a-826f-90926be72beb.jpg?im_w=720',79);
INSERT INTO image (type, url, room) VALUES ('detail','https://a0.muscache.com/im/pictures/6bb0ea56-dd79-43d6-83b4-2489700a536d.jpg?im_w=720',79);
INSERT INTO image (type, url, room) VALUES ('detail','https://a0.muscache.com/im/pictures/29a9ec47-db16-49cb-9ded-09f0127efff8.jpg?im_w=720',79);
insert into location(id,latitude,longitude,city) values (80,37.776,126.794,'경기');
INSERT INTO room (id, title, description, price_per_day, room_type, bed, max_guest, bathroom, location) VALUES (80,'사인웨이브 _별채예약','Wollong-myeon, Paju-si의 게스트용 별채 전체',100000,'집 전체',1,2,1,80);
INSERT INTO image (type, url, room) VALUES ('thumb','https://a0.muscache.com/im/pictures/miso/Hosting-47417062/original/645acd11-bd59-48bd-8875-9a39bd417a2f.jpeg?im_w=720',80);
INSERT INTO image (type, url, room) VALUES ('detail','https://a0.muscache.com/im/pictures/74ee1529-c816-4f73-876b-b383774e0cb3.jpg?im_w=720',80);
INSERT INTO image (type, url, room) VALUES ('detail','https://a0.muscache.com/im/pictures/0125929a-a0b1-405b-9eec-7904318d59fc.jpg?im_w=720',80);
INSERT INTO image (type, url, room) VALUES ('detail','https://a0.muscache.com/im/pictures/miso/Hosting-47417062/original/38530e40-da62-4da6-b66a-227c1ad04109.jpeg?im_w=720',80);
INSERT INTO image (type, url, room) VALUES ('detail','https://a0.muscache.com/im/pictures/2cae97ee-763b-43cc-bba8-ca955def0fb4.jpg?im_w=720',80);
INSERT INTO image (type, url, room) VALUES ('detail','https://a0.muscache.com/im/pictures/miso/Hosting-47417062/original/20d69103-b49e-4c40-b65b-fd169df36fd2.jpeg?im_w=720',80);
INSERT INTO image (type, url, room) VALUES ('detail','https://a0.muscache.com/im/pictures/113105c2-7cf7-4996-b08f-9d55901bd87a.jpg?im_w=720',80);
INSERT INTO image (type, url, room) VALUES ('detail','https://a0.muscache.com/im/pictures/15c3168e-013a-4a7e-adb8-d17c5a004833.jpg?im_w=720',80);
INSERT INTO image (type, url, room) VALUES ('detail','https://a0.muscache.com/im/pictures/2e9b449c-150a-4e9c-8f0f-7c4dec55e076.jpg?im_w=720',80);
INSERT INTO image (type, url, room) VALUES ('detail','https://a0.muscache.com/im/pictures/79d030d4-9665-45e6-b2af-74200bbb48c1.jpg?im_w=720',80);
INSERT INTO image (type, url, room) VALUES ('detail','https://a0.muscache.com/im/pictures/miso/Hosting-47417062/original/dd9577bf-755d-4798-b47d-ca87bf028994.jpeg?im_w=720',80);
INSERT INTO image (type, url, room) VALUES ('detail','https://a0.muscache.com/im/pictures/d57f4d09-7c0e-41f9-ba18-950a2d3dd86b.jpg?im_w=720',80);
INSERT INTO image (type, url, room) VALUES ('detail','https://a0.muscache.com/im/pictures/miso/Hosting-47417062/original/ec167770-b056-44f8-a1a3-702691eb6cea.jpeg?im_w=720',80);
INSERT INTO image (type, url, room) VALUES ('detail','https://a0.muscache.com/im/pictures/miso/Hosting-47417062/original/eeeaeb00-621a-4a7f-b738-7fbc046602ab.jpeg?im_w=720',80);
INSERT INTO image (type, url, room) VALUES ('detail','https://a0.muscache.com/im/pictures/miso/Hosting-47417062/original/928b9566-eaf0-4777-b259-c636443f5e86.jpeg?im_w=720',80);
INSERT INTO image (type, url, room) VALUES ('detail','https://a0.muscache.com/im/pictures/miso/Hosting-47417062/original/64bf6acc-a257-4598-920b-818857f31f78.jpeg?im_w=720',80);
INSERT INTO image (type, url, room) VALUES ('detail','https://a0.muscache.com/im/pictures/3eea5c07-0de0-4081-9e92-266e15b52422.jpg?im_w=720',80);
INSERT INTO image (type, url, room) VALUES ('detail','https://a0.muscache.com/im/pictures/miso/Hosting-47417062/original/bdd441a7-5830-49da-a77d-2626fff93562.jpeg?im_w=720',80);
INSERT INTO image (type, url, room) VALUES ('detail','https://a0.muscache.com/im/pictures/f50ed409-bdec-434e-9da0-1e165c94e7da.jpg?im_w=720',80);
INSERT INTO image (type, url, room) VALUES ('detail','https://a0.muscache.com/im/pictures/e34b2cee-7db1-4ee4-b827-0c047da03f7a.jpg?im_w=720',80);
INSERT INTO image (type, url, room) VALUES ('detail','https://a0.muscache.com/im/pictures/cfcf28bb-8646-40a1-8b0d-b75ef5d3af06.jpg?im_w=720',80);
insert into location(id,latitude,longitude,city) values (81,37.78,126.71,'경기');
INSERT INTO room (id, title, description, price_per_day, room_type, bed, max_guest, bathroom, location) VALUES (81,'프라이빗한 야외테라스 공간과 영화관이 공존하는 힐링하우스','Tanhyeon-myeon, Paju-si의 게스트용 별채 전체',79000,'집 전체',1,3,1,81);
INSERT INTO image (type, url, room) VALUES ('thumb','https://a0.muscache.com/im/pictures/3069eba3-7a1a-41c1-96ea-a07bb4cb06ca.jpg?im_w=720',81);
INSERT INTO image (type, url, room) VALUES ('detail','https://a0.muscache.com/im/pictures/miso/Hosting-47931991/original/92b8f945-3595-4761-a427-eb05e93e373b.jpeg?im_w=720',81);
INSERT INTO image (type, url, room) VALUES ('detail','https://a0.muscache.com/im/pictures/miso/Hosting-47931991/original/a8a077fb-4ffd-4b80-a549-8009cccaceab.jpeg?im_w=720',81);
INSERT INTO image (type, url, room) VALUES ('detail','https://a0.muscache.com/im/pictures/8ac654c5-7c1e-4503-b984-3b31eb7164bb.jpg?im_w=720',81);
INSERT INTO image (type, url, room) VALUES ('detail','https://a0.muscache.com/im/pictures/cf961bab-e76d-46cb-ad8f-103f88466969.jpg?im_w=720',81);
INSERT INTO image (type, url, room) VALUES ('detail','https://a0.muscache.com/im/pictures/miso/Hosting-47931991/original/7bcd7d32-62a6-4c38-b6db-db67b666fc16.jpeg?im_w=720',81);
INSERT INTO image (type, url, room) VALUES ('detail','https://a0.muscache.com/im/pictures/miso/Hosting-47931991/original/5a5a1e55-9955-4425-be1d-1b873503b648.jpeg?im_w=720',81);
INSERT INTO image (type, url, room) VALUES ('detail','https://a0.muscache.com/im/pictures/6aeea1e7-b6a4-4840-85d3-47723229cc22.jpg?im_w=720',81);
INSERT INTO image (type, url, room) VALUES ('detail','https://a0.muscache.com/im/pictures/570f8046-177f-49e7-9290-cbe6e8d6321b.jpg?im_w=720',81);
INSERT INTO image (type, url, room) VALUES ('detail','https://a0.muscache.com/im/pictures/f4b22cf7-f2f7-43ea-9bca-1edc7b95877b.jpg?im_w=720',81);
INSERT INTO image (type, url, room) VALUES ('detail','https://a0.muscache.com/im/pictures/46ac806f-f3a5-46d5-8d31-889ac9ff1530.jpg?im_w=720',81);
INSERT INTO image (type, url, room) VALUES ('detail','https://a0.muscache.com/im/pictures/miso/Hosting-47931991/original/54965e03-1403-4943-8a45-6ea9037628fd.jpeg?im_w=720',81);
INSERT INTO image (type, url, room) VALUES ('detail','https://a0.muscache.com/im/pictures/fdc24052-2599-4a75-b615-e8e8c5275eaa.jpg?im_w=720',81);
INSERT INTO image (type, url, room) VALUES ('detail','https://a0.muscache.com/im/pictures/56625408-ae83-4212-9dd0-1d8128428807.jpg?im_w=720',81);
INSERT INTO image (type, url, room) VALUES ('detail','https://a0.muscache.com/im/pictures/miso/Hosting-47931991/original/0b946a3f-343f-4bb0-945e-e00fc94b2aa4.jpeg?im_w=720',81);
INSERT INTO image (type, url, room) VALUES ('detail','https://a0.muscache.com/im/pictures/85fdaa47-9e4e-4249-9f3c-a50e663ee8dc.jpg?im_w=720',81);
INSERT INTO image (type, url, room) VALUES ('detail','https://a0.muscache.com/im/pictures/4f5e2892-d90a-4969-9ce5-e03eaf197202.jpg?im_w=720',81);
INSERT INTO image (type, url, room) VALUES ('detail','https://a0.muscache.com/im/pictures/9558523f-0cdf-4e8d-b4a2-140ccbcd9ca8.jpg?im_w=720',81);
insert into location(id,latitude,longitude,city) values (82,37.578,126.973,'경기');
INSERT INTO room (id, title, description, price_per_day, room_type, bed, max_guest, bathroom, location) VALUES (82,'[독채] 효자스테이: 고즈넉한 동네에서 즐기는 모던한옥스테이','Tongui-dong, Jongno-gu의 집 전체',80000,'집 전체',5,4,1,82);
INSERT INTO image (type, url, room) VALUES ('thumb','https://a0.muscache.com/im/pictures/115629cf-baa7-484a-90a9-3cd7042fe3ba.jpg?im_w=720',82);
INSERT INTO image (type, url, room) VALUES ('detail','https://a0.muscache.com/im/pictures/54a85345-6a27-4baf-9cce-827a6728b8fa.jpg?im_w=720',82);
INSERT INTO image (type, url, room) VALUES ('detail','https://a0.muscache.com/im/pictures/ead418dc-4147-4c85-81bd-3c16e7fc952a.jpg?im_w=720',82);
INSERT INTO image (type, url, room) VALUES ('detail','https://a0.muscache.com/im/pictures/5e974518-d226-43ce-b217-5b44895587a4.jpg?im_w=720',82);
INSERT INTO image (type, url, room) VALUES ('detail','https://a0.muscache.com/im/pictures/8435bfb2-514d-4b45-ba19-5246bc7fb278.jpg?im_w=720',82);
INSERT INTO image (type, url, room) VALUES ('detail','https://a0.muscache.com/im/pictures/f445481f-642f-48c3-a732-b80d8830fa23.jpg?im_w=720',82);
INSERT INTO image (type, url, room) VALUES ('detail','https://a0.muscache.com/im/pictures/03a71923-e18a-445e-9521-bac81ab81341.jpg?im_w=720',82);
INSERT INTO image (type, url, room) VALUES ('detail','https://a0.muscache.com/im/pictures/aa2157c2-5e09-4739-9287-6f9708ba3aaf.jpg?im_w=720',82);
INSERT INTO image (type, url, room) VALUES ('detail','https://a0.muscache.com/im/pictures/f3e83058-f542-4172-86bf-b96be01365cd.jpg?im_w=720',82);
INSERT INTO image (type, url, room) VALUES ('detail','https://a0.muscache.com/im/pictures/4fa680ea-c94e-4c56-8638-b8d81ee75fb4.jpg?im_w=720',82);
INSERT INTO image (type, url, room) VALUES ('detail','https://a0.muscache.com/im/pictures/4cf16111-c94f-40ed-a112-179f951fb970.jpg?im_w=720',82);
INSERT INTO image (type, url, room) VALUES ('detail','https://a0.muscache.com/im/pictures/5b4c72b5-7f7d-4673-b065-972971fe986e.jpg?im_w=720',82);
INSERT INTO image (type, url, room) VALUES ('detail','https://a0.muscache.com/im/pictures/5b8687f2-81d5-4dad-a988-8f2058a6e727.jpg?im_w=720',82);
INSERT INTO image (type, url, room) VALUES ('detail','https://a0.muscache.com/im/pictures/c26b0678-41cc-4aea-8015-cd0288ef2a3c.jpg?im_w=720',82);
INSERT INTO image (type, url, room) VALUES ('detail','https://a0.muscache.com/im/pictures/d87fc44f-81b9-45cc-8090-05b462c105e0.jpg?im_w=720',82);
INSERT INTO image (type, url, room) VALUES ('detail','https://a0.muscache.com/im/pictures/18d62036-77a2-4b7f-8d63-d0bc1c175db3.jpg?im_w=720',82);
INSERT INTO image (type, url, room) VALUES ('detail','https://a0.muscache.com/im/pictures/439be968-c062-44e9-aa92-e0d6436fbdb9.jpg?im_w=720',82);
INSERT INTO image (type, url, room) VALUES ('detail','https://a0.muscache.com/im/pictures/ed6992fd-9a06-41e2-ba32-23680e1b7f76.jpg?im_w=720',82);
INSERT INTO image (type, url, room) VALUES ('detail','https://a0.muscache.com/im/pictures/7fd2ba6a-0b34-44d1-89fc-96974e3796c6.jpg?im_w=720',82);
INSERT INTO image (type, url, room) VALUES ('detail','https://a0.muscache.com/im/pictures/e324f9f4-a501-4153-b96d-9935dd7a98fb.jpg?im_w=720',82);
INSERT INTO image (type, url, room) VALUES ('detail','https://a0.muscache.com/im/pictures/01a340e6-363c-4fc9-90f5-bfd35e6299f5.jpg?im_w=720',82);
INSERT INTO image (type, url, room) VALUES ('detail','https://a0.muscache.com/im/pictures/a1d5771d-9f79-4efa-8276-399638a5a3ab.jpg?im_w=720',82);
INSERT INTO image (type, url, room) VALUES ('detail','https://a0.muscache.com/im/pictures/02c5d850-0b7c-4872-bd53-a9b5b4abc1aa.jpg?im_w=720',82);
INSERT INTO image (type, url, room) VALUES ('detail','https://a0.muscache.com/im/pictures/d21ed5b5-fbbe-4286-8e22-b5a201a4b719.jpg?im_w=720',82);
INSERT INTO image (type, url, room) VALUES ('detail','https://a0.muscache.com/im/pictures/c7476906-47a4-4069-9489-7432e4d2c0a8.jpg?im_w=720',82);
INSERT INTO image (type, url, room) VALUES ('detail','https://a0.muscache.com/im/pictures/6967f081-100f-4b03-b875-1e369e295fca.jpg?im_w=720',82);
INSERT INTO image (type, url, room) VALUES ('detail','https://a0.muscache.com/im/pictures/fa1668fc-d92d-42c3-aee1-6bba5fd1d7f5.jpg?im_w=720',82);
INSERT INTO image (type, url, room) VALUES ('detail','https://a0.muscache.com/im/pictures/df700212-7c15-4541-a12e-3f76f6fa8780.jpg?im_w=720',82);
INSERT INTO image (type, url, room) VALUES ('detail','https://a0.muscache.com/im/pictures/f0051ac3-d95d-466a-9714-4cae94872b70.jpg?im_w=720',82);
INSERT INTO image (type, url, room) VALUES ('detail','https://a0.muscache.com/im/pictures/13e7e711-5594-489a-bbbd-1a6a765f51cf.jpg?im_w=720',82);
insert into location(id,latitude,longitude,city) values (83,37.448,127.397,'경기');
INSERT INTO room (id, title, description, price_per_day, room_type, bed, max_guest, bathroom, location) VALUES (83,'애견동반독채(전체울타리)','Gangha-myeon, Yangpyeong-gun의 전원주택 전체',100000,'집 전체',1,6,2,83);
INSERT INTO image (type, url, room) VALUES ('thumb','https://a0.muscache.com/im/pictures/4ff47e6a-24d7-4a38-92ba-11b105df394c.jpg?im_w=720',83);
INSERT INTO image (type, url, room) VALUES ('detail','https://a0.muscache.com/im/pictures/737125ff-30c1-465f-ae6b-196ec4381b9e.jpg?im_w=720',83);
INSERT INTO image (type, url, room) VALUES ('detail','https://a0.muscache.com/im/pictures/d6c91923-e39e-40ac-a53f-a5468cf6224b.jpg?im_w=720',83);
INSERT INTO image (type, url, room) VALUES ('detail','https://a0.muscache.com/im/pictures/678364e0-9783-47f8-ba6d-2e015ffa0687.jpg?im_w=720',83);
INSERT INTO image (type, url, room) VALUES ('detail','https://a0.muscache.com/im/pictures/722b097a-ac4e-48a6-8ec5-6c60d0335192.jpg?im_w=720',83);
INSERT INTO image (type, url, room) VALUES ('detail','https://a0.muscache.com/im/pictures/4f76e4c3-24bc-4ccd-8661-5464db113b43.jpg?im_w=720',83);
INSERT INTO image (type, url, room) VALUES ('detail','https://a0.muscache.com/im/pictures/ed62b8a1-8185-453e-8dfb-d7d721b6a609.jpg?im_w=720',83);
INSERT INTO image (type, url, room) VALUES ('detail','https://a0.muscache.com/im/pictures/e08f5d75-b328-4c1f-98f1-abf2d76e9faa.jpg?im_w=720',83);
INSERT INTO image (type, url, room) VALUES ('detail','https://a0.muscache.com/im/pictures/b058cfe5-939f-4d75-84cb-a6c0edd42657.jpg?im_w=720',83);
INSERT INTO image (type, url, room) VALUES ('detail','https://a0.muscache.com/im/pictures/03d831e2-5220-454e-92e9-7f3c4e603e25.jpg?im_w=720',83);
INSERT INTO image (type, url, room) VALUES ('detail','https://a0.muscache.com/im/pictures/cde7c7ad-4dd2-46b8-acaa-1bc714c0b996.jpg?im_w=720',83);
INSERT INTO image (type, url, room) VALUES ('detail','https://a0.muscache.com/im/pictures/f072cc42-fa16-43e3-a27e-1d0a35be4b7b.jpg?im_w=720',83);
INSERT INTO image (type, url, room) VALUES ('detail','https://a0.muscache.com/im/pictures/0a85a388-404f-4857-9ea4-91d45b2440a3.jpg?im_w=720',83);
INSERT INTO image (type, url, room) VALUES ('detail','https://a0.muscache.com/im/pictures/9e3f5639-a12a-4d1d-9715-5eea381b495a.jpg?im_w=720',83);
INSERT INTO image (type, url, room) VALUES ('detail','https://a0.muscache.com/im/pictures/08b21099-d072-4362-9f65-e077e2b8f494.jpg?im_w=720',83);
INSERT INTO image (type, url, room) VALUES ('detail','https://a0.muscache.com/im/pictures/3f295eb7-ec66-4989-90e2-5f54b6870476.jpg?im_w=720',83);
INSERT INTO image (type, url, room) VALUES ('detail','https://a0.muscache.com/im/pictures/f045eb6c-03aa-49d5-9374-fc08bd2f1c86.jpg?im_w=720',83);
INSERT INTO image (type, url, room) VALUES ('detail','https://a0.muscache.com/im/pictures/656cf802-9a91-408a-b037-9e75802180a7.jpg?im_w=720',83);
INSERT INTO image (type, url, room) VALUES ('detail','https://a0.muscache.com/im/pictures/034181fc-f227-4bfd-8d3a-5b0f8085d68d.jpg?im_w=720',83);
INSERT INTO image (type, url, room) VALUES ('detail','https://a0.muscache.com/im/pictures/cdbfea38-5d62-4fee-80a8-5af6cdff6a83.jpg?im_w=720',83);
INSERT INTO image (type, url, room) VALUES ('detail','https://a0.muscache.com/im/pictures/c5247009-5e98-453d-be61-0e646a4ded04.jpg?im_w=720',83);
INSERT INTO image (type, url, room) VALUES ('detail','https://a0.muscache.com/im/pictures/1b944b23-8e39-45ea-ad13-f4c35c062b09.jpg?im_w=720',83);
INSERT INTO image (type, url, room) VALUES ('detail','https://a0.muscache.com/im/pictures/4aaa7bcb-2997-4fb3-b0aa-9d8febd8968a.jpg?im_w=720',83);
INSERT INTO image (type, url, room) VALUES ('detail','https://a0.muscache.com/im/pictures/3e53e8ce-70d6-4761-aff0-0dcc701f1c21.jpg?im_w=720',83);
INSERT INTO image (type, url, room) VALUES ('detail','https://a0.muscache.com/im/pictures/0a5d2526-dfcd-490b-a40b-b0f9564ffffe.jpg?im_w=720',83);
INSERT INTO image (type, url, room) VALUES ('detail','https://a0.muscache.com/im/pictures/285aee77-dca3-4658-8996-ea38786ff13e.jpg?im_w=720',83);
INSERT INTO image (type, url, room) VALUES ('detail','https://a0.muscache.com/im/pictures/43367637-7c45-4e4c-b549-b97230a015fb.jpg?im_w=720',83);
INSERT INTO image (type, url, room) VALUES ('detail','https://a0.muscache.com/im/pictures/7aa2d249-1ca4-43bf-97fc-b1279e68943f.jpg?im_w=720',83);
INSERT INTO image (type, url, room) VALUES ('detail','https://a0.muscache.com/im/pictures/b7b2b00f-8727-4338-babb-fcbba7f803a3.jpg?im_w=720',83);
INSERT INTO image (type, url, room) VALUES ('detail','https://a0.muscache.com/im/pictures/fe9631ad-aea9-464a-b396-768aa494e7c7.jpg?im_w=720',83);
insert into location(id,latitude,longitude,city) values (84,37.445,127.559,'경기');
INSERT INTO room (id, title, description, price_per_day, room_type, bed, max_guest, bathroom, location) VALUES (84,'양평 산수유마을 별채','Gaegun-myeon, Yangpyeong-gun의 게스트용 별채 전체',85000,'집 전체',0,2,1,84);
INSERT INTO image (type, url, room) VALUES ('thumb','https://a0.muscache.com/im/pictures/d50ec0bc-250d-4ed5-9e91-411060f423c0.jpg?im_w=720',84);
INSERT INTO image (type, url, room) VALUES ('detail','https://a0.muscache.com/im/pictures/78c6e12c-28ad-460e-833b-2b6b7a89074c.jpg?im_w=720',84);
INSERT INTO image (type, url, room) VALUES ('detail','https://a0.muscache.com/im/pictures/4a8fa3f1-ee1f-482c-aed3-18725c1754f0.jpg?im_w=720',84);
INSERT INTO image (type, url, room) VALUES ('detail','https://a0.muscache.com/im/pictures/eb63e443-9e97-49c7-baba-3692740e99e2.jpg?im_w=720',84);
INSERT INTO image (type, url, room) VALUES ('detail','https://a0.muscache.com/im/pictures/986a29c7-cb08-4c0e-a14e-aaffaac9d625.jpg?im_w=720',84);
INSERT INTO image (type, url, room) VALUES ('detail','https://a0.muscache.com/im/pictures/861dcff8-5d7f-4259-b30b-f1e9da326bbb.jpg?im_w=720',84);
INSERT INTO image (type, url, room) VALUES ('detail','https://a0.muscache.com/im/pictures/0e92b561-357e-40e4-8204-7ea863b1ec69.jpg?im_w=720',84);
INSERT INTO image (type, url, room) VALUES ('detail','https://a0.muscache.com/im/pictures/d734e522-d3a5-42c6-9cd5-41b14df591dd.jpg?im_w=720',84);
INSERT INTO image (type, url, room) VALUES ('detail','https://a0.muscache.com/im/pictures/d4275d4c-859b-4273-92e7-d0c95d708e9e.jpg?im_w=720',84);
INSERT INTO image (type, url, room) VALUES ('detail','https://a0.muscache.com/im/pictures/b8c81624-9ac7-43fd-b6fa-d2121ae0b138.jpg?im_w=720',84);
INSERT INTO image (type, url, room) VALUES ('detail','https://a0.muscache.com/im/pictures/75f7a40c-b290-4bbc-85cb-56712095c647.jpg?im_w=720',84);
INSERT INTO image (type, url, room) VALUES ('detail','https://a0.muscache.com/im/pictures/7f8eeb44-7898-4d84-8411-31d8b5f262a5.jpg?im_w=720',84);
INSERT INTO image (type, url, room) VALUES ('detail','https://a0.muscache.com/im/pictures/40881751-fe18-4358-a7f6-807cf7d2e6bc.jpg?im_w=720',84);
INSERT INTO image (type, url, room) VALUES ('detail','https://a0.muscache.com/im/pictures/85d5801f-38f2-4eaf-baa1-a4163775b2f9.jpg?im_w=720',84);
INSERT INTO image (type, url, room) VALUES ('detail','https://a0.muscache.com/im/pictures/ef2fc451-7c41-4a88-ae0b-e1844646e5a6.jpg?im_w=720',84);
INSERT INTO image (type, url, room) VALUES ('detail','https://a0.muscache.com/im/pictures/9f13dc0f-28a8-4dcf-89d2-7b0c05afc949.jpg?im_w=720',84);
INSERT INTO image (type, url, room) VALUES ('detail','https://a0.muscache.com/im/pictures/a9bf3d9b-2eeb-4631-9084-1b6594d152df.jpg?im_w=720',84);
INSERT INTO image (type, url, room) VALUES ('detail','https://a0.muscache.com/im/pictures/49472fd3-62f6-45cf-838c-09bcaf9011a2.jpg?im_w=720',84);
INSERT INTO image (type, url, room) VALUES ('detail','https://a0.muscache.com/im/pictures/d9a65aaa-f084-44b2-99c9-beda7e3945d3.jpg?im_w=720',84);
INSERT INTO image (type, url, room) VALUES ('detail','https://a0.muscache.com/im/pictures/38178dc4-11ed-48c9-a0ee-7dbf8727b4f5.jpg?im_w=720',84);
INSERT INTO image (type, url, room) VALUES ('detail','https://a0.muscache.com/im/pictures/6d559a18-9795-42c8-998f-c8d41ae1b416.jpg?im_w=720',84);
INSERT INTO image (type, url, room) VALUES ('detail','https://a0.muscache.com/im/pictures/9fb3a449-db66-4f5d-84a7-0887fa89143d.jpg?im_w=720',84);
INSERT INTO image (type, url, room) VALUES ('detail','https://a0.muscache.com/im/pictures/3c6a0fdd-9d1c-45c8-8ae3-76507f301c2c.jpg?im_w=720',84);
INSERT INTO image (type, url, room) VALUES ('detail','https://a0.muscache.com/im/pictures/7b9e764c-94ea-43c6-b34c-52e960f54fcb.jpg?im_w=720',84);
INSERT INTO image (type, url, room) VALUES ('detail','https://a0.muscache.com/im/pictures/2dd31e25-4b5e-4bb9-b5b5-45f8e26a3340.jpg?im_w=720',84);
INSERT INTO image (type, url, room) VALUES ('detail','https://a0.muscache.com/im/pictures/5cfd0a72-35ee-4532-a104-71c5c515cd33.jpg?im_w=720',84);
INSERT INTO image (type, url, room) VALUES ('detail','https://a0.muscache.com/im/pictures/dc7f971f-00db-481e-af22-b89d2a70255a.jpg?im_w=720',84);
INSERT INTO image (type, url, room) VALUES ('detail','https://a0.muscache.com/im/pictures/21c31599-826e-46da-a4cc-941085da91ee.jpg?im_w=720',84);
insert into location(id,latitude,longitude,city) values (85,37.474,127.514,'경기');
INSERT INTO room (id, title, description, price_per_day, room_type, bed, max_guest, bathroom, location) VALUES (85,'양평 프라이빗  힐링하우스
( 38평 전원주택 독채사용
하루 한팀만 받습니다.','Yangpyeong-eup, Yangpyeong의 전원주택 전체',80000,'집 전체',2,6,2,85);
INSERT INTO image (type, url, room) VALUES ('thumb','https://a0.muscache.com/im/pictures/8ce8f31e-f04d-4df7-8cee-e73d9483f65c.jpg?im_w=720',85);
INSERT INTO image (type, url, room) VALUES ('detail','https://a0.muscache.com/im/pictures/miso/Hosting-39635836/original/56288ed6-6b09-45ae-b914-0aa4d4a230b2.jpeg?im_w=720',85);
INSERT INTO image (type, url, room) VALUES ('detail','https://a0.muscache.com/im/pictures/miso/Hosting-39635836/original/f81157db-e64b-4a57-9b05-51403f99e041.jpeg?im_w=720',85);
INSERT INTO image (type, url, room) VALUES ('detail','https://a0.muscache.com/im/pictures/miso/Hosting-39635836/original/5d1bc4cb-6722-48a7-917d-fceeaca3abcd.jpeg?im_w=720',85);
INSERT INTO image (type, url, room) VALUES ('detail','https://a0.muscache.com/im/pictures/7d731afc-b713-4f99-aa52-9db8ef4689f9.jpg?im_w=720',85);
INSERT INTO image (type, url, room) VALUES ('detail','https://a0.muscache.com/im/pictures/miso/Hosting-39635836/original/9aebd518-9a9e-4ae1-a994-fd37626a7f32.jpeg?im_w=720',85);
INSERT INTO image (type, url, room) VALUES ('detail','https://a0.muscache.com/im/pictures/2b335d37-523a-4c4b-bc72-4c7fa47ab7d1.jpg?im_w=720',85);
INSERT INTO image (type, url, room) VALUES ('detail','https://a0.muscache.com/im/pictures/miso/Hosting-39635836/original/13252b5b-be08-4de9-9f0b-04400cff9b22.jpeg?im_w=720',85);
INSERT INTO image (type, url, room) VALUES ('detail','https://a0.muscache.com/im/pictures/86294b7d-2b18-4824-926e-00e5debaf0ef.jpg?im_w=720',85);
INSERT INTO image (type, url, room) VALUES ('detail','https://a0.muscache.com/im/pictures/0cb74bde-9b2b-4ec4-9172-89bb95f79c1d.jpg?im_w=720',85);
INSERT INTO image (type, url, room) VALUES ('detail','https://a0.muscache.com/im/pictures/miso/Hosting-39635836/original/1e919e72-349a-47ec-b4a9-e747a4396aea.jpeg?im_w=720',85);
INSERT INTO image (type, url, room) VALUES ('detail','https://a0.muscache.com/im/pictures/miso/Hosting-39635836/original/6f29f103-4b56-46f7-90cd-fbd4d0185382.jpeg?im_w=720',85);
INSERT INTO image (type, url, room) VALUES ('detail','https://a0.muscache.com/im/pictures/96b73590-74f6-401d-af8a-b58a775436c6.jpg?im_w=720',85);
INSERT INTO image (type, url, room) VALUES ('detail','https://a0.muscache.com/im/pictures/43824d6f-9651-4e62-bf63-a753247cdb04.jpg?im_w=720',85);
INSERT INTO image (type, url, room) VALUES ('detail','https://a0.muscache.com/im/pictures/40498ccc-a6cb-4f2e-83ce-514e321dc648.jpg?im_w=720',85);
INSERT INTO image (type, url, room) VALUES ('detail','https://a0.muscache.com/im/pictures/miso/Hosting-39635836/original/6a4a3d23-5fef-4ff1-8a8f-d2068f27d60b.jpeg?im_w=720',85);
INSERT INTO image (type, url, room) VALUES ('detail','https://a0.muscache.com/im/pictures/72294e9a-4341-4b7a-bed7-9377cdecad84.jpg?im_w=720',85);
INSERT INTO image (type, url, room) VALUES ('detail','https://a0.muscache.com/im/pictures/miso/Hosting-39635836/original/17e258c3-e006-412a-baab-e90482d51b27.jpeg?im_w=720',85);
INSERT INTO image (type, url, room) VALUES ('detail','https://a0.muscache.com/im/pictures/miso/Hosting-39635836/original/7aa4470b-b917-46b2-9418-5c67540b9ce6.jpeg?im_w=720',85);
INSERT INTO image (type, url, room) VALUES ('detail','https://a0.muscache.com/im/pictures/a2da9786-77da-45a4-86b2-8b7b39cb69ff.jpg?im_w=720',85);
INSERT INTO image (type, url, room) VALUES ('detail','https://a0.muscache.com/im/pictures/miso/Hosting-39635836/original/fc46f20f-d1f1-4039-b918-23594800256e.jpeg?im_w=720',85);
INSERT INTO image (type, url, room) VALUES ('detail','https://a0.muscache.com/im/pictures/miso/Hosting-39635836/original/16346423-2671-4a38-9b84-f21078f0a6ea.jpeg?im_w=720',85);
INSERT INTO image (type, url, room) VALUES ('detail','https://a0.muscache.com/im/pictures/miso/Hosting-39635836/original/906a150f-9818-437f-970a-1b13f0a521a0.jpeg?im_w=720',85);
INSERT INTO image (type, url, room) VALUES ('detail','https://a0.muscache.com/im/pictures/88e5ac13-7e24-4ba0-b393-6725c30f914e.jpg?im_w=720',85);
INSERT INTO image (type, url, room) VALUES ('detail','https://a0.muscache.com/im/pictures/miso/Hosting-39635836/original/9ea6586a-b913-405e-a806-389eb6e7372b.jpeg?im_w=720',85);
INSERT INTO image (type, url, room) VALUES ('detail','https://a0.muscache.com/im/pictures/59380196-aa9b-4275-b4ff-02668b561141.jpg?im_w=720',85);
INSERT INTO image (type, url, room) VALUES ('detail','https://a0.muscache.com/im/pictures/4c371424-ff72-4dca-9607-8eeaeb0d2b01.jpg?im_w=720',85);
INSERT INTO image (type, url, room) VALUES ('detail','https://a0.muscache.com/im/pictures/2ac5417f-c9dd-4717-980e-10cc1b5ea23a.jpg?im_w=720',85);
INSERT INTO image (type, url, room) VALUES ('detail','https://a0.muscache.com/im/pictures/miso/Hosting-39635836/original/7a656770-7977-4f08-8924-a2fb24e75f32.jpeg?im_w=720',85);
INSERT INTO image (type, url, room) VALUES ('detail','https://a0.muscache.com/im/pictures/miso/Hosting-39635836/original/e938fa5d-9859-4877-bfb2-aee5b29567af.jpeg?im_w=720',85);
insert into location(id,latitude,longitude,city) values (86,37.381,126.659,'경기');
INSERT INTO room (id, title, description, price_per_day, room_type, bed, max_guest, bathroom, location) VALUES (86,'🍀OPEN SALE!🍀 꽃내음 가득한 도심속 야경맛집✨','Yeonsu-gu의 아파트 전체',95000,'집 전체',1,2,1,86);
INSERT INTO image (type, url, room) VALUES ('thumb','https://a0.muscache.com/im/pictures/ad8b53c8-ae33-40ed-8505-3e923db4b585.jpg?im_w=720',86);
INSERT INTO image (type, url, room) VALUES ('detail','https://a0.muscache.com/im/pictures/3640e1fc-162c-41b7-8028-39b76d81bdb7.jpg?im_w=720',86);
INSERT INTO image (type, url, room) VALUES ('detail','https://a0.muscache.com/im/pictures/c9a6c3f5-63fb-4a28-bd05-027588c4e42c.jpg?im_w=720',86);
INSERT INTO image (type, url, room) VALUES ('detail','https://a0.muscache.com/im/pictures/101938bc-5404-4c88-8365-b2e8f076e3d1.jpg?im_w=720',86);
INSERT INTO image (type, url, room) VALUES ('detail','https://a0.muscache.com/im/pictures/8ea112fb-eadc-46dd-9d71-86e802a609fe.jpg?im_w=720',86);
INSERT INTO image (type, url, room) VALUES ('detail','https://a0.muscache.com/im/pictures/8167285f-9049-4486-9bd9-1c713cede6db.jpg?im_w=720',86);
INSERT INTO image (type, url, room) VALUES ('detail','https://a0.muscache.com/im/pictures/8bb5bbc7-7542-4a76-8063-e35b963e3c3a.jpg?im_w=720',86);
INSERT INTO image (type, url, room) VALUES ('detail','https://a0.muscache.com/im/pictures/06d4d683-acc8-41ff-9916-ab8d444a663a.jpg?im_w=720',86);
INSERT INTO image (type, url, room) VALUES ('detail','https://a0.muscache.com/im/pictures/e11ca173-4010-4271-a3f8-16525089a42f.jpg?im_w=720',86);
INSERT INTO image (type, url, room) VALUES ('detail','https://a0.muscache.com/im/pictures/04143833-2714-4f72-88f2-0cfcdfa113cb.jpg?im_w=720',86);
INSERT INTO image (type, url, room) VALUES ('detail','https://a0.muscache.com/im/pictures/a818d64c-f3cf-49e8-b4c7-408b072b0143.jpg?im_w=720',86);
INSERT INTO image (type, url, room) VALUES ('detail','https://a0.muscache.com/im/pictures/8a630ba1-fea4-4a13-a5ad-8082f0d3872e.jpg?im_w=720',86);
INSERT INTO image (type, url, room) VALUES ('detail','https://a0.muscache.com/im/pictures/a064f047-1eae-4182-a84c-2a93912580fc.jpg?im_w=720',86);
INSERT INTO image (type, url, room) VALUES ('detail','https://a0.muscache.com/im/pictures/b1f2c214-8f91-411e-a12c-a645df4d9f80.jpg?im_w=720',86);
INSERT INTO image (type, url, room) VALUES ('detail','https://a0.muscache.com/im/pictures/40100d14-bb8b-4788-961f-86f0077bccaf.jpg?im_w=720',86);
INSERT INTO image (type, url, room) VALUES ('detail','https://a0.muscache.com/im/pictures/d9e35298-5b77-49cf-873d-f81d89020e3f.jpg?im_w=720',86);
INSERT INTO image (type, url, room) VALUES ('detail','https://a0.muscache.com/im/pictures/df96b59d-b667-4151-91e4-713e8162795c.jpg?im_w=720',86);
INSERT INTO image (type, url, room) VALUES ('detail','https://a0.muscache.com/im/pictures/22e3f8ac-62f2-4e25-8d82-9c0ef674987b.jpg?im_w=720',86);
INSERT INTO image (type, url, room) VALUES ('detail','https://a0.muscache.com/im/pictures/eaf88ec5-fe73-4d5b-ae10-8c41025cf5c8.jpg?im_w=720',86);
INSERT INTO image (type, url, room) VALUES ('detail','https://a0.muscache.com/im/pictures/9bd06897-a474-4256-9f10-7f8746aa2360.jpg?im_w=720',86);
INSERT INTO image (type, url, room) VALUES ('detail','https://a0.muscache.com/im/pictures/6028d09f-82b5-424f-9037-1638a45b85a5.jpg?im_w=720',86);
INSERT INTO image (type, url, room) VALUES ('detail','https://a0.muscache.com/im/pictures/0fc28eee-855f-4328-b3f4-2c9b3ee88eda.jpg?im_w=720',86);
INSERT INTO image (type, url, room) VALUES ('detail','https://a0.muscache.com/im/pictures/1801e5e5-76c1-4545-854d-632b50d0b1b1.jpg?im_w=720',86);
INSERT INTO image (type, url, room) VALUES ('detail','https://a0.muscache.com/im/pictures/c4a84844-018a-4c71-b0b7-43d562c10a92.jpg?im_w=720',86);
INSERT INTO image (type, url, room) VALUES ('detail','https://a0.muscache.com/im/pictures/0c75462b-4fb9-4c87-820a-6c51956c29ee.jpg?im_w=720',86);
INSERT INTO image (type, url, room) VALUES ('detail','https://a0.muscache.com/im/pictures/ce45b93a-97d2-4edf-b594-302b7a4b08e7.jpg?im_w=720',86);
insert into location(id,latitude,longitude,city) values (87,37.614,127.44,'경기');
INSERT INTO room (id, title, description, price_per_day, room_type, bed, max_guest, bathroom, location) VALUES (87,'"아그니민속방"저녁+아침식사 제공/다예/옛날오디오세트/참나무 불멍/민속놀이기구','Seojong-myeon, Yangpyeong의 게스트용 별채 전체',100000,'집 전체',0,4,1,87);
INSERT INTO image (type, url, room) VALUES ('thumb','https://a0.muscache.com/im/pictures/miso/Hosting-46931040/original/dc1af53f-f128-4f7a-86e3-7dbccf5e8ab3.jpeg?im_w=720',87);
INSERT INTO image (type, url, room) VALUES ('detail','https://a0.muscache.com/im/pictures/miso/Hosting-46931040/original/00a250b1-100a-4c33-a2b4-60ef555f34ba.jpeg?im_w=720',87);
INSERT INTO image (type, url, room) VALUES ('detail','https://a0.muscache.com/im/pictures/miso/Hosting-46931040/original/fc24d0e1-d67e-4db0-8a79-be43247ea473.jpeg?im_w=720',87);
INSERT INTO image (type, url, room) VALUES ('detail','https://a0.muscache.com/im/pictures/miso/Hosting-46931040/original/6fa0433c-af77-4ad6-bb3d-7d15e52d8b1e.jpeg?im_w=720',87);
INSERT INTO image (type, url, room) VALUES ('detail','https://a0.muscache.com/im/pictures/miso/Hosting-46931040/original/d6429c4f-fc10-43a9-b70b-9b74ad7fb1b1.jpeg?im_w=720',87);
INSERT INTO image (type, url, room) VALUES ('detail','https://a0.muscache.com/im/pictures/miso/Hosting-46931040/original/a46c9173-fb74-4695-9a1a-66098dfa04c1.jpeg?im_w=720',87);
INSERT INTO image (type, url, room) VALUES ('detail','https://a0.muscache.com/im/pictures/miso/Hosting-46931040/original/73a25966-294e-4315-be2c-5859b60fec57.jpeg?im_w=720',87);
INSERT INTO image (type, url, room) VALUES ('detail','https://a0.muscache.com/im/pictures/miso/Hosting-46931040/original/7200d6e5-a9b2-43d0-899b-171d3285db51.jpeg?im_w=720',87);
INSERT INTO image (type, url, room) VALUES ('detail','https://a0.muscache.com/im/pictures/miso/Hosting-46931040/original/7ceea771-9989-4966-958c-6a1a4c729c2a.jpeg?im_w=720',87);
INSERT INTO image (type, url, room) VALUES ('detail','https://a0.muscache.com/im/pictures/miso/Hosting-46931040/original/b17cea02-8133-4691-8ce9-20de8763fe07.jpeg?im_w=720',87);
INSERT INTO image (type, url, room) VALUES ('detail','https://a0.muscache.com/im/pictures/miso/Hosting-46931040/original/c5d721d2-ca96-42db-88f4-ca51d7700d01.jpeg?im_w=720',87);
INSERT INTO image (type, url, room) VALUES ('detail','https://a0.muscache.com/im/pictures/miso/Hosting-46931040/original/d737756f-453a-4ff8-84ad-ccc97e90de3b.jpeg?im_w=720',87);
INSERT INTO image (type, url, room) VALUES ('detail','https://a0.muscache.com/im/pictures/miso/Hosting-46931040/original/567874c8-f6cd-4880-8b09-82a31595aefb.jpeg?im_w=720',87);
INSERT INTO image (type, url, room) VALUES ('detail','https://a0.muscache.com/im/pictures/miso/Hosting-46931040/original/ec5a3072-ec16-4ae4-b0ed-12c47024ba15.jpeg?im_w=720',87);
INSERT INTO image (type, url, room) VALUES ('detail','https://a0.muscache.com/im/pictures/miso/Hosting-46931040/original/2707fc44-dec8-42b3-a46e-83629918349c.jpeg?im_w=720',87);
INSERT INTO image (type, url, room) VALUES ('detail','https://a0.muscache.com/im/pictures/miso/Hosting-46931040/original/4a58ef06-f17c-4e43-bc7b-a2f251022b4f.jpeg?im_w=720',87);
INSERT INTO image (type, url, room) VALUES ('detail','https://a0.muscache.com/im/pictures/miso/Hosting-46931040/original/56520085-d88d-4941-9f1e-6ebe528cbe1f.jpeg?im_w=720',87);
INSERT INTO image (type, url, room) VALUES ('detail','https://a0.muscache.com/im/pictures/miso/Hosting-46931040/original/4e8877c8-b52e-489c-a1aa-7f2b0c1a27cd.jpeg?im_w=720',87);
INSERT INTO image (type, url, room) VALUES ('detail','https://a0.muscache.com/im/pictures/miso/Hosting-46931040/original/518c38fb-e0f5-459f-ab11-5a106761f4cd.jpeg?im_w=720',87);
INSERT INTO image (type, url, room) VALUES ('detail','https://a0.muscache.com/im/pictures/miso/Hosting-46931040/original/4c6ed8bb-2df4-4406-a815-9ec8965ed196.jpeg?im_w=720',87);
INSERT INTO image (type, url, room) VALUES ('detail','https://a0.muscache.com/im/pictures/miso/Hosting-46931040/original/2d03c7f0-c3df-4a77-af98-b73cf4136e06.jpeg?im_w=720',87);
INSERT INTO image (type, url, room) VALUES ('detail','https://a0.muscache.com/im/pictures/miso/Hosting-46931040/original/11537f70-efc9-4115-a127-3bf438f6f5da.jpeg?im_w=720',87);
INSERT INTO image (type, url, room) VALUES ('detail','https://a0.muscache.com/im/pictures/miso/Hosting-46931040/original/00a67bdf-fc37-44f6-93c4-595ac13d2996.jpeg?im_w=720',87);
INSERT INTO image (type, url, room) VALUES ('detail','https://a0.muscache.com/im/pictures/miso/Hosting-46931040/original/2082e1fd-3645-456a-a43d-518263ff02c1.jpeg?im_w=720',87);
INSERT INTO image (type, url, room) VALUES ('detail','https://a0.muscache.com/im/pictures/miso/Hosting-46931040/original/d02eda2d-44cb-4e7e-9894-376f4ca48e56.jpeg?im_w=720',87);
INSERT INTO image (type, url, room) VALUES ('detail','https://a0.muscache.com/im/pictures/miso/Hosting-46931040/original/2be1638b-7fd8-4ca1-b831-05fb4f87a314.jpeg?im_w=720',87);
INSERT INTO image (type, url, room) VALUES ('detail','https://a0.muscache.com/im/pictures/miso/Hosting-46931040/original/c2cc5739-ee83-4a18-b20d-99f4df356b8b.jpeg?im_w=720',87);
INSERT INTO image (type, url, room) VALUES ('detail','https://a0.muscache.com/im/pictures/miso/Hosting-46931040/original/bd9d4239-7b18-481d-b620-f941ebe81981.jpeg?im_w=720',87);
INSERT INTO image (type, url, room) VALUES ('detail','https://a0.muscache.com/im/pictures/miso/Hosting-46931040/original/c7c6d14e-7ea6-4cae-82cb-b4a284229e74.jpeg?im_w=720',87);
INSERT INTO image (type, url, room) VALUES ('detail','https://a0.muscache.com/im/pictures/miso/Hosting-46931040/original/0b35f3d7-da20-4fed-8d0b-53223e7e4b60.jpeg?im_w=720',87);
insert into location(id,latitude,longitude,city) values (88,37.55,127.188,'경기');
INSERT INTO room (id, title, description, price_per_day, room_type, bed, max_guest, bathroom, location) VALUES (88,'@Netflix de Airbnb@ 프라이빗 영화관','하남시의 로프트 전체',100000,'집 전체',1,2,1,88);
INSERT INTO image (type, url, room) VALUES ('thumb','https://a0.muscache.com/im/pictures/b048ea66-485f-4d37-bd1e-f66c1589a8e0.jpg?im_w=720',88);
INSERT INTO image (type, url, room) VALUES ('detail','https://a0.muscache.com/im/pictures/miso/Hosting-44298361/original/aeec1a9c-28fe-4846-bced-69f5cc9b2933.jpeg?im_w=720',88);
INSERT INTO image (type, url, room) VALUES ('detail','https://a0.muscache.com/im/pictures/miso/Hosting-44298361/original/122a7fbc-d066-485e-a54e-0b764cc748b8.jpeg?im_w=720',88);
INSERT INTO image (type, url, room) VALUES ('detail','https://a0.muscache.com/im/pictures/miso/Hosting-44298361/original/a8fe195c-8e76-400a-97f1-11a5c7bd76fe.jpeg?im_w=720',88);
INSERT INTO image (type, url, room) VALUES ('detail','https://a0.muscache.com/im/pictures/miso/Hosting-44298361/original/dd872973-a38a-4b84-8240-245d3dfe41aa.jpeg?im_w=720',88);
INSERT INTO image (type, url, room) VALUES ('detail','https://a0.muscache.com/im/pictures/miso/Hosting-44298361/original/c14798ba-3c39-4103-a128-0c008b523fc2.jpeg?im_w=720',88);
INSERT INTO image (type, url, room) VALUES ('detail','https://a0.muscache.com/im/pictures/miso/Hosting-44298361/original/3271fc9e-9b0d-4e7c-ab7d-d7ec6c11077a.jpeg?im_w=720',88);
INSERT INTO image (type, url, room) VALUES ('detail','https://a0.muscache.com/im/pictures/miso/Hosting-44298361/original/e904e20b-5c37-4749-b4da-eb3e11add5eb.jpeg?im_w=720',88);
INSERT INTO image (type, url, room) VALUES ('detail','https://a0.muscache.com/im/pictures/miso/Hosting-44298361/original/97d3b10f-0741-4b1d-b574-e0d64172fb16.jpeg?im_w=720',88);
INSERT INTO image (type, url, room) VALUES ('detail','https://a0.muscache.com/im/pictures/miso/Hosting-44298361/original/5bcd55d0-8912-4302-8ce7-a7daad2031c3.jpeg?im_w=720',88);
INSERT INTO image (type, url, room) VALUES ('detail','https://a0.muscache.com/im/pictures/miso/Hosting-44298361/original/ebc513dd-8a0e-4016-973b-0ea11e39a029.jpeg?im_w=720',88);
INSERT INTO image (type, url, room) VALUES ('detail','https://a0.muscache.com/im/pictures/miso/Hosting-44298361/original/57c7c633-e7c8-4b2b-889a-9c34ee8fd693.jpeg?im_w=720',88);
INSERT INTO image (type, url, room) VALUES ('detail','https://a0.muscache.com/im/pictures/miso/Hosting-44298361/original/d1415c4e-8341-4bb2-aea4-0230a7398ca4.jpeg?im_w=720',88);
INSERT INTO image (type, url, room) VALUES ('detail','https://a0.muscache.com/im/pictures/miso/Hosting-44298361/original/cfb407a5-d380-4779-b96a-049f5f866e32.jpeg?im_w=720',88);
INSERT INTO image (type, url, room) VALUES ('detail','https://a0.muscache.com/im/pictures/miso/Hosting-44298361/original/4664e1ff-09a3-48a3-b8e5-eacde7ccb1d2.jpeg?im_w=720',88);
INSERT INTO image (type, url, room) VALUES ('detail','https://a0.muscache.com/im/pictures/miso/Hosting-44298361/original/284cb14e-0039-4986-8785-3339c7bf6bdd.jpeg?im_w=720',88);
INSERT INTO image (type, url, room) VALUES ('detail','https://a0.muscache.com/im/pictures/miso/Hosting-44298361/original/3bdf240e-8799-4b2c-afe0-5839f3cf2b9c.jpeg?im_w=720',88);
INSERT INTO image (type, url, room) VALUES ('detail','https://a0.muscache.com/im/pictures/miso/Hosting-44298361/original/020e006b-46e1-44ab-a9c5-2c4468a5990e.jpeg?im_w=720',88);
INSERT INTO image (type, url, room) VALUES ('detail','https://a0.muscache.com/im/pictures/miso/Hosting-44298361/original/30c074d0-bdf0-4ce2-8051-be901ffd0260.jpeg?im_w=720',88);
INSERT INTO image (type, url, room) VALUES ('detail','https://a0.muscache.com/im/pictures/miso/Hosting-44298361/original/4403b6c0-fa6d-4daf-8620-97c69faa2002.jpeg?im_w=720',88);
INSERT INTO image (type, url, room) VALUES ('detail','https://a0.muscache.com/im/pictures/miso/Hosting-44298361/original/5d932e0a-cb91-4d7f-bf8b-51feba264e7b.jpeg?im_w=720',88);
INSERT INTO image (type, url, room) VALUES ('detail','https://a0.muscache.com/im/pictures/miso/Hosting-44298361/original/449d6654-6ae6-496b-84a7-f42674949303.jpeg?im_w=720',88);
INSERT INTO image (type, url, room) VALUES ('detail','https://a0.muscache.com/im/pictures/miso/Hosting-44298361/original/9ec062ab-70c3-4b08-8f6a-dbf662305b16.jpeg?im_w=720',88);
INSERT INTO image (type, url, room) VALUES ('detail','https://a0.muscache.com/im/pictures/miso/Hosting-44298361/original/f4d892a0-2a28-495a-b623-3251a764e1da.jpeg?im_w=720',88);
insert into location(id,latitude,longitude,city) values (89,37.538,127.616,'경기');
INSERT INTO room (id, title, description, price_per_day, room_type, bed, max_guest, bathroom, location) VALUES (89,'#아이엠포레스트 #호텔침구 #요가 #명상 #보이차 #온전한 나를 위한 시간#소독','Yongmun-myeon, Yangpyeong-gun의 전원주택 전체',80000,'집 전체',1,4,1,89);
INSERT INTO image (type, url, room) VALUES ('thumb','https://a0.muscache.com/im/pictures/175794e8-792b-4719-bdff-341ae1adf7d1.jpg?im_w=720',89);
INSERT INTO image (type, url, room) VALUES ('detail','https://a0.muscache.com/im/pictures/c8ca0ff7-b162-4d96-8ae1-43bde3116c64.jpg?im_w=720',89);
INSERT INTO image (type, url, room) VALUES ('detail','https://a0.muscache.com/im/pictures/bcaa53eb-8f7f-45f7-9b7d-01411d2c70ca.jpg?im_w=720',89);
INSERT INTO image (type, url, room) VALUES ('detail','https://a0.muscache.com/im/pictures/2f861b9b-0a1a-4144-9ade-4afcbaa863c7.jpg?im_w=720',89);
INSERT INTO image (type, url, room) VALUES ('detail','https://a0.muscache.com/im/pictures/b808eb4b-4206-4ec3-aa81-8c85925d7476.jpg?im_w=720',89);
INSERT INTO image (type, url, room) VALUES ('detail','https://a0.muscache.com/im/pictures/ff56aab1-6b38-4bc9-b8c8-e5fa4e8a3300.jpg?im_w=720',89);
INSERT INTO image (type, url, room) VALUES ('detail','https://a0.muscache.com/im/pictures/c3a6692c-a7c6-4508-bbcf-938fc554a621.jpg?im_w=720',89);
INSERT INTO image (type, url, room) VALUES ('detail','https://a0.muscache.com/im/pictures/a6c26f10-8dac-43bf-a414-1a4645af89d0.jpg?im_w=720',89);
INSERT INTO image (type, url, room) VALUES ('detail','https://a0.muscache.com/im/pictures/d6162c05-2e29-4967-ad9d-12eab11c2a4a.jpg?im_w=720',89);
INSERT INTO image (type, url, room) VALUES ('detail','https://a0.muscache.com/im/pictures/28def973-6c2a-4d75-ad8a-b5a9aaafd6a6.jpg?im_w=720',89);
INSERT INTO image (type, url, room) VALUES ('detail','https://a0.muscache.com/im/pictures/a5d4b8c2-d4e5-4cdf-94cd-8979b3230c50.jpg?im_w=720',89);
INSERT INTO image (type, url, room) VALUES ('detail','https://a0.muscache.com/im/pictures/cd4487cc-bac0-45d4-b6e4-44801969f657.jpg?im_w=720',89);
INSERT INTO image (type, url, room) VALUES ('detail','https://a0.muscache.com/im/pictures/3066ed5e-e817-4b99-b163-744239b94100.jpg?im_w=720',89);
INSERT INTO image (type, url, room) VALUES ('detail','https://a0.muscache.com/im/pictures/e00235fd-9bfa-4291-9ceb-9985285decd7.jpg?im_w=720',89);
INSERT INTO image (type, url, room) VALUES ('detail','https://a0.muscache.com/im/pictures/16d8ab1b-4444-4805-b255-9d98724a9108.jpg?im_w=720',89);
INSERT INTO image (type, url, room) VALUES ('detail','https://a0.muscache.com/im/pictures/9d026bf0-a4fc-42e3-a750-34cd07f468dd.jpg?im_w=720',89);
INSERT INTO image (type, url, room) VALUES ('detail','https://a0.muscache.com/im/pictures/7d0a4583-0a5d-4d88-bf9f-a738e6e5cc6a.jpg?im_w=720',89);
INSERT INTO image (type, url, room) VALUES ('detail','https://a0.muscache.com/im/pictures/df336377-d59d-4d3d-b5ec-e5918d25ee2f.jpg?im_w=720',89);
INSERT INTO image (type, url, room) VALUES ('detail','https://a0.muscache.com/im/pictures/7f92eb3a-3c2a-42d7-8717-277221f8f136.jpg?im_w=720',89);
INSERT INTO image (type, url, room) VALUES ('detail','https://a0.muscache.com/im/pictures/43c856a2-3b97-42b4-b421-fd802cbd2e6b.jpg?im_w=720',89);
INSERT INTO image (type, url, room) VALUES ('detail','https://a0.muscache.com/im/pictures/aa36e325-b6da-4a66-a2e4-e7e1fa5881a1.jpg?im_w=720',89);
INSERT INTO image (type, url, room) VALUES ('detail','https://a0.muscache.com/im/pictures/956b367c-0af5-4953-9984-2a7b5ca2cbf8.jpg?im_w=720',89);
INSERT INTO image (type, url, room) VALUES ('detail','https://a0.muscache.com/im/pictures/4e189ff2-c426-4986-b1a3-a9ec2f2c0f7b.jpg?im_w=720',89);
INSERT INTO image (type, url, room) VALUES ('detail','https://a0.muscache.com/im/pictures/6b7e32d8-cf43-411b-a85e-147fc976b597.jpg?im_w=720',89);
INSERT INTO image (type, url, room) VALUES ('detail','https://a0.muscache.com/im/pictures/96844d76-5e05-40ef-a53b-0564f3e4ed68.jpg?im_w=720',89);
INSERT INTO image (type, url, room) VALUES ('detail','https://a0.muscache.com/im/pictures/d317716d-5ba8-4da2-b45a-20dfd08948ab.jpg?im_w=720',89);
INSERT INTO image (type, url, room) VALUES ('detail','https://a0.muscache.com/im/pictures/98b3c34c-7d06-493c-8397-2f6351efc156.jpg?im_w=720',89);
INSERT INTO image (type, url, room) VALUES ('detail','https://a0.muscache.com/im/pictures/5157f40d-b5a5-4e8a-b275-5f1b288f4071.jpg?im_w=720',89);
INSERT INTO image (type, url, room) VALUES ('detail','https://a0.muscache.com/im/pictures/2654f716-59af-47dd-aab2-d330d85e95da.jpg?im_w=720',89);
INSERT INTO image (type, url, room) VALUES ('detail','https://a0.muscache.com/im/pictures/1e9daecc-74c7-4870-971d-9b54f6057324.jpg?im_w=720',89);
insert into location(id,latitude,longitude,city) values (90,37.984,127.356,'경기');
INSERT INTO room (id, title, description, price_per_day, room_type, bed, max_guest, bathroom, location) VALUES (90,'동물들과 보내는 별이 빛나는 밤(라일락방)','Ildong-myeon, Pocheon-si의 돔하우스',95000,'집 전체',1,2,1,90);
INSERT INTO image (type, url, room) VALUES ('thumb','https://a0.muscache.com/im/pictures/bb4f945a-32f4-40e9-8d2d-9f6fd2cb3604.jpg?im_w=720',90);
INSERT INTO image (type, url, room) VALUES ('detail','https://a0.muscache.com/im/pictures/7cbd0f3d-ed8e-4bca-aa1e-e3be8edb87b8.jpg?im_w=720',90);
INSERT INTO image (type, url, room) VALUES ('detail','https://a0.muscache.com/im/pictures/a1745b94-b467-4868-9275-c9c1c1ca1c75.jpg?im_w=720',90);
INSERT INTO image (type, url, room) VALUES ('detail','https://a0.muscache.com/im/pictures/a02d00e4-feff-4c3e-9e5a-cde9a60a5b2f.jpg?im_w=720',90);
INSERT INTO image (type, url, room) VALUES ('detail','https://a0.muscache.com/im/pictures/dcb192e5-8798-468a-b3ea-c41bfbadd130.jpg?im_w=720',90);
INSERT INTO image (type, url, room) VALUES ('detail','https://a0.muscache.com/im/pictures/8fadf47a-6021-4ac0-a91c-b6ca15d1ef7d.jpg?im_w=720',90);
INSERT INTO image (type, url, room) VALUES ('detail','https://a0.muscache.com/im/pictures/13543297-e26b-418f-8f6a-4830cd44c535.jpg?im_w=720',90);
INSERT INTO image (type, url, room) VALUES ('detail','https://a0.muscache.com/im/pictures/f7e65eac-d929-47af-88bd-6ce8da06f3b4.jpg?im_w=720',90);
INSERT INTO image (type, url, room) VALUES ('detail','https://a0.muscache.com/im/pictures/8626e565-6994-4623-828e-267edb34c259.jpg?im_w=720',90);
INSERT INTO image (type, url, room) VALUES ('detail','https://a0.muscache.com/im/pictures/9503687e-62a4-49ff-8939-f43c5c6a746a.jpg?im_w=720',90);
INSERT INTO image (type, url, room) VALUES ('detail','https://a0.muscache.com/im/pictures/7d572503-44ab-4afa-bdd4-eb5cee93193a.jpg?im_w=720',90);
INSERT INTO image (type, url, room) VALUES ('detail','https://a0.muscache.com/im/pictures/99d6e7d0-4802-4dae-8978-61cd80be30e6.jpg?im_w=720',90);
INSERT INTO image (type, url, room) VALUES ('detail','https://a0.muscache.com/im/pictures/1292467b-4c62-44dd-ae40-246745082de0.jpg?im_w=720',90);
INSERT INTO image (type, url, room) VALUES ('detail','https://a0.muscache.com/im/pictures/91a1bc53-76da-4dba-bfa5-57384fd4b73a.jpg?im_w=720',90);
INSERT INTO image (type, url, room) VALUES ('detail','https://a0.muscache.com/im/pictures/1dfacea1-d4dc-4a88-83b5-8c06a7e0efc8.jpg?im_w=720',90);
INSERT INTO image (type, url, room) VALUES ('detail','https://a0.muscache.com/im/pictures/f680b7e0-4360-4bf2-ba1d-a8e2ec79c646.jpg?im_w=720',90);
INSERT INTO image (type, url, room) VALUES ('detail','https://a0.muscache.com/im/pictures/db9629a8-356d-4bc6-b6b3-289c8c9a57e9.jpg?im_w=720',90);
INSERT INTO image (type, url, room) VALUES ('detail','https://a0.muscache.com/im/pictures/dd40e477-39b4-4569-8bd4-dcc05b431b2c.jpg?im_w=720',90);
INSERT INTO image (type, url, room) VALUES ('detail','https://a0.muscache.com/im/pictures/35b06c80-4bc2-4d7c-b343-93fdb485d478.jpg?im_w=720',90);
INSERT INTO image (type, url, room) VALUES ('detail','https://a0.muscache.com/im/pictures/409c2585-faab-46f6-aa3c-ca3f3d6366bf.jpg?im_w=720',90);
INSERT INTO image (type, url, room) VALUES ('detail','https://a0.muscache.com/im/pictures/3fab733c-37af-46aa-90c0-8eeccb20e8de.jpg?im_w=720',90);
INSERT INTO image (type, url, room) VALUES ('detail','https://a0.muscache.com/im/pictures/bdc00f9c-f70a-4120-9faf-2cd34de2a982.jpg?im_w=720',90);
INSERT INTO image (type, url, room) VALUES ('detail','https://a0.muscache.com/im/pictures/cdb70677-73ee-4f58-93c6-964b499ba5b3.jpg?im_w=720',90);
INSERT INTO image (type, url, room) VALUES ('detail','https://a0.muscache.com/im/pictures/c8bddec0-c5ce-4169-843e-b4f2daaeacbd.jpg?im_w=720',90);
INSERT INTO image (type, url, room) VALUES ('detail','https://a0.muscache.com/im/pictures/5aaf0840-78d5-4cc6-824a-492a9d7ee949.jpg?im_w=720',90);
INSERT INTO image (type, url, room) VALUES ('detail','https://a0.muscache.com/im/pictures/65f7f08c-1d9f-4d08-8bc2-5b78128e4784.jpg?im_w=720',90);
INSERT INTO image (type, url, room) VALUES ('detail','https://a0.muscache.com/im/pictures/dc7b5481-0a72-475c-8e52-9e480a8eda65.jpg?im_w=720',90);
INSERT INTO image (type, url, room) VALUES ('detail','https://a0.muscache.com/im/pictures/bba5a786-8e95-4de6-8503-03769db611cc.jpg?im_w=720',90);
INSERT INTO image (type, url, room) VALUES ('detail','https://a0.muscache.com/im/pictures/cba793ab-16e4-4b8c-9678-edf2c995b54d.jpg?im_w=720',90);
INSERT INTO image (type, url, room) VALUES ('detail','https://a0.muscache.com/im/pictures/9a4b9dd7-9db1-42d1-b712-2d9c813b17a5.jpg?im_w=720',90);
insert into location(id,latitude,longitude,city) values (91,37.377,127.189,'경기');
INSERT INTO room (id, title, description, price_per_day, room_type, bed, max_guest, bathroom, location) VALUES (91,'* 금락헌 * - 서울.분당.판교 근교, 경기도 광주 위치','Gwangnam-dong, Gwangju-si의 전원주택 전체',100000,'집 전체',1,2,1,91);
INSERT INTO image (type, url, room) VALUES ('thumb','https://a0.muscache.com/im/pictures/7927fd1d-c148-42e4-9176-83a89c6a4233.jpg?im_w=720',91);
INSERT INTO image (type, url, room) VALUES ('detail','https://a0.muscache.com/im/pictures/7cf77fe6-ac35-4e6f-8e47-094b800cfc46.jpg?im_w=720',91);
INSERT INTO image (type, url, room) VALUES ('detail','https://a0.muscache.com/im/pictures/4909c572-8a0d-4460-842b-d90f8dc23951.jpg?im_w=720',91);
INSERT INTO image (type, url, room) VALUES ('detail','https://a0.muscache.com/im/pictures/0604229d-42de-47c7-b299-003696bdc173.jpg?im_w=720',91);
INSERT INTO image (type, url, room) VALUES ('detail','https://a0.muscache.com/im/pictures/f2158a51-cd48-4843-9ef5-e2836d9e679b.jpg?im_w=720',91);
INSERT INTO image (type, url, room) VALUES ('detail','https://a0.muscache.com/im/pictures/e3756383-4b7e-4310-ba9a-2de88ae58b4c.jpg?im_w=720',91);
INSERT INTO image (type, url, room) VALUES ('detail','https://a0.muscache.com/im/pictures/99d7a9a9-e94f-43a2-b17e-7a6c1999019d.jpg?im_w=720',91);
INSERT INTO image (type, url, room) VALUES ('detail','https://a0.muscache.com/im/pictures/356b4247-06ee-4ed9-809a-5950c75d5451.jpg?im_w=720',91);
INSERT INTO image (type, url, room) VALUES ('detail','https://a0.muscache.com/im/pictures/a7e169aa-e4bd-42e4-89a5-7e1861c08329.jpg?im_w=720',91);
INSERT INTO image (type, url, room) VALUES ('detail','https://a0.muscache.com/im/pictures/43726fac-63e0-4eb0-9658-fbf76596f3ab.jpg?im_w=720',91);
INSERT INTO image (type, url, room) VALUES ('detail','https://a0.muscache.com/im/pictures/7fe1caf7-1543-44fa-ace9-8a79d085da23.jpg?im_w=720',91);
INSERT INTO image (type, url, room) VALUES ('detail','https://a0.muscache.com/im/pictures/9aa92cf0-ac0a-47d7-8355-d8a3a8837bc7.jpg?im_w=720',91);
INSERT INTO image (type, url, room) VALUES ('detail','https://a0.muscache.com/im/pictures/472e3514-96be-49e3-a7e6-3cfc5184784b.jpg?im_w=720',91);
INSERT INTO image (type, url, room) VALUES ('detail','https://a0.muscache.com/im/pictures/0d4d1912-cc45-4dc6-9dc6-da8cf7b36d6b.jpg?im_w=720',91);
INSERT INTO image (type, url, room) VALUES ('detail','https://a0.muscache.com/im/pictures/e658d5c4-4b62-49d5-a901-1c878eecd19a.jpg?im_w=720',91);
INSERT INTO image (type, url, room) VALUES ('detail','https://a0.muscache.com/im/pictures/21387a8b-9bb6-4359-884f-1b1de7e5b748.jpg?im_w=720',91);
INSERT INTO image (type, url, room) VALUES ('detail','https://a0.muscache.com/im/pictures/95430a80-ff45-423c-80bc-5d8bd2dc862b.jpg?im_w=720',91);
insert into location(id,latitude,longitude,city) values (92,37.762,127.362,'경기');
INSERT INTO room (id, title, description, price_per_day, room_type, bed, max_guest, bathroom, location) VALUES (92,'*아침방  #통나무집에서 커피한잔하면서 빔으로 영화 한 편..어떠세요?','Sang-myeon, Gapyeong-gun의 게스트용 별채 전체',100000,'집 전체',1,2,1,92);
INSERT INTO image (type, url, room) VALUES ('thumb','https://a0.muscache.com/im/pictures/dbf45a01-a131-400c-862c-783a350a8399.jpg?im_w=720',92);
INSERT INTO image (type, url, room) VALUES ('detail','https://a0.muscache.com/im/pictures/6d7d3ccb-b0d6-432b-ba49-69f046000e48.jpg?im_w=720',92);
INSERT INTO image (type, url, room) VALUES ('detail','https://a0.muscache.com/im/pictures/d8c55801-09ee-46c0-b8d3-1fba2aa49844.jpg?im_w=720',92);
INSERT INTO image (type, url, room) VALUES ('detail','https://a0.muscache.com/im/pictures/105d3f5b-a5bc-466c-9357-1307438bdec5.jpg?im_w=720',92);
INSERT INTO image (type, url, room) VALUES ('detail','https://a0.muscache.com/im/pictures/5f1aad97-e44c-4f3c-a651-97baad1a5cd4.jpg?im_w=720',92);
INSERT INTO image (type, url, room) VALUES ('detail','https://a0.muscache.com/im/pictures/ec8e7e03-65f2-4612-bbd7-36ab2eb5a4e0.jpg?im_w=720',92);
INSERT INTO image (type, url, room) VALUES ('detail','https://a0.muscache.com/im/pictures/e5ee6bf0-8081-475a-a3e3-ff45f4cf1f78.jpg?im_w=720',92);
INSERT INTO image (type, url, room) VALUES ('detail','https://a0.muscache.com/im/pictures/cd080696-9f50-45c5-8d01-f2d2c8a73154.jpg?im_w=720',92);
INSERT INTO image (type, url, room) VALUES ('detail','https://a0.muscache.com/im/pictures/317037c2-2e6a-4bb3-aebb-c911df5b7bdd.jpg?im_w=720',92);
INSERT INTO image (type, url, room) VALUES ('detail','https://a0.muscache.com/im/pictures/7b8effec-8ad1-451b-9745-531465ce6f39.jpg?im_w=720',92);
INSERT INTO image (type, url, room) VALUES ('detail','https://a0.muscache.com/im/pictures/miso/Hosting-23195109/original/a288ef9b-9a6f-45c3-b71d-b786b8d0385e.jpeg?im_w=720',92);
INSERT INTO image (type, url, room) VALUES ('detail','https://a0.muscache.com/im/pictures/53745121-5d75-4521-a554-73ddff6fc789.jpg?im_w=720',92);
INSERT INTO image (type, url, room) VALUES ('detail','https://a0.muscache.com/im/pictures/9b81894a-1be9-405d-a32d-1b69424c8fe0.jpg?im_w=720',92);
INSERT INTO image (type, url, room) VALUES ('detail','https://a0.muscache.com/im/pictures/73077130-39ae-4143-a961-27c0234f64fb.jpg?im_w=720',92);
INSERT INTO image (type, url, room) VALUES ('detail','https://a0.muscache.com/im/pictures/9b448469-1ac6-4dff-893d-79487ad6c3fb.jpg?im_w=720',92);
INSERT INTO image (type, url, room) VALUES ('detail','https://a0.muscache.com/im/pictures/3a1cbf2d-317d-4e1b-b13b-f8789ed482c0.jpg?im_w=720',92);
INSERT INTO image (type, url, room) VALUES ('detail','https://a0.muscache.com/im/pictures/31fd70df-f2ca-4d23-8ec7-facddb81c316.jpg?im_w=720',92);
INSERT INTO image (type, url, room) VALUES ('detail','https://a0.muscache.com/im/pictures/a1082fc9-f7b3-47c5-94c8-fa98f70ecb42.jpg?im_w=720',92);
insert into location(id,latitude,longitude,city) values (93,37.38,127.118,'경기');
INSERT INTO room (id, title, description, price_per_day, room_type, bed, max_guest, bathroom, location) VALUES (93,'[BUNDANG][SUNAE] Designers Clean APT','Bundang-gu, Seongnam-si의 아파트 전체',95000,'집 전체',1,2,1,93);
INSERT INTO image (type, url, room) VALUES ('thumb','https://a0.muscache.com/im/pictures/0aa12c6a-0655-43f4-b070-6241398f202f.jpg?im_w=720',93);
INSERT INTO image (type, url, room) VALUES ('detail','https://a0.muscache.com/im/pictures/4945af88-72d4-4dd8-9900-21b2576f9a4d.jpg?im_w=720',93);
INSERT INTO image (type, url, room) VALUES ('detail','https://a0.muscache.com/im/pictures/a16e45a4-be00-4344-97ab-1bd3132cfa55.jpg?im_w=720',93);
INSERT INTO image (type, url, room) VALUES ('detail','https://a0.muscache.com/im/pictures/5cae0fa2-1003-4447-8cd8-9b7186e1a315.jpg?im_w=720',93);
INSERT INTO image (type, url, room) VALUES ('detail','https://a0.muscache.com/im/pictures/6878ad55-3efe-4aee-8e52-79d36c9feceb.jpg?im_w=720',93);
INSERT INTO image (type, url, room) VALUES ('detail','https://a0.muscache.com/im/pictures/fa5ead8d-e5eb-418b-940e-4dc4152309a4.jpg?im_w=720',93);
INSERT INTO image (type, url, room) VALUES ('detail','https://a0.muscache.com/im/pictures/e3ecabaa-4f3f-432d-9066-a745d34107e8.jpg?im_w=720',93);
INSERT INTO image (type, url, room) VALUES ('detail','https://a0.muscache.com/im/pictures/f42fd20a-1f08-48fa-afff-de311e5b511b.jpg?im_w=720',93);
INSERT INTO image (type, url, room) VALUES ('detail','https://a0.muscache.com/im/pictures/84ee49eb-4af1-41f1-8c6c-f9c9d5418cef.jpg?im_w=720',93);
INSERT INTO image (type, url, room) VALUES ('detail','https://a0.muscache.com/im/pictures/2ad9e18a-f9b4-462d-bf4c-e926ac143734.jpg?im_w=720',93);
INSERT INTO image (type, url, room) VALUES ('detail','https://a0.muscache.com/im/pictures/230d4fe6-cb2c-4e2a-9af7-deffae0dd067.jpg?im_w=720',93);
INSERT INTO image (type, url, room) VALUES ('detail','https://a0.muscache.com/im/pictures/b4312678-0038-4ab8-ac56-af1b3dbe0fe6.jpg?im_w=720',93);
INSERT INTO image (type, url, room) VALUES ('detail','https://a0.muscache.com/im/pictures/c6b8756e-bedd-4795-9488-c4878f0ef055.jpg?im_w=720',93);
INSERT INTO image (type, url, room) VALUES ('detail','https://a0.muscache.com/im/pictures/a79071aa-4496-4819-ac5d-929c95c06168.jpg?im_w=720',93);
INSERT INTO image (type, url, room) VALUES ('detail','https://a0.muscache.com/im/pictures/ba682097-c589-4d21-9424-6c801208091d.jpg?im_w=720',93);
INSERT INTO image (type, url, room) VALUES ('detail','https://a0.muscache.com/im/pictures/8f5e430b-f10e-4633-babf-2a290d639556.jpg?im_w=720',93);
INSERT INTO image (type, url, room) VALUES ('detail','https://a0.muscache.com/im/pictures/ac7867ee-bdcd-4c33-9b32-cf7f8d66a621.jpg?im_w=720',93);
INSERT INTO image (type, url, room) VALUES ('detail','https://a0.muscache.com/im/pictures/57f63ceb-c087-47e6-a802-df723a6fd86d.jpg?im_w=720',93);
INSERT INTO image (type, url, room) VALUES ('detail','https://a0.muscache.com/im/pictures/aa3d1c35-e214-4fcd-a23c-0e0f9dfcf79a.jpg?im_w=720',93);
INSERT INTO image (type, url, room) VALUES ('detail','https://a0.muscache.com/im/pictures/12bce55c-66db-46b0-84a4-250ad3871e65.jpg?im_w=720',93);
INSERT INTO image (type, url, room) VALUES ('detail','https://a0.muscache.com/im/pictures/5b60c04a-6a8e-4cc5-aa59-2de141e9b907.jpg?im_w=720',93);
INSERT INTO image (type, url, room) VALUES ('detail','https://a0.muscache.com/im/pictures/b9291bf7-57c3-451c-80d1-2c7adad2da96.jpg?im_w=720',93);
INSERT INTO image (type, url, room) VALUES ('detail','https://a0.muscache.com/im/pictures/5f02ac26-e6c3-4b65-b226-e6141106bd03.jpg?im_w=720',93);
INSERT INTO image (type, url, room) VALUES ('detail','https://a0.muscache.com/im/pictures/9524b7e5-aee9-481a-9d6d-e00416516ec1.jpg?im_w=720',93);
INSERT INTO image (type, url, room) VALUES ('detail','https://a0.muscache.com/im/pictures/13cb248f-e2bb-4766-878d-684772e8aecc.jpg?im_w=720',93);
INSERT INTO image (type, url, room) VALUES ('detail','https://a0.muscache.com/im/pictures/d9447389-67e4-42f7-964e-8fa08764524c.jpg?im_w=720',93);
INSERT INTO image (type, url, room) VALUES ('detail','https://a0.muscache.com/im/pictures/f0e21bcf-2486-4862-8387-36706fdf11c4.jpg?im_w=720',93);
INSERT INTO image (type, url, room) VALUES ('detail','https://a0.muscache.com/im/pictures/0d01f672-6b77-4b4b-a9e5-35f4799ec4ef.jpg?im_w=720',93);
INSERT INTO image (type, url, room) VALUES ('detail','https://a0.muscache.com/im/pictures/ca33fb1f-e3d1-4836-8083-7e0d2b44f4b9.jpg?im_w=720',93);
INSERT INTO image (type, url, room) VALUES ('detail','https://a0.muscache.com/im/pictures/a011597d-b820-40e0-86ac-c81c9fd35622.jpg?im_w=720',93);
insert into location(id,latitude,longitude,city) values (94,37.285,127.06,'경기');
INSERT INTO room (id, title, description, price_per_day, room_type, bed, max_guest, bathroom, location) VALUES (94,'[comma stay]광교호수공원,42인치TV,NETFLIX,구스이불','Woncheon-dong, Yeongtong-gu, Suwon-si의 아파트 전체',100000,'집 전체',1,2,1,94);
INSERT INTO image (type, url, room) VALUES ('thumb','https://a0.muscache.com/im/pictures/23b46ecc-bd0f-498c-9348-cdeff74df605.jpg?im_w=720',94);
INSERT INTO image (type, url, room) VALUES ('detail','https://a0.muscache.com/im/pictures/miso/Hosting-46958334/original/3e979f6f-ff9e-46e4-bb43-832f1533635c.jpeg?im_w=720',94);
INSERT INTO image (type, url, room) VALUES ('detail','https://a0.muscache.com/im/pictures/95a62fd9-2b29-4da6-96de-7900d2faccbe.jpg?im_w=720',94);
INSERT INTO image (type, url, room) VALUES ('detail','https://a0.muscache.com/im/pictures/miso/Hosting-46958334/original/fdbe1d7d-5481-4ecb-9528-493ae2a5521e.jpeg?im_w=720',94);
INSERT INTO image (type, url, room) VALUES ('detail','https://a0.muscache.com/im/pictures/266a34ee-1041-4a1a-9ec8-27d2dbb8407d.jpg?im_w=720',94);
INSERT INTO image (type, url, room) VALUES ('detail','https://a0.muscache.com/im/pictures/miso/Hosting-46958334/original/b4ff670f-99e4-4aef-aa9b-3bc476951ba6.jpeg?im_w=720',94);
INSERT INTO image (type, url, room) VALUES ('detail','https://a0.muscache.com/im/pictures/miso/Hosting-46958334/original/54bf1536-a375-412d-a150-c94066107f71.jpeg?im_w=720',94);
INSERT INTO image (type, url, room) VALUES ('detail','https://a0.muscache.com/im/pictures/miso/Hosting-46958334/original/13d2d8b7-db58-42ef-9f0d-8fef6ffb5dd6.jpeg?im_w=720',94);
INSERT INTO image (type, url, room) VALUES ('detail','https://a0.muscache.com/im/pictures/cb61ac13-fe15-4034-917c-931e3dc595f6.jpg?im_w=720',94);
INSERT INTO image (type, url, room) VALUES ('detail','https://a0.muscache.com/im/pictures/00c1e3f4-9110-4a30-bc9e-baa001201b23.jpg?im_w=720',94);
INSERT INTO image (type, url, room) VALUES ('detail','https://a0.muscache.com/im/pictures/10fb1543-304f-4d95-9f20-ad5882c23df9.jpg?im_w=720',94);
INSERT INTO image (type, url, room) VALUES ('detail','https://a0.muscache.com/im/pictures/miso/Hosting-46958334/original/34f53d8c-688e-4779-a980-d56b98aa40bd.jpeg?im_w=720',94);
INSERT INTO image (type, url, room) VALUES ('detail','https://a0.muscache.com/im/pictures/miso/Hosting-46958334/original/1830b83e-b8e8-4e18-b2a0-ada0a563c6a2.jpeg?im_w=720',94);
INSERT INTO image (type, url, room) VALUES ('detail','https://a0.muscache.com/im/pictures/miso/Hosting-46958334/original/3c466c24-6297-4ce3-ae3c-70a2a1837ab9.jpeg?im_w=720',94);
INSERT INTO image (type, url, room) VALUES ('detail','https://a0.muscache.com/im/pictures/miso/Hosting-46958334/original/26e4c394-e741-4738-a539-4401503b74e6.jpeg?im_w=720',94);
INSERT INTO image (type, url, room) VALUES ('detail','https://a0.muscache.com/im/pictures/miso/Hosting-46958334/original/b2e2e73c-d61c-4467-89b8-0d841de062e6.jpeg?im_w=720',94);
INSERT INTO image (type, url, room) VALUES ('detail','https://a0.muscache.com/im/pictures/miso/Hosting-46958334/original/5f4d9bdd-5f68-4e1c-9e44-ea804e641b91.jpeg?im_w=720',94);
INSERT INTO image (type, url, room) VALUES ('detail','https://a0.muscache.com/im/pictures/429e75c6-04ca-4de9-83be-b7049e01b08d.jpg?im_w=720',94);
INSERT INTO image (type, url, room) VALUES ('detail','https://a0.muscache.com/im/pictures/2c3f8b2f-19f4-4aff-b9a2-208c13ac3c4c.jpg?im_w=720',94);
INSERT INTO image (type, url, room) VALUES ('detail','https://a0.muscache.com/im/pictures/miso/Hosting-46958334/original/f4287016-4521-4b34-8528-2610a0d33b93.jpeg?im_w=720',94);
INSERT INTO image (type, url, room) VALUES ('detail','https://a0.muscache.com/im/pictures/miso/Hosting-46958334/original/463dc40d-5ea8-4150-a80f-069a43cbfcc2.jpeg?im_w=720',94);
INSERT INTO image (type, url, room) VALUES ('detail','https://a0.muscache.com/im/pictures/miso/Hosting-46958334/original/1bb69c34-dfd3-496f-a21c-565bb9b663dc.jpeg?im_w=720',94);
INSERT INTO image (type, url, room) VALUES ('detail','https://a0.muscache.com/im/pictures/miso/Hosting-46958334/original/a140ae8b-1c5e-4d51-8de5-ab19a9ac6dcf.jpeg?im_w=720',94);
INSERT INTO image (type, url, room) VALUES ('detail','https://a0.muscache.com/im/pictures/miso/Hosting-46958334/original/d843262c-97b3-4559-9eb0-a3e35ef74885.jpeg?im_w=720',94);
INSERT INTO image (type, url, room) VALUES ('detail','https://a0.muscache.com/im/pictures/miso/Hosting-46958334/original/7ed961a4-3860-4d1a-8ca6-16dbb9dc4ab5.jpeg?im_w=720',94);
insert into location(id,latitude,longitude,city) values (95,37.686,127.237,'경기');
INSERT INTO room (id, title, description, price_per_day, room_type, bed, max_guest, bathroom, location) VALUES (95,'그랜마 하우스#1','남양주시의 통나무집 전체',97000,'집 전체',1,2,1,95);
INSERT INTO image (type, url, room) VALUES ('thumb','https://a0.muscache.com/im/pictures/76f673c1-3270-490f-a1e8-0d454ea80362.jpg?im_w=720',95);
INSERT INTO image (type, url, room) VALUES ('detail','https://a0.muscache.com/im/pictures/cfe20412-ef12-4ee2-8646-15f33b27b8f5.jpg?im_w=720',95);
INSERT INTO image (type, url, room) VALUES ('detail','https://a0.muscache.com/im/pictures/3a4240d0-af57-403e-971b-bd240d22879b.jpg?im_w=720',95);
INSERT INTO image (type, url, room) VALUES ('detail','https://a0.muscache.com/im/pictures/021b8c99-9f28-432d-9e47-4eccc3ce1058.jpg?im_w=720',95);
INSERT INTO image (type, url, room) VALUES ('detail','https://a0.muscache.com/im/pictures/a2542965-6afa-4b0c-be14-a86d7fbdac5c.jpg?im_w=720',95);
INSERT INTO image (type, url, room) VALUES ('detail','https://a0.muscache.com/im/pictures/56a35a41-0414-490b-aeac-520f083fcc98.jpg?im_w=720',95);
INSERT INTO image (type, url, room) VALUES ('detail','https://a0.muscache.com/im/pictures/db1adada-f1ed-44ae-87ab-e2e2b7d47be7.jpg?im_w=720',95);
INSERT INTO image (type, url, room) VALUES ('detail','https://a0.muscache.com/im/pictures/1d55fe9f-1338-4bac-966b-d6083da63636.jpg?im_w=720',95);
INSERT INTO image (type, url, room) VALUES ('detail','https://a0.muscache.com/im/pictures/105366fe-bb40-45fc-84db-f7ea38ffc711.jpg?im_w=720',95);
INSERT INTO image (type, url, room) VALUES ('detail','https://a0.muscache.com/im/pictures/6382a513-47d6-4d70-a63b-0e62e4439b04.jpg?im_w=720',95);
INSERT INTO image (type, url, room) VALUES ('detail','https://a0.muscache.com/im/pictures/150a3da1-2f76-4b42-a488-d86481b2ceb5.jpg?im_w=720',95);
INSERT INTO image (type, url, room) VALUES ('detail','https://a0.muscache.com/im/pictures/a06e1a5c-325e-4469-87eb-7339043d433c.jpg?im_w=720',95);
INSERT INTO image (type, url, room) VALUES ('detail','https://a0.muscache.com/im/pictures/bc7c9be3-9858-43d0-b4a0-5b36875c031c.jpg?im_w=720',95);
INSERT INTO image (type, url, room) VALUES ('detail','https://a0.muscache.com/im/pictures/cd0dc4f7-7ab0-4aa4-8c2f-b3059423d2c2.jpg?im_w=720',95);
INSERT INTO image (type, url, room) VALUES ('detail','https://a0.muscache.com/im/pictures/67d5273f-35a2-4623-940f-01a4ae393c73.jpg?im_w=720',95);
INSERT INTO image (type, url, room) VALUES ('detail','https://a0.muscache.com/im/pictures/258f2ae9-3aaf-4590-b656-db13e53e46f1.jpg?im_w=720',95);
INSERT INTO image (type, url, room) VALUES ('detail','https://a0.muscache.com/im/pictures/1d97c393-bf85-40a0-96cf-a42dccd9ece7.jpg?im_w=720',95);
INSERT INTO image (type, url, room) VALUES ('detail','https://a0.muscache.com/im/pictures/38916d07-f191-4e5f-adb6-f1d7c85d2f80.jpg?im_w=720',95);
INSERT INTO image (type, url, room) VALUES ('detail','https://a0.muscache.com/im/pictures/f71acab5-d04a-408d-a237-63839e64378e.jpg?im_w=720',95);
INSERT INTO image (type, url, room) VALUES ('detail','https://a0.muscache.com/im/pictures/89660406-83e8-4917-b3ca-0fac9c5c18ed.jpg?im_w=720',95);
INSERT INTO image (type, url, room) VALUES ('detail','https://a0.muscache.com/im/pictures/9d308b09-7d91-4ec5-9c59-75fc6cca8420.jpg?im_w=720',95);
INSERT INTO image (type, url, room) VALUES ('detail','https://a0.muscache.com/im/pictures/e434c694-2d34-45dd-824e-5875253fe221.jpg?im_w=720',95);
insert into location(id,latitude,longitude,city) values (96,37.565,127.419,'경기');
INSERT INTO room (id, title, description, price_per_day, room_type, bed, max_guest, bathroom, location) VALUES (96,'넓은 마당과 넓은 거실의 독채','서종면, 양평의 집 전체',95000,'집 전체',3,6,1,96);
INSERT INTO image (type, url, room) VALUES ('thumb','https://a0.muscache.com/im/pictures/c1d29890-eaed-4dc9-9163-56c9184a3435.jpg?im_w=720',96);
INSERT INTO image (type, url, room) VALUES ('detail','https://a0.muscache.com/im/pictures/fec44ac7-f79e-465f-b17d-058d7fbba92f.jpg?im_w=720',96);
INSERT INTO image (type, url, room) VALUES ('detail','https://a0.muscache.com/im/pictures/2b636975-e00e-4598-a090-483401fcfb57.jpg?im_w=720',96);
INSERT INTO image (type, url, room) VALUES ('detail','https://a0.muscache.com/im/pictures/c3914747-3a48-405b-ad9c-074d868ead52.jpg?im_w=720',96);
INSERT INTO image (type, url, room) VALUES ('detail','https://a0.muscache.com/im/pictures/8921d0f9-73b3-479e-a4e4-68a4bbefca6c.jpg?im_w=720',96);
INSERT INTO image (type, url, room) VALUES ('detail','https://a0.muscache.com/im/pictures/8535a26e-fb9e-4f8f-8c46-423c43fc0123.jpg?im_w=720',96);
INSERT INTO image (type, url, room) VALUES ('detail','https://a0.muscache.com/im/pictures/e3ec9bbb-6c3a-4d40-ab89-d24c323ac737.jpg?im_w=720',96);
INSERT INTO image (type, url, room) VALUES ('detail','https://a0.muscache.com/im/pictures/aa68584b-c28e-47dd-8686-5f6a32e5694b.jpg?im_w=720',96);
INSERT INTO image (type, url, room) VALUES ('detail','https://a0.muscache.com/im/pictures/376101a7-e5e6-4ebc-a355-452ca3750c89.jpg?im_w=720',96);
INSERT INTO image (type, url, room) VALUES ('detail','https://a0.muscache.com/im/pictures/b861adc9-f46e-41fd-8a6c-a27fadb130e3.jpg?im_w=720',96);
INSERT INTO image (type, url, room) VALUES ('detail','https://a0.muscache.com/im/pictures/7f175f04-5940-46a7-bda3-de4a82751cae.jpg?im_w=720',96);
INSERT INTO image (type, url, room) VALUES ('detail','https://a0.muscache.com/im/pictures/b9e270a2-89c1-4b9e-9393-59f6028538cf.jpg?im_w=720',96);
INSERT INTO image (type, url, room) VALUES ('detail','https://a0.muscache.com/im/pictures/b759d54b-49f4-4598-8952-309d91f7ae54.jpg?im_w=720',96);
INSERT INTO image (type, url, room) VALUES ('detail','https://a0.muscache.com/im/pictures/78361a04-9c93-4844-af61-73ce81fe5482.jpg?im_w=720',96);
INSERT INTO image (type, url, room) VALUES ('detail','https://a0.muscache.com/im/pictures/3ce7651c-e6e1-4a0a-b31e-c51a44c27fa3.jpg?im_w=720',96);
INSERT INTO image (type, url, room) VALUES ('detail','https://a0.muscache.com/im/pictures/a13bc541-5b92-4961-9db1-3ededfe2f223.jpg?im_w=720',96);
INSERT INTO image (type, url, room) VALUES ('detail','https://a0.muscache.com/im/pictures/72bc4045-f278-442e-a63e-3743d6e19ce6.jpg?im_w=720',96);
INSERT INTO image (type, url, room) VALUES ('detail','https://a0.muscache.com/im/pictures/717a34be-ae65-4ad4-b530-e7ef3ae028ce.jpg?im_w=720',96);
INSERT INTO image (type, url, room) VALUES ('detail','https://a0.muscache.com/im/pictures/6ff78b8e-7842-4fcb-90ac-d6564f0c20cb.jpg?im_w=720',96);
INSERT INTO image (type, url, room) VALUES ('detail','https://a0.muscache.com/im/pictures/9fbf65d6-d9c2-497e-b7c0-b3b19b61b407.jpg?im_w=720',96);
INSERT INTO image (type, url, room) VALUES ('detail','https://a0.muscache.com/im/pictures/fc3047c8-1daf-49bb-98c6-492b7756631d.jpg?im_w=720',96);
INSERT INTO image (type, url, room) VALUES ('detail','https://a0.muscache.com/im/pictures/2fe06140-4240-4a69-87a8-6ca214b954cd.jpg?im_w=720',96);
insert into location(id,latitude,longitude,city) values (97,37.286,127.058,'경기');
INSERT INTO room (id, title, description, price_per_day, room_type, bed, max_guest, bathroom, location) VALUES (97,'캠핑 테라스, WIDE TV(43), NETFLIX, 호수공원 3분','Woncheon-dong, Yeongtong-gu, Suwon-si의 아파트 전체',98000,'집 전체',1,3,1,97);
INSERT INTO image (type, url, room) VALUES ('thumb','https://a0.muscache.com/im/pictures/ea7cb34c-7843-48cd-9541-73396f3e82bd.jpg?im_w=720',97);
INSERT INTO image (type, url, room) VALUES ('detail','https://a0.muscache.com/im/pictures/7ed4b0af-8284-425f-b928-9b9414ac23dd.jpg?im_w=720',97);
INSERT INTO image (type, url, room) VALUES ('detail','https://a0.muscache.com/im/pictures/5ab9504e-e3fe-4be2-91a0-c444997057cb.jpg?im_w=720',97);
INSERT INTO image (type, url, room) VALUES ('detail','https://a0.muscache.com/im/pictures/b3393241-e631-470a-8a85-59f513dabb06.jpg?im_w=720',97);
INSERT INTO image (type, url, room) VALUES ('detail','https://a0.muscache.com/im/pictures/cf0d3eed-ed4f-4bd5-ad78-131a7c0bc7cb.jpg?im_w=720',97);
INSERT INTO image (type, url, room) VALUES ('detail','https://a0.muscache.com/im/pictures/d22814b6-9481-4071-85cf-54705436bb36.jpg?im_w=720',97);
INSERT INTO image (type, url, room) VALUES ('detail','https://a0.muscache.com/im/pictures/3dec416a-73fe-4e64-99c7-cba8f95ba97b.jpg?im_w=720',97);
INSERT INTO image (type, url, room) VALUES ('detail','https://a0.muscache.com/im/pictures/8937a01f-a52d-4bcb-a2fc-49e331f2f7ca.jpg?im_w=720',97);
INSERT INTO image (type, url, room) VALUES ('detail','https://a0.muscache.com/im/pictures/ee057df8-380e-4b9b-a80d-fd4edf57ea61.jpg?im_w=720',97);
INSERT INTO image (type, url, room) VALUES ('detail','https://a0.muscache.com/im/pictures/9d2ada67-8dbf-4ccb-ba46-6422cfc56475.jpg?im_w=720',97);
INSERT INTO image (type, url, room) VALUES ('detail','https://a0.muscache.com/im/pictures/73356a49-6fa8-4d64-b17c-961d94470ccc.jpg?im_w=720',97);
INSERT INTO image (type, url, room) VALUES ('detail','https://a0.muscache.com/im/pictures/ead8a9f8-b97a-484e-b3cd-2814220d9e29.jpg?im_w=720',97);
INSERT INTO image (type, url, room) VALUES ('detail','https://a0.muscache.com/im/pictures/66bda5d8-9ed6-46b2-8656-c246e601f7f1.jpg?im_w=720',97);
INSERT INTO image (type, url, room) VALUES ('detail','https://a0.muscache.com/im/pictures/a96cc4cc-3575-4bb7-bfb8-a1a5fbe91cc5.jpg?im_w=720',97);
INSERT INTO image (type, url, room) VALUES ('detail','https://a0.muscache.com/im/pictures/7cef1ac1-2a47-48d4-ac94-abdbc8e09ce6.jpg?im_w=720',97);
insert into location(id,latitude,longitude,city) values (98,37.506,127.099,'경기');
INSERT INTO room (id, title, description, price_per_day, room_type, bed, max_guest, bathroom, location) VALUES (98,'[Rest in the Bar] 한국100대인기숙소 선정 Rooftop Skylounge','Songpa-gu의 콘도(아파트) 전체',100000,'집 전체',3,4,1,98);
INSERT INTO image (type, url, room) VALUES ('thumb','https://a0.muscache.com/im/pictures/miso/Hosting-31031327/original/eb5d0f39-e344-43cf-8d85-97a5d6a7e639.jpeg?im_w=720',98);
INSERT INTO image (type, url, room) VALUES ('detail','https://a0.muscache.com/im/pictures/3fd535e8-5ec0-41a4-8ea5-3db82b70cdbe.jpg?im_w=720',98);
INSERT INTO image (type, url, room) VALUES ('detail','https://a0.muscache.com/im/pictures/56aaf7d9-ec5e-41fb-969e-e9ec2a151b0d.jpg?im_w=720',98);
INSERT INTO image (type, url, room) VALUES ('detail','https://a0.muscache.com/im/pictures/7b743adb-e05a-4aa5-83b0-3ad97536bd5a.jpg?im_w=720',98);
INSERT INTO image (type, url, room) VALUES ('detail','https://a0.muscache.com/im/pictures/miso/Hosting-31031327/original/74dd85e3-9d84-4c8e-8a2d-aa1ae1b17d79.jpeg?im_w=720',98);
INSERT INTO image (type, url, room) VALUES ('detail','https://a0.muscache.com/im/pictures/miso/Hosting-31031327/original/19833c18-44d4-4a29-8ed3-2a755bae5b1d.jpeg?im_w=720',98);
INSERT INTO image (type, url, room) VALUES ('detail','https://a0.muscache.com/im/pictures/miso/Hosting-31031327/original/d8eafe5c-378c-474b-ad36-1341f233e811.jpeg?im_w=720',98);
INSERT INTO image (type, url, room) VALUES ('detail','https://a0.muscache.com/im/pictures/c7ea6dd3-0439-47cc-bf98-a62931a8b6c3.jpg?im_w=720',98);
INSERT INTO image (type, url, room) VALUES ('detail','https://a0.muscache.com/im/pictures/2da01155-372a-4ba4-b04d-8891cc341329.jpg?im_w=720',98);
INSERT INTO image (type, url, room) VALUES ('detail','https://a0.muscache.com/im/pictures/1f725252-77cc-4dd2-8800-e678f21ed636.jpg?im_w=720',98);
INSERT INTO image (type, url, room) VALUES ('detail','https://a0.muscache.com/im/pictures/4e110fa9-94ff-495c-8782-af5af2a6597d.jpg?im_w=720',98);
INSERT INTO image (type, url, room) VALUES ('detail','https://a0.muscache.com/im/pictures/498ccc3a-4944-4ce1-bfc0-247c573da40f.jpg?im_w=720',98);
INSERT INTO image (type, url, room) VALUES ('detail','https://a0.muscache.com/im/pictures/12db92d3-8676-4170-8116-6e17efff645b.jpg?im_w=720',98);
INSERT INTO image (type, url, room) VALUES ('detail','https://a0.muscache.com/im/pictures/9d256a41-35dc-4215-b2a6-bd3fa4e8ec94.jpg?im_w=720',98);
INSERT INTO image (type, url, room) VALUES ('detail','https://a0.muscache.com/im/pictures/d98924f0-f4ce-43f2-b5b3-4ba5cb2b7fab.jpg?im_w=720',98);
INSERT INTO image (type, url, room) VALUES ('detail','https://a0.muscache.com/im/pictures/d32a7283-9276-4bd8-a14f-2f3236f8cc33.jpg?im_w=720',98);
INSERT INTO image (type, url, room) VALUES ('detail','https://a0.muscache.com/im/pictures/c4fce2e9-5be3-42e4-9501-ddb9b2f2831a.jpg?im_w=720',98);
INSERT INTO image (type, url, room) VALUES ('detail','https://a0.muscache.com/im/pictures/c6e5edbf-aab0-429f-8f00-01d2c12a0eb4.jpg?im_w=720',98);
INSERT INTO image (type, url, room) VALUES ('detail','https://a0.muscache.com/im/pictures/f677c1f2-0f34-404d-aa22-f0bf33ac66a2.jpg?im_w=720',98);
INSERT INTO image (type, url, room) VALUES ('detail','https://a0.muscache.com/im/pictures/a17d6816-283a-460a-8e56-fd97fb8227e6.jpg?im_w=720',98);
INSERT INTO image (type, url, room) VALUES ('detail','https://a0.muscache.com/im/pictures/62e80d76-cee4-44b0-9afb-249605894371.jpg?im_w=720',98);
INSERT INTO image (type, url, room) VALUES ('detail','https://a0.muscache.com/im/pictures/1619ccc9-cf10-4bf5-a8ac-6839d0facbf5.jpg?im_w=720',98);
INSERT INTO image (type, url, room) VALUES ('detail','https://a0.muscache.com/im/pictures/49cdf92d-dc7c-48d2-b303-5d18784931e0.jpg?im_w=720',98);
INSERT INTO image (type, url, room) VALUES ('detail','https://a0.muscache.com/im/pictures/e61ca616-340c-4a79-9e85-938504025693.jpg?im_w=720',98);
INSERT INTO image (type, url, room) VALUES ('detail','https://a0.muscache.com/im/pictures/46e42877-16a5-4f37-a77d-54f1d4c676e4.jpg?im_w=720',98);
INSERT INTO image (type, url, room) VALUES ('detail','https://a0.muscache.com/im/pictures/44dd954b-836d-48b6-89f7-c687649649ed.jpg?im_w=720',98);
INSERT INTO image (type, url, room) VALUES ('detail','https://a0.muscache.com/im/pictures/508a520d-7164-4784-a181-4b310c03392e.jpg?im_w=720',98);
INSERT INTO image (type, url, room) VALUES ('detail','https://a0.muscache.com/im/pictures/36953259-8f6d-4d45-81b4-e89c554e6722.jpg?im_w=720',98);
INSERT INTO image (type, url, room) VALUES ('detail','https://a0.muscache.com/im/pictures/451ab5cd-b8c0-4408-9ad4-d7bd1fa7eb98.jpg?im_w=720',98);
INSERT INTO image (type, url, room) VALUES ('detail','https://a0.muscache.com/im/pictures/aa36ac43-a8fe-4b8e-bc5a-2346b8750af6.jpg?im_w=720',98);
insert into location(id,latitude,longitude,city) values (99,37.631,126.407,'경기');
INSERT INTO room (id, title, description, price_per_day, room_type, bed, max_guest, bathroom, location) VALUES (99,'[더휴]강화 신축독채펜션🏡#노래방#바베큐#불멍#마니산','Hwado-myeon, Kanghwa의 펜션',75000,'집 전체',2,12,2,99);
INSERT INTO image (type, url, room) VALUES ('thumb','https://a0.muscache.com/im/pictures/f887f5fe-9553-4248-9c13-bf5c066ba128.jpg?im_w=720',99);
INSERT INTO image (type, url, room) VALUES ('detail','https://a0.muscache.com/im/pictures/e60c645e-b5b4-434f-aa15-0aa9b356933f.jpg?im_w=720',99);
INSERT INTO image (type, url, room) VALUES ('detail','https://a0.muscache.com/im/pictures/e7243267-68f6-40d9-8db5-4e7a5ad975e1.jpg?im_w=720',99);
INSERT INTO image (type, url, room) VALUES ('detail','https://a0.muscache.com/im/pictures/3b85c2aa-40b0-470b-9cdd-bcb278a7cb50.jpg?im_w=720',99);
INSERT INTO image (type, url, room) VALUES ('detail','https://a0.muscache.com/im/pictures/0ed76086-8621-42f8-bea2-9ea23fd570e6.jpg?im_w=720',99);
INSERT INTO image (type, url, room) VALUES ('detail','https://a0.muscache.com/im/pictures/d54f4f87-f082-4ec0-9b4d-aad6b99f1e79.jpg?im_w=720',99);
INSERT INTO image (type, url, room) VALUES ('detail','https://a0.muscache.com/im/pictures/a9e6ecff-6c48-45ae-bd2b-bb92df210c8b.jpg?im_w=720',99);
INSERT INTO image (type, url, room) VALUES ('detail','https://a0.muscache.com/im/pictures/cd71f4e3-1979-4440-9fdf-62935628f86b.jpg?im_w=720',99);
INSERT INTO image (type, url, room) VALUES ('detail','https://a0.muscache.com/im/pictures/7c00e273-e6c4-4d08-88c4-f957430566b8.jpg?im_w=720',99);
INSERT INTO image (type, url, room) VALUES ('detail','https://a0.muscache.com/im/pictures/94b66fef-55d3-4f45-ac9a-164c9c59ed64.jpg?im_w=720',99);
INSERT INTO image (type, url, room) VALUES ('detail','https://a0.muscache.com/im/pictures/32f03b50-ce88-4688-8e1d-9ea241a3c98b.jpg?im_w=720',99);
INSERT INTO image (type, url, room) VALUES ('detail','https://a0.muscache.com/im/pictures/b1670108-01c7-464d-bb10-c739fc73e121.jpg?im_w=720',99);
INSERT INTO image (type, url, room) VALUES ('detail','https://a0.muscache.com/im/pictures/c58072ed-bcf1-45f8-864c-27e718f8d1ec.jpg?im_w=720',99);
INSERT INTO image (type, url, room) VALUES ('detail','https://a0.muscache.com/im/pictures/0405a868-b53d-4429-933e-166723f804d6.jpg?im_w=720',99);
INSERT INTO image (type, url, room) VALUES ('detail','https://a0.muscache.com/im/pictures/85817741-edb0-4e67-9ba6-97ab02306f1a.jpg?im_w=720',99);
INSERT INTO image (type, url, room) VALUES ('detail','https://a0.muscache.com/im/pictures/6b0547ca-5381-4a62-b18d-a16b6a87a28d.jpg?im_w=720',99);
INSERT INTO image (type, url, room) VALUES ('detail','https://a0.muscache.com/im/pictures/82687336-dad7-4af8-bd12-f1ceefb07969.jpg?im_w=720',99);
INSERT INTO image (type, url, room) VALUES ('detail','https://a0.muscache.com/im/pictures/86f732c7-a528-445f-8eb8-9aa7de682682.jpg?im_w=720',99);
INSERT INTO image (type, url, room) VALUES ('detail','https://a0.muscache.com/im/pictures/e747f844-fa52-4d1b-ae55-d265accdf853.jpg?im_w=720',99);
INSERT INTO image (type, url, room) VALUES ('detail','https://a0.muscache.com/im/pictures/4befd3cc-76f5-4b4f-8375-f63d4d2a12fa.jpg?im_w=720',99);
INSERT INTO image (type, url, room) VALUES ('detail','https://a0.muscache.com/im/pictures/aaaca25d-d968-43bf-bd30-956d973abcbd.jpg?im_w=720',99);
INSERT INTO image (type, url, room) VALUES ('detail','https://a0.muscache.com/im/pictures/16bec72e-4c84-4ff5-89be-df40359eb081.jpg?im_w=720',99);
INSERT INTO image (type, url, room) VALUES ('detail','https://a0.muscache.com/im/pictures/8cb73924-344f-4fc1-91d5-1cab2cc76949.jpg?im_w=720',99);
INSERT INTO image (type, url, room) VALUES ('detail','https://a0.muscache.com/im/pictures/0d28bf9b-2793-432a-9b9c-27db92026690.jpg?im_w=720',99);
INSERT INTO image (type, url, room) VALUES ('detail','https://a0.muscache.com/im/pictures/aba2a3a8-9f21-4a74-8080-5f86838a4239.jpg?im_w=720',99);
INSERT INTO image (type, url, room) VALUES ('detail','https://a0.muscache.com/im/pictures/d17566ba-cc2b-41bc-b7e7-3a524462dd4c.jpg?im_w=720',99);
INSERT INTO image (type, url, room) VALUES ('detail','https://a0.muscache.com/im/pictures/ad5c19d3-bae7-42a2-9be6-31ad7d2341fc.jpg?im_w=720',99);
INSERT INTO image (type, url, room) VALUES ('detail','https://a0.muscache.com/im/pictures/ac07fde3-cc5a-4d1a-89e5-85b79155bef8.jpg?im_w=720',99);
INSERT INTO image (type, url, room) VALUES ('detail','https://a0.muscache.com/im/pictures/3de3b2e5-e6cc-4ca1-8244-04d3f9dd3ecd.jpg?im_w=720',99);
INSERT INTO image (type, url, room) VALUES ('detail','https://a0.muscache.com/im/pictures/12562644-05c5-40f0-87a2-609f66cb9598.jpg?im_w=720',99);
insert into location(id,latitude,longitude,city) values (100,37.286,127.06,'경기');
INSERT INTO room (id, title, description, price_per_day, room_type, bed, max_guest, bathroom, location) VALUES (100,'[HAUS 광교] 최고의 호수뷰, 오픈특가, 좋은위치, 43인치 TV, 무료주차, 감성숙소','Woncheon-dong, Yeongtong-gu, Suwon-si의 아파트 전체',100000,'집 전체',1,2,1,100);
INSERT INTO image (type, url, room) VALUES ('thumb','https://a0.muscache.com/im/pictures/6039fd4f-ff6e-49bc-bf38-70baa411f46a.jpg?im_w=720',100);
INSERT INTO image (type, url, room) VALUES ('detail','https://a0.muscache.com/im/pictures/95a7c94e-7dfa-4d4b-b17c-d4e6a7ce50b7.jpg?im_w=720',100);
INSERT INTO image (type, url, room) VALUES ('detail','https://a0.muscache.com/im/pictures/74c5fd90-5caa-4dea-bbf2-99a0d9e8cec9.jpg?im_w=720',100);
INSERT INTO image (type, url, room) VALUES ('detail','https://a0.muscache.com/im/pictures/5b367062-eada-47a4-9a59-c8500abf7923.jpg?im_w=720',100);
INSERT INTO image (type, url, room) VALUES ('detail','https://a0.muscache.com/im/pictures/541e4a3a-f56f-43bc-be4a-6233c2d8970e.jpg?im_w=720',100);
INSERT INTO image (type, url, room) VALUES ('detail','https://a0.muscache.com/im/pictures/8faeb572-bc84-40e8-8a2d-159f97147a92.jpg?im_w=720',100);
INSERT INTO image (type, url, room) VALUES ('detail','https://a0.muscache.com/im/pictures/b520a9ab-449b-427b-9432-27b4b7f11395.jpg?im_w=720',100);
INSERT INTO image (type, url, room) VALUES ('detail','https://a0.muscache.com/im/pictures/d5dd6a00-6aa0-4dd5-aa5f-2a9618993427.jpg?im_w=720',100);
INSERT INTO image (type, url, room) VALUES ('detail','https://a0.muscache.com/im/pictures/5b752608-870f-4d87-a5aa-89cd23269df2.jpg?im_w=720',100);
INSERT INTO image (type, url, room) VALUES ('detail','https://a0.muscache.com/im/pictures/c1b14ce1-e4e0-4bc7-892c-6ec6c840dd48.jpg?im_w=720',100);
INSERT INTO image (type, url, room) VALUES ('detail','https://a0.muscache.com/im/pictures/dea74d09-a762-4dac-a0c5-78833b48f108.jpg?im_w=720',100);
INSERT INTO image (type, url, room) VALUES ('detail','https://a0.muscache.com/im/pictures/c7dcc029-7a63-4e57-83ce-fd0204d8f912.jpg?im_w=720',100);
INSERT INTO image (type, url, room) VALUES ('detail','https://a0.muscache.com/im/pictures/d154f9a2-808e-41e0-af76-4c79b98ae335.jpg?im_w=720',100);
INSERT INTO image (type, url, room) VALUES ('detail','https://a0.muscache.com/im/pictures/a52baaab-a8ad-4a02-ad27-7ce409d2f459.jpg?im_w=720',100);
INSERT INTO image (type, url, room) VALUES ('detail','https://a0.muscache.com/im/pictures/79d62994-65c8-4ef1-913b-a9095ac3d47a.jpg?im_w=720',100);
INSERT INTO image (type, url, room) VALUES ('detail','https://a0.muscache.com/im/pictures/8b4d841a-02b8-4e9e-8bd4-2f04f40e1572.jpg?im_w=720',100);
INSERT INTO image (type, url, room) VALUES ('detail','https://a0.muscache.com/im/pictures/ed3c353a-d6b1-4acb-bb29-584aaf7b6c38.jpg?im_w=720',100);
INSERT INTO image (type, url, room) VALUES ('detail','https://a0.muscache.com/im/pictures/d7e334d4-66fd-46c8-87e5-46119c6b5771.jpg?im_w=720',100);
INSERT INTO image (type, url, room) VALUES ('detail','https://a0.muscache.com/im/pictures/e4210863-dc6b-410c-adf4-36f1e3363cc3.jpg?im_w=720',100);
INSERT INTO image (type, url, room) VALUES ('detail','https://a0.muscache.com/im/pictures/186dbd16-4e33-40e1-ad8a-3a86ed59a340.jpg?im_w=720',100);
INSERT INTO image (type, url, room) VALUES ('detail','https://a0.muscache.com/im/pictures/f2dbb109-160f-4298-a691-6128b8707a7e.jpg?im_w=720',100);
INSERT INTO image (type, url, room) VALUES ('detail','https://a0.muscache.com/im/pictures/990c2979-2511-4508-a561-bbdfcb528a44.jpg?im_w=720',100);
INSERT INTO image (type, url, room) VALUES ('detail','https://a0.muscache.com/im/pictures/ccdfcd81-c69f-43fb-922f-b70c10f6b070.jpg?im_w=720',100);
INSERT INTO image (type, url, room) VALUES ('detail','https://a0.muscache.com/im/pictures/e29afaa0-d687-4270-94eb-42d88376773b.jpg?im_w=720',100);
INSERT INTO image (type, url, room) VALUES ('detail','https://a0.muscache.com/im/pictures/2565a926-4a26-44f3-ba2c-1d601f7f7cf6.jpg?im_w=720',100);
insert into location(id,latitude,longitude,city) values (101,37.453,126.663,'인천');
INSERT INTO room (id, title, description, price_per_day, room_type, bed, max_guest, bathroom, location) VALUES (101,'인하대 근접 원룸 [Fantasy] 204호','Nam-gu의 집 전체',100000,'집 전체',0,1,1,101);
INSERT INTO image (type, url, room) VALUES ('thumb','https://a0.muscache.com/im/pictures/aa0cd174-af71-4de8-9151-7774ee39fc60.jpg?im_w=720',101);
INSERT INTO image (type, url, room) VALUES ('detail','https://a0.muscache.com/im/pictures/d2a4f0a5-cbda-4779-8b0d-63b512f426f1.jpg?im_w=720',101);
INSERT INTO image (type, url, room) VALUES ('detail','https://a0.muscache.com/im/pictures/694ea250-f1d1-4f2e-bbc7-d6c7dfdb7c5c.jpg?im_w=720',101);
INSERT INTO image (type, url, room) VALUES ('detail','https://a0.muscache.com/im/pictures/7b50611a-df4b-4a30-b40f-e5e86d4610c2.jpg?im_w=720',101);
INSERT INTO image (type, url, room) VALUES ('detail','https://a0.muscache.com/im/pictures/cedadfaf-d73c-4ae8-81e9-b2fba2d08644.jpg?im_w=720',101);
INSERT INTO image (type, url, room) VALUES ('detail','https://a0.muscache.com/im/pictures/662c59d1-e368-4eca-9195-5a8ea614d04c.jpg?im_w=720',101);
INSERT INTO image (type, url, room) VALUES ('detail','https://a0.muscache.com/im/pictures/dc0148b2-2e53-496d-9b26-b28d040e81e7.jpg?im_w=720',101);
INSERT INTO image (type, url, room) VALUES ('detail','https://a0.muscache.com/im/pictures/a95a1256-196c-4974-aa76-89cbfed0c678.jpg?im_w=720',101);
INSERT INTO image (type, url, room) VALUES ('detail','https://a0.muscache.com/im/pictures/75195e86-8473-4893-b6c5-a4ab7144aa18.jpg?im_w=720',101);
INSERT INTO image (type, url, room) VALUES ('detail','https://a0.muscache.com/im/pictures/29933669-b765-4fc6-944c-8f96466989b4.jpg?im_w=720',101);
insert into location(id,latitude,longitude,city) values (102,37.454,126.683,'인천');
INSERT INTO room (id, title, description, price_per_day, room_type, bed, max_guest, bathroom, location) VALUES (102,'숲이룸I 401호(테라스)','Juan 4(sa)-dong, Nam-gu의 초소형 주택',100000,'집 전체',1,1,1,102);
INSERT INTO image (type, url, room) VALUES ('thumb','https://a0.muscache.com/im/pictures/14f733c0-f475-403d-b2db-bf458f24f2cd.jpg?im_w=720',102);
INSERT INTO image (type, url, room) VALUES ('detail','https://a0.muscache.com/im/pictures/5dbd1d29-a454-41ea-b399-2c64cfa4fc59.jpg?im_w=720',102);
INSERT INTO image (type, url, room) VALUES ('detail','https://a0.muscache.com/im/pictures/17c9b042-a75b-4557-9fde-8d5dded409bb.jpg?im_w=720',102);
INSERT INTO image (type, url, room) VALUES ('detail','https://a0.muscache.com/im/pictures/de39651c-4e7a-4525-955e-428b42400a0d.jpg?im_w=720',102);
INSERT INTO image (type, url, room) VALUES ('detail','https://a0.muscache.com/im/pictures/400cd284-6c6b-4816-ac8a-c761c36c8cd1.jpg?im_w=720',102);
INSERT INTO image (type, url, room) VALUES ('detail','https://a0.muscache.com/im/pictures/082311d5-294f-4ead-ba3b-3ba9e4e68486.jpg?im_w=720',102);
INSERT INTO image (type, url, room) VALUES ('detail','https://a0.muscache.com/im/pictures/8e6e3a1e-ef18-4604-ad07-dfef37d3bfb5.jpg?im_w=720',102);
INSERT INTO image (type, url, room) VALUES ('detail','https://a0.muscache.com/im/pictures/miso/Hosting-45186345/original/d6e0330d-1b52-4bc9-923e-908fcd7801dd.jpeg?im_w=720',102);
INSERT INTO image (type, url, room) VALUES ('detail','https://a0.muscache.com/im/pictures/miso/Hosting-45186345/original/2a401b0d-36c2-4e61-9bf7-a18c97f95302.jpeg?im_w=720',102);
INSERT INTO image (type, url, room) VALUES ('detail','https://a0.muscache.com/im/pictures/81ef13dc-aa92-4c1d-a541-59434b90186c.jpg?im_w=720',102);
INSERT INTO image (type, url, room) VALUES ('detail','https://a0.muscache.com/im/pictures/4109dab8-45fd-47c0-86c5-904546b0317f.jpg?im_w=720',102);
INSERT INTO image (type, url, room) VALUES ('detail','https://a0.muscache.com/im/pictures/e836ad23-d45b-4ec7-8f97-5c6824f7a18c.jpg?im_w=720',102);
INSERT INTO image (type, url, room) VALUES ('detail','https://a0.muscache.com/im/pictures/65de0cea-2b28-4603-b91d-106fcb0b3303.jpg?im_w=720',102);
INSERT INTO image (type, url, room) VALUES ('detail','https://a0.muscache.com/im/pictures/bc97c91e-6b68-4ef4-85d2-9dfa8d7aaec7.jpg?im_w=720',102);
INSERT INTO image (type, url, room) VALUES ('detail','https://a0.muscache.com/im/pictures/3d47f0a2-2d91-49d0-aac2-417d1888871f.jpg?im_w=720',102);
insert into location(id,latitude,longitude,city) values (103,37.452,126.658,'인천');
INSERT INTO room (id, title, description, price_per_day, room_type, bed, max_guest, bathroom, location) VALUES (103,'인하대후문 초근접 깔끔한 숙소','Yonghyeon 1(il).4(sa)-dong, Nam-gu의 콘도(아파트) 전체',90000,'집 전체',1,1,1,103);
INSERT INTO image (type, url, room) VALUES ('thumb','https://a0.muscache.com/im/pictures/b6062db8-e5a1-4d0c-a60f-67b7f1d949d2.jpg?im_w=720',103);
INSERT INTO image (type, url, room) VALUES ('detail','https://a0.muscache.com/im/pictures/a382d7aa-fafb-4889-a320-f0d9efe24641.jpg?im_w=720',103);
INSERT INTO image (type, url, room) VALUES ('detail','https://a0.muscache.com/im/pictures/c958fac3-9eca-4f4f-8093-ea7846d75869.jpg?im_w=720',103);
INSERT INTO image (type, url, room) VALUES ('detail','https://a0.muscache.com/im/pictures/bbb5a644-b9be-4ccb-8195-d49ac805096a.jpg?im_w=720',103);
INSERT INTO image (type, url, room) VALUES ('detail','https://a0.muscache.com/im/pictures/7d83f073-f0a8-4fdc-9268-46e99326ba53.jpg?im_w=720',103);
INSERT INTO image (type, url, room) VALUES ('detail','https://a0.muscache.com/im/pictures/60bd6676-c51d-4505-a665-56b061294bbf.jpg?im_w=720',103);
INSERT INTO image (type, url, room) VALUES ('detail','https://a0.muscache.com/im/pictures/ec8acc79-976c-4734-ad52-974c24811b96.jpg?im_w=720',103);
INSERT INTO image (type, url, room) VALUES ('detail','https://a0.muscache.com/im/pictures/f6481919-40b0-49e5-87aa-e8999eb28e0e.jpg?im_w=720',103);
INSERT INTO image (type, url, room) VALUES ('detail','https://a0.muscache.com/im/pictures/dc898f3a-bb4a-4b0a-9b71-008258c69157.jpg?im_w=720',103);
INSERT INTO image (type, url, room) VALUES ('detail','https://a0.muscache.com/im/pictures/3780f59f-1b00-4dcc-ba6a-f35915898c11.jpg?im_w=720',103);
INSERT INTO image (type, url, room) VALUES ('detail','https://a0.muscache.com/im/pictures/c80f7ee0-2fb0-4021-9a40-01a75ed3ba4c.jpg?im_w=720',103);
insert into location(id,latitude,longitude,city) values (104,37.48,126.646,'인천');
INSERT INTO room (id, title, description, price_per_day, room_type, bed, max_guest, bathroom, location) VALUES (104,'인천공항과 가까운 송림동, 인천숙소입니다. [동인천역, 인천공항, 현대시장, 솔빛공원]','Songrim-dong, Dong-gu의 집 전체',95000,'집 전체',1,2,1,104);
INSERT INTO image (type, url, room) VALUES ('thumb','https://a0.muscache.com/im/pictures/33f486e0-d180-48c1-81e9-7aed9fbfeb4a.jpg?im_w=720',104);
INSERT INTO image (type, url, room) VALUES ('detail','https://a0.muscache.com/im/pictures/2600e790-68ef-4726-83aa-d8e49077c7c6.jpg?im_w=720',104);
INSERT INTO image (type, url, room) VALUES ('detail','https://a0.muscache.com/im/pictures/3bea6518-9d84-4427-8553-622189e5aca1.jpg?im_w=720',104);
INSERT INTO image (type, url, room) VALUES ('detail','https://a0.muscache.com/im/pictures/b401b1f4-40e0-43e6-b871-cb0141e6dc70.jpg?im_w=720',104);
INSERT INTO image (type, url, room) VALUES ('detail','https://a0.muscache.com/im/pictures/157e49c9-2ad6-40e8-8ad9-9beeb9ea68a4.jpg?im_w=720',104);
INSERT INTO image (type, url, room) VALUES ('detail','https://a0.muscache.com/im/pictures/79a36f63-c03e-4245-8b68-92c016f74417.jpg?im_w=720',104);
INSERT INTO image (type, url, room) VALUES ('detail','https://a0.muscache.com/im/pictures/6d0cdfc9-c77e-4adc-b8c6-922e9be902f5.jpg?im_w=720',104);
INSERT INTO image (type, url, room) VALUES ('detail','https://a0.muscache.com/im/pictures/58d57c3f-6a67-4fa8-860e-f2f58d3de3e7.jpg?im_w=720',104);
INSERT INTO image (type, url, room) VALUES ('detail','https://a0.muscache.com/im/pictures/bac6dec0-ee21-4f61-b0bc-0a93681c6d5e.jpg?im_w=720',104);
INSERT INTO image (type, url, room) VALUES ('detail','https://a0.muscache.com/im/pictures/031bedf8-1914-4b32-b7cd-7e4db55b4397.jpg?im_w=720',104);
INSERT INTO image (type, url, room) VALUES ('detail','https://a0.muscache.com/im/pictures/7a504ff0-f186-45a1-9828-944bd049e4c2.jpg?im_w=720',104);
INSERT INTO image (type, url, room) VALUES ('detail','https://a0.muscache.com/im/pictures/55544eed-24f6-403c-91a5-b8a594d1a214.jpg?im_w=720',104);
INSERT INTO image (type, url, room) VALUES ('detail','https://a0.muscache.com/im/pictures/f44be2d5-6553-48e5-a66e-bda00df13d8d.jpg?im_w=720',104);
INSERT INTO image (type, url, room) VALUES ('detail','https://a0.muscache.com/im/pictures/d1eb2d5f-8d5a-436e-a480-77ccb5c35879.jpg?im_w=720',104);
insert into location(id,latitude,longitude,city) values (105,37.406,126.629,'인천');
INSERT INTO room (id, title, description, price_per_day, room_type, bed, max_guest, bathroom, location) VALUES (105,'🎉Open Sale🎉/신축/한적한 공간/탁트인 전망/햇살 야경 맛집🌇🌃/인근 역 도보5분','Songdo-dong, Yeonsu-gu의 아파트 전체',79000,'집 전체',1,2,1,105);
INSERT INTO image (type, url, room) VALUES ('thumb','https://a0.muscache.com/im/pictures/29f0a403-8613-404a-b1c8-80b6504c784b.jpg?im_w=720',105);
INSERT INTO image (type, url, room) VALUES ('detail','https://a0.muscache.com/im/pictures/11b0bae6-e87c-41e5-8cf2-846956d1f01d.jpg?im_w=720',105);
INSERT INTO image (type, url, room) VALUES ('detail','https://a0.muscache.com/im/pictures/de85b68c-a02a-44e9-a555-f12b2a9a08c8.jpg?im_w=720',105);
INSERT INTO image (type, url, room) VALUES ('detail','https://a0.muscache.com/im/pictures/d635615f-b51e-497a-a089-fa1b81c52f5e.jpg?im_w=720',105);
INSERT INTO image (type, url, room) VALUES ('detail','https://a0.muscache.com/im/pictures/e7ab8cb3-2abd-490f-a017-c575b260ee7b.jpg?im_w=720',105);
INSERT INTO image (type, url, room) VALUES ('detail','https://a0.muscache.com/im/pictures/f960b71c-9205-470f-b824-cf285f2b8ec3.jpg?im_w=720',105);
INSERT INTO image (type, url, room) VALUES ('detail','https://a0.muscache.com/im/pictures/6f5344f2-ee17-4f53-9ea5-560998163ff4.jpg?im_w=720',105);
INSERT INTO image (type, url, room) VALUES ('detail','https://a0.muscache.com/im/pictures/078f9e0d-dc21-4203-bd5c-f6f93f29a7f3.jpg?im_w=720',105);
INSERT INTO image (type, url, room) VALUES ('detail','https://a0.muscache.com/im/pictures/b2366330-55d2-46e9-8ac1-f74000995674.jpg?im_w=720',105);
INSERT INTO image (type, url, room) VALUES ('detail','https://a0.muscache.com/im/pictures/b360ad30-7229-4f73-a441-2a13d055f694.jpg?im_w=720',105);
INSERT INTO image (type, url, room) VALUES ('detail','https://a0.muscache.com/im/pictures/da3d205a-7cf7-4e89-b7bc-634100a4e716.jpg?im_w=720',105);
INSERT INTO image (type, url, room) VALUES ('detail','https://a0.muscache.com/im/pictures/61003f19-98ee-493e-8f8d-9117e2c0fd4a.jpg?im_w=720',105);
INSERT INTO image (type, url, room) VALUES ('detail','https://a0.muscache.com/im/pictures/cf557919-6f76-49d9-9d38-f90eca67d149.jpg?im_w=720',105);
INSERT INTO image (type, url, room) VALUES ('detail','https://a0.muscache.com/im/pictures/33422c53-9668-4f5d-8f50-62ddde3a7d24.jpg?im_w=720',105);
INSERT INTO image (type, url, room) VALUES ('detail','https://a0.muscache.com/im/pictures/f0d372ac-6fb5-4a5a-8fba-dacb9367e6c6.jpg?im_w=720',105);
INSERT INTO image (type, url, room) VALUES ('detail','https://a0.muscache.com/im/pictures/ba33b41f-f021-417e-a1f4-4f7c6a354451.jpg?im_w=720',105);
INSERT INTO image (type, url, room) VALUES ('detail','https://a0.muscache.com/im/pictures/8a661a13-9460-44dc-ae3f-20f65eef22d5.jpg?im_w=720',105);
INSERT INTO image (type, url, room) VALUES ('detail','https://a0.muscache.com/im/pictures/6fbbfe97-424c-4957-a722-27cd8b1345a7.jpg?im_w=720',105);
INSERT INTO image (type, url, room) VALUES ('detail','https://a0.muscache.com/im/pictures/40957112-74bf-4321-9298-10b1874efffc.jpg?im_w=720',105);
INSERT INTO image (type, url, room) VALUES ('detail','https://a0.muscache.com/im/pictures/1b504ef5-276d-4d8a-b8a9-4a374720ae3f.jpg?im_w=720',105);
INSERT INTO image (type, url, room) VALUES ('detail','https://a0.muscache.com/im/pictures/e79b428f-0a5d-41ca-8b16-4c3493f1e6ed.jpg?im_w=720',105);
INSERT INTO image (type, url, room) VALUES ('detail','https://a0.muscache.com/im/pictures/32480800-a9c6-4e68-9ccf-e4d9b328e00a.jpg?im_w=720',105);
INSERT INTO image (type, url, room) VALUES ('detail','https://a0.muscache.com/im/pictures/70ee392c-9884-4a51-92ae-84fca4a83edf.jpg?im_w=720',105);
insert into location(id,latitude,longitude,city) values (106,37.45,126.714,'인천');
INSERT INTO room (id, title, description, price_per_day, room_type, bed, max_guest, bathroom, location) VALUES (106,'Cozy room B','Guwol-dong, Namdong-gu의 개인실',85000,'개인실',1,2,1,106);
INSERT INTO image (type, url, room) VALUES ('thumb','https://a0.muscache.com/im/pictures/3503c3ce-e354-4abb-bcac-7840fe5ee88d.jpg?im_w=720',106);
INSERT INTO image (type, url, room) VALUES ('detail','https://a0.muscache.com/im/pictures/6c5f3e87-213b-4baf-91e2-a09e6654746e.jpg?im_w=720',106);
INSERT INTO image (type, url, room) VALUES ('detail','https://a0.muscache.com/im/pictures/807490e1-bdb5-4e4f-b0c2-0fad080a4ee9.jpg?im_w=720',106);
INSERT INTO image (type, url, room) VALUES ('detail','https://a0.muscache.com/im/pictures/887102db-6e34-40c1-a7d3-9e939e2d3215.jpg?im_w=720',106);
INSERT INTO image (type, url, room) VALUES ('detail','https://a0.muscache.com/im/pictures/3eafd783-b598-46d6-9810-e49391c12c9c.jpg?im_w=720',106);
INSERT INTO image (type, url, room) VALUES ('detail','https://a0.muscache.com/im/pictures/ed4c9878-91c4-4e89-8e74-26343dc19bf9.jpg?im_w=720',106);
INSERT INTO image (type, url, room) VALUES ('detail','https://a0.muscache.com/im/pictures/cf5f8074-91fb-4766-8ba1-96d6de257950.jpg?im_w=720',106);
INSERT INTO image (type, url, room) VALUES ('detail','https://a0.muscache.com/im/pictures/248bed33-a795-40bf-95f9-bbc49eb9f054.jpg?im_w=720',106);
INSERT INTO image (type, url, room) VALUES ('detail','https://a0.muscache.com/im/pictures/08cf2ef2-bc19-45d5-aa69-49a2b2b03bdb.jpg?im_w=720',106);
INSERT INTO image (type, url, room) VALUES ('detail','https://a0.muscache.com/im/pictures/35aa3e03-e70c-4d4b-bc1a-85eea24fbfe4.jpg?im_w=720',106);
INSERT INTO image (type, url, room) VALUES ('detail','https://a0.muscache.com/im/pictures/28dfc54f-fa7f-4602-ac55-ebdb3fa72706.jpg?im_w=720',106);
INSERT INTO image (type, url, room) VALUES ('detail','https://a0.muscache.com/im/pictures/224a8bfe-94bf-4627-af9a-de38fb4357eb.jpg?im_w=720',106);
insert into location(id,latitude,longitude,city) values (107,37.405,126.629,'인천');
INSERT INTO room (id, title, description, price_per_day, room_type, bed, max_guest, bathroom, location) VALUES (107,'♡OPEN♡ 발코니가 있는 전망 좋은 방 #넷플릭스 #홈바 #로맨틱 #장기숙박','Songdo-dong, Yeonsu-gu의 아파트 전체',90000,'집 전체',1,2,1,107);
INSERT INTO image (type, url, room) VALUES ('thumb','https://a0.muscache.com/im/pictures/d9bca0d5-af88-4428-bf77-253d7ff06d1d.jpg?im_w=720',107);
INSERT INTO image (type, url, room) VALUES ('detail','https://a0.muscache.com/im/pictures/da596743-392b-4107-bfe0-7fa23dd78936.jpg?im_w=720',107);
INSERT INTO image (type, url, room) VALUES ('detail','https://a0.muscache.com/im/pictures/7e2f90fe-67a9-4c22-9df0-439099f26c55.jpg?im_w=720',107);
INSERT INTO image (type, url, room) VALUES ('detail','https://a0.muscache.com/im/pictures/5a89eeea-c945-4600-8ea0-44710d6d3578.jpg?im_w=720',107);
INSERT INTO image (type, url, room) VALUES ('detail','https://a0.muscache.com/im/pictures/b889f56d-9a40-491d-af7c-82fff1bb6c32.jpg?im_w=720',107);
INSERT INTO image (type, url, room) VALUES ('detail','https://a0.muscache.com/im/pictures/a01f5faf-0c16-44f2-95ff-89a84c141ee2.jpg?im_w=720',107);
INSERT INTO image (type, url, room) VALUES ('detail','https://a0.muscache.com/im/pictures/7b85bd67-2563-4a50-a85d-6acc79505c92.jpg?im_w=720',107);
INSERT INTO image (type, url, room) VALUES ('detail','https://a0.muscache.com/im/pictures/e1d4eefb-ac34-4a4e-8505-e40e9e943619.jpg?im_w=720',107);
INSERT INTO image (type, url, room) VALUES ('detail','https://a0.muscache.com/im/pictures/2c7b9e7e-405e-4e85-a26a-7f2d78153e0b.jpg?im_w=720',107);
INSERT INTO image (type, url, room) VALUES ('detail','https://a0.muscache.com/im/pictures/81ddd35a-ed9e-4fa8-8121-1f9381913321.jpg?im_w=720',107);
INSERT INTO image (type, url, room) VALUES ('detail','https://a0.muscache.com/im/pictures/366390b7-0504-48c5-9fc1-bf277d4022fd.jpg?im_w=720',107);
INSERT INTO image (type, url, room) VALUES ('detail','https://a0.muscache.com/im/pictures/b39fe988-9927-4cc5-8dc5-04df0f8c7fec.jpg?im_w=720',107);
INSERT INTO image (type, url, room) VALUES ('detail','https://a0.muscache.com/im/pictures/4a30282b-d5ab-44ce-9b87-9bcbcbd537b4.jpg?im_w=720',107);
INSERT INTO image (type, url, room) VALUES ('detail','https://a0.muscache.com/im/pictures/39bd2dac-5688-47ca-9578-2801713c32a1.jpg?im_w=720',107);
INSERT INTO image (type, url, room) VALUES ('detail','https://a0.muscache.com/im/pictures/49e4b4c6-c4df-4de2-8bfe-78256db4f302.jpg?im_w=720',107);
INSERT INTO image (type, url, room) VALUES ('detail','https://a0.muscache.com/im/pictures/c35bbd75-b3d5-4327-90aa-22867eae5d74.jpg?im_w=720',107);
INSERT INTO image (type, url, room) VALUES ('detail','https://a0.muscache.com/im/pictures/3a1b0a8f-1355-4e11-af52-2f3d9916e8a6.jpg?im_w=720',107);
INSERT INTO image (type, url, room) VALUES ('detail','https://a0.muscache.com/im/pictures/6e2f16ba-9fac-4453-a505-b10bab0c642d.jpg?im_w=720',107);
INSERT INTO image (type, url, room) VALUES ('detail','https://a0.muscache.com/im/pictures/4c475cee-5abf-4e95-9a72-659fdc2ec6c0.jpg?im_w=720',107);
INSERT INTO image (type, url, room) VALUES ('detail','https://a0.muscache.com/im/pictures/1acc2464-5d33-47ec-aead-92eca098776f.jpg?im_w=720',107);
INSERT INTO image (type, url, room) VALUES ('detail','https://a0.muscache.com/im/pictures/93af2c8d-b4b9-4de1-9d7e-45646e4eeb99.jpg?im_w=720',107);
INSERT INTO image (type, url, room) VALUES ('detail','https://a0.muscache.com/im/pictures/7e95cf71-ab5f-4778-b56c-d8153d5b010d.jpg?im_w=720',107);
INSERT INTO image (type, url, room) VALUES ('detail','https://a0.muscache.com/im/pictures/82ffa520-e41b-4328-9bd2-24e0fbc3d208.jpg?im_w=720',107);
INSERT INTO image (type, url, room) VALUES ('detail','https://a0.muscache.com/im/pictures/f789765f-6edf-47f8-a813-5343147206ed.jpg?im_w=720',107);
INSERT INTO image (type, url, room) VALUES ('detail','https://a0.muscache.com/im/pictures/2c9513e7-0e7a-4c22-8050-39ff46dc249f.jpg?im_w=720',107);
INSERT INTO image (type, url, room) VALUES ('detail','https://a0.muscache.com/im/pictures/1ad789be-dbb7-4c61-afd0-89031f91ef97.jpg?im_w=720',107);
INSERT INTO image (type, url, room) VALUES ('detail','https://a0.muscache.com/im/pictures/811f3be6-83f3-4d45-a5fc-9c4f145b2ab3.jpg?im_w=720',107);
insert into location(id,latitude,longitude,city) values (108,37.508,126.75,'인천');
INSERT INTO room (id, title, description, price_per_day, room_type, bed, max_guest, bathroom, location) VALUES (108,'business trip/  외창 A /( 1박/2만원)  / (자가격리 가능)','Sang-dong, Wonmi-gu, Bucheon의 개인실',98000,'개인실',1,1,1,108);
INSERT INTO image (type, url, room) VALUES ('thumb','https://a0.muscache.com/im/pictures/57d4fac8-307e-44ae-947d-c38f008b742b.jpg?im_w=720',108);
INSERT INTO image (type, url, room) VALUES ('detail','https://a0.muscache.com/im/pictures/dca043b6-0ee7-4e27-9558-5d7619c68117.jpg?im_w=720',108);
INSERT INTO image (type, url, room) VALUES ('detail','https://a0.muscache.com/im/pictures/dc98efe5-aea2-4f78-9559-c6cf8e34d778.jpg?im_w=720',108);
INSERT INTO image (type, url, room) VALUES ('detail','https://a0.muscache.com/im/pictures/miso/Hosting-39423867/original/08283166-2430-495a-b98c-ed12ab15e7ef.jpeg?im_w=720',108);
INSERT INTO image (type, url, room) VALUES ('detail','https://a0.muscache.com/im/pictures/miso/Hosting-39423867/original/3e1afeff-171d-4695-8e17-fa2cc81207fa.jpeg?im_w=720',108);
INSERT INTO image (type, url, room) VALUES ('detail','https://a0.muscache.com/im/pictures/miso/Hosting-39423867/original/4381ded1-fba1-499a-8fef-75b132fdfa7e.jpeg?im_w=720',108);
INSERT INTO image (type, url, room) VALUES ('detail','https://a0.muscache.com/im/pictures/f7d4e9eb-4318-4bad-8069-2f1705b3ccb4.jpg?im_w=720',108);
INSERT INTO image (type, url, room) VALUES ('detail','https://a0.muscache.com/im/pictures/b622db81-73f1-4628-89e0-2c257abf2f54.jpg?im_w=720',108);
INSERT INTO image (type, url, room) VALUES ('detail','https://a0.muscache.com/im/pictures/16533b60-c0a8-4e7d-85a1-864d59425201.jpg?im_w=720',108);
INSERT INTO image (type, url, room) VALUES ('detail','https://a0.muscache.com/im/pictures/1aef7404-8ee6-42c1-bee3-d073db755224.jpg?im_w=720',108);
INSERT INTO image (type, url, room) VALUES ('detail','https://a0.muscache.com/im/pictures/bf9670b7-67da-4207-831d-ec7590819f2f.jpg?im_w=720',108);
INSERT INTO image (type, url, room) VALUES ('detail','https://a0.muscache.com/im/pictures/miso/Hosting-39423867/original/9896ebcc-87f5-4462-9150-a84aa6fe3d63.jpeg?im_w=720',108);
INSERT INTO image (type, url, room) VALUES ('detail','https://a0.muscache.com/im/pictures/miso/Hosting-39423867/original/3f7aa2df-c89f-4340-bb24-edc097dd323a.jpeg?im_w=720',108);
insert into location(id,latitude,longitude,city) values (109,37.454,126.705,'인천');
INSERT INTO room (id, title, description, price_per_day, room_type, bed, max_guest, bathroom, location) VALUES (109,'인천시청역 도보5분!신축! 5min from incheon cityhall subway','Guwol-dong, Namdong-gu의 아파트 전체',95000,'집 전체',1,2,1,109);
INSERT INTO image (type, url, room) VALUES ('thumb','https://a0.muscache.com/im/pictures/miso/Hosting-42235322/original/f57a1653-938b-48e9-aaf9-077a0e6741d3.jpeg?im_w=720',109);
INSERT INTO image (type, url, room) VALUES ('detail','https://a0.muscache.com/im/pictures/miso/Hosting-42235322/original/06cc5e12-6de8-4ac9-8c68-265b6ee70ba1.jpeg?im_w=720',109);
INSERT INTO image (type, url, room) VALUES ('detail','https://a0.muscache.com/im/pictures/19140500-0b50-41bb-994d-5e3ab0c2a211.jpg?im_w=720',109);
INSERT INTO image (type, url, room) VALUES ('detail','https://a0.muscache.com/im/pictures/468e312c-f002-4049-99b6-d44661da52ff.jpg?im_w=720',109);
INSERT INTO image (type, url, room) VALUES ('detail','https://a0.muscache.com/im/pictures/ee69889a-099c-400a-a0d6-5358b45d64f3.jpg?im_w=720',109);
INSERT INTO image (type, url, room) VALUES ('detail','https://a0.muscache.com/im/pictures/0bd33062-b724-4aae-9d0e-611a301fa50b.jpg?im_w=720',109);
INSERT INTO image (type, url, room) VALUES ('detail','https://a0.muscache.com/im/pictures/422dce40-5829-4076-bf40-a40d6b83a806.jpg?im_w=720',109);
INSERT INTO image (type, url, room) VALUES ('detail','https://a0.muscache.com/im/pictures/0914729b-c049-416c-b94c-0d94cdd6a42e.jpg?im_w=720',109);
INSERT INTO image (type, url, room) VALUES ('detail','https://a0.muscache.com/im/pictures/e052200c-4a0f-4f61-8544-2a58328486ff.jpg?im_w=720',109);
INSERT INTO image (type, url, room) VALUES ('detail','https://a0.muscache.com/im/pictures/918274bb-d0ca-4364-a962-90ac149f481e.jpg?im_w=720',109);
INSERT INTO image (type, url, room) VALUES ('detail','https://a0.muscache.com/im/pictures/8a04e8c6-fcb5-438a-bb47-d438d80ae267.jpg?im_w=720',109);
INSERT INTO image (type, url, room) VALUES ('detail','https://a0.muscache.com/im/pictures/miso/Hosting-42235322/original/5d6067a1-6a8b-4b79-9d59-853fc4ab96f7.jpeg?im_w=720',109);
INSERT INTO image (type, url, room) VALUES ('detail','https://a0.muscache.com/im/pictures/miso/Hosting-42235322/original/4b516cda-6bfa-47ee-8890-91c226bf5be4.jpeg?im_w=720',109);
INSERT INTO image (type, url, room) VALUES ('detail','https://a0.muscache.com/im/pictures/miso/Hosting-42235322/original/d0cc8fa8-982f-4319-a754-41a7068df447.jpeg?im_w=720',109);
INSERT INTO image (type, url, room) VALUES ('detail','https://a0.muscache.com/im/pictures/miso/Hosting-42235322/original/d279cb9b-6f1d-46f1-ab51-cfd27e2edfea.jpeg?im_w=720',109);
insert into location(id,latitude,longitude,city) values (110,37.444,126.694,'인천');
INSERT INTO room (id, title, description, price_per_day, room_type, bed, max_guest, bathroom, location) VALUES (110,'무지개 와인방 [숙소청소시방역실시] (인천터미널)','Gwangyo-dong, Nam-gu의 집 전체',100000,'집 전체',1,2,1,110);
INSERT INTO image (type, url, room) VALUES ('thumb','https://a0.muscache.com/im/pictures/9eaf8e7a-f991-480e-b8e3-3da6a1e363b1.jpg?im_w=720',110);
INSERT INTO image (type, url, room) VALUES ('detail','https://a0.muscache.com/im/pictures/35e2fa91-b7d4-4d9f-aabb-1fda846d6f4e.jpg?im_w=720',110);
INSERT INTO image (type, url, room) VALUES ('detail','https://a0.muscache.com/im/pictures/09b45fa8-ea32-461f-890d-f901b75c4008.jpg?im_w=720',110);
INSERT INTO image (type, url, room) VALUES ('detail','https://a0.muscache.com/im/pictures/8fef2356-de03-4caf-9956-f4e5f4a42132.jpg?im_w=720',110);
INSERT INTO image (type, url, room) VALUES ('detail','https://a0.muscache.com/im/pictures/52ebacac-9655-408e-b9f2-f8f552c49843.jpg?im_w=720',110);
INSERT INTO image (type, url, room) VALUES ('detail','https://a0.muscache.com/im/pictures/d5aca905-2248-41ec-9aa1-b4326d7950ab.jpg?im_w=720',110);
INSERT INTO image (type, url, room) VALUES ('detail','https://a0.muscache.com/im/pictures/6780388b-0114-4564-a1e6-9d2735fee137.jpg?im_w=720',110);
INSERT INTO image (type, url, room) VALUES ('detail','https://a0.muscache.com/im/pictures/473fa762-169b-4bac-a7e7-6d19b7cafd5c.jpg?im_w=720',110);
INSERT INTO image (type, url, room) VALUES ('detail','https://a0.muscache.com/im/pictures/c364f3b7-3a78-4d36-9302-62410b1e871d.jpg?im_w=720',110);
INSERT INTO image (type, url, room) VALUES ('detail','https://a0.muscache.com/im/pictures/883e48bf-3e29-4485-86a3-9323bfbd2264.jpg?im_w=720',110);
INSERT INTO image (type, url, room) VALUES ('detail','https://a0.muscache.com/im/pictures/b85b802d-ad0e-43f9-b6b6-fb2f4d339fc6.jpg?im_w=720',110);
INSERT INTO image (type, url, room) VALUES ('detail','https://a0.muscache.com/im/pictures/37136c4d-bb7a-4523-ae01-f20072376c2e.jpg?im_w=720',110);
INSERT INTO image (type, url, room) VALUES ('detail','https://a0.muscache.com/im/pictures/6a589e95-2e1f-4398-9d76-d5cc68ce6375.jpg?im_w=720',110);
INSERT INTO image (type, url, room) VALUES ('detail','https://a0.muscache.com/im/pictures/a1c714e5-ed02-4b2c-9a8f-e36794305f0b.jpg?im_w=720',110);
INSERT INTO image (type, url, room) VALUES ('detail','https://a0.muscache.com/im/pictures/9a34d9b4-d362-4d7e-8dab-2bd99b245f71.jpg?im_w=720',110);
INSERT INTO image (type, url, room) VALUES ('detail','https://a0.muscache.com/im/pictures/504e499b-abb5-4138-bf36-87efc35da807.jpg?im_w=720',110);
INSERT INTO image (type, url, room) VALUES ('detail','https://a0.muscache.com/im/pictures/d92d4c5e-3937-46e7-a566-73ab92a53c6f.jpg?im_w=720',110);
INSERT INTO image (type, url, room) VALUES ('detail','https://a0.muscache.com/im/pictures/18a22907-981b-4ff9-afa4-1766ab034c72.jpg?im_w=720',110);
INSERT INTO image (type, url, room) VALUES ('detail','https://a0.muscache.com/im/pictures/e1328075-98ca-4417-a40c-0397ebfcc0cc.jpg?im_w=720',110);
INSERT INTO image (type, url, room) VALUES ('detail','https://a0.muscache.com/im/pictures/3af2fdcb-2c2a-48f3-a5c6-f1e39382e15d.jpg?im_w=720',110);
insert into location(id,latitude,longitude,city) values (111,37.401,126.638,'인천');
INSERT INTO room (id, title, description, price_per_day, room_type, bed, max_guest, bathroom, location) VALUES (111,'포근함이 가득한 그곳','Songdo-dong, Yeonsu-gu의 레지던스 전체',80000,'집 전체',1,2,1,111);
INSERT INTO image (type, url, room) VALUES ('thumb','https://a0.muscache.com/im/pictures/miso/Hosting-49841921/original/8110dae9-8c84-47a3-9808-b1d397b98edf.jpeg?im_w=720',111);
INSERT INTO image (type, url, room) VALUES ('detail','https://a0.muscache.com/im/pictures/miso/Hosting-49841921/original/f4f36c2f-c565-47a9-bea2-690cf9dbe38e.jpeg?im_w=720',111);
INSERT INTO image (type, url, room) VALUES ('detail','https://a0.muscache.com/im/pictures/miso/Hosting-49841921/original/0f1322b5-3f96-4485-93c8-70b86dabc77b.jpeg?im_w=720',111);
INSERT INTO image (type, url, room) VALUES ('detail','https://a0.muscache.com/im/pictures/miso/Hosting-49841921/original/4ed8dd59-b01e-4c6f-825c-f4a9c5c11089.jpeg?im_w=720',111);
INSERT INTO image (type, url, room) VALUES ('detail','https://a0.muscache.com/im/pictures/miso/Hosting-49841921/original/fe31ed10-93da-4f59-9187-cefe825c292f.jpeg?im_w=720',111);
INSERT INTO image (type, url, room) VALUES ('detail','https://a0.muscache.com/im/pictures/miso/Hosting-49841921/original/e854f733-c219-4109-960a-65c1afc11523.jpeg?im_w=720',111);
INSERT INTO image (type, url, room) VALUES ('detail','https://a0.muscache.com/im/pictures/miso/Hosting-49841921/original/dabc9bae-120e-456f-afe4-a345ed157308.jpeg?im_w=720',111);
INSERT INTO image (type, url, room) VALUES ('detail','https://a0.muscache.com/im/pictures/miso/Hosting-49841921/original/56d5f6d5-5f33-4b09-8595-791073d63ffc.jpeg?im_w=720',111);
INSERT INTO image (type, url, room) VALUES ('detail','https://a0.muscache.com/im/pictures/miso/Hosting-49841921/original/a4279c9d-767d-4524-8bc4-dd09d0a0dc56.jpeg?im_w=720',111);
INSERT INTO image (type, url, room) VALUES ('detail','https://a0.muscache.com/im/pictures/miso/Hosting-49841921/original/4ffe9250-ed94-41ca-b889-564d6fdec4aa.jpeg?im_w=720',111);
INSERT INTO image (type, url, room) VALUES ('detail','https://a0.muscache.com/im/pictures/miso/Hosting-49841921/original/bf6d74a0-d3ce-4cc4-9387-a81e0970dd75.jpeg?im_w=720',111);
INSERT INTO image (type, url, room) VALUES ('detail','https://a0.muscache.com/im/pictures/miso/Hosting-49841921/original/4825a963-226c-4c53-ab8c-0a717fc094f0.jpeg?im_w=720',111);
INSERT INTO image (type, url, room) VALUES ('detail','https://a0.muscache.com/im/pictures/miso/Hosting-49841921/original/2556ab14-82b1-4714-9e26-ac697e999788.jpeg?im_w=720',111);
INSERT INTO image (type, url, room) VALUES ('detail','https://a0.muscache.com/im/pictures/miso/Hosting-49841921/original/70563ec5-d7dd-4338-8b46-68750f69d82f.jpeg?im_w=720',111);
insert into location(id,latitude,longitude,city) values (112,37.454,126.659,'인천');
INSERT INTO room (id, title, description, price_per_day, room_type, bed, max_guest, bathroom, location) VALUES (112,'Best house35','Yonghyeon 1(il).4(sa)-dong, Nam-gu의 초소형 주택',100000,'집 전체',1,1,1,112);
INSERT INTO image (type, url, room) VALUES ('thumb','https://a0.muscache.com/im/pictures/7a08aa00-ed60-4bb5-86a2-2b631127ce94.jpg?im_w=720',112);
INSERT INTO image (type, url, room) VALUES ('detail','https://a0.muscache.com/im/pictures/93906377-ae11-41a3-8ca3-3d46afa9043b.jpg?im_w=720',112);
INSERT INTO image (type, url, room) VALUES ('detail','https://a0.muscache.com/im/pictures/937527d4-85d0-425c-9c40-ab8ed7f99dc7.jpg?im_w=720',112);
INSERT INTO image (type, url, room) VALUES ('detail','https://a0.muscache.com/im/pictures/ef99a456-0b32-4f86-9fdd-c47d9d49efb7.jpg?im_w=720',112);
INSERT INTO image (type, url, room) VALUES ('detail','https://a0.muscache.com/im/pictures/f4358f5d-b3ac-4e61-9c69-b33bb47905ba.jpg?im_w=720',112);
INSERT INTO image (type, url, room) VALUES ('detail','https://a0.muscache.com/im/pictures/e19ed635-e326-44a3-8062-6a8a33dae5f9.jpg?im_w=720',112);
INSERT INTO image (type, url, room) VALUES ('detail','https://a0.muscache.com/im/pictures/b6ba6684-cbea-43c7-9d40-f4f46ed15084.jpg?im_w=720',112);
insert into location(id,latitude,longitude,city) values (113,37.385,126.64,'인천');
INSERT INTO room (id, title, description, price_per_day, room_type, bed, max_guest, bathroom, location) VALUES (113,'Moonlight Songdo_ 달빛송도♡','Songdo-dong, Yeonsu-gu의 레지던스 전체',79000,'집 전체',1,2,1,113);
INSERT INTO image (type, url, room) VALUES ('thumb','https://a0.muscache.com/im/pictures/7ee15b36-91cc-4ec9-910c-b76beb773fc1.jpg?im_w=720',113);
INSERT INTO image (type, url, room) VALUES ('detail','https://a0.muscache.com/im/pictures/e7843ef9-c50f-4a43-bb8a-cfcd6a317e6c.jpg?im_w=720',113);
INSERT INTO image (type, url, room) VALUES ('detail','https://a0.muscache.com/im/pictures/6a681b38-8919-4283-8cd8-3a00ccb10c87.jpg?im_w=720',113);
INSERT INTO image (type, url, room) VALUES ('detail','https://a0.muscache.com/im/pictures/66e4b23a-217d-4c94-888f-daed6c4f2a63.jpg?im_w=720',113);
INSERT INTO image (type, url, room) VALUES ('detail','https://a0.muscache.com/im/pictures/a637315e-3932-4494-be06-7ad6a36ad0cb.jpg?im_w=720',113);
INSERT INTO image (type, url, room) VALUES ('detail','https://a0.muscache.com/im/pictures/9fb43069-25cb-4ac0-887b-f04c1c751ce5.jpg?im_w=720',113);
INSERT INTO image (type, url, room) VALUES ('detail','https://a0.muscache.com/im/pictures/31b10dd1-2e2f-42b4-80d1-2195ea8fb164.jpg?im_w=720',113);
INSERT INTO image (type, url, room) VALUES ('detail','https://a0.muscache.com/im/pictures/ecc83d6c-fb9d-4ff6-a84f-ddc05e947cdc.jpg?im_w=720',113);
INSERT INTO image (type, url, room) VALUES ('detail','https://a0.muscache.com/im/pictures/fb0ce3a5-7635-4a09-9ec6-1443e2e2542a.jpg?im_w=720',113);
INSERT INTO image (type, url, room) VALUES ('detail','https://a0.muscache.com/im/pictures/9a6abbe1-830c-4554-8aec-875289d25914.jpg?im_w=720',113);
INSERT INTO image (type, url, room) VALUES ('detail','https://a0.muscache.com/im/pictures/5ea78ef1-5f1e-440c-94a1-aa27a8261b97.jpg?im_w=720',113);
INSERT INTO image (type, url, room) VALUES ('detail','https://a0.muscache.com/im/pictures/c80003b6-8316-4e3d-859e-e12ef5fde4cf.jpg?im_w=720',113);
INSERT INTO image (type, url, room) VALUES ('detail','https://a0.muscache.com/im/pictures/0873601c-dd17-4e4e-b128-3c3f3438c3fb.jpg?im_w=720',113);
INSERT INTO image (type, url, room) VALUES ('detail','https://a0.muscache.com/im/pictures/17807633-e180-4f82-b7e8-d2d6b74e825c.jpg?im_w=720',113);
INSERT INTO image (type, url, room) VALUES ('detail','https://a0.muscache.com/im/pictures/af1ca9e9-2ba1-4be6-8ce6-8b4f533cf8db.jpg?im_w=720',113);
INSERT INTO image (type, url, room) VALUES ('detail','https://a0.muscache.com/im/pictures/fbc0d755-47f2-4d50-872c-f565bec8e7f0.jpg?im_w=720',113);
INSERT INTO image (type, url, room) VALUES ('detail','https://a0.muscache.com/im/pictures/277b2838-ff0b-4c50-9396-e245a65a1ee3.jpg?im_w=720',113);
INSERT INTO image (type, url, room) VALUES ('detail','https://a0.muscache.com/im/pictures/420ed3b3-a064-4ea2-bdb5-afab49754fd9.jpg?im_w=720',113);
INSERT INTO image (type, url, room) VALUES ('detail','https://a0.muscache.com/im/pictures/4c45a756-f9d9-4c0e-8b36-566e107853ee.jpg?im_w=720',113);
INSERT INTO image (type, url, room) VALUES ('detail','https://a0.muscache.com/im/pictures/02e4afdb-7863-4bb5-801f-2c566b90aaac.jpg?im_w=720',113);
INSERT INTO image (type, url, room) VALUES ('detail','https://a0.muscache.com/im/pictures/51bd363d-bdf0-444d-a05d-24e36ef08cff.jpg?im_w=720',113);
INSERT INTO image (type, url, room) VALUES ('detail','https://a0.muscache.com/im/pictures/677db228-9859-444e-a3fe-6eac68286946.jpg?im_w=720',113);
INSERT INTO image (type, url, room) VALUES ('detail','https://a0.muscache.com/im/pictures/72d67fa4-0e0e-4aa7-9eff-0600a43c754f.jpg?im_w=720',113);
INSERT INTO image (type, url, room) VALUES ('detail','https://a0.muscache.com/im/pictures/66bfc0db-3327-40b7-8477-cc187635e3fb.jpg?im_w=720',113);
insert into location(id,latitude,longitude,city) values (114,37.5,126.711,'인천');
INSERT INTO room (id, title, description, price_per_day, room_type, bed, max_guest, bathroom, location) VALUES (114,'[new] Bupyeong subway 1,7line & private room','Bupyeong-gu의 개인실',98000,'개인실',2,2,1,114);
INSERT INTO image (type, url, room) VALUES ('thumb','https://a0.muscache.com/im/pictures/cae5a014-bdba-4d1c-8d65-bd729bb86383.jpg?im_w=720',114);
INSERT INTO image (type, url, room) VALUES ('detail','https://a0.muscache.com/im/pictures/83399c8a-8e5c-4100-b792-2b5aa2c3270c.jpg?im_w=720',114);
INSERT INTO image (type, url, room) VALUES ('detail','https://a0.muscache.com/im/pictures/e39d4cbd-5a5a-405b-96e0-987d39977df5.jpg?im_w=720',114);
INSERT INTO image (type, url, room) VALUES ('detail','https://a0.muscache.com/im/pictures/00dd4171-63af-4370-ab22-8494fa88932b.jpg?im_w=720',114);
INSERT INTO image (type, url, room) VALUES ('detail','https://a0.muscache.com/im/pictures/a55e8f3f-7c3c-49c6-96ec-227d564ef306.jpg?im_w=720',114);
INSERT INTO image (type, url, room) VALUES ('detail','https://a0.muscache.com/im/pictures/b9cfa18b-b221-49db-8ebb-5c81498d8a97.jpg?im_w=720',114);
INSERT INTO image (type, url, room) VALUES ('detail','https://a0.muscache.com/im/pictures/dfebdb37-5bf4-45c4-a3ff-d92849a681cd.jpg?im_w=720',114);
INSERT INTO image (type, url, room) VALUES ('detail','https://a0.muscache.com/im/pictures/bd52e659-2c8a-41c3-9cc1-09c7e2d64d6e.jpg?im_w=720',114);
INSERT INTO image (type, url, room) VALUES ('detail','https://a0.muscache.com/im/pictures/713caf2c-567f-4a36-a68a-6d9e805c6236.jpg?im_w=720',114);
INSERT INTO image (type, url, room) VALUES ('detail','https://a0.muscache.com/im/pictures/606de9c6-ebcb-4ebe-ae6d-f9e14601019a.jpg?im_w=720',114);
INSERT INTO image (type, url, room) VALUES ('detail','https://a0.muscache.com/im/pictures/1f01aabc-a1db-4734-b7c3-3e1cd2afd153.jpg?im_w=720',114);
INSERT INTO image (type, url, room) VALUES ('detail','https://a0.muscache.com/im/pictures/ddce0846-82b5-4d74-9162-a2e3be2ac754.jpg?im_w=720',114);
insert into location(id,latitude,longitude,city) values (115,37.381,126.659,'인천');
INSERT INTO room (id, title, description, price_per_day, room_type, bed, max_guest, bathroom, location) VALUES (115,'🍀OPEN SALE!🍀 꽃내음 가득한 도심속 야경맛집✨','Yeonsu-gu의 아파트 전체',95000,'집 전체',1,2,1,115);
INSERT INTO image (type, url, room) VALUES ('thumb','https://a0.muscache.com/im/pictures/ad8b53c8-ae33-40ed-8505-3e923db4b585.jpg?im_w=720',115);
INSERT INTO image (type, url, room) VALUES ('detail','https://a0.muscache.com/im/pictures/3640e1fc-162c-41b7-8028-39b76d81bdb7.jpg?im_w=720',115);
INSERT INTO image (type, url, room) VALUES ('detail','https://a0.muscache.com/im/pictures/c9a6c3f5-63fb-4a28-bd05-027588c4e42c.jpg?im_w=720',115);
INSERT INTO image (type, url, room) VALUES ('detail','https://a0.muscache.com/im/pictures/101938bc-5404-4c88-8365-b2e8f076e3d1.jpg?im_w=720',115);
INSERT INTO image (type, url, room) VALUES ('detail','https://a0.muscache.com/im/pictures/8ea112fb-eadc-46dd-9d71-86e802a609fe.jpg?im_w=720',115);
INSERT INTO image (type, url, room) VALUES ('detail','https://a0.muscache.com/im/pictures/8167285f-9049-4486-9bd9-1c713cede6db.jpg?im_w=720',115);
INSERT INTO image (type, url, room) VALUES ('detail','https://a0.muscache.com/im/pictures/8bb5bbc7-7542-4a76-8063-e35b963e3c3a.jpg?im_w=720',115);
INSERT INTO image (type, url, room) VALUES ('detail','https://a0.muscache.com/im/pictures/06d4d683-acc8-41ff-9916-ab8d444a663a.jpg?im_w=720',115);
INSERT INTO image (type, url, room) VALUES ('detail','https://a0.muscache.com/im/pictures/e11ca173-4010-4271-a3f8-16525089a42f.jpg?im_w=720',115);
INSERT INTO image (type, url, room) VALUES ('detail','https://a0.muscache.com/im/pictures/04143833-2714-4f72-88f2-0cfcdfa113cb.jpg?im_w=720',115);
INSERT INTO image (type, url, room) VALUES ('detail','https://a0.muscache.com/im/pictures/a818d64c-f3cf-49e8-b4c7-408b072b0143.jpg?im_w=720',115);
INSERT INTO image (type, url, room) VALUES ('detail','https://a0.muscache.com/im/pictures/8a630ba1-fea4-4a13-a5ad-8082f0d3872e.jpg?im_w=720',115);
INSERT INTO image (type, url, room) VALUES ('detail','https://a0.muscache.com/im/pictures/a064f047-1eae-4182-a84c-2a93912580fc.jpg?im_w=720',115);
INSERT INTO image (type, url, room) VALUES ('detail','https://a0.muscache.com/im/pictures/b1f2c214-8f91-411e-a12c-a645df4d9f80.jpg?im_w=720',115);
INSERT INTO image (type, url, room) VALUES ('detail','https://a0.muscache.com/im/pictures/40100d14-bb8b-4788-961f-86f0077bccaf.jpg?im_w=720',115);
INSERT INTO image (type, url, room) VALUES ('detail','https://a0.muscache.com/im/pictures/d9e35298-5b77-49cf-873d-f81d89020e3f.jpg?im_w=720',115);
INSERT INTO image (type, url, room) VALUES ('detail','https://a0.muscache.com/im/pictures/df96b59d-b667-4151-91e4-713e8162795c.jpg?im_w=720',115);
INSERT INTO image (type, url, room) VALUES ('detail','https://a0.muscache.com/im/pictures/22e3f8ac-62f2-4e25-8d82-9c0ef674987b.jpg?im_w=720',115);
INSERT INTO image (type, url, room) VALUES ('detail','https://a0.muscache.com/im/pictures/eaf88ec5-fe73-4d5b-ae10-8c41025cf5c8.jpg?im_w=720',115);
INSERT INTO image (type, url, room) VALUES ('detail','https://a0.muscache.com/im/pictures/9bd06897-a474-4256-9f10-7f8746aa2360.jpg?im_w=720',115);
INSERT INTO image (type, url, room) VALUES ('detail','https://a0.muscache.com/im/pictures/6028d09f-82b5-424f-9037-1638a45b85a5.jpg?im_w=720',115);
INSERT INTO image (type, url, room) VALUES ('detail','https://a0.muscache.com/im/pictures/0fc28eee-855f-4328-b3f4-2c9b3ee88eda.jpg?im_w=720',115);
INSERT INTO image (type, url, room) VALUES ('detail','https://a0.muscache.com/im/pictures/1801e5e5-76c1-4545-854d-632b50d0b1b1.jpg?im_w=720',115);
INSERT INTO image (type, url, room) VALUES ('detail','https://a0.muscache.com/im/pictures/c4a84844-018a-4c71-b0b7-43d562c10a92.jpg?im_w=720',115);
INSERT INTO image (type, url, room) VALUES ('detail','https://a0.muscache.com/im/pictures/0c75462b-4fb9-4c87-820a-6c51956c29ee.jpg?im_w=720',115);
INSERT INTO image (type, url, room) VALUES ('detail','https://a0.muscache.com/im/pictures/ce45b93a-97d2-4edf-b594-302b7a4b08e7.jpg?im_w=720',115);
insert into location(id,latitude,longitude,city) values (116,37.477,126.658,'인천');
INSERT INTO room (id, title, description, price_per_day, room_type, bed, max_guest, bathroom, location) VALUES (116,'★도화 에비뉴168[제물포역,인천의료원,청운대,재능대,인천대]','Nam-gu의 아파트 전체',100000,'집 전체',1,4,1,116);
INSERT INTO image (type, url, room) VALUES ('thumb','https://a0.muscache.com/im/pictures/f20f1ba3-3ef0-40db-9f67-ec888cc09c78.jpg?im_w=720',116);
INSERT INTO image (type, url, room) VALUES ('detail','https://a0.muscache.com/im/pictures/miso/Hosting-34673685/original/b88bb12b-be86-41b6-b81c-3df5f1d70401.jpeg?im_w=720',116);
INSERT INTO image (type, url, room) VALUES ('detail','https://a0.muscache.com/im/pictures/ae274785-978d-4436-971e-eb6b787fcf78.jpg?im_w=720',116);
INSERT INTO image (type, url, room) VALUES ('detail','https://a0.muscache.com/im/pictures/493b81b6-963f-4dfa-ae49-d2452636c8d1.jpg?im_w=720',116);
INSERT INTO image (type, url, room) VALUES ('detail','https://a0.muscache.com/im/pictures/1dcc153c-9740-4686-8318-e1719b543e97.jpg?im_w=720',116);
INSERT INTO image (type, url, room) VALUES ('detail','https://a0.muscache.com/im/pictures/7d5fdef8-62f6-427e-b4b4-9d2b70889307.jpg?im_w=720',116);
INSERT INTO image (type, url, room) VALUES ('detail','https://a0.muscache.com/im/pictures/d7577a7b-7a0f-4c92-9d95-7daf61b6f2c9.jpg?im_w=720',116);
INSERT INTO image (type, url, room) VALUES ('detail','https://a0.muscache.com/im/pictures/ae824538-1f97-4bca-9f64-aba5a8a1226a.jpg?im_w=720',116);
INSERT INTO image (type, url, room) VALUES ('detail','https://a0.muscache.com/im/pictures/350564e3-b7cc-421c-b2ce-7c5e8b8f9873.jpg?im_w=720',116);
INSERT INTO image (type, url, room) VALUES ('detail','https://a0.muscache.com/im/pictures/2b214f75-701a-4985-a6b9-16ab2a702baf.jpg?im_w=720',116);
INSERT INTO image (type, url, room) VALUES ('detail','https://a0.muscache.com/im/pictures/cf351ecd-9027-4d18-9ed1-ff5f876c9851.jpg?im_w=720',116);
INSERT INTO image (type, url, room) VALUES ('detail','https://a0.muscache.com/im/pictures/d377ce1f-5ba1-4c84-bc14-5d6e65d3c2b0.jpg?im_w=720',116);
INSERT INTO image (type, url, room) VALUES ('detail','https://a0.muscache.com/im/pictures/d04ea09a-da27-4e07-ab64-3748ca6459bb.jpg?im_w=720',116);
INSERT INTO image (type, url, room) VALUES ('detail','https://a0.muscache.com/im/pictures/69351f50-33f0-4be1-8a19-d3b766087ca7.jpg?im_w=720',116);
INSERT INTO image (type, url, room) VALUES ('detail','https://a0.muscache.com/im/pictures/4d8550af-ba78-4ed6-a69a-12d5d58fbd9b.jpg?im_w=720',116);
INSERT INTO image (type, url, room) VALUES ('detail','https://a0.muscache.com/im/pictures/29088055-3645-4969-802c-b4daf47d52e0.jpg?im_w=720',116);
INSERT INTO image (type, url, room) VALUES ('detail','https://a0.muscache.com/im/pictures/69429141-ea59-463f-b90c-cc2a154ad011.jpg?im_w=720',116);
INSERT INTO image (type, url, room) VALUES ('detail','https://a0.muscache.com/im/pictures/66a97c5d-21c9-4b91-9c9a-099b865bc5c1.jpg?im_w=720',116);
INSERT INTO image (type, url, room) VALUES ('detail','https://a0.muscache.com/im/pictures/97edf842-fd53-411c-a4c1-a03c32b6f72e.jpg?im_w=720',116);
INSERT INTO image (type, url, room) VALUES ('detail','https://a0.muscache.com/im/pictures/7b99319b-b0ac-4735-b8a2-c50e831bc95e.jpg?im_w=720',116);
INSERT INTO image (type, url, room) VALUES ('detail','https://a0.muscache.com/im/pictures/69bf1853-a101-4b4d-b96c-d33a51220d44.jpg?im_w=720',116);
INSERT INTO image (type, url, room) VALUES ('detail','https://a0.muscache.com/im/pictures/cb94842b-9b32-420a-800e-3b0e0e914574.jpg?im_w=720',116);
INSERT INTO image (type, url, room) VALUES ('detail','https://a0.muscache.com/im/pictures/68a62f81-04e1-4024-bc64-92dc9ec92086.jpg?im_w=720',116);
INSERT INTO image (type, url, room) VALUES ('detail','https://a0.muscache.com/im/pictures/f794fc10-17ac-4200-9e7b-035fb0ffb2a2.jpg?im_w=720',116);
INSERT INTO image (type, url, room) VALUES ('detail','https://a0.muscache.com/im/pictures/e076c4c1-faeb-4df4-a86e-a13dab6de17d.jpg?im_w=720',116);
INSERT INTO image (type, url, room) VALUES ('detail','https://a0.muscache.com/im/pictures/b0062917-3bf2-40b2-9839-3b120ae50ecf.jpg?im_w=720',116);
INSERT INTO image (type, url, room) VALUES ('detail','https://a0.muscache.com/im/pictures/77a3f0bd-08f6-4e86-9fda-8c9b017a9d35.jpg?im_w=720',116);
INSERT INTO image (type, url, room) VALUES ('detail','https://a0.muscache.com/im/pictures/b6fe1daa-dd99-4f84-9e01-8998f02924a8.jpg?im_w=720',116);
INSERT INTO image (type, url, room) VALUES ('detail','https://a0.muscache.com/im/pictures/de1b35f7-8c5a-4b24-9f6c-be9c171a4ae1.jpg?im_w=720',116);
INSERT INTO image (type, url, room) VALUES ('detail','https://a0.muscache.com/im/pictures/f1ac1e31-84cd-4d39-a75d-1a228a2f05b0.jpg?im_w=720',116);
insert into location(id,latitude,longitude,city) values (117,37.452,126.712,'인천');
INSERT INTO room (id, title, description, price_per_day, room_type, bed, max_guest, bathroom, location) VALUES (117,'Cozy room F','Guwol-dong, Namdong-gu의 개인실',85000,'개인실',1,2,1,117);
INSERT INTO image (type, url, room) VALUES ('thumb','https://a0.muscache.com/im/pictures/3477eb7c-76fd-444c-bada-6b18d89f3e67.jpg?im_w=720',117);
INSERT INTO image (type, url, room) VALUES ('detail','https://a0.muscache.com/im/pictures/ab9e07c0-e969-40c9-a48c-1e00679c44f1.jpg?im_w=720',117);
INSERT INTO image (type, url, room) VALUES ('detail','https://a0.muscache.com/im/pictures/982b0086-20b8-4440-826b-0dfd51b92896.jpg?im_w=720',117);
INSERT INTO image (type, url, room) VALUES ('detail','https://a0.muscache.com/im/pictures/7b4a9b05-e110-4767-9deb-d997377594fe.jpg?im_w=720',117);
INSERT INTO image (type, url, room) VALUES ('detail','https://a0.muscache.com/im/pictures/ab282cc7-a4f1-4e9c-ad92-a3e27790bce5.jpg?im_w=720',117);
INSERT INTO image (type, url, room) VALUES ('detail','https://a0.muscache.com/im/pictures/83343240-ce5a-4d6f-9eac-b63eccd32dd7.jpg?im_w=720',117);
INSERT INTO image (type, url, room) VALUES ('detail','https://a0.muscache.com/im/pictures/be51afe5-be91-4c1d-8af4-c9b6ace32e82.jpg?im_w=720',117);
insert into location(id,latitude,longitude,city) values (118,37.386,126.641,'인천');
INSERT INTO room (id, title, description, price_per_day, room_type, bed, max_guest, bathroom, location) VALUES (118,'☀️OPEN SALE!☀️초고층🔝”COZY HOUSE” 야경 맛집 따스한 햇살⛅️','Songdo-dong, Yeonsu-gu의 아파트 전체',95000,'집 전체',1,2,1,118);
INSERT INTO image (type, url, room) VALUES ('thumb','https://a0.muscache.com/im/pictures/6e7e7821-527a-436c-ab48-64ef8e9724c6.jpg?im_w=720',118);
INSERT INTO image (type, url, room) VALUES ('detail','https://a0.muscache.com/im/pictures/0a1a083e-2a29-4d33-afda-5f37bb42d39d.jpg?im_w=720',118);
INSERT INTO image (type, url, room) VALUES ('detail','https://a0.muscache.com/im/pictures/3e8aa467-10d7-4529-8dc0-e39e068ca49a.jpg?im_w=720',118);
INSERT INTO image (type, url, room) VALUES ('detail','https://a0.muscache.com/im/pictures/87be8b86-52c3-4984-ad05-201bb0ca1869.jpg?im_w=720',118);
INSERT INTO image (type, url, room) VALUES ('detail','https://a0.muscache.com/im/pictures/b860e566-6368-46de-956d-21645a1dcc6d.jpg?im_w=720',118);
INSERT INTO image (type, url, room) VALUES ('detail','https://a0.muscache.com/im/pictures/ef657a15-299c-4c1b-acc1-2425a4ea1a57.jpg?im_w=720',118);
INSERT INTO image (type, url, room) VALUES ('detail','https://a0.muscache.com/im/pictures/a53f5b5a-ff24-4e96-9f19-b8829029a1fa.jpg?im_w=720',118);
INSERT INTO image (type, url, room) VALUES ('detail','https://a0.muscache.com/im/pictures/35cda8d8-6467-4211-8e58-93f452656cf3.jpg?im_w=720',118);
INSERT INTO image (type, url, room) VALUES ('detail','https://a0.muscache.com/im/pictures/ff43f64e-6802-4e4f-8bbb-3e588682446b.jpg?im_w=720',118);
INSERT INTO image (type, url, room) VALUES ('detail','https://a0.muscache.com/im/pictures/a1f1f3e1-062d-4cf2-aec0-48054c4e8760.jpg?im_w=720',118);
INSERT INTO image (type, url, room) VALUES ('detail','https://a0.muscache.com/im/pictures/5e2b7b04-6cb7-4872-9be9-4aa881eb37da.jpg?im_w=720',118);
INSERT INTO image (type, url, room) VALUES ('detail','https://a0.muscache.com/im/pictures/4e43b748-7096-48fe-b4aa-096d6e027011.jpg?im_w=720',118);
INSERT INTO image (type, url, room) VALUES ('detail','https://a0.muscache.com/im/pictures/b736da9a-4f26-4445-b32f-a8931fa41293.jpg?im_w=720',118);
INSERT INTO image (type, url, room) VALUES ('detail','https://a0.muscache.com/im/pictures/654bf896-6c55-4aa6-affe-0eb52c9395c0.jpg?im_w=720',118);
INSERT INTO image (type, url, room) VALUES ('detail','https://a0.muscache.com/im/pictures/5383da31-d099-4c0d-8add-02b9c678e72c.jpg?im_w=720',118);
INSERT INTO image (type, url, room) VALUES ('detail','https://a0.muscache.com/im/pictures/d8092314-705b-4fca-8635-46bb5493c551.jpg?im_w=720',118);
INSERT INTO image (type, url, room) VALUES ('detail','https://a0.muscache.com/im/pictures/5040e5e5-f37a-4f5e-99b3-5688453d2c72.jpg?im_w=720',118);
INSERT INTO image (type, url, room) VALUES ('detail','https://a0.muscache.com/im/pictures/fc566313-f0b3-4810-916c-323e0794ae55.jpg?im_w=720',118);
INSERT INTO image (type, url, room) VALUES ('detail','https://a0.muscache.com/im/pictures/5e111f65-423e-4603-93a6-cb979863d6c8.jpg?im_w=720',118);
INSERT INTO image (type, url, room) VALUES ('detail','https://a0.muscache.com/im/pictures/789ae91a-c2be-4614-87b9-ffc49f0cb91d.jpg?im_w=720',118);
INSERT INTO image (type, url, room) VALUES ('detail','https://a0.muscache.com/im/pictures/147f5001-8b5c-485c-bbcb-910bcb1a1fdb.jpg?im_w=720',118);
INSERT INTO image (type, url, room) VALUES ('detail','https://a0.muscache.com/im/pictures/9a647b47-00bd-4cd4-a969-8ce70e246598.jpg?im_w=720',118);
insert into location(id,latitude,longitude,city) values (119,37.395,126.631,'인천');
INSERT INTO room (id, title, description, price_per_day, room_type, bed, max_guest, bathroom, location) VALUES (119,'오픈세일: ) Central View House. 멋진 시티뷰와 편안함이 있는곳*','Songdo-dong, Yeonsu-gu의 아파트 전체',85000,'집 전체',2,3,1,119);
INSERT INTO image (type, url, room) VALUES ('thumb','https://a0.muscache.com/im/pictures/80a6d5cf-6c12-4372-a493-db4c536d20f4.jpg?im_w=720',119);
INSERT INTO image (type, url, room) VALUES ('detail','https://a0.muscache.com/im/pictures/2a879999-c1d3-43f8-ae1e-2968c2fe50e5.jpg?im_w=720',119);
INSERT INTO image (type, url, room) VALUES ('detail','https://a0.muscache.com/im/pictures/82e7724c-48af-4594-9aa9-b290dab54cfe.jpg?im_w=720',119);
INSERT INTO image (type, url, room) VALUES ('detail','https://a0.muscache.com/im/pictures/f2f80178-f19c-453d-8584-cac18ce3a3f0.jpg?im_w=720',119);
INSERT INTO image (type, url, room) VALUES ('detail','https://a0.muscache.com/im/pictures/6f74a217-5d88-4f04-823d-32934d0df875.jpg?im_w=720',119);
INSERT INTO image (type, url, room) VALUES ('detail','https://a0.muscache.com/im/pictures/026da736-5655-432e-bdab-290b878e5c7c.jpg?im_w=720',119);
INSERT INTO image (type, url, room) VALUES ('detail','https://a0.muscache.com/im/pictures/3c9cf4f2-dbb0-4e72-8c84-6e912e0520e8.jpg?im_w=720',119);
INSERT INTO image (type, url, room) VALUES ('detail','https://a0.muscache.com/im/pictures/ff575f1a-f95d-4a55-b553-3c1d1986b802.jpg?im_w=720',119);
INSERT INTO image (type, url, room) VALUES ('detail','https://a0.muscache.com/im/pictures/238fabbf-732e-48e4-a037-03f038afb8eb.jpg?im_w=720',119);
INSERT INTO image (type, url, room) VALUES ('detail','https://a0.muscache.com/im/pictures/908cd78f-1c7b-4df3-ad11-44eed812ec39.jpg?im_w=720',119);
INSERT INTO image (type, url, room) VALUES ('detail','https://a0.muscache.com/im/pictures/81decdd2-2866-4051-9a04-d71053aa224d.jpg?im_w=720',119);
INSERT INTO image (type, url, room) VALUES ('detail','https://a0.muscache.com/im/pictures/48309141-c2ee-4291-8931-5fb0addf5a5d.jpg?im_w=720',119);
INSERT INTO image (type, url, room) VALUES ('detail','https://a0.muscache.com/im/pictures/2ee66322-02ee-4f40-8f7b-fbc43a4d70fe.jpg?im_w=720',119);
INSERT INTO image (type, url, room) VALUES ('detail','https://a0.muscache.com/im/pictures/8be339ab-bdb1-40f6-8d8b-978931b0f717.jpg?im_w=720',119);
INSERT INTO image (type, url, room) VALUES ('detail','https://a0.muscache.com/im/pictures/6a033040-fb6b-490c-a2ad-e0aaca350377.jpg?im_w=720',119);
INSERT INTO image (type, url, room) VALUES ('detail','https://a0.muscache.com/im/pictures/e69932ee-a140-4dc8-a6cc-339fe92b9883.jpg?im_w=720',119);
INSERT INTO image (type, url, room) VALUES ('detail','https://a0.muscache.com/im/pictures/3b8e683f-8c57-4424-a6d2-9e1caa4f08b3.jpg?im_w=720',119);
INSERT INTO image (type, url, room) VALUES ('detail','https://a0.muscache.com/im/pictures/96c6b921-9cd6-4c37-a0a8-695fd7b8130c.jpg?im_w=720',119);
INSERT INTO image (type, url, room) VALUES ('detail','https://a0.muscache.com/im/pictures/e17a22dc-fe41-412f-88a4-1f1ca238e473.jpg?im_w=720',119);
INSERT INTO image (type, url, room) VALUES ('detail','https://a0.muscache.com/im/pictures/9aa1c595-497d-438e-9977-155df3b7d50d.jpg?im_w=720',119);
insert into location(id,latitude,longitude,city) values (120,37.46,126.73,'인천');
INSERT INTO room (id, title, description, price_per_day, room_type, bed, max_guest, bathroom, location) VALUES (120,'🏡인천 만수동 편안한 숙소🌳

🌞🌙24시간 문의
🏥👩‍⚕️1인 자각격리가능','Mansu 2(i)-dong, Namdong-gu의 초소형 주택',100000,'집 전체',0,4,1,120);
INSERT INTO image (type, url, room) VALUES ('thumb','https://a0.muscache.com/im/pictures/e7ee14c3-1412-4c82-81e5-71c141d09013.jpg?im_w=720',120);
INSERT INTO image (type, url, room) VALUES ('detail','https://a0.muscache.com/im/pictures/020471bf-0229-474a-b54a-39384087cc97.jpg?im_w=720',120);
INSERT INTO image (type, url, room) VALUES ('detail','https://a0.muscache.com/im/pictures/5fe53b17-8dba-497a-8c7a-b94635798596.jpg?im_w=720',120);
INSERT INTO image (type, url, room) VALUES ('detail','https://a0.muscache.com/im/pictures/06cab947-6489-4dad-95fb-9645f75b9fbd.jpg?im_w=720',120);
INSERT INTO image (type, url, room) VALUES ('detail','https://a0.muscache.com/im/pictures/1e4cd8c0-6eef-42cf-8acf-cd25891bf31b.jpg?im_w=720',120);
INSERT INTO image (type, url, room) VALUES ('detail','https://a0.muscache.com/im/pictures/30bb9151-dba7-4a57-9bf9-36a2e61559d1.jpg?im_w=720',120);
INSERT INTO image (type, url, room) VALUES ('detail','https://a0.muscache.com/im/pictures/afe7dff0-e25d-4649-8eb6-8d5d033ce364.jpg?im_w=720',120);
INSERT INTO image (type, url, room) VALUES ('detail','https://a0.muscache.com/im/pictures/ca915290-70bc-4349-a33e-2239ec13ae61.jpg?im_w=720',120);
INSERT INTO image (type, url, room) VALUES ('detail','https://a0.muscache.com/im/pictures/08354947-0c1e-43e2-8dbf-fdc85e755c84.jpg?im_w=720',120);
INSERT INTO image (type, url, room) VALUES ('detail','https://a0.muscache.com/im/pictures/f136a5bc-2315-4e8b-ac1e-c39941948bad.jpg?im_w=720',120);
INSERT INTO image (type, url, room) VALUES ('detail','https://a0.muscache.com/im/pictures/227e9662-1b03-483f-b9ba-65b6e7c23ea4.jpg?im_w=720',120);
INSERT INTO image (type, url, room) VALUES ('detail','https://a0.muscache.com/im/pictures/a2eede2a-c8b2-4887-8f53-3c0d3cf516c4.jpg?im_w=720',120);
INSERT INTO image (type, url, room) VALUES ('detail','https://a0.muscache.com/im/pictures/13f12184-8e4e-4408-9a7d-b2f0dd002f62.jpg?im_w=720',120);
INSERT INTO image (type, url, room) VALUES ('detail','https://a0.muscache.com/im/pictures/5689f84f-2224-4153-8406-72cf038fd41b.jpg?im_w=720',120);
INSERT INTO image (type, url, room) VALUES ('detail','https://a0.muscache.com/im/pictures/b14f8c86-457d-4ddd-b6f6-c5c70f111fe3.jpg?im_w=720',120);
INSERT INTO image (type, url, room) VALUES ('detail','https://a0.muscache.com/im/pictures/afe28f14-ff6c-4076-b645-451aaf3c5ebc.jpg?im_w=720',120);
INSERT INTO image (type, url, room) VALUES ('detail','https://a0.muscache.com/im/pictures/7a48668a-9e42-4914-b792-ee376af6405e.jpg?im_w=720',120);
INSERT INTO image (type, url, room) VALUES ('detail','https://a0.muscache.com/im/pictures/3160ca7c-cca7-42f1-9841-f6bc764de792.jpg?im_w=720',120);
INSERT INTO image (type, url, room) VALUES ('detail','https://a0.muscache.com/im/pictures/21cf8300-28f5-49c4-ba6a-1a1271c40623.jpg?im_w=720',120);
INSERT INTO image (type, url, room) VALUES ('detail','https://a0.muscache.com/im/pictures/94c82fdb-1a33-44ba-88c8-03bde33a9a0c.jpg?im_w=720',120);
INSERT INTO image (type, url, room) VALUES ('detail','https://a0.muscache.com/im/pictures/ca3fd3bc-16ad-4464-b98c-769e5ae3fe02.jpg?im_w=720',120);
INSERT INTO image (type, url, room) VALUES ('detail','https://a0.muscache.com/im/pictures/cc14ef5e-d6bc-4c41-872e-f0a6774cf313.jpg?im_w=720',120);
INSERT INTO image (type, url, room) VALUES ('detail','https://a0.muscache.com/im/pictures/b07ea527-c468-4d08-b0ce-81bb14f70812.jpg?im_w=720',120);
INSERT INTO image (type, url, room) VALUES ('detail','https://a0.muscache.com/im/pictures/21251a5a-1305-41eb-9f32-4715f01dd34d.jpg?im_w=720',120);
INSERT INTO image (type, url, room) VALUES ('detail','https://a0.muscache.com/im/pictures/b73daeeb-8d32-4e23-83cb-ea7ed42688f2.jpg?im_w=720',120);
INSERT INTO image (type, url, room) VALUES ('detail','https://a0.muscache.com/im/pictures/28ec0dbd-8322-477f-892e-37dff4161505.jpg?im_w=720',120);
INSERT INTO image (type, url, room) VALUES ('detail','https://a0.muscache.com/im/pictures/51150bcf-fb48-4211-bb22-13f25b05b0a0.jpg?im_w=720',120);
INSERT INTO image (type, url, room) VALUES ('detail','https://a0.muscache.com/im/pictures/2648debf-cbdd-4565-91c1-689c27a3d36f.jpg?im_w=720',120);
INSERT INTO image (type, url, room) VALUES ('detail','https://a0.muscache.com/im/pictures/3b9e323c-beb1-4af7-b96b-7e7a7e4badf2.jpg?im_w=720',120);
INSERT INTO image (type, url, room) VALUES ('detail','https://a0.muscache.com/im/pictures/b1145814-8f85-449c-b21d-1f938c4f1fe2.jpg?im_w=720',120);
insert into location(id,latitude,longitude,city) values (121,37.454,126.659,'인천');
INSERT INTO room (id, title, description, price_per_day, room_type, bed, max_guest, bathroom, location) VALUES (121,'인하대 신축원룸 [Well Stay] 104호','Yonghyeon 1(il).4(sa)-dong, Nam-gu의 집 전체',100000,'집 전체',0,1,1,121);
INSERT INTO image (type, url, room) VALUES ('thumb','https://a0.muscache.com/im/pictures/9c2ff4f5-79e9-4092-bf79-575065f76fb8.jpg?im_w=720',121);
INSERT INTO image (type, url, room) VALUES ('detail','https://a0.muscache.com/im/pictures/836a6d89-bdda-4cdc-9e0e-152356e0bea0.jpg?im_w=720',121);
INSERT INTO image (type, url, room) VALUES ('detail','https://a0.muscache.com/im/pictures/e7ce11a4-9aec-4df0-a8f8-73ec953d85ae.jpg?im_w=720',121);
INSERT INTO image (type, url, room) VALUES ('detail','https://a0.muscache.com/im/pictures/06ba1acc-c7bf-40c1-9900-857d830ae285.jpg?im_w=720',121);
INSERT INTO image (type, url, room) VALUES ('detail','https://a0.muscache.com/im/pictures/ea51533d-ed28-410d-b93b-c354da8e6f04.jpg?im_w=720',121);
INSERT INTO image (type, url, room) VALUES ('detail','https://a0.muscache.com/im/pictures/b15e0531-e5cc-4ff5-ad2c-764652c8ded4.jpg?im_w=720',121);
INSERT INTO image (type, url, room) VALUES ('detail','https://a0.muscache.com/im/pictures/5af4ebb2-0bb9-4be4-98ed-122215766470.jpg?im_w=720',121);
INSERT INTO image (type, url, room) VALUES ('detail','https://a0.muscache.com/im/pictures/0f2189e3-aaa4-4529-97a2-56f843545d8f.jpg?im_w=720',121);
INSERT INTO image (type, url, room) VALUES ('detail','https://a0.muscache.com/im/pictures/cdeb2085-7c79-4056-a0ef-426abdbe2267.jpg?im_w=720',121);
INSERT INTO image (type, url, room) VALUES ('detail','https://a0.muscache.com/im/pictures/aa24f269-74a5-422c-a2f5-82cb2fb7574a.jpg?im_w=720',121);
INSERT INTO image (type, url, room) VALUES ('detail','https://a0.muscache.com/im/pictures/510f9611-d855-45f8-9882-39777c8b176d.jpg?im_w=720',121);
INSERT INTO image (type, url, room) VALUES ('detail','https://a0.muscache.com/im/pictures/d3062dbd-f1e8-410e-80a5-e4837a7da10b.jpg?im_w=720',121);
INSERT INTO image (type, url, room) VALUES ('detail','https://a0.muscache.com/im/pictures/3099a6ff-b9e9-4411-ac01-eaa26f5c61ac.jpg?im_w=720',121);
INSERT INTO image (type, url, room) VALUES ('detail','https://a0.muscache.com/im/pictures/b0b87519-8f1d-4451-9079-e8d7de5cdda3.jpg?im_w=720',121);
insert into location(id,latitude,longitude,city) values (122,37.452,126.683,'인천');
INSERT INTO room (id, title, description, price_per_day, room_type, bed, max_guest, bathroom, location) VALUES (122,'숲이룸I 101호','Juan 4(sa)-dong, Nam-gu의 초소형 주택',100000,'집 전체',1,1,1,122);
INSERT INTO image (type, url, room) VALUES ('thumb','https://a0.muscache.com/im/pictures/0dbdae30-fa1f-42fc-a128-6e531b39e847.jpg?im_w=720',122);
INSERT INTO image (type, url, room) VALUES ('detail','https://a0.muscache.com/im/pictures/81b2eac7-e395-4796-b867-32104eb7e3c9.jpg?im_w=720',122);
INSERT INTO image (type, url, room) VALUES ('detail','https://a0.muscache.com/im/pictures/b839ad18-ac3f-47ff-a76f-215bdcb78e9c.jpg?im_w=720',122);
INSERT INTO image (type, url, room) VALUES ('detail','https://a0.muscache.com/im/pictures/b71b8585-8c52-4916-993c-e9c81f733a6b.jpg?im_w=720',122);
INSERT INTO image (type, url, room) VALUES ('detail','https://a0.muscache.com/im/pictures/a48930ac-3787-4899-8e54-9713ab786b5e.jpg?im_w=720',122);
INSERT INTO image (type, url, room) VALUES ('detail','https://a0.muscache.com/im/pictures/60710428-5bac-4da6-9f32-75831dd97745.jpg?im_w=720',122);
INSERT INTO image (type, url, room) VALUES ('detail','https://a0.muscache.com/im/pictures/740285cb-ab74-4bae-a66b-4db781d99772.jpg?im_w=720',122);
INSERT INTO image (type, url, room) VALUES ('detail','https://a0.muscache.com/im/pictures/71e8d194-e6e1-488d-be44-6faba23a0e21.jpg?im_w=720',122);
INSERT INTO image (type, url, room) VALUES ('detail','https://a0.muscache.com/im/pictures/55f8a38b-d853-4106-bce2-ac1eb8fa7665.jpg?im_w=720',122);
INSERT INTO image (type, url, room) VALUES ('detail','https://a0.muscache.com/im/pictures/26411463-4419-4a07-b987-c94969120303.jpg?im_w=720',122);
INSERT INTO image (type, url, room) VALUES ('detail','https://a0.muscache.com/im/pictures/6d537fd9-5604-4e13-ac1e-f586f135f4ce.jpg?im_w=720',122);
INSERT INTO image (type, url, room) VALUES ('detail','https://a0.muscache.com/im/pictures/4a38b6a4-6567-42cf-8620-fbf4c9c8ed8e.jpg?im_w=720',122);
INSERT INTO image (type, url, room) VALUES ('detail','https://a0.muscache.com/im/pictures/e2a8f07d-54e2-49df-a726-d093d97fdffe.jpg?im_w=720',122);
INSERT INTO image (type, url, room) VALUES ('detail','https://a0.muscache.com/im/pictures/d3c71646-0018-45e5-addc-57790de96fac.jpg?im_w=720',122);
INSERT INTO image (type, url, room) VALUES ('detail','https://a0.muscache.com/im/pictures/ccbf7d51-d6bc-4920-a4e6-08b99e2db8eb.jpg?im_w=720',122);
INSERT INTO image (type, url, room) VALUES ('detail','https://a0.muscache.com/im/pictures/4059d29a-a9bb-4826-ba75-0bc90bc2bedd.jpg?im_w=720',122);
INSERT INTO image (type, url, room) VALUES ('detail','https://a0.muscache.com/im/pictures/915b0877-a7e9-4821-a486-d685b67084ce.jpg?im_w=720',122);
INSERT INTO image (type, url, room) VALUES ('detail','https://a0.muscache.com/im/pictures/16f7a5a4-a912-40e9-80ac-f3b1989d8b75.jpg?im_w=720',122);
insert into location(id,latitude,longitude,city) values (123,37.452,126.651,'인천');
INSERT INTO room (id, title, description, price_per_day, room_type, bed, max_guest, bathroom, location) VALUES (123,'인하대 근접원룸 [Fantasy] 404호','Nam-gu의 집 전체',100000,'집 전체',0,1,1,123);
INSERT INTO image (type, url, room) VALUES ('thumb','https://a0.muscache.com/im/pictures/aa0cd174-af71-4de8-9151-7774ee39fc60.jpg?im_w=720',123);
INSERT INTO image (type, url, room) VALUES ('detail','https://a0.muscache.com/im/pictures/d2a4f0a5-cbda-4779-8b0d-63b512f426f1.jpg?im_w=720',123);
INSERT INTO image (type, url, room) VALUES ('detail','https://a0.muscache.com/im/pictures/694ea250-f1d1-4f2e-bbc7-d6c7dfdb7c5c.jpg?im_w=720',123);
INSERT INTO image (type, url, room) VALUES ('detail','https://a0.muscache.com/im/pictures/7b50611a-df4b-4a30-b40f-e5e86d4610c2.jpg?im_w=720',123);
INSERT INTO image (type, url, room) VALUES ('detail','https://a0.muscache.com/im/pictures/cedadfaf-d73c-4ae8-81e9-b2fba2d08644.jpg?im_w=720',123);
INSERT INTO image (type, url, room) VALUES ('detail','https://a0.muscache.com/im/pictures/662c59d1-e368-4eca-9195-5a8ea614d04c.jpg?im_w=720',123);
INSERT INTO image (type, url, room) VALUES ('detail','https://a0.muscache.com/im/pictures/dc0148b2-2e53-496d-9b26-b28d040e81e7.jpg?im_w=720',123);
INSERT INTO image (type, url, room) VALUES ('detail','https://a0.muscache.com/im/pictures/a95a1256-196c-4974-aa76-89cbfed0c678.jpg?im_w=720',123);
INSERT INTO image (type, url, room) VALUES ('detail','https://a0.muscache.com/im/pictures/75195e86-8473-4893-b6c5-a4ab7144aa18.jpg?im_w=720',123);
INSERT INTO image (type, url, room) VALUES ('detail','https://a0.muscache.com/im/pictures/29933669-b765-4fc6-944c-8f96466989b4.jpg?im_w=720',123);
insert into location(id,latitude,longitude,city) values (124,37.451,126.657,'인천');
INSERT INTO room (id, title, description, price_per_day, room_type, bed, max_guest, bathroom, location) VALUES (124,'인하대후문 메인상권 바로 옆 깨끗한 숙소.','Yonghyeon 1(il).4(sa)-dong, Nam-gu의 콘도(아파트) 전체',92000,'집 전체',2,1,1,124);
INSERT INTO image (type, url, room) VALUES ('thumb','https://a0.muscache.com/im/pictures/ff81e476-481f-4fa8-8152-83ad62ca1d5d.jpg?im_w=720',124);
INSERT INTO image (type, url, room) VALUES ('detail','https://a0.muscache.com/im/pictures/8d4738a2-08be-49ef-8861-4033365a7405.jpg?im_w=720',124);
INSERT INTO image (type, url, room) VALUES ('detail','https://a0.muscache.com/im/pictures/2f3b58c8-69ae-4129-adab-4a323c414ba5.jpg?im_w=720',124);
INSERT INTO image (type, url, room) VALUES ('detail','https://a0.muscache.com/im/pictures/d6050e39-44f3-476a-bb14-e313367a8071.jpg?im_w=720',124);
INSERT INTO image (type, url, room) VALUES ('detail','https://a0.muscache.com/im/pictures/ae80e743-389f-4c39-9f7a-c87606df2fda.jpg?im_w=720',124);
INSERT INTO image (type, url, room) VALUES ('detail','https://a0.muscache.com/im/pictures/c82cff48-60d6-44a3-86a6-5e10211a3abb.jpg?im_w=720',124);
INSERT INTO image (type, url, room) VALUES ('detail','https://a0.muscache.com/im/pictures/305bdf93-ca2f-4c3b-938c-5068607d4d12.jpg?im_w=720',124);
insert into location(id,latitude,longitude,city) values (125,37.508,126.75,'인천');
INSERT INTO room (id, title, description, price_per_day, room_type, bed, max_guest, bathroom, location) VALUES (125,'business trip / 외창방 C /(1박/2만원)/ 자가격리 가능','Sang-dong, Wonmi-gu, Bucheon의 개인실',98000,'개인실',1,1,1,125);
INSERT INTO image (type, url, room) VALUES ('thumb','https://a0.muscache.com/im/pictures/miso/Hosting-45984003/original/2e340636-1c59-4112-b6a1-a8f9b0fb2f6e.jpeg?im_w=720',125);
INSERT INTO image (type, url, room) VALUES ('detail','https://a0.muscache.com/im/pictures/d129c585-0ce5-4547-b72b-068f8096921c.jpg?im_w=720',125);
INSERT INTO image (type, url, room) VALUES ('detail','https://a0.muscache.com/im/pictures/miso/Hosting-45984003/original/1cc69594-8a1c-4231-a0c6-5962a6fb7f7b.jpeg?im_w=720',125);
INSERT INTO image (type, url, room) VALUES ('detail','https://a0.muscache.com/im/pictures/4af896b7-c14e-422f-bb34-16948eb43d6e.jpg?im_w=720',125);
INSERT INTO image (type, url, room) VALUES ('detail','https://a0.muscache.com/im/pictures/f38c0d84-a33f-4700-b4f6-42250b497fd6.jpg?im_w=720',125);
INSERT INTO image (type, url, room) VALUES ('detail','https://a0.muscache.com/im/pictures/21c80b18-1853-472f-bdb3-bcfa25753481.jpg?im_w=720',125);
INSERT INTO image (type, url, room) VALUES ('detail','https://a0.muscache.com/im/pictures/89971c8b-444a-44a5-9abc-76f90a68e0b6.jpg?im_w=720',125);
INSERT INTO image (type, url, room) VALUES ('detail','https://a0.muscache.com/im/pictures/8e56105c-1964-4854-be42-12c40a404559.jpg?im_w=720',125);
INSERT INTO image (type, url, room) VALUES ('detail','https://a0.muscache.com/im/pictures/miso/Hosting-45984003/original/bdd3b9dd-fb2e-46ab-91bd-3110f4dbba40.jpeg?im_w=720',125);
INSERT INTO image (type, url, room) VALUES ('detail','https://a0.muscache.com/im/pictures/daf82d64-fe7f-47a7-9902-2dfb334d1abc.jpg?im_w=720',125);
INSERT INTO image (type, url, room) VALUES ('detail','https://a0.muscache.com/im/pictures/4ed6b8b9-4e77-4fb8-aede-0fc425817535.jpg?im_w=720',125);
INSERT INTO image (type, url, room) VALUES ('detail','https://a0.muscache.com/im/pictures/1fa72b6e-e62b-41a4-a3f2-90bdec2e1c3c.jpg?im_w=720',125);
INSERT INTO image (type, url, room) VALUES ('detail','https://a0.muscache.com/im/pictures/5a1fd25b-7998-487b-afc4-2a6c258e90da.jpg?im_w=720',125);
INSERT INTO image (type, url, room) VALUES ('detail','https://a0.muscache.com/im/pictures/miso/Hosting-45984003/original/6aecfefa-374b-45fd-8df8-80c1f607d140.jpeg?im_w=720',125);
insert into location(id,latitude,longitude,city) values (126,37.451,126.712,'인천');
INSERT INTO room (id, title, description, price_per_day, room_type, bed, max_guest, bathroom, location) VALUES (126,'Cozy room C','Guwol-dong, Namdong-gu의 개인실',85000,'개인실',1,2,1,126);
INSERT INTO image (type, url, room) VALUES ('thumb','https://a0.muscache.com/im/pictures/756c7b84-066c-4954-ab16-1a4ea3b4ecce.jpg?im_w=720',126);
INSERT INTO image (type, url, room) VALUES ('detail','https://a0.muscache.com/im/pictures/86eebbd5-5f68-42e3-9da5-9c268039659f.jpg?im_w=720',126);
INSERT INTO image (type, url, room) VALUES ('detail','https://a0.muscache.com/im/pictures/f9983c7f-1f4c-4cdf-bdc3-3262dcb82d89.jpg?im_w=720',126);
INSERT INTO image (type, url, room) VALUES ('detail','https://a0.muscache.com/im/pictures/8394b91a-59ef-4169-8552-f5f26ebc932d.jpg?im_w=720',126);
INSERT INTO image (type, url, room) VALUES ('detail','https://a0.muscache.com/im/pictures/88a90e2e-0c21-43f5-9b7c-ac4a26bace3d.jpg?im_w=720',126);
INSERT INTO image (type, url, room) VALUES ('detail','https://a0.muscache.com/im/pictures/208ba4f2-748c-407c-a485-6adbea523e52.jpg?im_w=720',126);
INSERT INTO image (type, url, room) VALUES ('detail','https://a0.muscache.com/im/pictures/ff5a807b-f380-4aba-ad66-0cb17279f46d.jpg?im_w=720',126);
insert into location(id,latitude,longitude,city) values (127,37.452,126.661,'인천');
INSERT INTO room (id, title, description, price_per_day, room_type, bed, max_guest, bathroom, location) VALUES (127,'BEST HOUSE 21','Yonghyeon 1(il).4(sa)-dong, Nam-gu의 초소형 주택',100000,'집 전체',1,1,1,127);
INSERT INTO image (type, url, room) VALUES ('thumb','https://a0.muscache.com/im/pictures/21a4f4f1-49b9-4da1-b54b-fc8ec77fba44.jpg?im_w=720',127);
INSERT INTO image (type, url, room) VALUES ('detail','https://a0.muscache.com/im/pictures/f801dce0-e619-4a0c-8e9c-98b27790989a.jpg?im_w=720',127);
INSERT INTO image (type, url, room) VALUES ('detail','https://a0.muscache.com/im/pictures/3c74bd7a-93f2-429e-b497-0a9bb88908c8.jpg?im_w=720',127);
INSERT INTO image (type, url, room) VALUES ('detail','https://a0.muscache.com/im/pictures/f8ebb13f-88cd-4099-aeea-6d01a88c988e.jpg?im_w=720',127);
INSERT INTO image (type, url, room) VALUES ('detail','https://a0.muscache.com/im/pictures/55244540-653b-4936-9661-da7b0a8c8d47.jpg?im_w=720',127);
INSERT INTO image (type, url, room) VALUES ('detail','https://a0.muscache.com/im/pictures/013ad8b4-42f2-4b14-8b25-1453dbac0eb4.jpg?im_w=720',127);
INSERT INTO image (type, url, room) VALUES ('detail','https://a0.muscache.com/im/pictures/26d0cb22-5bb4-406b-9b85-b7baad9f1f80.jpg?im_w=720',127);
INSERT INTO image (type, url, room) VALUES ('detail','https://a0.muscache.com/im/pictures/60f057d7-fbe1-412c-92a2-5905fc0fc102.jpg?im_w=720',127);
INSERT INTO image (type, url, room) VALUES ('detail','https://a0.muscache.com/im/pictures/00e26e94-b92b-4512-b282-bf1027422685.jpg?im_w=720',127);
INSERT INTO image (type, url, room) VALUES ('detail','https://a0.muscache.com/im/pictures/0ede96e6-89f3-449b-a8af-3b021534dec0.jpg?im_w=720',127);
INSERT INTO image (type, url, room) VALUES ('detail','https://a0.muscache.com/im/pictures/ea05a65c-35b0-4f0a-a12f-ab00effa4039.jpg?im_w=720',127);
insert into location(id,latitude,longitude,city) values (128,37.39,126.737,'인천');
INSERT INTO room (id, title, description, price_per_day, room_type, bed, max_guest, bathroom, location) VALUES (128,'Haji','Siheung-si의 개인실',95000,'개인실',3,3,1,128);
INSERT INTO image (type, url, room) VALUES ('thumb','https://a0.muscache.com/im/pictures/2ec51169-a81a-4ce5-a522-e491d6bac26a.jpg?im_w=720',128);
INSERT INTO image (type, url, room) VALUES ('detail','https://a0.muscache.com/im/pictures/66615364-998f-4dc3-b265-f475211a4ce8.jpg?im_w=720',128);
INSERT INTO image (type, url, room) VALUES ('detail','https://a0.muscache.com/im/pictures/a6fde600-157d-4c09-930c-6e49eb57bf68.jpg?im_w=720',128);
INSERT INTO image (type, url, room) VALUES ('detail','https://a0.muscache.com/im/pictures/3646251b-77db-4869-bcdb-4cb4c1d9dff3.jpg?im_w=720',128);
INSERT INTO image (type, url, room) VALUES ('detail','https://a0.muscache.com/im/pictures/f9294eaf-5add-4701-881a-53b6819f3ccb.jpg?im_w=720',128);
INSERT INTO image (type, url, room) VALUES ('detail','https://a0.muscache.com/im/pictures/e2af6f88-7fec-4c1a-a993-ec0ea1708421.jpg?im_w=720',128);
INSERT INTO image (type, url, room) VALUES ('detail','https://a0.muscache.com/im/pictures/fa8b7def-bac6-40d7-a3ea-f2d67d5a0fd0.jpg?im_w=720',128);
INSERT INTO image (type, url, room) VALUES ('detail','https://a0.muscache.com/im/pictures/2954656c-de96-4429-9c8e-76d008f49640.jpg?im_w=720',128);
INSERT INTO image (type, url, room) VALUES ('detail','https://a0.muscache.com/im/pictures/1d337fb5-8c0d-43af-9ff6-b774bf165be9.jpg?im_w=720',128);
INSERT INTO image (type, url, room) VALUES ('detail','https://a0.muscache.com/im/pictures/35caf3f8-6d2d-4ba6-a02e-fff4358655a7.jpg?im_w=720',128);
INSERT INTO image (type, url, room) VALUES ('detail','https://a0.muscache.com/im/pictures/a4ed3841-0586-4272-9317-0d314fdf3ed7.jpg?im_w=720',128);
INSERT INTO image (type, url, room) VALUES ('detail','https://a0.muscache.com/im/pictures/f477a4cb-a47d-4f05-b539-569412bf542d.jpg?im_w=720',128);
INSERT INTO image (type, url, room) VALUES ('detail','https://a0.muscache.com/im/pictures/dc9c9f6a-328f-4957-a2cc-02194887611d.jpg?im_w=720',128);
insert into location(id,latitude,longitude,city) values (129,37.453,126.665,'인천');
INSERT INTO room (id, title, description, price_per_day, room_type, bed, max_guest, bathroom, location) VALUES (129,'신축! 소독세탁철저 찐하우스~','Yonghyeon 1(il).4(sa)-dong, Nam-gu의 초소형 주택',100000,'집 전체',1,1,1,129);
INSERT INTO image (type, url, room) VALUES ('thumb','https://a0.muscache.com/im/pictures/c08b2c37-8638-4452-a92d-2482a1a29fa1.jpg?im_w=720',129);
INSERT INTO image (type, url, room) VALUES ('detail','https://a0.muscache.com/im/pictures/d4857d35-a6e5-401d-9e87-4274e0c62579.jpg?im_w=720',129);
INSERT INTO image (type, url, room) VALUES ('detail','https://a0.muscache.com/im/pictures/1d02f052-aad7-4f55-822b-a943ccedc2a1.jpg?im_w=720',129);
INSERT INTO image (type, url, room) VALUES ('detail','https://a0.muscache.com/im/pictures/992bf769-e1df-4d87-a649-83ea1254ac87.jpg?im_w=720',129);
INSERT INTO image (type, url, room) VALUES ('detail','https://a0.muscache.com/im/pictures/e0b61ec9-997b-4cf9-9621-1b3f1865144e.jpg?im_w=720',129);
INSERT INTO image (type, url, room) VALUES ('detail','https://a0.muscache.com/im/pictures/3719c9c7-5ff4-4835-ba02-d132a6cc4c35.jpg?im_w=720',129);
INSERT INTO image (type, url, room) VALUES ('detail','https://a0.muscache.com/im/pictures/90e92a97-e58b-4369-bdda-9c03ffd1296e.jpg?im_w=720',129);
INSERT INTO image (type, url, room) VALUES ('detail','https://a0.muscache.com/im/pictures/5dc6ee11-19ca-47c6-bdfa-4eea8a357470.jpg?im_w=720',129);
INSERT INTO image (type, url, room) VALUES ('detail','https://a0.muscache.com/im/pictures/d70c66f8-c232-4e17-b227-6257e4d7fe49.jpg?im_w=720',129);
INSERT INTO image (type, url, room) VALUES ('detail','https://a0.muscache.com/im/pictures/899877bb-5405-46f4-a297-9d72a008ab68.jpg?im_w=720',129);
INSERT INTO image (type, url, room) VALUES ('detail','https://a0.muscache.com/im/pictures/cd0abdc0-0534-42a3-bb3d-8f9bdc18428e.jpg?im_w=720',129);
insert into location(id,latitude,longitude,city) values (130,37.381,126.659,'인천');
INSERT INTO room (id, title, description, price_per_day, room_type, bed, max_guest, bathroom, location) VALUES (130,'[OPEN SALE] 뷰맛집 4K UHD 빔프로젝터 송현아&트리플 1분 테크노파크역 5분','Songdo-dong, Yeonsu-gu의 아파트 전체',90000,'집 전체',1,2,1,130);
INSERT INTO image (type, url, room) VALUES ('thumb','https://a0.muscache.com/im/pictures/miso/Hosting-49286047/original/ef6a40fa-616a-4ce4-b35f-de4c34787bc9.jpeg?im_w=720',130);
INSERT INTO image (type, url, room) VALUES ('detail','https://a0.muscache.com/im/pictures/miso/Hosting-49286047/original/bab37be1-b2be-4f70-9928-6776050634d2.jpeg?im_w=720',130);
INSERT INTO image (type, url, room) VALUES ('detail','https://a0.muscache.com/im/pictures/miso/Hosting-49286047/original/d4ed8f16-1942-410a-9c2d-77becc219f2f.jpeg?im_w=720',130);
INSERT INTO image (type, url, room) VALUES ('detail','https://a0.muscache.com/im/pictures/miso/Hosting-49286047/original/e411e0ff-7ec1-4afe-b649-1f24e342140a.jpeg?im_w=720',130);
INSERT INTO image (type, url, room) VALUES ('detail','https://a0.muscache.com/im/pictures/miso/Hosting-49286047/original/36c90a63-ef21-4460-8375-693e6851840b.jpeg?im_w=720',130);
INSERT INTO image (type, url, room) VALUES ('detail','https://a0.muscache.com/im/pictures/miso/Hosting-49286047/original/24e6306a-378c-4e52-a86f-c49a790795cb.jpeg?im_w=720',130);
INSERT INTO image (type, url, room) VALUES ('detail','https://a0.muscache.com/im/pictures/25c52a37-9406-40d4-bced-3cec97e5707d.jpg?im_w=720',130);
INSERT INTO image (type, url, room) VALUES ('detail','https://a0.muscache.com/im/pictures/miso/Hosting-49286047/original/2e31a80a-4a33-4701-81d8-82132f20e696.jpeg?im_w=720',130);
INSERT INTO image (type, url, room) VALUES ('detail','https://a0.muscache.com/im/pictures/miso/Hosting-49286047/original/f27f74a1-2755-46d0-be2b-6b476fe5dd62.jpeg?im_w=720',130);
INSERT INTO image (type, url, room) VALUES ('detail','https://a0.muscache.com/im/pictures/miso/Hosting-49286047/original/92f4cc89-6e41-4880-8c86-ba690b81e75d.jpeg?im_w=720',130);
INSERT INTO image (type, url, room) VALUES ('detail','https://a0.muscache.com/im/pictures/1803c2f1-3523-41bd-953c-bffcbbf829c2.jpg?im_w=720',130);
insert into location(id,latitude,longitude,city) values (131,37.446,126.69,'인천');
INSERT INTO room (id, title, description, price_per_day, room_type, bed, max_guest, bathroom, location) VALUES (131,'편안하고 조용한 알로하하우스
자가격리불가
단독사용!깨끗한욕실!♥
청소 소독 항상합니다♥','Gwangyo-dong, Nam-gu의 집 전체',100000,'집 전체',1,2,1,131);
INSERT INTO image (type, url, room) VALUES ('thumb','https://a0.muscache.com/im/pictures/12ceeac1-5ec8-42ea-b687-00d2661e839e.jpg?im_w=720',131);
INSERT INTO image (type, url, room) VALUES ('detail','https://a0.muscache.com/im/pictures/e036104e-ad2d-4cf4-b0db-8f77aab04038.jpg?im_w=720',131);
INSERT INTO image (type, url, room) VALUES ('detail','https://a0.muscache.com/im/pictures/cfcec4e0-6098-4f52-be67-9be9001af094.jpg?im_w=720',131);
INSERT INTO image (type, url, room) VALUES ('detail','https://a0.muscache.com/im/pictures/5638394e-f0cc-4626-8db5-52c0ae3babda.jpg?im_w=720',131);
INSERT INTO image (type, url, room) VALUES ('detail','https://a0.muscache.com/im/pictures/d28779ee-ce30-4d46-aea3-434287ab25b8.jpg?im_w=720',131);
INSERT INTO image (type, url, room) VALUES ('detail','https://a0.muscache.com/im/pictures/4d6aeb1a-9898-45e4-be34-29763371b2b8.jpg?im_w=720',131);
INSERT INTO image (type, url, room) VALUES ('detail','https://a0.muscache.com/im/pictures/055d8328-4c36-4d30-b3ae-eda757cea474.jpg?im_w=720',131);
INSERT INTO image (type, url, room) VALUES ('detail','https://a0.muscache.com/im/pictures/c055608d-88b1-4c21-887d-3c64ca3b05d2.jpg?im_w=720',131);
INSERT INTO image (type, url, room) VALUES ('detail','https://a0.muscache.com/im/pictures/35e3f487-4ea6-40d2-884e-6ea1b7c490b4.jpg?im_w=720',131);
INSERT INTO image (type, url, room) VALUES ('detail','https://a0.muscache.com/im/pictures/965fb7ef-2fe2-426a-bfff-30c97ca7b6e0.jpg?im_w=720',131);
INSERT INTO image (type, url, room) VALUES ('detail','https://a0.muscache.com/im/pictures/1f16945a-6cb2-4899-b97a-ad1b963758b2.jpg?im_w=720',131);
INSERT INTO image (type, url, room) VALUES ('detail','https://a0.muscache.com/im/pictures/a87e2ec9-4735-4ee9-9330-90ff0ada0614.jpg?im_w=720',131);
INSERT INTO image (type, url, room) VALUES ('detail','https://a0.muscache.com/im/pictures/c213b120-0150-4f63-a309-2955a5936dea.jpg?im_w=720',131);
INSERT INTO image (type, url, room) VALUES ('detail','https://a0.muscache.com/im/pictures/62d668cc-697e-4c15-ab07-c87d7345c65c.jpg?im_w=720',131);
INSERT INTO image (type, url, room) VALUES ('detail','https://a0.muscache.com/im/pictures/c77cf344-bc52-4455-9e61-97e0ef0b41be.jpg?im_w=720',131);
INSERT INTO image (type, url, room) VALUES ('detail','https://a0.muscache.com/im/pictures/348a11e2-7a6d-4353-929f-35da2f4bde6b.jpg?im_w=720',131);
INSERT INTO image (type, url, room) VALUES ('detail','https://a0.muscache.com/im/pictures/adf94fed-d041-4fba-9fab-e8eb3c598183.jpg?im_w=720',131);
INSERT INTO image (type, url, room) VALUES ('detail','https://a0.muscache.com/im/pictures/b98b70c5-920b-42dd-a1f0-11db2f69f628.jpg?im_w=720',131);
INSERT INTO image (type, url, room) VALUES ('detail','https://a0.muscache.com/im/pictures/237f6ff5-7771-4468-99cf-b739ffbb2cb8.jpg?im_w=720',131);
INSERT INTO image (type, url, room) VALUES ('detail','https://a0.muscache.com/im/pictures/f061d03f-70f5-4792-96b6-caadca3fdbed.jpg?im_w=720',131);
INSERT INTO image (type, url, room) VALUES ('detail','https://a0.muscache.com/im/pictures/d969fe7a-9b4a-430d-a326-ee88333d9a30.jpg?im_w=720',131);
INSERT INTO image (type, url, room) VALUES ('detail','https://a0.muscache.com/im/pictures/7d83af0b-9d81-4fe3-b60c-5400baf0c8bb.jpg?im_w=720',131);
INSERT INTO image (type, url, room) VALUES ('detail','https://a0.muscache.com/im/pictures/c870c1ea-ec5a-47f8-87a9-04407c1dbe5c.jpg?im_w=720',131);
INSERT INTO image (type, url, room) VALUES ('detail','https://a0.muscache.com/im/pictures/5d64c89b-8945-4802-ab7c-7a47890b7601.jpg?im_w=720',131);
INSERT INTO image (type, url, room) VALUES ('detail','https://a0.muscache.com/im/pictures/b8d90698-c08b-4bdf-a64d-9346c86c134f.jpg?im_w=720',131);
INSERT INTO image (type, url, room) VALUES ('detail','https://a0.muscache.com/im/pictures/1d46a329-f16e-41a0-a510-a5c9577fe94f.jpg?im_w=720',131);
INSERT INTO image (type, url, room) VALUES ('detail','https://a0.muscache.com/im/pictures/c7b39e79-2d6e-4962-a5c8-a9d536762105.jpg?im_w=720',131);
INSERT INTO image (type, url, room) VALUES ('detail','https://a0.muscache.com/im/pictures/d5426159-d499-4922-a2b8-4a0eb4d18942.jpg?im_w=720',131);
INSERT INTO image (type, url, room) VALUES ('detail','https://a0.muscache.com/im/pictures/4092bf2d-e28a-4611-bd04-7914003e57d6.jpg?im_w=720',131);
INSERT INTO image (type, url, room) VALUES ('detail','https://a0.muscache.com/im/pictures/e7b4b053-f3d2-444a-b7cc-ecbdf5d5a2ac.jpg?im_w=720',131);
insert into location(id,latitude,longitude,city) values (132,37.453,126.717,'인천');
INSERT INTO room (id, title, description, price_per_day, room_type, bed, max_guest, bathroom, location) VALUES (132,'안전하고 깨끗한 하우스 - 모래내시장역/모래내시장 바로 앞','Guwol-dong, Namdong-gu의 개인실',90000,'개인실',0,2,1,132);
INSERT INTO image (type, url, room) VALUES ('thumb','https://a0.muscache.com/im/pictures/066621e9-1903-4146-a26f-793835d1de4d.jpg?im_w=720',132);
insert into location(id,latitude,longitude,city) values (133,37.492,126.73,'인천');
INSERT INTO room (id, title, description, price_per_day, room_type, bed, max_guest, bathroom, location) VALUES (133,'기린쉐어하우스 (kirin house)','Bupyeong 5(o)-dong, Bupyeong-gu의 개인실',100000,'개인실',1,1,1,133);
INSERT INTO image (type, url, room) VALUES ('thumb','https://a0.muscache.com/im/pictures/e9138cd3-b01b-4672-af77-11d68fd35337.jpg?im_w=720',133);
INSERT INTO image (type, url, room) VALUES ('detail','https://a0.muscache.com/im/pictures/6d21f546-8c04-4e4a-8214-a0aaf03dcd79.jpg?im_w=720',133);
INSERT INTO image (type, url, room) VALUES ('detail','https://a0.muscache.com/im/pictures/245e84c2-15e4-46e3-bab5-be3320857d9e.jpg?im_w=720',133);
INSERT INTO image (type, url, room) VALUES ('detail','https://a0.muscache.com/im/pictures/35204539-7067-46bb-ad48-5ec3744c720d.jpg?im_w=720',133);
INSERT INTO image (type, url, room) VALUES ('detail','https://a0.muscache.com/im/pictures/1b5a5e82-7cf3-4c9a-bec1-9fdb1473e3a0.jpg?im_w=720',133);
INSERT INTO image (type, url, room) VALUES ('detail','https://a0.muscache.com/im/pictures/e024b779-d6e9-47ca-a6e4-928d4f1d9269.jpg?im_w=720',133);
INSERT INTO image (type, url, room) VALUES ('detail','https://a0.muscache.com/im/pictures/1ce2045d-5d63-4d83-841f-3328ac6d8ff2.jpg?im_w=720',133);
INSERT INTO image (type, url, room) VALUES ('detail','https://a0.muscache.com/im/pictures/9177d9fd-afe6-4867-939c-f7b5d7765f50.jpg?im_w=720',133);
insert into location(id,latitude,longitude,city) values (134,37.532,126.638,'인천');
INSERT INTO room (id, title, description, price_per_day, room_type, bed, max_guest, bathroom, location) VALUES (134,'[자가격리 가능] 단독 테라스가 있는 호수근처의 넉넉한 공간','Cheongra-dong, Seo-gu의 콘도(아파트) 전체',90000,'집 전체',1,3,1,134);
INSERT INTO image (type, url, room) VALUES ('thumb','https://a0.muscache.com/im/pictures/miso/Hosting-49578597/original/402dda67-93b4-4889-bca6-02587af58662.png?im_w=720',134);
INSERT INTO image (type, url, room) VALUES ('detail','https://a0.muscache.com/im/pictures/ab3bc7ee-9744-4b2d-b274-b650fb9ca0b3.jpg?im_w=720',134);
INSERT INTO image (type, url, room) VALUES ('detail','https://a0.muscache.com/im/pictures/miso/Hosting-49578597/original/b9d88daa-1882-4906-9789-db1c8ae314bc.png?im_w=720',134);
INSERT INTO image (type, url, room) VALUES ('detail','https://a0.muscache.com/im/pictures/miso/Hosting-49578597/original/a5983cfa-78af-4366-a20f-c2a60d79f1fd.png?im_w=720',134);
INSERT INTO image (type, url, room) VALUES ('detail','https://a0.muscache.com/im/pictures/miso/Hosting-49578597/original/d2571321-774a-4d80-adbc-01ad64a8fdc6.png?im_w=720',134);
INSERT INTO image (type, url, room) VALUES ('detail','https://a0.muscache.com/im/pictures/miso/Hosting-49578597/original/96c9b54f-4236-4e90-8836-5d52c4a40d74.png?im_w=720',134);
INSERT INTO image (type, url, room) VALUES ('detail','https://a0.muscache.com/im/pictures/04d09fc1-0f9c-4a0d-bfbc-ad9c131ae850.jpg?im_w=720',134);
INSERT INTO image (type, url, room) VALUES ('detail','https://a0.muscache.com/im/pictures/29d09bb8-a080-4f76-afaf-ef7d9a79d97a.jpg?im_w=720',134);
INSERT INTO image (type, url, room) VALUES ('detail','https://a0.muscache.com/im/pictures/7f1f1a79-3568-4873-92af-cb36d35fad7a.jpg?im_w=720',134);
INSERT INTO image (type, url, room) VALUES ('detail','https://a0.muscache.com/im/pictures/miso/Hosting-49578597/original/1b565182-713c-4c8b-a0d4-e962ceb8d3bf.png?im_w=720',134);
INSERT INTO image (type, url, room) VALUES ('detail','https://a0.muscache.com/im/pictures/2015efc3-99f0-4299-9bb5-396e0a36475f.jpg?im_w=720',134);
INSERT INTO image (type, url, room) VALUES ('detail','https://a0.muscache.com/im/pictures/10e68cff-20a5-4c24-9fa5-a8e65c575c75.jpg?im_w=720',134);
INSERT INTO image (type, url, room) VALUES ('detail','https://a0.muscache.com/im/pictures/9c85818e-2a19-49d5-b946-544e87ec9f2d.jpg?im_w=720',134);
INSERT INTO image (type, url, room) VALUES ('detail','https://a0.muscache.com/im/pictures/9a83ed08-cffb-4216-9379-47d5b393f66e.jpg?im_w=720',134);
INSERT INTO image (type, url, room) VALUES ('detail','https://a0.muscache.com/im/pictures/b976ba4a-95a6-4340-b1c0-40b8485fd843.jpg?im_w=720',134);
INSERT INTO image (type, url, room) VALUES ('detail','https://a0.muscache.com/im/pictures/f0adc121-94e2-455f-b899-6345a7daee41.jpg?im_w=720',134);
INSERT INTO image (type, url, room) VALUES ('detail','https://a0.muscache.com/im/pictures/5cf8712d-6643-4815-884d-00c16335943f.jpg?im_w=720',134);
INSERT INTO image (type, url, room) VALUES ('detail','https://a0.muscache.com/im/pictures/7650e4ea-ac38-47da-8914-9cb53bba9231.jpg?im_w=720',134);
insert into location(id,latitude,longitude,city) values (135,37.452,126.661,'인천');
INSERT INTO room (id, title, description, price_per_day, room_type, bed, max_guest, bathroom, location) VALUES (135,'매일소독 바로세탁! 인하대인근 베스트23','Yonghyeon 1(il).4(sa)-dong, Nam-gu의 개인실',100000,'개인실',0,1,1,135);
INSERT INTO image (type, url, room) VALUES ('thumb','https://a0.muscache.com/im/pictures/4847c956-e53c-4e67-b80b-370b5155e0b3.jpg?im_w=720',135);
INSERT INTO image (type, url, room) VALUES ('detail','https://a0.muscache.com/im/pictures/d4245e32-1b15-4e03-b3fe-a4ed4ffef2ff.jpg?im_w=720',135);
INSERT INTO image (type, url, room) VALUES ('detail','https://a0.muscache.com/im/pictures/70857a37-0fce-4cc2-82bb-cc65665dc987.jpg?im_w=720',135);
INSERT INTO image (type, url, room) VALUES ('detail','https://a0.muscache.com/im/pictures/03472750-e467-48d0-bacc-516d71d8aad0.jpg?im_w=720',135);
INSERT INTO image (type, url, room) VALUES ('detail','https://a0.muscache.com/im/pictures/4056677a-bbf7-4f3a-8a34-8774c2c774b6.jpg?im_w=720',135);
INSERT INTO image (type, url, room) VALUES ('detail','https://a0.muscache.com/im/pictures/c2dca945-f320-47b9-9ed8-e1e8c73e2a8a.jpg?im_w=720',135);
INSERT INTO image (type, url, room) VALUES ('detail','https://a0.muscache.com/im/pictures/b0285b30-7336-447f-8c07-ecfcb28167c7.jpg?im_w=720',135);
INSERT INTO image (type, url, room) VALUES ('detail','https://a0.muscache.com/im/pictures/04f8b0d1-5c2a-4f6d-866e-96a06f3256b8.jpg?im_w=720',135);
INSERT INTO image (type, url, room) VALUES ('detail','https://a0.muscache.com/im/pictures/90fc34d1-4a07-4cdd-ba08-35659bc9f184.jpg?im_w=720',135);
INSERT INTO image (type, url, room) VALUES ('detail','https://a0.muscache.com/im/pictures/839fab5c-4cf1-445f-ab3f-4d0f478374b0.jpg?im_w=720',135);
insert into location(id,latitude,longitude,city) values (136,37.385,126.641,'인천');
INSERT INTO room (id, title, description, price_per_day, room_type, bed, max_guest, bathroom, location) VALUES (136,'B2-1 송도야경맛집,센트럴파크5분(식탁추가)','Yeonsu-gu의 콘도(아파트) 전체',95000,'집 전체',1,2,0,136);
INSERT INTO image (type, url, room) VALUES ('thumb','https://a0.muscache.com/im/pictures/d08301e6-2e7b-4ba4-bd39-8a161c312701.jpg?im_w=720',136);
INSERT INTO image (type, url, room) VALUES ('detail','https://a0.muscache.com/im/pictures/62d03b6a-6eee-4edb-9471-7bd244623a24.jpg?im_w=720',136);
INSERT INTO image (type, url, room) VALUES ('detail','https://a0.muscache.com/im/pictures/4b849702-505c-4c93-b9a1-544ab7a8628b.jpg?im_w=720',136);
INSERT INTO image (type, url, room) VALUES ('detail','https://a0.muscache.com/im/pictures/b4814aee-0c5c-4d9d-a0bd-2fae7b823591.jpg?im_w=720',136);
INSERT INTO image (type, url, room) VALUES ('detail','https://a0.muscache.com/im/pictures/fb5ddaa5-c09c-40c9-9fd4-c51759e8cd58.jpg?im_w=720',136);
INSERT INTO image (type, url, room) VALUES ('detail','https://a0.muscache.com/im/pictures/3819eb78-3b5f-441b-a086-ebdd97335a2b.jpg?im_w=720',136);
INSERT INTO image (type, url, room) VALUES ('detail','https://a0.muscache.com/im/pictures/9d02a2c2-7f87-4c58-9f59-df52d03f3a5f.jpg?im_w=720',136);
INSERT INTO image (type, url, room) VALUES ('detail','https://a0.muscache.com/im/pictures/82aeeb89-1214-4e8c-922f-70e38c9f3697.jpg?im_w=720',136);
INSERT INTO image (type, url, room) VALUES ('detail','https://a0.muscache.com/im/pictures/026d5bb5-d99a-4041-b84f-ae1b0f33bc8a.jpg?im_w=720',136);
INSERT INTO image (type, url, room) VALUES ('detail','https://a0.muscache.com/im/pictures/434c62ba-c5c3-4049-80b6-4d3ee02848b1.jpg?im_w=720',136);
INSERT INTO image (type, url, room) VALUES ('detail','https://a0.muscache.com/im/pictures/cf6c2c98-1276-4ab9-94ed-9a3da233e560.jpg?im_w=720',136);
INSERT INTO image (type, url, room) VALUES ('detail','https://a0.muscache.com/im/pictures/729f653c-8cde-4aba-b782-7f05534238ff.jpg?im_w=720',136);
INSERT INTO image (type, url, room) VALUES ('detail','https://a0.muscache.com/im/pictures/61c178c9-f90d-4651-bbbb-c659b65ad764.jpg?im_w=720',136);
INSERT INTO image (type, url, room) VALUES ('detail','https://a0.muscache.com/im/pictures/25ae623c-9a70-4cbd-94ef-2d8f5e7c5e2d.jpg?im_w=720',136);
INSERT INTO image (type, url, room) VALUES ('detail','https://a0.muscache.com/im/pictures/5ec93cf5-ff0a-4fd7-b43e-60b040e67a0a.jpg?im_w=720',136);
INSERT INTO image (type, url, room) VALUES ('detail','https://a0.muscache.com/im/pictures/bfb4e5b3-cdc7-4708-ba25-31733cce0198.jpg?im_w=720',136);
INSERT INTO image (type, url, room) VALUES ('detail','https://a0.muscache.com/im/pictures/5a0309de-7f97-404c-a203-1178e5a3ec17.jpg?im_w=720',136);
INSERT INTO image (type, url, room) VALUES ('detail','https://a0.muscache.com/im/pictures/8407c010-0eef-4872-8343-09800fc629b7.jpg?im_w=720',136);
INSERT INTO image (type, url, room) VALUES ('detail','https://a0.muscache.com/im/pictures/b8e0c065-2717-44af-9d00-4c4776a86ffc.jpg?im_w=720',136);
INSERT INTO image (type, url, room) VALUES ('detail','https://a0.muscache.com/im/pictures/283cecf8-d1c0-4ad0-b9a6-67bab8fd4e39.jpg?im_w=720',136);
INSERT INTO image (type, url, room) VALUES ('detail','https://a0.muscache.com/im/pictures/485e4bda-411e-4b5d-b4be-0c2b39059e22.jpg?im_w=720',136);
INSERT INTO image (type, url, room) VALUES ('detail','https://a0.muscache.com/im/pictures/8f746168-0c50-42dc-b888-d5529bfe2efe.jpg?im_w=720',136);
INSERT INTO image (type, url, room) VALUES ('detail','https://a0.muscache.com/im/pictures/0863641a-d758-4735-a212-18d902014d63.jpg?im_w=720',136);
INSERT INTO image (type, url, room) VALUES ('detail','https://a0.muscache.com/im/pictures/f2988890-a36b-4cc7-a8b0-c766b29283e7.jpg?im_w=720',136);
INSERT INTO image (type, url, room) VALUES ('detail','https://a0.muscache.com/im/pictures/2322640b-d975-4ebd-aa8b-ef3fa2da4cb9.jpg?im_w=720',136);
INSERT INTO image (type, url, room) VALUES ('detail','https://a0.muscache.com/im/pictures/71bb14ac-c9cf-4729-a7ee-51215886d98f.jpg?im_w=720',136);
INSERT INTO image (type, url, room) VALUES ('detail','https://a0.muscache.com/im/pictures/4f0fdbd7-9a9c-4c01-85c0-b1bdbce6d8db.jpg?im_w=720',136);
INSERT INTO image (type, url, room) VALUES ('detail','https://a0.muscache.com/im/pictures/4f1a4907-752b-4622-90df-f17a3cbccbfc.jpg?im_w=720',136);
INSERT INTO image (type, url, room) VALUES ('detail','https://a0.muscache.com/im/pictures/e06eb2fc-a0d2-4a29-bfe1-44cc58aa5f71.jpg?im_w=720',136);
INSERT INTO image (type, url, room) VALUES ('detail','https://a0.muscache.com/im/pictures/99ff92f9-94e1-42bd-ace2-93187ac2c7fc.jpg?im_w=720',136);
insert into location(id,latitude,longitude,city) values (137,37.399,126.635,'인천');
INSERT INTO room (id, title, description, price_per_day, room_type, bed, max_guest, bathroom, location) VALUES (137,'송도 Sweet 하우스!!    초역세권 2021.5월 입주한 레지던스 독채원룸 집전체','Songdo-dong, Yeonsu-gu의 레지던스 전체',75000,'집 전체',2,3,1,137);
INSERT INTO image (type, url, room) VALUES ('thumb','https://a0.muscache.com/im/pictures/01bb1453-f25a-43f3-b9cd-cde9607eec1e.jpg?im_w=720',137);
INSERT INTO image (type, url, room) VALUES ('detail','https://a0.muscache.com/im/pictures/3a171257-fcec-4e2a-a34b-afe372b87ab0.jpg?im_w=720',137);
INSERT INTO image (type, url, room) VALUES ('detail','https://a0.muscache.com/im/pictures/eb77d8c3-acff-4cf3-b1e5-66b32649e90d.jpg?im_w=720',137);
INSERT INTO image (type, url, room) VALUES ('detail','https://a0.muscache.com/im/pictures/e4cfb7f6-d0fe-42ee-9390-42cf5dbd038f.jpg?im_w=720',137);
INSERT INTO image (type, url, room) VALUES ('detail','https://a0.muscache.com/im/pictures/3a5140b6-e9df-415e-97f4-e02eadcb22f8.jpg?im_w=720',137);
INSERT INTO image (type, url, room) VALUES ('detail','https://a0.muscache.com/im/pictures/959398d8-4402-4f26-ac3e-6d25e6f8ffdf.jpg?im_w=720',137);
INSERT INTO image (type, url, room) VALUES ('detail','https://a0.muscache.com/im/pictures/29490680-9c1d-4a9f-835a-77d31972e36e.jpg?im_w=720',137);
INSERT INTO image (type, url, room) VALUES ('detail','https://a0.muscache.com/im/pictures/8c763853-a189-48e5-b9b8-06268086307f.jpg?im_w=720',137);
INSERT INTO image (type, url, room) VALUES ('detail','https://a0.muscache.com/im/pictures/13573e0a-128b-4a36-9c24-2ccff3c02c75.jpg?im_w=720',137);
INSERT INTO image (type, url, room) VALUES ('detail','https://a0.muscache.com/im/pictures/32bef178-100c-4ded-b9ee-7e50c3e24d1c.jpg?im_w=720',137);
INSERT INTO image (type, url, room) VALUES ('detail','https://a0.muscache.com/im/pictures/c15bb149-bf56-4d3d-b282-d9b19ba5c4fe.jpg?im_w=720',137);
INSERT INTO image (type, url, room) VALUES ('detail','https://a0.muscache.com/im/pictures/1ecf0fc0-8f3f-4116-9f98-58413caca1b0.jpg?im_w=720',137);
INSERT INTO image (type, url, room) VALUES ('detail','https://a0.muscache.com/im/pictures/1d22e44c-727f-4cc8-b77b-dcdd3f7a9293.jpg?im_w=720',137);
INSERT INTO image (type, url, room) VALUES ('detail','https://a0.muscache.com/im/pictures/92731e4f-b9dd-415b-a981-0cfac6a9a22f.jpg?im_w=720',137);
INSERT INTO image (type, url, room) VALUES ('detail','https://a0.muscache.com/im/pictures/ab954b8a-db57-431f-ad38-6b52686d469c.jpg?im_w=720',137);
INSERT INTO image (type, url, room) VALUES ('detail','https://a0.muscache.com/im/pictures/deb8be17-7f39-472a-a496-42403b4eabd3.jpg?im_w=720',137);
INSERT INTO image (type, url, room) VALUES ('detail','https://a0.muscache.com/im/pictures/c7af35d9-50c0-479a-b226-f8b388625d72.jpg?im_w=720',137);
INSERT INTO image (type, url, room) VALUES ('detail','https://a0.muscache.com/im/pictures/6c7925b5-b37c-44e1-90d4-80394e6d9de6.jpg?im_w=720',137);
INSERT INTO image (type, url, room) VALUES ('detail','https://a0.muscache.com/im/pictures/51114e2a-7c1b-4414-8ded-cd2780ba91fe.jpg?im_w=720',137);
INSERT INTO image (type, url, room) VALUES ('detail','https://a0.muscache.com/im/pictures/a076e153-1770-4376-a7b8-eebb5fa53f7a.jpg?im_w=720',137);
INSERT INTO image (type, url, room) VALUES ('detail','https://a0.muscache.com/im/pictures/665b35da-0702-46cd-8753-8b1c32706bec.jpg?im_w=720',137);
INSERT INTO image (type, url, room) VALUES ('detail','https://a0.muscache.com/im/pictures/f6313953-e9c9-4e4a-9cd8-d73bd8fe5795.jpg?im_w=720',137);
INSERT INTO image (type, url, room) VALUES ('detail','https://a0.muscache.com/im/pictures/e840e239-7116-407a-be0e-5f83b74a108f.jpg?im_w=720',137);
INSERT INTO image (type, url, room) VALUES ('detail','https://a0.muscache.com/im/pictures/eb04a214-94d3-4ae2-a8be-61cd88e6c9ac.jpg?im_w=720',137);
INSERT INTO image (type, url, room) VALUES ('detail','https://a0.muscache.com/im/pictures/0d320bae-d43c-4ebb-babc-587be9b3601b.jpg?im_w=720',137);
INSERT INTO image (type, url, room) VALUES ('detail','https://a0.muscache.com/im/pictures/2a685916-35ff-4e21-b089-d925c1cfbfb5.jpg?im_w=720',137);
INSERT INTO image (type, url, room) VALUES ('detail','https://a0.muscache.com/im/pictures/078e3bd6-2700-4f0b-a825-08aed17478ac.jpg?im_w=720',137);
INSERT INTO image (type, url, room) VALUES ('detail','https://a0.muscache.com/im/pictures/a18be1cb-ef55-4652-9121-a21cecfa947f.jpg?im_w=720',137);
INSERT INTO image (type, url, room) VALUES ('detail','https://a0.muscache.com/im/pictures/ba9d7d34-62ac-48c1-81b5-b1611d15272a.jpg?im_w=720',137);
INSERT INTO image (type, url, room) VALUES ('detail','https://a0.muscache.com/im/pictures/d8c10708-70d7-42a6-842b-6f9c2f74fe6d.jpg?im_w=720',137);
insert into location(id,latitude,longitude,city) values (138,37.45,126.663,'인천');
INSERT INTO room (id, title, description, price_per_day, room_type, bed, max_guest, bathroom, location) VALUES (138,'이룸2 304호','Yonghyeon 1(il).4(sa)-dong, Nam-gu의 초소형 주택',100000,'집 전체',1,1,1,138);
INSERT INTO image (type, url, room) VALUES ('thumb','https://a0.muscache.com/im/pictures/7917c41a-65ca-4bac-b984-6f4f7ff7baf8.jpg?im_w=720',138);
INSERT INTO image (type, url, room) VALUES ('detail','https://a0.muscache.com/im/pictures/133d9227-32f1-41c5-8be9-da566ad90b53.jpg?im_w=720',138);
INSERT INTO image (type, url, room) VALUES ('detail','https://a0.muscache.com/im/pictures/6a9a59d7-1108-4b84-816f-cd43e523d280.jpg?im_w=720',138);
INSERT INTO image (type, url, room) VALUES ('detail','https://a0.muscache.com/im/pictures/fcbca4e8-81f0-483a-b497-c65433b72f0b.jpg?im_w=720',138);
INSERT INTO image (type, url, room) VALUES ('detail','https://a0.muscache.com/im/pictures/4e76fcc1-e8a5-422c-9352-b69c06af22e7.jpg?im_w=720',138);
INSERT INTO image (type, url, room) VALUES ('detail','https://a0.muscache.com/im/pictures/1b2821fe-f077-4c11-81cd-fdfdf9727ad7.jpg?im_w=720',138);
INSERT INTO image (type, url, room) VALUES ('detail','https://a0.muscache.com/im/pictures/f5664952-0ab6-4313-9091-d625c2090e6a.jpg?im_w=720',138);
INSERT INTO image (type, url, room) VALUES ('detail','https://a0.muscache.com/im/pictures/1d044e76-868f-4ac1-9718-8caf43dd8298.jpg?im_w=720',138);
INSERT INTO image (type, url, room) VALUES ('detail','https://a0.muscache.com/im/pictures/68aec445-e039-4c51-928b-8093143ba5fd.jpg?im_w=720',138);
INSERT INTO image (type, url, room) VALUES ('detail','https://a0.muscache.com/im/pictures/d1bcb872-a60f-4523-8cd3-bedec4e26dc3.jpg?im_w=720',138);
INSERT INTO image (type, url, room) VALUES ('detail','https://a0.muscache.com/im/pictures/ec816da4-7e71-4d1c-b927-664150a48c5f.jpg?im_w=720',138);
INSERT INTO image (type, url, room) VALUES ('detail','https://a0.muscache.com/im/pictures/434ab96e-f018-416a-879d-74a7c055ddf1.jpg?im_w=720',138);
INSERT INTO image (type, url, room) VALUES ('detail','https://a0.muscache.com/im/pictures/d407774f-b16d-4152-b877-f214c5e79281.jpg?im_w=720',138);
INSERT INTO image (type, url, room) VALUES ('detail','https://a0.muscache.com/im/pictures/63e1a654-9705-4536-b089-be83e7036c54.jpg?im_w=720',138);
INSERT INTO image (type, url, room) VALUES ('detail','https://a0.muscache.com/im/pictures/8b992a9c-4f04-4f21-9d5f-25a15196f2d4.jpg?im_w=720',138);
insert into location(id,latitude,longitude,city) values (139,37.407,126.629,'인천');
INSERT INTO room (id, title, description, price_per_day, room_type, bed, max_guest, bathroom, location) VALUES (139,'♠"New Songdo House" romantic_modern House♠','Songdo-dong, Yeonsu-gu의 아파트 전체',80000,'집 전체',1,2,1,139);
INSERT INTO image (type, url, room) VALUES ('thumb','https://a0.muscache.com/im/pictures/miso/Hosting-48391246/original/e320b621-1114-4eb9-b1b6-510ba012cc5e.jpeg?im_w=720',139);
INSERT INTO image (type, url, room) VALUES ('detail','https://a0.muscache.com/im/pictures/miso/Hosting-48391246/original/911542c3-bc02-4569-b94a-ae1358c4b865.jpeg?im_w=720',139);
INSERT INTO image (type, url, room) VALUES ('detail','https://a0.muscache.com/im/pictures/c579299a-ffcf-4dd4-b369-8f77bfb90f3d.jpg?im_w=720',139);
INSERT INTO image (type, url, room) VALUES ('detail','https://a0.muscache.com/im/pictures/miso/Hosting-48391246/original/f986684e-b571-4a95-a017-f82117294c61.jpeg?im_w=720',139);
INSERT INTO image (type, url, room) VALUES ('detail','https://a0.muscache.com/im/pictures/miso/Hosting-48391246/original/de289265-a11c-447a-9a70-d5e136256154.jpeg?im_w=720',139);
INSERT INTO image (type, url, room) VALUES ('detail','https://a0.muscache.com/im/pictures/210f6d07-d919-41ae-b0f4-5b76d3565a6b.jpg?im_w=720',139);
INSERT INTO image (type, url, room) VALUES ('detail','https://a0.muscache.com/im/pictures/miso/Hosting-48391246/original/3c23ea71-90f1-44a8-88f0-7ab354614c5e.jpeg?im_w=720',139);
INSERT INTO image (type, url, room) VALUES ('detail','https://a0.muscache.com/im/pictures/miso/Hosting-48391246/original/ccbcee7c-56dd-4ba4-b820-821ca96a7961.jpeg?im_w=720',139);
INSERT INTO image (type, url, room) VALUES ('detail','https://a0.muscache.com/im/pictures/miso/Hosting-48391246/original/57da7203-7c1c-4f9e-a31e-919d5bc23083.jpeg?im_w=720',139);
INSERT INTO image (type, url, room) VALUES ('detail','https://a0.muscache.com/im/pictures/d159bd12-051a-48e1-942e-458fb3ff21ef.jpg?im_w=720',139);
INSERT INTO image (type, url, room) VALUES ('detail','https://a0.muscache.com/im/pictures/miso/Hosting-48391246/original/ba566731-b598-4ca7-9f05-9ff426eda2e6.jpeg?im_w=720',139);
INSERT INTO image (type, url, room) VALUES ('detail','https://a0.muscache.com/im/pictures/miso/Hosting-48391246/original/34cce86d-a3a7-4675-90cb-a353584ef4b8.jpeg?im_w=720',139);
INSERT INTO image (type, url, room) VALUES ('detail','https://a0.muscache.com/im/pictures/miso/Hosting-48391246/original/62e0f53e-20df-4951-a432-7b2c4397b1ea.jpeg?im_w=720',139);
INSERT INTO image (type, url, room) VALUES ('detail','https://a0.muscache.com/im/pictures/ce9a644a-e870-4935-8daf-2231dab8d622.jpg?im_w=720',139);
INSERT INTO image (type, url, room) VALUES ('detail','https://a0.muscache.com/im/pictures/ca9df445-82d8-4ab9-9d1c-e1f8aaa68f6c.jpg?im_w=720',139);
INSERT INTO image (type, url, room) VALUES ('detail','https://a0.muscache.com/im/pictures/cc6f54c0-8830-4ecd-af5c-00ece5c11113.jpg?im_w=720',139);
INSERT INTO image (type, url, room) VALUES ('detail','https://a0.muscache.com/im/pictures/miso/Hosting-48391246/original/6e100b28-2b83-4ecf-a4f0-6d390bd66707.jpeg?im_w=720',139);
INSERT INTO image (type, url, room) VALUES ('detail','https://a0.muscache.com/im/pictures/miso/Hosting-48391246/original/16a14dc7-98b1-45ae-97e3-cd658c5b9739.jpeg?im_w=720',139);
INSERT INTO image (type, url, room) VALUES ('detail','https://a0.muscache.com/im/pictures/miso/Hosting-48391246/original/6e1ebdd9-3852-47e9-a3b3-fecdc46c0abb.jpeg?im_w=720',139);
INSERT INTO image (type, url, room) VALUES ('detail','https://a0.muscache.com/im/pictures/475b1586-60e3-43c5-b6e5-236f271b2bda.jpg?im_w=720',139);
INSERT INTO image (type, url, room) VALUES ('detail','https://a0.muscache.com/im/pictures/miso/Hosting-48391246/original/56b5e97b-054e-4129-be11-c5d39d8145f9.jpeg?im_w=720',139);
INSERT INTO image (type, url, room) VALUES ('detail','https://a0.muscache.com/im/pictures/ae3c1d8b-1fa7-4087-84e1-25c7f94695d8.jpg?im_w=720',139);
INSERT INTO image (type, url, room) VALUES ('detail','https://a0.muscache.com/im/pictures/a07c17fa-3eca-4af5-9a22-808d7c9d3369.jpg?im_w=720',139);
INSERT INTO image (type, url, room) VALUES ('detail','https://a0.muscache.com/im/pictures/miso/Hosting-48391246/original/b74cc95a-adeb-47fc-ade7-c8c2855a643e.jpeg?im_w=720',139);
INSERT INTO image (type, url, room) VALUES ('detail','https://a0.muscache.com/im/pictures/miso/Hosting-48391246/original/c69a22e7-5105-4d88-9dfc-a526d50638ee.jpeg?im_w=720',139);
INSERT INTO image (type, url, room) VALUES ('detail','https://a0.muscache.com/im/pictures/4f52548f-95aa-4077-aa9a-b6e0aed65fe0.jpg?im_w=720',139);
INSERT INTO image (type, url, room) VALUES ('detail','https://a0.muscache.com/im/pictures/miso/Hosting-48391246/original/02be3dbc-6049-4424-b811-355e5aeb4148.jpeg?im_w=720',139);
INSERT INTO image (type, url, room) VALUES ('detail','https://a0.muscache.com/im/pictures/miso/Hosting-48391246/original/2345baf5-cacd-4aaa-90fb-0890e38886e6.jpeg?im_w=720',139);
INSERT INTO image (type, url, room) VALUES ('detail','https://a0.muscache.com/im/pictures/miso/Hosting-48391246/original/d2c65529-9100-4146-9856-822ce8bbbf14.jpeg?im_w=720',139);
INSERT INTO image (type, url, room) VALUES ('detail','https://a0.muscache.com/im/pictures/miso/Hosting-48391246/original/6d0b70aa-7a55-476e-9092-65117f90fb43.jpeg?im_w=720',139);
insert into location(id,latitude,longitude,city) values (140,37.454,126.66,'인천');
INSERT INTO room (id, title, description, price_per_day, room_type, bed, max_guest, bathroom, location) VALUES (140,'베스트41','Yonghyeon 1(il).4(sa)-dong, Nam-gu의 초소형 주택',95000,'집 전체',1,2,1,140);
INSERT INTO image (type, url, room) VALUES ('thumb','https://a0.muscache.com/im/pictures/cd2ab633-6916-4081-a7db-28a90d5f096f.jpg?im_w=720',140);
INSERT INTO image (type, url, room) VALUES ('detail','https://a0.muscache.com/im/pictures/f4f1463d-8f5c-45c1-98ee-4edfd348d8af.jpg?im_w=720',140);
INSERT INTO image (type, url, room) VALUES ('detail','https://a0.muscache.com/im/pictures/668b2ef9-be3d-402c-bea3-2e05b88f6d5a.jpg?im_w=720',140);
INSERT INTO image (type, url, room) VALUES ('detail','https://a0.muscache.com/im/pictures/95350b38-cb53-4bb2-8da7-a1e7f00c0ced.jpg?im_w=720',140);
INSERT INTO image (type, url, room) VALUES ('detail','https://a0.muscache.com/im/pictures/3b2b4b7c-87f3-425f-b36d-4484009592b0.jpg?im_w=720',140);
INSERT INTO image (type, url, room) VALUES ('detail','https://a0.muscache.com/im/pictures/fe46c73a-6f35-4374-b230-cc78e03483a0.jpg?im_w=720',140);
INSERT INTO image (type, url, room) VALUES ('detail','https://a0.muscache.com/im/pictures/534b3c46-7704-4278-8ca6-b2225092da45.jpg?im_w=720',140);
INSERT INTO image (type, url, room) VALUES ('detail','https://a0.muscache.com/im/pictures/2b9ef3e7-1b11-4c76-acf2-784d54b315c8.jpg?im_w=720',140);
INSERT INTO image (type, url, room) VALUES ('detail','https://a0.muscache.com/im/pictures/25a313d8-5f06-4e53-862b-575b28c46c30.jpg?im_w=720',140);
INSERT INTO image (type, url, room) VALUES ('detail','https://a0.muscache.com/im/pictures/2fd14fc4-a7b4-49ff-9e36-f869fbf7939f.jpg?im_w=720',140);
INSERT INTO image (type, url, room) VALUES ('detail','https://a0.muscache.com/im/pictures/daad8bdc-98dc-4da0-8a95-caea5c97236c.jpg?im_w=720',140);
INSERT INTO image (type, url, room) VALUES ('detail','https://a0.muscache.com/im/pictures/8dd2b3b1-44ee-4dd2-9f0c-9da4d51e1319.jpg?im_w=720',140);
INSERT INTO image (type, url, room) VALUES ('detail','https://a0.muscache.com/im/pictures/62180d6c-dafc-4298-ac8f-e8e797c61925.jpg?im_w=720',140);
INSERT INTO image (type, url, room) VALUES ('detail','https://a0.muscache.com/im/pictures/27fda07f-42a8-4ac1-b08d-6960d7727718.jpg?im_w=720',140);
insert into location(id,latitude,longitude,city) values (141,37.471,126.703,'인천');
INSERT INTO room (id, title, description, price_per_day, room_type, bed, max_guest, bathroom, location) VALUES (141,'#2/ 1min subway [line 1], clean private cozy house','Sipjeong-dong, Bupyeong-gu의 아파트 전체',90000,'집 전체',2,3,1,141);
INSERT INTO image (type, url, room) VALUES ('thumb','https://a0.muscache.com/im/pictures/97d44ac7-4ad9-4774-a585-736b2277d9e7.jpg?im_w=720',141);
INSERT INTO image (type, url, room) VALUES ('detail','https://a0.muscache.com/im/pictures/91bf6a3c-4f74-48b4-8d21-fcfc72e289e2.jpg?im_w=720',141);
INSERT INTO image (type, url, room) VALUES ('detail','https://a0.muscache.com/im/pictures/41a4c468-15cb-4495-9b78-2075bb5aa081.jpg?im_w=720',141);
INSERT INTO image (type, url, room) VALUES ('detail','https://a0.muscache.com/im/pictures/9a2969b6-c8a0-4dfb-bb28-965e47141417.jpg?im_w=720',141);
INSERT INTO image (type, url, room) VALUES ('detail','https://a0.muscache.com/im/pictures/97c50ade-f517-4e96-82b6-b573a285d96c.jpg?im_w=720',141);
INSERT INTO image (type, url, room) VALUES ('detail','https://a0.muscache.com/im/pictures/c3599d59-1889-4c63-99d9-98b8ba0d8b6c.jpg?im_w=720',141);
INSERT INTO image (type, url, room) VALUES ('detail','https://a0.muscache.com/im/pictures/9458d75c-1aa5-461c-9c61-a7370e73568f.jpg?im_w=720',141);
INSERT INTO image (type, url, room) VALUES ('detail','https://a0.muscache.com/im/pictures/ce57f239-52f7-42c2-95fe-b17748466186.jpg?im_w=720',141);
INSERT INTO image (type, url, room) VALUES ('detail','https://a0.muscache.com/im/pictures/50654a6f-c371-440a-9456-baead5384dd3.jpg?im_w=720',141);
INSERT INTO image (type, url, room) VALUES ('detail','https://a0.muscache.com/im/pictures/7480a3c5-a74b-44c2-ad2b-a65a9a1bb984.jpg?im_w=720',141);
INSERT INTO image (type, url, room) VALUES ('detail','https://a0.muscache.com/im/pictures/9c514fdd-3000-4252-b8a6-27af6b560d8e.jpg?im_w=720',141);
INSERT INTO image (type, url, room) VALUES ('detail','https://a0.muscache.com/im/pictures/bde3f3a8-8cb9-4c01-9aa6-e8e48dac21f4.jpg?im_w=720',141);
INSERT INTO image (type, url, room) VALUES ('detail','https://a0.muscache.com/im/pictures/65a1aa51-dfec-4036-9e7f-103e7fb6a228.jpg?im_w=720',141);
INSERT INTO image (type, url, room) VALUES ('detail','https://a0.muscache.com/im/pictures/2f20b0c5-029c-4953-bc79-a07b4a968ecf.jpg?im_w=720',141);
INSERT INTO image (type, url, room) VALUES ('detail','https://a0.muscache.com/im/pictures/eeddd7cd-2a83-4d4e-a4f3-2a4ea9810de8.jpg?im_w=720',141);
INSERT INTO image (type, url, room) VALUES ('detail','https://a0.muscache.com/im/pictures/99384883-2f2e-470f-9711-1f5751a3bcb6.jpg?im_w=720',141);
INSERT INTO image (type, url, room) VALUES ('detail','https://a0.muscache.com/im/pictures/01ece819-7f82-4594-8c78-9ad76bc861c1.jpg?im_w=720',141);
insert into location(id,latitude,longitude,city) values (142,37.467,126.678,'인천');
INSERT INTO room (id, title, description, price_per_day, room_type, bed, max_guest, bathroom, location) VALUES (142,'Clean and neat apartment (7평형  원룸단독사용,주차가능)','Nam-gu의 콘도(아파트) 전체',95000,'집 전체',1,2,1,142);
INSERT INTO image (type, url, room) VALUES ('thumb','https://a0.muscache.com/im/pictures/bb80632a-27cd-40c5-80c7-e1958358971d.jpg?im_w=720',142);
INSERT INTO image (type, url, room) VALUES ('detail','https://a0.muscache.com/im/pictures/fc003294-c95a-47ac-a8b8-e0aad3462d76.jpg?im_w=720',142);
INSERT INTO image (type, url, room) VALUES ('detail','https://a0.muscache.com/im/pictures/b973bccc-138d-4eae-99b2-04800d608b6d.jpg?im_w=720',142);
INSERT INTO image (type, url, room) VALUES ('detail','https://a0.muscache.com/im/pictures/53520a90-2170-49ee-9df3-8e1d3c7e7b89.jpg?im_w=720',142);
INSERT INTO image (type, url, room) VALUES ('detail','https://a0.muscache.com/im/pictures/dfb44695-0c46-44d3-9665-ff086653c0e6.jpg?im_w=720',142);
INSERT INTO image (type, url, room) VALUES ('detail','https://a0.muscache.com/im/pictures/62d6acab-2009-4032-a18d-4ad42d65b246.jpg?im_w=720',142);
INSERT INTO image (type, url, room) VALUES ('detail','https://a0.muscache.com/im/pictures/80246621-0f0f-4e1e-8587-8b107e8d12d8.jpg?im_w=720',142);
INSERT INTO image (type, url, room) VALUES ('detail','https://a0.muscache.com/im/pictures/3261447b-d054-4c21-8354-9d3d241250f2.jpg?im_w=720',142);
INSERT INTO image (type, url, room) VALUES ('detail','https://a0.muscache.com/im/pictures/67dee6c4-5ebd-4ad9-ab48-468fa246d811.jpg?im_w=720',142);
INSERT INTO image (type, url, room) VALUES ('detail','https://a0.muscache.com/im/pictures/1c8ec16b-93df-400b-bcae-736f51c75e57.jpg?im_w=720',142);
insert into location(id,latitude,longitude,city) values (143,37.453,126.661,'인천');
INSERT INTO room (id, title, description, price_per_day, room_type, bed, max_guest, bathroom, location) VALUES (143,'인하대 근접 원룸 [Fantasy] 101호','Nam-gu의 집 전체',100000,'집 전체',0,1,1,143);
INSERT INTO image (type, url, room) VALUES ('thumb','https://a0.muscache.com/im/pictures/aa0cd174-af71-4de8-9151-7774ee39fc60.jpg?im_w=720',143);
INSERT INTO image (type, url, room) VALUES ('detail','https://a0.muscache.com/im/pictures/d2a4f0a5-cbda-4779-8b0d-63b512f426f1.jpg?im_w=720',143);
INSERT INTO image (type, url, room) VALUES ('detail','https://a0.muscache.com/im/pictures/694ea250-f1d1-4f2e-bbc7-d6c7dfdb7c5c.jpg?im_w=720',143);
INSERT INTO image (type, url, room) VALUES ('detail','https://a0.muscache.com/im/pictures/7b50611a-df4b-4a30-b40f-e5e86d4610c2.jpg?im_w=720',143);
INSERT INTO image (type, url, room) VALUES ('detail','https://a0.muscache.com/im/pictures/cedadfaf-d73c-4ae8-81e9-b2fba2d08644.jpg?im_w=720',143);
INSERT INTO image (type, url, room) VALUES ('detail','https://a0.muscache.com/im/pictures/dc0148b2-2e53-496d-9b26-b28d040e81e7.jpg?im_w=720',143);
INSERT INTO image (type, url, room) VALUES ('detail','https://a0.muscache.com/im/pictures/662c59d1-e368-4eca-9195-5a8ea614d04c.jpg?im_w=720',143);
INSERT INTO image (type, url, room) VALUES ('detail','https://a0.muscache.com/im/pictures/9872cd0c-658b-4556-bd1e-3f2feac5d523.jpg?im_w=720',143);
INSERT INTO image (type, url, room) VALUES ('detail','https://a0.muscache.com/im/pictures/75ce7b97-bee9-4497-baa5-bf0498890a4b.jpg?im_w=720',143);
INSERT INTO image (type, url, room) VALUES ('detail','https://a0.muscache.com/im/pictures/29933669-b765-4fc6-944c-8f96466989b4.jpg?im_w=720',143);
insert into location(id,latitude,longitude,city) values (144,37.453,126.684,'인천');
INSERT INTO room (id, title, description, price_per_day, room_type, bed, max_guest, bathroom, location) VALUES (144,'숲이룸I 201호','Juan 4(sa)-dong, Nam-gu의 초소형 주택',100000,'집 전체',1,1,1,144);
INSERT INTO image (type, url, room) VALUES ('thumb','https://a0.muscache.com/im/pictures/0ad3fb1a-1cda-4c63-8039-7b3e9fa37baf.jpg?im_w=720',144);
INSERT INTO image (type, url, room) VALUES ('detail','https://a0.muscache.com/im/pictures/5f571fca-1543-4652-8f95-a0e89105e180.jpg?im_w=720',144);
INSERT INTO image (type, url, room) VALUES ('detail','https://a0.muscache.com/im/pictures/376f5c60-9f8d-420f-9467-94b52e4d6e4c.jpg?im_w=720',144);
INSERT INTO image (type, url, room) VALUES ('detail','https://a0.muscache.com/im/pictures/f15be6fe-c064-4710-a495-6726e13d2423.jpg?im_w=720',144);
INSERT INTO image (type, url, room) VALUES ('detail','https://a0.muscache.com/im/pictures/362e53f2-cdeb-422b-954b-cc7a176c7dca.jpg?im_w=720',144);
INSERT INTO image (type, url, room) VALUES ('detail','https://a0.muscache.com/im/pictures/edb62fd0-0fdb-46da-b124-2196ff2473f2.jpg?im_w=720',144);
INSERT INTO image (type, url, room) VALUES ('detail','https://a0.muscache.com/im/pictures/b31f0526-afd5-43b2-82ca-8046742548f3.jpg?im_w=720',144);
INSERT INTO image (type, url, room) VALUES ('detail','https://a0.muscache.com/im/pictures/d79dd20b-bfdf-43c0-882a-23b3c4abb160.jpg?im_w=720',144);
INSERT INTO image (type, url, room) VALUES ('detail','https://a0.muscache.com/im/pictures/cbd470f5-483f-430f-a72f-8c0b91399e82.jpg?im_w=720',144);
INSERT INTO image (type, url, room) VALUES ('detail','https://a0.muscache.com/im/pictures/8822fb11-1790-40ff-83bd-43e01e1fe8f6.jpg?im_w=720',144);
INSERT INTO image (type, url, room) VALUES ('detail','https://a0.muscache.com/im/pictures/miso/Hosting-44925126/original/06e6120c-ac69-4c1e-99e0-cfdb8e1a3782.jpeg?im_w=720',144);
INSERT INTO image (type, url, room) VALUES ('detail','https://a0.muscache.com/im/pictures/miso/Hosting-44925126/original/9556974b-0d96-4d4f-8be2-bd856a10c777.jpeg?im_w=720',144);
INSERT INTO image (type, url, room) VALUES ('detail','https://a0.muscache.com/im/pictures/25ad2d2a-7686-4cd7-8d76-4a24f594201a.jpg?im_w=720',144);
insert into location(id,latitude,longitude,city) values (145,37.453,126.658,'인천');
INSERT INTO room (id, title, description, price_per_day, room_type, bed, max_guest, bathroom, location) VALUES (145,'인하대후문 아주 가까운 깔끔한 숙소','Yonghyeon 1(il).4(sa)-dong, Nam-gu의 콘도(아파트) 전체',92000,'집 전체',1,1,1,145);
INSERT INTO image (type, url, room) VALUES ('thumb','https://a0.muscache.com/im/pictures/4c9d4cf3-6ed9-41d7-9db8-f108c07e0631.jpg?im_w=720',145);
INSERT INTO image (type, url, room) VALUES ('detail','https://a0.muscache.com/im/pictures/a42ad03f-f429-425d-9dbc-07fe29bd552b.jpg?im_w=720',145);
INSERT INTO image (type, url, room) VALUES ('detail','https://a0.muscache.com/im/pictures/9dea78f3-fafc-47b9-a24c-2e620bc4a955.jpg?im_w=720',145);
INSERT INTO image (type, url, room) VALUES ('detail','https://a0.muscache.com/im/pictures/f28c13c6-2f30-4534-90e3-9bafdcaea3a7.jpg?im_w=720',145);
INSERT INTO image (type, url, room) VALUES ('detail','https://a0.muscache.com/im/pictures/1482e5c6-7d7d-434d-be0c-b376ccb06f13.jpg?im_w=720',145);
INSERT INTO image (type, url, room) VALUES ('detail','https://a0.muscache.com/im/pictures/ce08db81-a562-4c5b-b09f-d55ca66db7ce.jpg?im_w=720',145);
INSERT INTO image (type, url, room) VALUES ('detail','https://a0.muscache.com/im/pictures/fa9fbfeb-4ab9-4577-9818-b03db5ef7300.jpg?im_w=720',145);
INSERT INTO image (type, url, room) VALUES ('detail','https://a0.muscache.com/im/pictures/3abe1aa5-676d-4b6d-be11-b7e5a0c30ca0.jpg?im_w=720',145);
INSERT INTO image (type, url, room) VALUES ('detail','https://a0.muscache.com/im/pictures/358bd76f-833e-4356-a0de-9a79ed099e4b.jpg?im_w=720',145);
INSERT INTO image (type, url, room) VALUES ('detail','https://a0.muscache.com/im/pictures/bcbb467a-ed2a-4f18-9c3d-6e4c47dac443.jpg?im_w=720',145);
INSERT INTO image (type, url, room) VALUES ('detail','https://a0.muscache.com/im/pictures/7e00f02c-e5bd-4e9f-90a3-bf8f9d0cf6b5.jpg?im_w=720',145);
insert into location(id,latitude,longitude,city) values (146,37.454,126.712,'인천');
INSERT INTO room (id, title, description, price_per_day, room_type, bed, max_guest, bathroom, location) VALUES (146,'Cozy room A','Namdong-gu의 개인실',85000,'개인실',1,2,1,146);
INSERT INTO image (type, url, room) VALUES ('thumb','https://a0.muscache.com/im/pictures/31624420-0d4e-4fe0-9b0b-87673d6c29a0.jpg?im_w=720',146);
INSERT INTO image (type, url, room) VALUES ('detail','https://a0.muscache.com/im/pictures/de69786f-7a64-472f-a0fd-79f52259a7ef.jpg?im_w=720',146);
INSERT INTO image (type, url, room) VALUES ('detail','https://a0.muscache.com/im/pictures/4b833fe2-46d2-4938-bbce-b9794b48aea5.jpg?im_w=720',146);
INSERT INTO image (type, url, room) VALUES ('detail','https://a0.muscache.com/im/pictures/f54779f5-924c-4436-abe6-73151f93f403.jpg?im_w=720',146);
INSERT INTO image (type, url, room) VALUES ('detail','https://a0.muscache.com/im/pictures/38729fe5-485a-48e5-a63f-a728c77e5a9e.jpg?im_w=720',146);
INSERT INTO image (type, url, room) VALUES ('detail','https://a0.muscache.com/im/pictures/ccf5f93f-730a-4834-8dd1-d2b92678341e.jpg?im_w=720',146);
INSERT INTO image (type, url, room) VALUES ('detail','https://a0.muscache.com/im/pictures/23dfdccc-f2eb-4e13-becf-b72127150180.jpg?im_w=720',146);
INSERT INTO image (type, url, room) VALUES ('detail','https://a0.muscache.com/im/pictures/84a7d5d6-d6c1-47ea-bf66-7c7ca556f17a.jpg?im_w=720',146);
insert into location(id,latitude,longitude,city) values (147,37.507,126.75,'인천');
INSERT INTO room (id, title, description, price_per_day, room_type, bed, max_guest, bathroom, location) VALUES (147,'business trip / 외창 B/ (1박/2만원) /  자가격리 가능/','Sang-dong, Wonmi-gu, Bucheon의 개인실',98000,'개인실',0,1,1,147);
INSERT INTO image (type, url, room) VALUES ('thumb','https://a0.muscache.com/im/pictures/miso/Hosting-45984069/original/c2652f9f-9f94-4f71-a1fc-a862c224f699.jpeg?im_w=720',147);
INSERT INTO image (type, url, room) VALUES ('detail','https://a0.muscache.com/im/pictures/miso/Hosting-45984069/original/920845f5-ee0e-4176-bc26-d79d5973a47d.jpeg?im_w=720',147);
INSERT INTO image (type, url, room) VALUES ('detail','https://a0.muscache.com/im/pictures/4af896b7-c14e-422f-bb34-16948eb43d6e.jpg?im_w=720',147);
INSERT INTO image (type, url, room) VALUES ('detail','https://a0.muscache.com/im/pictures/miso/Hosting-45984069/original/7baf4ee9-e466-44c6-acdb-d4942e02d399.jpeg?im_w=720',147);
INSERT INTO image (type, url, room) VALUES ('detail','https://a0.muscache.com/im/pictures/miso/Hosting-45984069/original/c23abb68-b70e-4b15-8ee7-069c75dbdfde.jpeg?im_w=720',147);
INSERT INTO image (type, url, room) VALUES ('detail','https://a0.muscache.com/im/pictures/21c80b18-1853-472f-bdb3-bcfa25753481.jpg?im_w=720',147);
INSERT INTO image (type, url, room) VALUES ('detail','https://a0.muscache.com/im/pictures/f38c0d84-a33f-4700-b4f6-42250b497fd6.jpg?im_w=720',147);
INSERT INTO image (type, url, room) VALUES ('detail','https://a0.muscache.com/im/pictures/7cd6db54-445a-47cd-87ca-f18414762002.jpg?im_w=720',147);
INSERT INTO image (type, url, room) VALUES ('detail','https://a0.muscache.com/im/pictures/89971c8b-444a-44a5-9abc-76f90a68e0b6.jpg?im_w=720',147);
INSERT INTO image (type, url, room) VALUES ('detail','https://a0.muscache.com/im/pictures/8e56105c-1964-4854-be42-12c40a404559.jpg?im_w=720',147);
INSERT INTO image (type, url, room) VALUES ('detail','https://a0.muscache.com/im/pictures/daf82d64-fe7f-47a7-9902-2dfb334d1abc.jpg?im_w=720',147);
INSERT INTO image (type, url, room) VALUES ('detail','https://a0.muscache.com/im/pictures/4ed6b8b9-4e77-4fb8-aede-0fc425817535.jpg?im_w=720',147);
INSERT INTO image (type, url, room) VALUES ('detail','https://a0.muscache.com/im/pictures/1fa72b6e-e62b-41a4-a3f2-90bdec2e1c3c.jpg?im_w=720',147);
INSERT INTO image (type, url, room) VALUES ('detail','https://a0.muscache.com/im/pictures/5a1fd25b-7998-487b-afc4-2a6c258e90da.jpg?im_w=720',147);
insert into location(id,latitude,longitude,city) values (148,37.454,126.659,'인천');
INSERT INTO room (id, title, description, price_per_day, room_type, bed, max_guest, bathroom, location) VALUES (148,'BEST HOUSE 102','Yonghyeon 1(il).4(sa)-dong, Nam-gu의 초소형 주택',100000,'집 전체',1,1,1,148);
INSERT INTO image (type, url, room) VALUES ('thumb','https://a0.muscache.com/im/pictures/c0c5c2d9-d958-445f-9a7c-1f2403366cf2.jpg?im_w=720',148);
INSERT INTO image (type, url, room) VALUES ('detail','https://a0.muscache.com/im/pictures/441ef170-7121-463f-a1ec-6f48c7554883.jpg?im_w=720',148);
INSERT INTO image (type, url, room) VALUES ('detail','https://a0.muscache.com/im/pictures/870fc0fd-2f8b-4d2e-a1a7-be915c0cc0ea.jpg?im_w=720',148);
INSERT INTO image (type, url, room) VALUES ('detail','https://a0.muscache.com/im/pictures/aba6c183-102b-4acd-8ec2-95380812881a.jpg?im_w=720',148);
INSERT INTO image (type, url, room) VALUES ('detail','https://a0.muscache.com/im/pictures/cf4fd7b2-c7b0-4912-b891-746a1e47ef61.jpg?im_w=720',148);
INSERT INTO image (type, url, room) VALUES ('detail','https://a0.muscache.com/im/pictures/b64e8161-608d-4f6f-97a7-68d9edabf5ff.jpg?im_w=720',148);
INSERT INTO image (type, url, room) VALUES ('detail','https://a0.muscache.com/im/pictures/1f90535d-786a-4b7e-8f8b-65169a51b127.jpg?im_w=720',148);
insert into location(id,latitude,longitude,city) values (149,37.393,126.737,'인천');
INSERT INTO room (id, title, description, price_per_day, room_type, bed, max_guest, bathroom, location) VALUES (149,'Hani','Siheung-si의 개인실',95000,'개인실',2,3,1,149);
INSERT INTO image (type, url, room) VALUES ('thumb','https://a0.muscache.com/im/pictures/4920f844-80a2-4cd6-9894-a8162235d59b.jpg?im_w=720',149);
INSERT INTO image (type, url, room) VALUES ('detail','https://a0.muscache.com/im/pictures/43ce9243-17c6-467d-9bc5-06228b3b9612.jpg?im_w=720',149);
INSERT INTO image (type, url, room) VALUES ('detail','https://a0.muscache.com/im/pictures/a6fde600-157d-4c09-930c-6e49eb57bf68.jpg?im_w=720',149);
INSERT INTO image (type, url, room) VALUES ('detail','https://a0.muscache.com/im/pictures/3646251b-77db-4869-bcdb-4cb4c1d9dff3.jpg?im_w=720',149);
INSERT INTO image (type, url, room) VALUES ('detail','https://a0.muscache.com/im/pictures/f9294eaf-5add-4701-881a-53b6819f3ccb.jpg?im_w=720',149);
INSERT INTO image (type, url, room) VALUES ('detail','https://a0.muscache.com/im/pictures/34d71913-74e7-4ba4-9db1-56693e1c9749.jpg?im_w=720',149);
INSERT INTO image (type, url, room) VALUES ('detail','https://a0.muscache.com/im/pictures/a4ef0c6a-baba-49c5-9907-76f3ef8692a7.jpg?im_w=720',149);
INSERT INTO image (type, url, room) VALUES ('detail','https://a0.muscache.com/im/pictures/58119a47-e97b-4f73-b687-4762db7dce9b.jpg?im_w=720',149);
INSERT INTO image (type, url, room) VALUES ('detail','https://a0.muscache.com/im/pictures/6a66eee7-fcb0-4219-b8b0-44ca385668d6.jpg?im_w=720',149);
INSERT INTO image (type, url, room) VALUES ('detail','https://a0.muscache.com/im/pictures/42bf95ef-f249-42d7-9fa3-fcd7afe52720.jpg?im_w=720',149);
INSERT INTO image (type, url, room) VALUES ('detail','https://a0.muscache.com/im/pictures/89addcb7-1d4d-4873-a754-c4d946f5bd35.jpg?im_w=720',149);
INSERT INTO image (type, url, room) VALUES ('detail','https://a0.muscache.com/im/pictures/adf376e0-30ea-4a1f-b3c6-2b19508abb92.jpg?im_w=720',149);
INSERT INTO image (type, url, room) VALUES ('detail','https://a0.muscache.com/im/pictures/459c016f-c00d-45c8-adfc-23507212e28a.jpg?im_w=720',149);
INSERT INTO image (type, url, room) VALUES ('detail','https://a0.muscache.com/im/pictures/9daf5c9d-6e41-49bd-a105-ba20a89e17eb.jpg?im_w=720',149);
insert into location(id,latitude,longitude,city) values (150,37.448,126.663,'인천');
INSERT INTO room (id, title, description, price_per_day, room_type, bed, max_guest, bathroom, location) VALUES (150,'이룸2 303호','Yonghyeon 1(il).4(sa)-dong, Nam-gu의 초소형 주택',100000,'집 전체',1,1,1,150);
INSERT INTO image (type, url, room) VALUES ('thumb','https://a0.muscache.com/im/pictures/7a2077e3-827d-49a1-9feb-72764bdba9c9.jpg?im_w=720',150);
INSERT INTO image (type, url, room) VALUES ('detail','https://a0.muscache.com/im/pictures/932db3c5-4bb0-4076-92ed-10c195f4d679.jpg?im_w=720',150);
INSERT INTO image (type, url, room) VALUES ('detail','https://a0.muscache.com/im/pictures/69125efb-39e1-46ea-be47-a2d99a73d04e.jpg?im_w=720',150);
INSERT INTO image (type, url, room) VALUES ('detail','https://a0.muscache.com/im/pictures/96ae953d-e0ff-425a-8ae8-364196ba6e0e.jpg?im_w=720',150);
INSERT INTO image (type, url, room) VALUES ('detail','https://a0.muscache.com/im/pictures/8d92e307-3969-4c24-ba3f-25b0f7229ba5.jpg?im_w=720',150);
INSERT INTO image (type, url, room) VALUES ('detail','https://a0.muscache.com/im/pictures/4d7a2a0f-4473-41ce-8c3a-6c4d5ce3d0c5.jpg?im_w=720',150);
INSERT INTO image (type, url, room) VALUES ('detail','https://a0.muscache.com/im/pictures/236f9228-4472-4a47-bb15-cf5195b400b3.jpg?im_w=720',150);
INSERT INTO image (type, url, room) VALUES ('detail','https://a0.muscache.com/im/pictures/fcbca4e8-81f0-483a-b497-c65433b72f0b.jpg?im_w=720',150);
INSERT INTO image (type, url, room) VALUES ('detail','https://a0.muscache.com/im/pictures/4e76fcc1-e8a5-422c-9352-b69c06af22e7.jpg?im_w=720',150);
INSERT INTO image (type, url, room) VALUES ('detail','https://a0.muscache.com/im/pictures/1b2821fe-f077-4c11-81cd-fdfdf9727ad7.jpg?im_w=720',150);
INSERT INTO image (type, url, room) VALUES ('detail','https://a0.muscache.com/im/pictures/f5664952-0ab6-4313-9091-d625c2090e6a.jpg?im_w=720',150);
INSERT INTO image (type, url, room) VALUES ('detail','https://a0.muscache.com/im/pictures/750180bb-f313-4355-8afc-e6c84212b373.jpg?im_w=720',150);
INSERT INTO image (type, url, room) VALUES ('detail','https://a0.muscache.com/im/pictures/b89cb632-e039-40ae-949d-46c81038ce81.jpg?im_w=720',150);
INSERT INTO image (type, url, room) VALUES ('detail','https://a0.muscache.com/im/pictures/c2b2d9bb-89cf-4304-b73a-6fa573528574.jpg?im_w=720',150);
INSERT INTO image (type, url, room) VALUES ('detail','https://a0.muscache.com/im/pictures/4b1baaeb-4220-4f30-afd8-2a6061d09a7d.jpg?im_w=720',150);
INSERT INTO image (type, url, room) VALUES ('detail','https://a0.muscache.com/im/pictures/8ab6e4e2-2552-418f-8876-20a68a103f7a.jpg?im_w=720',150);
INSERT INTO image (type, url, room) VALUES ('detail','https://a0.muscache.com/im/pictures/70d3d8fb-ccd2-4435-8cc4-25a141907f32.jpg?im_w=720',150);
INSERT INTO image (type, url, room) VALUES ('detail','https://a0.muscache.com/im/pictures/8639559f-c615-4dc6-92c7-ae3169a83356.jpg?im_w=720',150);
INSERT INTO image (type, url, room) VALUES ('detail','https://a0.muscache.com/im/pictures/c2a55bf6-bdde-4500-8c92-4fe4026c854e.jpg?im_w=720',150);
INSERT INTO image (type, url, room) VALUES ('detail','https://a0.muscache.com/im/pictures/3cf98c9a-d97f-4be2-bd3b-9050d2ba68cb.jpg?im_w=720',150);
INSERT INTO image (type, url, room) VALUES ('detail','https://a0.muscache.com/im/pictures/ca460b92-a345-4e39-8c89-b41fb8a6065a.jpg?im_w=720',150);
insert into location(id,latitude,longitude,city) values (151,35.892,128.617,'대구');
INSERT INTO room (id, title, description, price_per_day, room_type, bed, max_guest, bathroom, location) VALUES (151,'봉구하우스34 착한가격 개인실,동대구역5분,공항10분,시내 15분,무료주차,루프탑무료이용','Buk-gu의 아파트 전체',100000,'집 전체',1,2,1,151);
INSERT INTO image (type, url, room) VALUES ('thumb','https://a0.muscache.com/im/pictures/dbab146c-3a16-4a12-8544-32702e259d69.jpg?im_w=720',151);
INSERT INTO image (type, url, room) VALUES ('detail','https://a0.muscache.com/im/pictures/c6214e5e-8974-4f0a-aa90-166eb43d05fa.jpg?im_w=720',151);
INSERT INTO image (type, url, room) VALUES ('detail','https://a0.muscache.com/im/pictures/fe64867d-e963-4900-b885-acefda8f5d19.jpg?im_w=720',151);
INSERT INTO image (type, url, room) VALUES ('detail','https://a0.muscache.com/im/pictures/c2a00612-92d7-4909-a52a-63cd023de282.jpg?im_w=720',151);
INSERT INTO image (type, url, room) VALUES ('detail','https://a0.muscache.com/im/pictures/1037dcb7-6677-40cc-b358-e3e6d634e091.jpg?im_w=720',151);
INSERT INTO image (type, url, room) VALUES ('detail','https://a0.muscache.com/im/pictures/87e14080-c043-43e7-a382-9d6297d0ecc3.jpg?im_w=720',151);
INSERT INTO image (type, url, room) VALUES ('detail','https://a0.muscache.com/im/pictures/8398014f-1d14-4b67-acf4-45064c442272.jpg?im_w=720',151);
INSERT INTO image (type, url, room) VALUES ('detail','https://a0.muscache.com/im/pictures/miso/Hosting-35162983/original/54cc4a12-a0f6-43c3-94d6-e200042186cc.jpeg?im_w=720',151);
INSERT INTO image (type, url, room) VALUES ('detail','https://a0.muscache.com/im/pictures/miso/Hosting-35162983/original/b688f71a-f105-45bd-8f28-22e4a4c409cb.jpeg?im_w=720',151);
INSERT INTO image (type, url, room) VALUES ('detail','https://a0.muscache.com/im/pictures/miso/Hosting-35162983/original/d14313fa-7db6-4e52-9710-851e768a0cea.jpeg?im_w=720',151);
INSERT INTO image (type, url, room) VALUES ('detail','https://a0.muscache.com/im/pictures/miso/Hosting-35162983/original/6f164e8c-1196-4e6e-be0e-e261e3fed607.jpeg?im_w=720',151);
INSERT INTO image (type, url, room) VALUES ('detail','https://a0.muscache.com/im/pictures/miso/Hosting-35162983/original/6076b70a-82c4-4c7e-be73-0d26d8b1bd0c.jpeg?im_w=720',151);
INSERT INTO image (type, url, room) VALUES ('detail','https://a0.muscache.com/im/pictures/miso/Hosting-35162983/original/71ca63c7-cefd-405e-90ba-7f67cdbb2cf0.jpeg?im_w=720',151);
INSERT INTO image (type, url, room) VALUES ('detail','https://a0.muscache.com/im/pictures/miso/Hosting-35162983/original/6ed09a77-f976-4617-b27a-4626079eca2c.jpeg?im_w=720',151);
INSERT INTO image (type, url, room) VALUES ('detail','https://a0.muscache.com/im/pictures/miso/Hosting-35162983/original/7091f406-9450-49d9-9045-99a42e53b2c4.jpeg?im_w=720',151);
INSERT INTO image (type, url, room) VALUES ('detail','https://a0.muscache.com/im/pictures/6d53437a-c29c-4e59-86d6-188e45a77a89.jpg?im_w=720',151);
INSERT INTO image (type, url, room) VALUES ('detail','https://a0.muscache.com/im/pictures/9bb0a15f-d319-474e-aaa6-384edf74b382.jpg?im_w=720',151);
INSERT INTO image (type, url, room) VALUES ('detail','https://a0.muscache.com/im/pictures/02d00230-4b0e-44ab-917a-8ad3d4bbbcb3.jpg?im_w=720',151);
INSERT INTO image (type, url, room) VALUES ('detail','https://a0.muscache.com/im/pictures/504e8d75-6c18-49ed-bacc-324999855d3c.jpg?im_w=720',151);
INSERT INTO image (type, url, room) VALUES ('detail','https://a0.muscache.com/im/pictures/e7f9d18b-852f-4e9d-b8cb-b6383027f246.jpg?im_w=720',151);
INSERT INTO image (type, url, room) VALUES ('detail','https://a0.muscache.com/im/pictures/116c9240-838c-43c1-864a-8ef91f3e1a48.jpg?im_w=720',151);
INSERT INTO image (type, url, room) VALUES ('detail','https://a0.muscache.com/im/pictures/8607d8f0-afa2-48ed-9ac6-139663211ac3.jpg?im_w=720',151);
INSERT INTO image (type, url, room) VALUES ('detail','https://a0.muscache.com/im/pictures/9173b1d7-bfb0-4a49-a277-5978d87bbb13.jpg?im_w=720',151);
INSERT INTO image (type, url, room) VALUES ('detail','https://a0.muscache.com/im/pictures/8e489f87-6a2b-4db7-8efa-403bede00530.jpg?im_w=720',151);
INSERT INTO image (type, url, room) VALUES ('detail','https://a0.muscache.com/im/pictures/bca561de-0d9d-4a13-a713-5a19663a6184.jpg?im_w=720',151);
INSERT INTO image (type, url, room) VALUES ('detail','https://a0.muscache.com/im/pictures/be735e2f-04c3-4326-b7b2-5165d7c308e3.jpg?im_w=720',151);
INSERT INTO image (type, url, room) VALUES ('detail','https://a0.muscache.com/im/pictures/1dd1329b-d392-466f-8cd7-70b28b8d73a2.jpg?im_w=720',151);
INSERT INTO image (type, url, room) VALUES ('detail','https://a0.muscache.com/im/pictures/c5fa2b6b-f3a1-475d-a3ee-f30be98a15ec.jpg?im_w=720',151);
INSERT INTO image (type, url, room) VALUES ('detail','https://a0.muscache.com/im/pictures/2c16de1c-6ef8-4817-b7ca-57ef5a4e5dd4.jpg?im_w=720',151);
INSERT INTO image (type, url, room) VALUES ('detail','https://a0.muscache.com/im/pictures/41a32f9b-fc29-4828-a0b3-9634f2b3d98f.jpg?im_w=720',151);
insert into location(id,latitude,longitude,city) values (152,35.883,128.615,'대구');
INSERT INTO room (id, title, description, price_per_day, room_type, bed, max_guest, bathroom, location) VALUES (152,'아늑한 공간에서 편안한 휴식/ 주요지역 접근성/ 빔 프로젝터(+Netflix)','Sinam 1(il)-dong, Dong-gu의 콘도(아파트) 전체',95000,'집 전체',0,2,0,152);
INSERT INTO image (type, url, room) VALUES ('thumb','https://a0.muscache.com/im/pictures/bfa57be5-61b5-4671-9bf4-51460ec1774a.jpg?im_w=720',152);
INSERT INTO image (type, url, room) VALUES ('detail','https://a0.muscache.com/im/pictures/d70dc864-aa98-4e20-9b13-485cfc3b980e.jpg?im_w=720',152);
INSERT INTO image (type, url, room) VALUES ('detail','https://a0.muscache.com/im/pictures/bf1b6c91-8f62-4719-a42c-a26034ba2459.jpg?im_w=720',152);
INSERT INTO image (type, url, room) VALUES ('detail','https://a0.muscache.com/im/pictures/996ffb60-a68d-4bee-b1fb-e1ac85e1a64f.jpg?im_w=720',152);
INSERT INTO image (type, url, room) VALUES ('detail','https://a0.muscache.com/im/pictures/8a47e42a-8e5c-48a2-8253-ff4c8d67843d.jpg?im_w=720',152);
INSERT INTO image (type, url, room) VALUES ('detail','https://a0.muscache.com/im/pictures/bcc4d374-5825-4f58-a2bd-4de3feb01029.jpg?im_w=720',152);
INSERT INTO image (type, url, room) VALUES ('detail','https://a0.muscache.com/im/pictures/45038367-59b6-40ef-8e5c-f2ff376037f8.jpg?im_w=720',152);
INSERT INTO image (type, url, room) VALUES ('detail','https://a0.muscache.com/im/pictures/086241ee-02f2-4472-92cb-161c8322cafb.jpg?im_w=720',152);
INSERT INTO image (type, url, room) VALUES ('detail','https://a0.muscache.com/im/pictures/e27521c6-51bc-4422-a6c0-67e94bb3a379.jpg?im_w=720',152);
INSERT INTO image (type, url, room) VALUES ('detail','https://a0.muscache.com/im/pictures/b2b2ff31-c2bf-4f4e-a376-704f7a7b9dff.jpg?im_w=720',152);
INSERT INTO image (type, url, room) VALUES ('detail','https://a0.muscache.com/im/pictures/f5160a16-9027-4ee3-b99e-745af62f1e07.jpg?im_w=720',152);
INSERT INTO image (type, url, room) VALUES ('detail','https://a0.muscache.com/im/pictures/9b769f7f-98fa-4433-a08d-470aaa5e9176.jpg?im_w=720',152);
INSERT INTO image (type, url, room) VALUES ('detail','https://a0.muscache.com/im/pictures/77b8400d-5347-46c5-a72c-e456892f6035.jpg?im_w=720',152);
INSERT INTO image (type, url, room) VALUES ('detail','https://a0.muscache.com/im/pictures/05560a91-661e-4ea3-905f-3a326f4c78c3.jpg?im_w=720',152);
INSERT INTO image (type, url, room) VALUES ('detail','https://a0.muscache.com/im/pictures/9d112098-948e-42e2-86d3-65d972a15b30.jpg?im_w=720',152);
INSERT INTO image (type, url, room) VALUES ('detail','https://a0.muscache.com/im/pictures/2bd83ce8-79c6-412b-ace2-d6b29a612119.jpg?im_w=720',152);
INSERT INTO image (type, url, room) VALUES ('detail','https://a0.muscache.com/im/pictures/2138bebc-2da0-4a7d-a7f2-0590f0c75913.jpg?im_w=720',152);
INSERT INTO image (type, url, room) VALUES ('detail','https://a0.muscache.com/im/pictures/6933657a-0393-4c25-96e9-fb8bd879d48c.jpg?im_w=720',152);
INSERT INTO image (type, url, room) VALUES ('detail','https://a0.muscache.com/im/pictures/1145e20e-9d22-414b-a8c5-a2c01bd8ae8d.jpg?im_w=720',152);
INSERT INTO image (type, url, room) VALUES ('detail','https://a0.muscache.com/im/pictures/f24e768d-1d0c-4e5f-b832-59fbcec4e7d6.jpg?im_w=720',152);
INSERT INTO image (type, url, room) VALUES ('detail','https://a0.muscache.com/im/pictures/d8bc8e04-af23-4e0b-9f32-b8deabe992fb.jpg?im_w=720',152);
INSERT INTO image (type, url, room) VALUES ('detail','https://a0.muscache.com/im/pictures/a39a33f6-963b-47f5-b033-5cfaa5cf0c14.jpg?im_w=720',152);
INSERT INTO image (type, url, room) VALUES ('detail','https://a0.muscache.com/im/pictures/90799a05-0695-4baa-8d3c-627aa50c6e21.jpg?im_w=720',152);
INSERT INTO image (type, url, room) VALUES ('detail','https://a0.muscache.com/im/pictures/85304d80-ff0d-45ee-9ce2-d7bf4f1d242c.jpg?im_w=720',152);
INSERT INTO image (type, url, room) VALUES ('detail','https://a0.muscache.com/im/pictures/ae5112e9-6c21-4276-9c08-3d4774261159.jpg?im_w=720',152);
INSERT INTO image (type, url, room) VALUES ('detail','https://a0.muscache.com/im/pictures/5d72af77-5212-441b-a930-08f010cb8f9b.jpg?im_w=720',152);
insert into location(id,latitude,longitude,city) values (153,35.884,128.615,'대구');
INSERT INTO room (id, title, description, price_per_day, room_type, bed, max_guest, bathroom, location) VALUES (153,'쾌적하고 아늑한 숙소 / 장기 숙박객을 위한 구비 물품 완비 / 자가격리×  넷플릭스 영화','Sinam 1(il)-dong, Dong-gu의 콘도(아파트) 전체',94000,'집 전체',0,1,1,153);
INSERT INTO image (type, url, room) VALUES ('thumb','https://a0.muscache.com/im/pictures/83c87824-70a9-4b39-a55f-63811df18495.jpg?im_w=720',153);
INSERT INTO image (type, url, room) VALUES ('detail','https://a0.muscache.com/im/pictures/9aeeb5e1-090d-4712-9eb7-8381ccef6dc8.jpg?im_w=720',153);
INSERT INTO image (type, url, room) VALUES ('detail','https://a0.muscache.com/im/pictures/9ef8ce1d-77f8-428b-bc44-f7cae9f6c2ee.jpg?im_w=720',153);
INSERT INTO image (type, url, room) VALUES ('detail','https://a0.muscache.com/im/pictures/dcb655ae-2df4-458c-90ca-f7cd52c45e59.jpg?im_w=720',153);
INSERT INTO image (type, url, room) VALUES ('detail','https://a0.muscache.com/im/pictures/11fa0fc0-4698-472b-8c21-5e6798ba6afd.jpg?im_w=720',153);
INSERT INTO image (type, url, room) VALUES ('detail','https://a0.muscache.com/im/pictures/821686dd-1575-4a44-bce5-2bec7d6a3266.jpg?im_w=720',153);
INSERT INTO image (type, url, room) VALUES ('detail','https://a0.muscache.com/im/pictures/0328cdf2-519e-4998-9fd9-6a946dae9103.jpg?im_w=720',153);
INSERT INTO image (type, url, room) VALUES ('detail','https://a0.muscache.com/im/pictures/f184b943-a57d-4f63-8dd4-efce9e7511f6.jpg?im_w=720',153);
INSERT INTO image (type, url, room) VALUES ('detail','https://a0.muscache.com/im/pictures/14ea6f08-a2a5-486e-9892-b82c06ddc8a3.jpg?im_w=720',153);
INSERT INTO image (type, url, room) VALUES ('detail','https://a0.muscache.com/im/pictures/36b37f48-32ab-4e61-9c53-536ed8037b0d.jpg?im_w=720',153);
insert into location(id,latitude,longitude,city) values (154,35.891,128.616,'대구');
INSERT INTO room (id, title, description, price_per_day, room_type, bed, max_guest, bathroom, location) VALUES (154,'봉구하우스29 착한가격 개인실,동대구역5분,공항10분,시내 15분,무료주차,루프탑무료이용','Bokhyeon 1(il)-dong, Buk-gu의 아파트 전체',100000,'집 전체',1,2,1,154);
INSERT INTO image (type, url, room) VALUES ('thumb','https://a0.muscache.com/im/pictures/3f76146d-f538-478f-9070-e31c5a4b0fc9.jpg?im_w=720',154);
INSERT INTO image (type, url, room) VALUES ('detail','https://a0.muscache.com/im/pictures/6b191919-7eb0-443d-bb1f-68c2f140786f.jpg?im_w=720',154);
INSERT INTO image (type, url, room) VALUES ('detail','https://a0.muscache.com/im/pictures/51eed74b-a04b-44b3-b7d1-b88c21a0a478.jpg?im_w=720',154);
INSERT INTO image (type, url, room) VALUES ('detail','https://a0.muscache.com/im/pictures/6248be30-d178-48a4-a042-3a15ef12f955.jpg?im_w=720',154);
INSERT INTO image (type, url, room) VALUES ('detail','https://a0.muscache.com/im/pictures/6ab52171-08e8-4ff5-93d3-67872d630805.jpg?im_w=720',154);
INSERT INTO image (type, url, room) VALUES ('detail','https://a0.muscache.com/im/pictures/a249241d-e825-4bd1-a088-4fcacd01955b.jpg?im_w=720',154);
INSERT INTO image (type, url, room) VALUES ('detail','https://a0.muscache.com/im/pictures/631c937e-873a-4be7-8af9-b216e5ff7166.jpg?im_w=720',154);
INSERT INTO image (type, url, room) VALUES ('detail','https://a0.muscache.com/im/pictures/285e672e-4efe-4119-99f7-408f493b34e1.jpg?im_w=720',154);
INSERT INTO image (type, url, room) VALUES ('detail','https://a0.muscache.com/im/pictures/0e92292a-85ad-45d1-9106-ad7838d0a630.jpg?im_w=720',154);
INSERT INTO image (type, url, room) VALUES ('detail','https://a0.muscache.com/im/pictures/c8b85266-7752-4812-8fcb-531dea6e4849.jpg?im_w=720',154);
INSERT INTO image (type, url, room) VALUES ('detail','https://a0.muscache.com/im/pictures/d8cd6dac-d37c-441f-bed6-270266a355c0.jpg?im_w=720',154);
INSERT INTO image (type, url, room) VALUES ('detail','https://a0.muscache.com/im/pictures/miso/Hosting-33787186/original/64b73242-be2a-4b7c-8d8e-b648b147d260.jpeg?im_w=720',154);
INSERT INTO image (type, url, room) VALUES ('detail','https://a0.muscache.com/im/pictures/miso/Hosting-33787186/original/0cb86ded-c533-48c8-98af-b427a3b4d63e.jpeg?im_w=720',154);
INSERT INTO image (type, url, room) VALUES ('detail','https://a0.muscache.com/im/pictures/miso/Hosting-33787186/original/05d821c4-a8c8-40cc-880d-8cb9b4a8119f.jpeg?im_w=720',154);
INSERT INTO image (type, url, room) VALUES ('detail','https://a0.muscache.com/im/pictures/miso/Hosting-33787186/original/fe057eeb-a7fa-4cda-a6c4-794499176623.jpeg?im_w=720',154);
INSERT INTO image (type, url, room) VALUES ('detail','https://a0.muscache.com/im/pictures/miso/Hosting-33787186/original/3b463b7a-a728-4dde-b03f-7a9df3f2a97a.jpeg?im_w=720',154);
INSERT INTO image (type, url, room) VALUES ('detail','https://a0.muscache.com/im/pictures/miso/Hosting-33787186/original/b76f3c31-7ef3-44a6-960b-e5b89326e8b0.jpeg?im_w=720',154);
INSERT INTO image (type, url, room) VALUES ('detail','https://a0.muscache.com/im/pictures/miso/Hosting-33787186/original/38c30f43-08e2-4d53-b815-b43fe4bd4b4d.jpeg?im_w=720',154);
INSERT INTO image (type, url, room) VALUES ('detail','https://a0.muscache.com/im/pictures/miso/Hosting-33787186/original/3b5b5899-564a-4014-8b1f-0cc7969f4e21.jpeg?im_w=720',154);
INSERT INTO image (type, url, room) VALUES ('detail','https://a0.muscache.com/im/pictures/6ac0f271-0263-4d26-bed2-de28e0059a53.jpg?im_w=720',154);
INSERT INTO image (type, url, room) VALUES ('detail','https://a0.muscache.com/im/pictures/7b5836e7-9d63-451e-becf-8ff74a903eed.jpg?im_w=720',154);
INSERT INTO image (type, url, room) VALUES ('detail','https://a0.muscache.com/im/pictures/a85c6429-c9f4-4690-83a9-0b1d21217f2e.jpg?im_w=720',154);
INSERT INTO image (type, url, room) VALUES ('detail','https://a0.muscache.com/im/pictures/56d6cfb6-bc22-4531-be8f-427551c1fb16.jpg?im_w=720',154);
INSERT INTO image (type, url, room) VALUES ('detail','https://a0.muscache.com/im/pictures/7b9a43e9-3685-4905-8a24-4226728947a8.jpg?im_w=720',154);
INSERT INTO image (type, url, room) VALUES ('detail','https://a0.muscache.com/im/pictures/d903f2f6-1cbc-4fa5-8666-c739d8cbf025.jpg?im_w=720',154);
INSERT INTO image (type, url, room) VALUES ('detail','https://a0.muscache.com/im/pictures/4dcccf8c-b7fc-4add-b068-a3e9b7a6a1bd.jpg?im_w=720',154);
INSERT INTO image (type, url, room) VALUES ('detail','https://a0.muscache.com/im/pictures/87acf3ec-9aa0-4f32-82ad-60cb8cf9447f.jpg?im_w=720',154);
INSERT INTO image (type, url, room) VALUES ('detail','https://a0.muscache.com/im/pictures/9080a5c8-6527-4def-932e-b4ad2e418198.jpg?im_w=720',154);
INSERT INTO image (type, url, room) VALUES ('detail','https://a0.muscache.com/im/pictures/49c2c4c9-8ed3-44bd-8bc3-05e590ef7b1b.jpg?im_w=720',154);
INSERT INTO image (type, url, room) VALUES ('detail','https://a0.muscache.com/im/pictures/8e95717d-3de2-47dd-b95f-59508163b9f9.jpg?im_w=720',154);
insert into location(id,latitude,longitude,city) values (155,35.885,128.61,'대구');
INSERT INTO room (id, title, description, price_per_day, room_type, bed, max_guest, bathroom, location) VALUES (155,'The Sharp Red','Daehyeon-dong, Buk-gu의 콘도(아파트) 전체',90000,'집 전체',1,1,1,155);
INSERT INTO image (type, url, room) VALUES ('thumb','https://a0.muscache.com/im/pictures/dd7c10a8-9bce-4fca-ab6c-138412e079c7.jpg?im_w=720',155);
INSERT INTO image (type, url, room) VALUES ('detail','https://a0.muscache.com/im/pictures/bbddaa5a-b164-409a-99c1-956bc9e3f850.jpg?im_w=720',155);
INSERT INTO image (type, url, room) VALUES ('detail','https://a0.muscache.com/im/pictures/bc2bfd58-c83d-4a3f-99f9-92cab0a5adf0.jpg?im_w=720',155);
INSERT INTO image (type, url, room) VALUES ('detail','https://a0.muscache.com/im/pictures/8c4b119b-7daa-4926-a82b-fce85d1acaed.jpg?im_w=720',155);
insert into location(id,latitude,longitude,city) values (156,35.885,128.615,'대구');
INSERT INTO room (id, title, description, price_per_day, room_type, bed, max_guest, bathroom, location) VALUES (156,'어서오세요! 깔끔하고 머물기 좋은 숙소입니다 / 대구 주요지역 접근성 굿!  TV굿','Sinam 1(il)-dong, Dong-gu의 콘도(아파트) 전체',95000,'집 전체',1,2,1,156);
INSERT INTO image (type, url, room) VALUES ('thumb','https://a0.muscache.com/im/pictures/8bdb9b3f-f59e-4421-8737-0ea2b03edf0a.jpg?im_w=720',156);
INSERT INTO image (type, url, room) VALUES ('detail','https://a0.muscache.com/im/pictures/c8a56ea1-3951-4f73-8ce8-8664909dd960.jpg?im_w=720',156);
INSERT INTO image (type, url, room) VALUES ('detail','https://a0.muscache.com/im/pictures/a9c6b530-c998-4092-965f-3e2af27090a0.jpg?im_w=720',156);
INSERT INTO image (type, url, room) VALUES ('detail','https://a0.muscache.com/im/pictures/78b622de-9e7f-4330-9058-2129be898573.jpg?im_w=720',156);
INSERT INTO image (type, url, room) VALUES ('detail','https://a0.muscache.com/im/pictures/f5020901-2e52-4775-a4a4-ebbe74128ce4.jpg?im_w=720',156);
INSERT INTO image (type, url, room) VALUES ('detail','https://a0.muscache.com/im/pictures/2cc2e50b-5767-4d45-8f48-b653ba6cb04c.jpg?im_w=720',156);
INSERT INTO image (type, url, room) VALUES ('detail','https://a0.muscache.com/im/pictures/dbc3a4d4-78a7-4d4e-8016-573b9384f4be.jpg?im_w=720',156);
INSERT INTO image (type, url, room) VALUES ('detail','https://a0.muscache.com/im/pictures/21bbe69a-9d4d-4c63-9d3b-5ba5281ba239.jpg?im_w=720',156);
INSERT INTO image (type, url, room) VALUES ('detail','https://a0.muscache.com/im/pictures/5a7872ad-681c-4333-8623-58fa5c9ccefa.jpg?im_w=720',156);
INSERT INTO image (type, url, room) VALUES ('detail','https://a0.muscache.com/im/pictures/f9a066da-e4c1-446f-a514-60508fc64929.jpg?im_w=720',156);
INSERT INTO image (type, url, room) VALUES ('detail','https://a0.muscache.com/im/pictures/774be165-2a7b-4bad-9532-6a7a47d3493c.jpg?im_w=720',156);
INSERT INTO image (type, url, room) VALUES ('detail','https://a0.muscache.com/im/pictures/4c3668ef-b0f0-4a78-b0f0-37aa18a88155.jpg?im_w=720',156);
INSERT INTO image (type, url, room) VALUES ('detail','https://a0.muscache.com/im/pictures/7d12d146-fc60-456d-ac51-4181db51173f.jpg?im_w=720',156);
INSERT INTO image (type, url, room) VALUES ('detail','https://a0.muscache.com/im/pictures/e492a2ec-c2ca-4f6e-8814-bc9733e87517.jpg?im_w=720',156);
INSERT INTO image (type, url, room) VALUES ('detail','https://a0.muscache.com/im/pictures/7c5291b7-9c37-4b8b-a368-fdd28fd3efb6.jpg?im_w=720',156);
INSERT INTO image (type, url, room) VALUES ('detail','https://a0.muscache.com/im/pictures/4f52e304-4bfb-491f-a22f-2acf619a4a3e.jpg?im_w=720',156);
INSERT INTO image (type, url, room) VALUES ('detail','https://a0.muscache.com/im/pictures/ac7c31ea-69fb-4fb4-889d-bdb4a4717e23.jpg?im_w=720',156);
INSERT INTO image (type, url, room) VALUES ('detail','https://a0.muscache.com/im/pictures/4e306e5f-9ce5-4da5-97d3-1d6577f91afa.jpg?im_w=720',156);
insert into location(id,latitude,longitude,city) values (157,35.865,128.608,'대구');
INSERT INTO room (id, title, description, price_per_day, room_type, bed, max_guest, bathroom, location) VALUES (157,'[매일 소독하는] 비포선라이즈 하우스','Samdeog-dong, Jung-gu의 콘도(아파트) 전체',99000,'집 전체',1,2,1,157);
INSERT INTO image (type, url, room) VALUES ('thumb','https://a0.muscache.com/im/pictures/9a7f0142-7916-4a4b-a8d9-899583ecfa6f.jpg?im_w=720',157);
INSERT INTO image (type, url, room) VALUES ('detail','https://a0.muscache.com/im/pictures/4b56c351-94d2-48de-8c86-5e5aadc9d29a.jpg?im_w=720',157);
INSERT INTO image (type, url, room) VALUES ('detail','https://a0.muscache.com/im/pictures/aabbdce4-bd4e-48ee-b05b-48b36d9e9c61.jpg?im_w=720',157);
INSERT INTO image (type, url, room) VALUES ('detail','https://a0.muscache.com/im/pictures/cfebd61a-ebbc-4b87-a0f9-7ee2df872470.jpg?im_w=720',157);
INSERT INTO image (type, url, room) VALUES ('detail','https://a0.muscache.com/im/pictures/1a55fc9d-14f3-4651-81ef-80b58be42735.jpg?im_w=720',157);
INSERT INTO image (type, url, room) VALUES ('detail','https://a0.muscache.com/im/pictures/7c9fc16f-cec1-4067-94c3-3f3022b12a3e.jpg?im_w=720',157);
INSERT INTO image (type, url, room) VALUES ('detail','https://a0.muscache.com/im/pictures/406a8f44-ec03-4798-83ce-6d607e709cc1.jpg?im_w=720',157);
INSERT INTO image (type, url, room) VALUES ('detail','https://a0.muscache.com/im/pictures/ab4784c5-dd6b-4216-af4c-0d335949d6c6.jpg?im_w=720',157);
INSERT INTO image (type, url, room) VALUES ('detail','https://a0.muscache.com/im/pictures/da492b53-1965-4e26-8894-809fc3a21567.jpg?im_w=720',157);
INSERT INTO image (type, url, room) VALUES ('detail','https://a0.muscache.com/im/pictures/48a443b1-38f8-411e-9058-b2b547939fe1.jpg?im_w=720',157);
INSERT INTO image (type, url, room) VALUES ('detail','https://a0.muscache.com/im/pictures/7a87a701-9214-4e83-8615-f5fb9afd7a8f.jpg?im_w=720',157);
INSERT INTO image (type, url, room) VALUES ('detail','https://a0.muscache.com/im/pictures/65055ff2-7482-48db-a647-7bd7b469566e.jpg?im_w=720',157);
INSERT INTO image (type, url, room) VALUES ('detail','https://a0.muscache.com/im/pictures/88b9eec9-6008-4f86-9186-247293093f78.jpg?im_w=720',157);
INSERT INTO image (type, url, room) VALUES ('detail','https://a0.muscache.com/im/pictures/e7b3807a-fea5-44d1-a2b5-0f4bf077dc24.jpg?im_w=720',157);
INSERT INTO image (type, url, room) VALUES ('detail','https://a0.muscache.com/im/pictures/180ff1d3-53d1-4d9e-916f-5c2c15c91938.jpg?im_w=720',157);
INSERT INTO image (type, url, room) VALUES ('detail','https://a0.muscache.com/im/pictures/1095075c-63fe-46e4-94ec-c4d9339caf2b.jpg?im_w=720',157);
insert into location(id,latitude,longitude,city) values (158,35.89,128.617,'대구');
INSERT INTO room (id, title, description, price_per_day, room_type, bed, max_guest, bathroom, location) VALUES (158,'봉구하우스14 착한가격 개인실,동대구역5분,공항10분,시내 15분,무료주차,루프탑무료이용','Bokhyeon 1(il)-dong, Buk-gu의 아파트 전체',100000,'집 전체',1,1,1,158);
INSERT INTO image (type, url, room) VALUES ('thumb','https://a0.muscache.com/im/pictures/8309cda4-d02f-4472-adfa-790a88289d4f.jpg?im_w=720',158);
INSERT INTO image (type, url, room) VALUES ('detail','https://a0.muscache.com/im/pictures/e22f2ba7-9122-4a1d-9544-024ee52d1768.jpg?im_w=720',158);
INSERT INTO image (type, url, room) VALUES ('detail','https://a0.muscache.com/im/pictures/e2061691-d768-41c3-aacf-291cbb413247.jpg?im_w=720',158);
INSERT INTO image (type, url, room) VALUES ('detail','https://a0.muscache.com/im/pictures/9e839813-4549-40a6-9d48-124e020300e7.jpg?im_w=720',158);
INSERT INTO image (type, url, room) VALUES ('detail','https://a0.muscache.com/im/pictures/3fcf7f8f-e700-40a6-86da-544a69536dcb.jpg?im_w=720',158);
INSERT INTO image (type, url, room) VALUES ('detail','https://a0.muscache.com/im/pictures/266abf67-c2bd-4bea-bc17-9721547991cc.jpg?im_w=720',158);
INSERT INTO image (type, url, room) VALUES ('detail','https://a0.muscache.com/im/pictures/8db0b3b6-d752-4e29-b86e-b6d1c69d7950.jpg?im_w=720',158);
INSERT INTO image (type, url, room) VALUES ('detail','https://a0.muscache.com/im/pictures/fbb8306d-502e-4087-93ae-1d1211ff9d43.jpg?im_w=720',158);
INSERT INTO image (type, url, room) VALUES ('detail','https://a0.muscache.com/im/pictures/6ce5c813-f601-4246-927a-e923e6d47ee1.jpg?im_w=720',158);
INSERT INTO image (type, url, room) VALUES ('detail','https://a0.muscache.com/im/pictures/5f4f266a-27d7-40e5-8e7e-045583b4b91a.jpg?im_w=720',158);
INSERT INTO image (type, url, room) VALUES ('detail','https://a0.muscache.com/im/pictures/miso/Hosting-33863371/original/12fbdc0b-46e4-4972-b433-742482fcb493.jpeg?im_w=720',158);
INSERT INTO image (type, url, room) VALUES ('detail','https://a0.muscache.com/im/pictures/miso/Hosting-33863371/original/fae6a8c4-b514-492f-aeae-698baf3b2203.jpeg?im_w=720',158);
INSERT INTO image (type, url, room) VALUES ('detail','https://a0.muscache.com/im/pictures/miso/Hosting-33863371/original/99914731-f890-4e4e-aa11-6af0402becdc.jpeg?im_w=720',158);
INSERT INTO image (type, url, room) VALUES ('detail','https://a0.muscache.com/im/pictures/miso/Hosting-33863371/original/3eabed77-a418-4153-b9c1-799298069bb9.jpeg?im_w=720',158);
INSERT INTO image (type, url, room) VALUES ('detail','https://a0.muscache.com/im/pictures/miso/Hosting-33863371/original/cc7f8b8f-e1cb-4a4a-a1b4-f52d72e94cea.jpeg?im_w=720',158);
INSERT INTO image (type, url, room) VALUES ('detail','https://a0.muscache.com/im/pictures/miso/Hosting-33863371/original/107f87b0-c9d3-46f4-b667-1039c2441edb.jpeg?im_w=720',158);
INSERT INTO image (type, url, room) VALUES ('detail','https://a0.muscache.com/im/pictures/miso/Hosting-33863371/original/c0c7fad0-461e-43f2-903b-babc0dec999d.jpeg?im_w=720',158);
INSERT INTO image (type, url, room) VALUES ('detail','https://a0.muscache.com/im/pictures/miso/Hosting-33863371/original/cc39f069-81ce-4cf9-873e-0aeaf7796476.jpeg?im_w=720',158);
INSERT INTO image (type, url, room) VALUES ('detail','https://a0.muscache.com/im/pictures/91fa418d-fb75-42aa-b383-8239a02c4424.jpg?im_w=720',158);
INSERT INTO image (type, url, room) VALUES ('detail','https://a0.muscache.com/im/pictures/93fd7af2-ba9d-4626-802d-5ab0e072991b.jpg?im_w=720',158);
INSERT INTO image (type, url, room) VALUES ('detail','https://a0.muscache.com/im/pictures/6de2674d-debd-42af-af33-0c95ae96320b.jpg?im_w=720',158);
INSERT INTO image (type, url, room) VALUES ('detail','https://a0.muscache.com/im/pictures/aa7755a6-41ec-450e-adb8-ae4acc59a337.jpg?im_w=720',158);
INSERT INTO image (type, url, room) VALUES ('detail','https://a0.muscache.com/im/pictures/bef66202-0589-48eb-951b-658c28ec8b8a.jpg?im_w=720',158);
INSERT INTO image (type, url, room) VALUES ('detail','https://a0.muscache.com/im/pictures/34aca4a6-1641-4bd2-a24e-2e3970a6b3d5.jpg?im_w=720',158);
INSERT INTO image (type, url, room) VALUES ('detail','https://a0.muscache.com/im/pictures/db15786c-bcb8-4bbf-9d7d-693f47ff8651.jpg?im_w=720',158);
INSERT INTO image (type, url, room) VALUES ('detail','https://a0.muscache.com/im/pictures/b03a038c-dcda-4aed-8d74-c75c96a421cc.jpg?im_w=720',158);
INSERT INTO image (type, url, room) VALUES ('detail','https://a0.muscache.com/im/pictures/ec1e99ca-bceb-4180-93ee-b04b0b5a1907.jpg?im_w=720',158);
INSERT INTO image (type, url, room) VALUES ('detail','https://a0.muscache.com/im/pictures/bb64b314-aff7-4276-b2f2-7af85ccd1b77.jpg?im_w=720',158);
INSERT INTO image (type, url, room) VALUES ('detail','https://a0.muscache.com/im/pictures/f621026a-4e80-45ea-9d02-7693884c3284.jpg?im_w=720',158);
INSERT INTO image (type, url, room) VALUES ('detail','https://a0.muscache.com/im/pictures/467aabf0-43b6-4c63-93b1-3709b537639c.jpg?im_w=720',158);
insert into location(id,latitude,longitude,city) values (159,35.876,128.626,'대구');
INSERT INTO room (id, title, description, price_per_day, room_type, bed, max_guest, bathroom, location) VALUES (159,'COZY HOUSE #1 고층 시티뷰 [동대구역 KTX 5분, 신세계 백화점 3분]','Dong-gu의 레지던스 전체',100000,'집 전체',1,2,1,159);
INSERT INTO image (type, url, room) VALUES ('thumb','https://a0.muscache.com/im/pictures/miso/Hosting-22071553/original/3a1cc965-17fd-4bd8-94e4-bd45f19a541c.jpeg?im_w=720',159);
INSERT INTO image (type, url, room) VALUES ('detail','https://a0.muscache.com/im/pictures/miso/Hosting-22071553/original/4c88ed94-bc77-4835-af78-178a8fcca972.jpeg?im_w=720',159);
INSERT INTO image (type, url, room) VALUES ('detail','https://a0.muscache.com/im/pictures/miso/Hosting-22071553/original/efaa1459-290e-4a94-8dfc-a127130b1a65.jpeg?im_w=720',159);
INSERT INTO image (type, url, room) VALUES ('detail','https://a0.muscache.com/im/pictures/miso/Hosting-22071553/original/551c0fd7-0b29-4507-9fdd-9a0dd2930276.jpeg?im_w=720',159);
INSERT INTO image (type, url, room) VALUES ('detail','https://a0.muscache.com/im/pictures/miso/Hosting-22071553/original/b21c980f-11f7-4466-b0e6-6bd89cf725dd.jpeg?im_w=720',159);
INSERT INTO image (type, url, room) VALUES ('detail','https://a0.muscache.com/im/pictures/43da470e-86d8-4155-87c9-8664bfdbafbf.jpg?im_w=720',159);
INSERT INTO image (type, url, room) VALUES ('detail','https://a0.muscache.com/im/pictures/6e0af933-02f4-4cb3-ad7a-08134f732bdb.jpg?im_w=720',159);
INSERT INTO image (type, url, room) VALUES ('detail','https://a0.muscache.com/im/pictures/miso/Hosting-22071553/original/21fd558c-263d-472f-812e-d0cac35054f7.jpeg?im_w=720',159);
INSERT INTO image (type, url, room) VALUES ('detail','https://a0.muscache.com/im/pictures/miso/Hosting-22071553/original/d6b61b75-7a97-4ac5-a8b3-0e92b8957b52.jpeg?im_w=720',159);
INSERT INTO image (type, url, room) VALUES ('detail','https://a0.muscache.com/im/pictures/3b251b1d-e9a8-4b82-b29e-e4feaa7ede00.jpg?im_w=720',159);
INSERT INTO image (type, url, room) VALUES ('detail','https://a0.muscache.com/im/pictures/71a7bcc4-aadc-4b96-a25e-423bec41f755.jpg?im_w=720',159);
INSERT INTO image (type, url, room) VALUES ('detail','https://a0.muscache.com/im/pictures/10d620d1-bccb-41dc-ac41-de8834487976.jpg?im_w=720',159);
INSERT INTO image (type, url, room) VALUES ('detail','https://a0.muscache.com/im/pictures/3adb89a5-68d9-47cd-8dac-8ff9f88d5be3.jpg?im_w=720',159);
INSERT INTO image (type, url, room) VALUES ('detail','https://a0.muscache.com/im/pictures/miso/Hosting-22071553/original/fd72e772-58dc-413f-9f73-73ec65138648.jpeg?im_w=720',159);
INSERT INTO image (type, url, room) VALUES ('detail','https://a0.muscache.com/im/pictures/a64983c3-0eeb-4b44-a3a2-88c371a2ffe2.jpg?im_w=720',159);
INSERT INTO image (type, url, room) VALUES ('detail','https://a0.muscache.com/im/pictures/53a6f7e0-8281-4de9-8616-d9a9d1948686.jpg?im_w=720',159);
INSERT INTO image (type, url, room) VALUES ('detail','https://a0.muscache.com/im/pictures/237a2a49-97f5-406a-b958-61fa1d2765d8.jpg?im_w=720',159);
INSERT INTO image (type, url, room) VALUES ('detail','https://a0.muscache.com/im/pictures/81a365c0-0dce-4549-8c12-95937561aa1a.jpg?im_w=720',159);
INSERT INTO image (type, url, room) VALUES ('detail','https://a0.muscache.com/im/pictures/283d73bb-a780-4632-8f26-337185d56f71.jpg?im_w=720',159);
INSERT INTO image (type, url, room) VALUES ('detail','https://a0.muscache.com/im/pictures/92249231-a12e-4961-a1a6-9a60d53329c0.jpg?im_w=720',159);
INSERT INTO image (type, url, room) VALUES ('detail','https://a0.muscache.com/im/pictures/f0387f71-cf40-47ed-bc50-ab91b0c9e0c5.jpg?im_w=720',159);
insert into location(id,latitude,longitude,city) values (160,35.877,128.626,'대구');
INSERT INTO room (id, title, description, price_per_day, room_type, bed, max_guest, bathroom, location) VALUES (160,'[Jiny`s Room♥step1] ☆OPEN☆ 동대구역/KTX/지하철/신세계백화점 앞','Sincheon 4(sa)-dong, Dong-gu의 아파트 전체',100000,'집 전체',1,2,1,160);
INSERT INTO image (type, url, room) VALUES ('thumb','https://a0.muscache.com/im/pictures/6f5ac5d7-180e-45d6-8f1e-85266f59a79b.jpg?im_w=720',160);
INSERT INTO image (type, url, room) VALUES ('detail','https://a0.muscache.com/im/pictures/3af0eb51-684d-49e0-af41-f1eda632ad85.jpg?im_w=720',160);
INSERT INTO image (type, url, room) VALUES ('detail','https://a0.muscache.com/im/pictures/14c1a670-c649-4a4a-a6a6-3d721ff04b45.jpg?im_w=720',160);
INSERT INTO image (type, url, room) VALUES ('detail','https://a0.muscache.com/im/pictures/96b5bab4-f6c3-432a-988f-206f96057ec7.jpg?im_w=720',160);
INSERT INTO image (type, url, room) VALUES ('detail','https://a0.muscache.com/im/pictures/0f25049b-7ee5-4cf8-994e-bb2432e01f21.jpg?im_w=720',160);
INSERT INTO image (type, url, room) VALUES ('detail','https://a0.muscache.com/im/pictures/d661cd40-088c-494e-98a3-9453864ce962.jpg?im_w=720',160);
INSERT INTO image (type, url, room) VALUES ('detail','https://a0.muscache.com/im/pictures/feeb4cdb-cbe6-47dc-ad2d-3de485fc107a.jpg?im_w=720',160);
INSERT INTO image (type, url, room) VALUES ('detail','https://a0.muscache.com/im/pictures/d4730641-c0e1-4425-a52f-edf3bbfd87e5.jpg?im_w=720',160);
INSERT INTO image (type, url, room) VALUES ('detail','https://a0.muscache.com/im/pictures/f0a37502-5d14-4174-b7bd-8b969156405c.jpg?im_w=720',160);
INSERT INTO image (type, url, room) VALUES ('detail','https://a0.muscache.com/im/pictures/4d4dfc26-044d-456b-81df-484b7bdf4ad2.jpg?im_w=720',160);
INSERT INTO image (type, url, room) VALUES ('detail','https://a0.muscache.com/im/pictures/ba06861d-1169-4eb9-bfe1-738c3745f56e.jpg?im_w=720',160);
INSERT INTO image (type, url, room) VALUES ('detail','https://a0.muscache.com/im/pictures/410f1c8b-66ba-4e35-8fe1-949ad59f9a27.jpg?im_w=720',160);
INSERT INTO image (type, url, room) VALUES ('detail','https://a0.muscache.com/im/pictures/95e97ed2-cbac-415a-b30a-65224d52af23.jpg?im_w=720',160);
INSERT INTO image (type, url, room) VALUES ('detail','https://a0.muscache.com/im/pictures/b3ea24d3-e31c-4907-b616-8b708e2d2c7a.jpg?im_w=720',160);
INSERT INTO image (type, url, room) VALUES ('detail','https://a0.muscache.com/im/pictures/ce7d4e13-15cd-44e8-9c54-00d04957d066.jpg?im_w=720',160);
INSERT INTO image (type, url, room) VALUES ('detail','https://a0.muscache.com/im/pictures/d6e57f82-666f-4383-9817-59ba3a71ba1f.jpg?im_w=720',160);
INSERT INTO image (type, url, room) VALUES ('detail','https://a0.muscache.com/im/pictures/c29876af-c864-4e3f-8030-487cfb4bac5c.jpg?im_w=720',160);
INSERT INTO image (type, url, room) VALUES ('detail','https://a0.muscache.com/im/pictures/3cf51fb2-083f-4ab9-97e1-841f7591eb07.jpg?im_w=720',160);
INSERT INTO image (type, url, room) VALUES ('detail','https://a0.muscache.com/im/pictures/d5bb5033-6071-4d5a-8670-f83965c99f9d.jpg?im_w=720',160);
INSERT INTO image (type, url, room) VALUES ('detail','https://a0.muscache.com/im/pictures/262eba8d-49c5-4491-bfb0-ce12885d1458.jpg?im_w=720',160);
INSERT INTO image (type, url, room) VALUES ('detail','https://a0.muscache.com/im/pictures/3c4b4346-b0c2-42ae-9612-5e954fc4a649.jpg?im_w=720',160);
INSERT INTO image (type, url, room) VALUES ('detail','https://a0.muscache.com/im/pictures/51c8a3dd-bae0-46a6-bb8f-13ba0dfa732e.jpg?im_w=720',160);
INSERT INTO image (type, url, room) VALUES ('detail','https://a0.muscache.com/im/pictures/8ef69e62-3a09-4d5d-9ab3-886083c4e2a3.jpg?im_w=720',160);
INSERT INTO image (type, url, room) VALUES ('detail','https://a0.muscache.com/im/pictures/13b4c9e9-4401-4986-bfa0-de887933d079.jpg?im_w=720',160);
INSERT INTO image (type, url, room) VALUES ('detail','https://a0.muscache.com/im/pictures/9eeef203-7b56-4fa6-b3f7-5a4e7f6a64f9.jpg?im_w=720',160);
INSERT INTO image (type, url, room) VALUES ('detail','https://a0.muscache.com/im/pictures/d1819c15-40c9-455a-8a1d-398dde113106.jpg?im_w=720',160);
INSERT INTO image (type, url, room) VALUES ('detail','https://a0.muscache.com/im/pictures/6dc81121-cc6c-4145-b3be-87836c12dd9f.jpg?im_w=720',160);
INSERT INTO image (type, url, room) VALUES ('detail','https://a0.muscache.com/im/pictures/47fcef5d-f168-49d2-9a05-b132cd608692.jpg?im_w=720',160);
INSERT INTO image (type, url, room) VALUES ('detail','https://a0.muscache.com/im/pictures/65c447ea-06b5-4e40-82fe-144370a8bbc6.jpg?im_w=720',160);
INSERT INTO image (type, url, room) VALUES ('detail','https://a0.muscache.com/im/pictures/78de1c35-790a-4a23-bf0d-b12f5edc950a.jpg?im_w=720',160);
insert into location(id,latitude,longitude,city) values (161,35.869,128.603,'대구');
INSERT INTO room (id, title, description, price_per_day, room_type, bed, max_guest, bathroom, location) VALUES (161,'특.가🍀 셀프체크인 동성로 고층시티뷰 넷플릭스 와이파이 illy커피머신 매일소독 :)','중구의 콘도(아파트) 전체',100000,'집 전체',1,2,1,161);
INSERT INTO image (type, url, room) VALUES ('thumb','https://a0.muscache.com/im/pictures/b3a286f6-6c6f-475b-ba55-002177b73382.jpg?im_w=720',161);
INSERT INTO image (type, url, room) VALUES ('detail','https://a0.muscache.com/im/pictures/1c2cd102-2bb7-4b35-a2db-1135d116cf14.jpg?im_w=720',161);
INSERT INTO image (type, url, room) VALUES ('detail','https://a0.muscache.com/im/pictures/ccbae4e8-906b-461f-8382-f93107a7137e.jpg?im_w=720',161);
INSERT INTO image (type, url, room) VALUES ('detail','https://a0.muscache.com/im/pictures/a9f41ad5-6d49-4a1d-b38d-a44d6b3474f1.jpg?im_w=720',161);
INSERT INTO image (type, url, room) VALUES ('detail','https://a0.muscache.com/im/pictures/829b08b6-2a49-4928-8a2d-27128b2f24b6.jpg?im_w=720',161);
INSERT INTO image (type, url, room) VALUES ('detail','https://a0.muscache.com/im/pictures/b0bfc648-088b-4563-a71b-682634b73794.jpg?im_w=720',161);
INSERT INTO image (type, url, room) VALUES ('detail','https://a0.muscache.com/im/pictures/43e87217-e5e8-4d05-84fe-80b5800c98b9.jpg?im_w=720',161);
INSERT INTO image (type, url, room) VALUES ('detail','https://a0.muscache.com/im/pictures/c66384ab-c96b-4feb-8203-ca7c944a435e.jpg?im_w=720',161);
INSERT INTO image (type, url, room) VALUES ('detail','https://a0.muscache.com/im/pictures/5755b0b3-3e3f-41b2-8be5-a9d3396e7791.jpg?im_w=720',161);
INSERT INTO image (type, url, room) VALUES ('detail','https://a0.muscache.com/im/pictures/d0ccd1c8-9cba-4328-8d24-4cf9652f2ac5.jpg?im_w=720',161);
INSERT INTO image (type, url, room) VALUES ('detail','https://a0.muscache.com/im/pictures/0009f086-a0d9-44f4-8699-477c072dff65.jpg?im_w=720',161);
INSERT INTO image (type, url, room) VALUES ('detail','https://a0.muscache.com/im/pictures/46fcd521-9d4b-4f9b-9bee-79075fb1bf76.jpg?im_w=720',161);
INSERT INTO image (type, url, room) VALUES ('detail','https://a0.muscache.com/im/pictures/e20e4b6c-6c73-48db-a48d-bcf6abb99e25.jpg?im_w=720',161);
INSERT INTO image (type, url, room) VALUES ('detail','https://a0.muscache.com/im/pictures/4364b93c-7bea-4d58-b392-730ecd18b404.jpg?im_w=720',161);
INSERT INTO image (type, url, room) VALUES ('detail','https://a0.muscache.com/im/pictures/a80157e2-7e56-48d8-9ccc-33d3d84ec326.jpg?im_w=720',161);
INSERT INTO image (type, url, room) VALUES ('detail','https://a0.muscache.com/im/pictures/25b7ebd4-0c1f-4f51-a4c4-dd565d9fe2fc.jpg?im_w=720',161);
INSERT INTO image (type, url, room) VALUES ('detail','https://a0.muscache.com/im/pictures/a23c2085-171a-42a3-9388-ef05575056a3.jpg?im_w=720',161);
INSERT INTO image (type, url, room) VALUES ('detail','https://a0.muscache.com/im/pictures/ac91ffcb-2d6e-414b-8052-9adcb981cbb3.jpg?im_w=720',161);
INSERT INTO image (type, url, room) VALUES ('detail','https://a0.muscache.com/im/pictures/5e6636d7-faae-47d3-ad73-e1a6dce98d90.jpg?im_w=720',161);
INSERT INTO image (type, url, room) VALUES ('detail','https://a0.muscache.com/im/pictures/1c82024b-b824-4485-b65b-dc1d00117040.jpg?im_w=720',161);
INSERT INTO image (type, url, room) VALUES ('detail','https://a0.muscache.com/im/pictures/3db77ca8-3078-49ca-b19e-7d3fe1cddb07.jpg?im_w=720',161);
INSERT INTO image (type, url, room) VALUES ('detail','https://a0.muscache.com/im/pictures/64522247-ab3e-486a-96b0-6aa51d916ee3.jpg?im_w=720',161);
INSERT INTO image (type, url, room) VALUES ('detail','https://a0.muscache.com/im/pictures/62b7616f-527d-40eb-acc5-85c192c7279e.jpg?im_w=720',161);
INSERT INTO image (type, url, room) VALUES ('detail','https://a0.muscache.com/im/pictures/36805e2d-8aca-4494-86f5-be7dbddd31ff.jpg?im_w=720',161);
INSERT INTO image (type, url, room) VALUES ('detail','https://a0.muscache.com/im/pictures/dea0dcab-e25e-425d-bfa6-80092d574492.jpg?im_w=720',161);
INSERT INTO image (type, url, room) VALUES ('detail','https://a0.muscache.com/im/pictures/2b838876-5452-453a-bb3e-d676ac5cbd37.jpg?im_w=720',161);
INSERT INTO image (type, url, room) VALUES ('detail','https://a0.muscache.com/im/pictures/4364ae5e-4dc3-44d3-9a49-5b9aa1679707.jpg?im_w=720',161);
INSERT INTO image (type, url, room) VALUES ('detail','https://a0.muscache.com/im/pictures/64a0ff48-dd42-4695-bdaf-1821130b9a4a.jpg?im_w=720',161);
INSERT INTO image (type, url, room) VALUES ('detail','https://a0.muscache.com/im/pictures/45ae14ad-181c-4f29-8de6-f53b24bbcd58.jpg?im_w=720',161);
INSERT INTO image (type, url, room) VALUES ('detail','https://a0.muscache.com/im/pictures/b495f4e8-276e-48fc-8763-6e71db7e5174.jpg?im_w=720',161);
insert into location(id,latitude,longitude,city) values (162,35.886,128.615,'대구');
INSERT INTO room (id, title, description, price_per_day, room_type, bed, max_guest, bathroom, location) VALUES (162,'깔끔하고 접근성 좋은 숙소/ 장기숙박&출장객 구비물품 완비/ 넷플릭스&43인치 TV','Sinam 1(il)-dong, Dong-gu의 콘도(아파트) 전체',95000,'집 전체',1,1,0,162);
INSERT INTO image (type, url, room) VALUES ('thumb','https://a0.muscache.com/im/pictures/0456364b-3688-4a53-bad1-8a4384aa08dc.jpg?im_w=720',162);
INSERT INTO image (type, url, room) VALUES ('detail','https://a0.muscache.com/im/pictures/68b2ad4a-96c1-4a4c-acb5-b38f148d53cc.jpg?im_w=720',162);
INSERT INTO image (type, url, room) VALUES ('detail','https://a0.muscache.com/im/pictures/a092724d-c0c3-4516-b1a3-6681260f8361.jpg?im_w=720',162);
INSERT INTO image (type, url, room) VALUES ('detail','https://a0.muscache.com/im/pictures/0ce4e658-2e23-4ca2-9c92-8ba438a71d7c.jpg?im_w=720',162);
INSERT INTO image (type, url, room) VALUES ('detail','https://a0.muscache.com/im/pictures/0b282272-80a7-4c71-b953-75306d4d7b1c.jpg?im_w=720',162);
INSERT INTO image (type, url, room) VALUES ('detail','https://a0.muscache.com/im/pictures/b73f88b9-ef94-45ff-813d-29731b26afa0.jpg?im_w=720',162);
INSERT INTO image (type, url, room) VALUES ('detail','https://a0.muscache.com/im/pictures/64b66d97-0203-464e-8904-4371e2766e53.jpg?im_w=720',162);
INSERT INTO image (type, url, room) VALUES ('detail','https://a0.muscache.com/im/pictures/d5190b9b-0ade-45ff-a419-772de42cc72a.jpg?im_w=720',162);
INSERT INTO image (type, url, room) VALUES ('detail','https://a0.muscache.com/im/pictures/992e82b8-37d2-4153-ade1-1075505e00cd.jpg?im_w=720',162);
INSERT INTO image (type, url, room) VALUES ('detail','https://a0.muscache.com/im/pictures/bf89e8ae-fda8-483d-9ce3-ea638da89618.jpg?im_w=720',162);
INSERT INTO image (type, url, room) VALUES ('detail','https://a0.muscache.com/im/pictures/c5b6ebb4-a33b-4b21-bbb0-5e8d5b0e2e19.jpg?im_w=720',162);
INSERT INTO image (type, url, room) VALUES ('detail','https://a0.muscache.com/im/pictures/c822245a-8cab-46fe-bdde-641d64723fc6.jpg?im_w=720',162);
INSERT INTO image (type, url, room) VALUES ('detail','https://a0.muscache.com/im/pictures/89e9f509-d6d4-4376-a4c3-6de526ff9bdc.jpg?im_w=720',162);
INSERT INTO image (type, url, room) VALUES ('detail','https://a0.muscache.com/im/pictures/d3a65c49-2784-4132-a026-33b78b764de4.jpg?im_w=720',162);
insert into location(id,latitude,longitude,city) values (163,35.862,128.606,'대구');
INSERT INTO room (id, title, description, price_per_day, room_type, bed, max_guest, bathroom, location) VALUES (163,'대구 중구 김광석거리 방2개 독채/교통편리/대구 중구(Central Daegu)','Daebong 1(il)-dong, Jung-gu의 게스트용 별채 전체',85000,'집 전체',1,4,1,163);
INSERT INTO image (type, url, room) VALUES ('thumb','https://a0.muscache.com/im/pictures/faf433e3-6a79-4aac-86df-a96e03670740.jpg?im_w=720',163);
INSERT INTO image (type, url, room) VALUES ('detail','https://a0.muscache.com/im/pictures/12a4dd47-ccee-4d05-9ad9-e96b80245180.jpg?im_w=720',163);
INSERT INTO image (type, url, room) VALUES ('detail','https://a0.muscache.com/im/pictures/601c944d-bf89-4d3c-b0fc-0d23c22f579f.jpg?im_w=720',163);
INSERT INTO image (type, url, room) VALUES ('detail','https://a0.muscache.com/im/pictures/480cb2bd-a396-4354-a666-ea60a49c20a4.jpg?im_w=720',163);
INSERT INTO image (type, url, room) VALUES ('detail','https://a0.muscache.com/im/pictures/5d381e78-9adf-47d9-9d26-04f458d48dea.jpg?im_w=720',163);
INSERT INTO image (type, url, room) VALUES ('detail','https://a0.muscache.com/im/pictures/fc1834d0-c834-4284-b45b-f0a75d0f2537.jpg?im_w=720',163);
INSERT INTO image (type, url, room) VALUES ('detail','https://a0.muscache.com/im/pictures/a6e7389b-b579-4f03-8d44-5aaf9eaeb967.jpg?im_w=720',163);
INSERT INTO image (type, url, room) VALUES ('detail','https://a0.muscache.com/im/pictures/38bb3657-2769-4b62-b027-7cedf8fe80cf.jpg?im_w=720',163);
INSERT INTO image (type, url, room) VALUES ('detail','https://a0.muscache.com/im/pictures/9dd842a5-1c90-4abe-bef6-22eb9498f344.jpg?im_w=720',163);
INSERT INTO image (type, url, room) VALUES ('detail','https://a0.muscache.com/im/pictures/5d91b6b9-21be-482d-9888-9142c7e7b55d.jpg?im_w=720',163);
INSERT INTO image (type, url, room) VALUES ('detail','https://a0.muscache.com/im/pictures/fbd389c5-7e6c-4d42-b3e0-86d609beadef.jpg?im_w=720',163);
INSERT INTO image (type, url, room) VALUES ('detail','https://a0.muscache.com/im/pictures/4fc7057b-0e95-46b4-a83a-634df290f335.jpg?im_w=720',163);
INSERT INTO image (type, url, room) VALUES ('detail','https://a0.muscache.com/im/pictures/de2b51c4-85eb-4f3d-af46-5636c7e7f6a7.jpg?im_w=720',163);
INSERT INTO image (type, url, room) VALUES ('detail','https://a0.muscache.com/im/pictures/180cb619-d2e0-4203-ac70-c4be9b3bfe90.jpg?im_w=720',163);
INSERT INTO image (type, url, room) VALUES ('detail','https://a0.muscache.com/im/pictures/e09b6dd0-a809-4bf4-b4d1-9fdc7b4c97f4.jpg?im_w=720',163);
insert into location(id,latitude,longitude,city) values (164,35.878,128.627,'대구');
INSERT INTO room (id, title, description, price_per_day, room_type, bed, max_guest, bathroom, location) VALUES (164,'13시체크아웃/주차. 짐보관OK /동대구역(KTX), 신세계백화점도보 5분<디디하우스#1>','Dong-gu의 아파트 전체',85000,'집 전체',1,2,1,164);
INSERT INTO image (type, url, room) VALUES ('thumb','https://a0.muscache.com/im/pictures/f4370270-32d0-4e82-9eee-84de423bcba0.jpg?im_w=720',164);
INSERT INTO image (type, url, room) VALUES ('detail','https://a0.muscache.com/im/pictures/25af6880-9553-4e5a-9d0b-d2bfe9507589.jpg?im_w=720',164);
INSERT INTO image (type, url, room) VALUES ('detail','https://a0.muscache.com/im/pictures/4a73061f-4a78-4570-a5f6-2f43264ac6fa.jpg?im_w=720',164);
INSERT INTO image (type, url, room) VALUES ('detail','https://a0.muscache.com/im/pictures/be6d6078-17e6-4f3e-82ae-3a142ad5b11b.jpg?im_w=720',164);
INSERT INTO image (type, url, room) VALUES ('detail','https://a0.muscache.com/im/pictures/f07c3d09-187a-42e1-bd28-1958d83fa6ac.jpg?im_w=720',164);
INSERT INTO image (type, url, room) VALUES ('detail','https://a0.muscache.com/im/pictures/3c9c754a-1248-4b90-bc07-402d55d848ee.jpg?im_w=720',164);
INSERT INTO image (type, url, room) VALUES ('detail','https://a0.muscache.com/im/pictures/3c1d5bf8-cfb6-4eea-9224-7147b8c35587.jpg?im_w=720',164);
INSERT INTO image (type, url, room) VALUES ('detail','https://a0.muscache.com/im/pictures/c7d489fb-71dd-436d-ac42-5a422917216a.jpg?im_w=720',164);
INSERT INTO image (type, url, room) VALUES ('detail','https://a0.muscache.com/im/pictures/6fbf1c74-76b9-4e93-8354-83e6e8c3340e.jpg?im_w=720',164);
INSERT INTO image (type, url, room) VALUES ('detail','https://a0.muscache.com/im/pictures/12aaa5b4-f538-42a4-93b0-1271f0bdb925.jpg?im_w=720',164);
INSERT INTO image (type, url, room) VALUES ('detail','https://a0.muscache.com/im/pictures/33eb004a-fc9e-4665-8fec-be4eaafce931.jpg?im_w=720',164);
INSERT INTO image (type, url, room) VALUES ('detail','https://a0.muscache.com/im/pictures/2920d5ff-c4ae-4962-8aa8-fc5df4b8dc10.jpg?im_w=720',164);
INSERT INTO image (type, url, room) VALUES ('detail','https://a0.muscache.com/im/pictures/ee1fb06c-02cb-45b8-a279-2a9f9453bbb8.jpg?im_w=720',164);
INSERT INTO image (type, url, room) VALUES ('detail','https://a0.muscache.com/im/pictures/5a2795f9-1873-4f71-8f61-38b5ae0761bf.jpg?im_w=720',164);
INSERT INTO image (type, url, room) VALUES ('detail','https://a0.muscache.com/im/pictures/9ce594f6-1d34-41f1-8461-ede8e133bc30.jpg?im_w=720',164);
INSERT INTO image (type, url, room) VALUES ('detail','https://a0.muscache.com/im/pictures/458cc1ee-a02e-4ae6-9856-45267f3c62a2.jpg?im_w=720',164);
INSERT INTO image (type, url, room) VALUES ('detail','https://a0.muscache.com/im/pictures/27c0bf74-9d84-4e37-b728-f65153848f5e.jpg?im_w=720',164);
INSERT INTO image (type, url, room) VALUES ('detail','https://a0.muscache.com/im/pictures/16de1c3b-a9a4-45c2-84f2-4902423d0481.jpg?im_w=720',164);
INSERT INTO image (type, url, room) VALUES ('detail','https://a0.muscache.com/im/pictures/9dbc8217-31a3-41de-8b5e-fd6015130689.jpg?im_w=720',164);
INSERT INTO image (type, url, room) VALUES ('detail','https://a0.muscache.com/im/pictures/fd9ad41b-3fe4-4da6-b9b7-98d5d1b20ea1.jpg?im_w=720',164);
INSERT INTO image (type, url, room) VALUES ('detail','https://a0.muscache.com/im/pictures/9d7409b5-8c9e-42ba-ab39-0e42b451927a.jpg?im_w=720',164);
INSERT INTO image (type, url, room) VALUES ('detail','https://a0.muscache.com/im/pictures/b940b479-1236-4b9c-b78e-b8c0ba0bae9f.jpg?im_w=720',164);
INSERT INTO image (type, url, room) VALUES ('detail','https://a0.muscache.com/im/pictures/6f50bfb8-8e46-4be1-b656-3c42d7133458.jpg?im_w=720',164);
insert into location(id,latitude,longitude,city) values (165,35.882,128.627,'대구');
INSERT INTO room (id, title, description, price_per_day, room_type, bed, max_guest, bathroom, location) VALUES (165,'[JJunS House  #2] 행복가득 하우스
동대구역 3분거리 빔프로젝터 넷플릭스','Dong-gu의 부티크 호텔의 객실',100000,'개인실',1,2,1,165);
INSERT INTO image (type, url, room) VALUES ('thumb','https://a0.muscache.com/im/pictures/cb0acbc8-ea12-4f08-94bd-fda7e422abd5.jpg?im_w=720',165);
INSERT INTO image (type, url, room) VALUES ('detail','https://a0.muscache.com/im/pictures/5bf44ee5-c7db-4ee6-9cae-906c39c0e5b8.jpg?im_w=720',165);
INSERT INTO image (type, url, room) VALUES ('detail','https://a0.muscache.com/im/pictures/a4dbc6b2-1722-4099-a7b9-fb1bce8ec4e8.jpg?im_w=720',165);
INSERT INTO image (type, url, room) VALUES ('detail','https://a0.muscache.com/im/pictures/5cc7809e-4c8c-48b7-976b-fe9579398621.jpg?im_w=720',165);
INSERT INTO image (type, url, room) VALUES ('detail','https://a0.muscache.com/im/pictures/81d7d8f9-af60-4310-88a2-f7e0c3970487.jpg?im_w=720',165);
INSERT INTO image (type, url, room) VALUES ('detail','https://a0.muscache.com/im/pictures/04fb8333-9535-485d-8d5b-eb1b5ac44656.jpg?im_w=720',165);
INSERT INTO image (type, url, room) VALUES ('detail','https://a0.muscache.com/im/pictures/c6375722-ba1a-4a6f-9d91-ed1a6f6aff51.jpg?im_w=720',165);
INSERT INTO image (type, url, room) VALUES ('detail','https://a0.muscache.com/im/pictures/155ea2a1-4d74-4d75-a49a-d0c56a6ee8d4.jpg?im_w=720',165);
INSERT INTO image (type, url, room) VALUES ('detail','https://a0.muscache.com/im/pictures/918c42d6-5f3a-4549-9488-ec3bd5434b63.jpg?im_w=720',165);
INSERT INTO image (type, url, room) VALUES ('detail','https://a0.muscache.com/im/pictures/00f539c8-a51f-442a-a809-cdda767adf65.jpg?im_w=720',165);
INSERT INTO image (type, url, room) VALUES ('detail','https://a0.muscache.com/im/pictures/f1d5c284-cff1-4555-a54b-bef92ed05b3d.jpg?im_w=720',165);
INSERT INTO image (type, url, room) VALUES ('detail','https://a0.muscache.com/im/pictures/18908eaf-7085-41ae-86ad-9866c7ef5148.jpg?im_w=720',165);
INSERT INTO image (type, url, room) VALUES ('detail','https://a0.muscache.com/im/pictures/9363271a-3eb6-4123-b104-aded7f2aa31d.jpg?im_w=720',165);
INSERT INTO image (type, url, room) VALUES ('detail','https://a0.muscache.com/im/pictures/7d65dc26-2313-4668-8956-d6021a74096c.jpg?im_w=720',165);
INSERT INTO image (type, url, room) VALUES ('detail','https://a0.muscache.com/im/pictures/b40f72ac-b15f-43fc-ba2a-cae416fce4ee.jpg?im_w=720',165);
INSERT INTO image (type, url, room) VALUES ('detail','https://a0.muscache.com/im/pictures/cc81619a-e923-4a56-9f8b-5ea8b56aa121.jpg?im_w=720',165);
INSERT INTO image (type, url, room) VALUES ('detail','https://a0.muscache.com/im/pictures/af72cbd0-5ce9-4ad0-8b98-059fefcaced1.jpg?im_w=720',165);
INSERT INTO image (type, url, room) VALUES ('detail','https://a0.muscache.com/im/pictures/ab5bb129-388e-4854-ae08-d851a3c2f644.jpg?im_w=720',165);
INSERT INTO image (type, url, room) VALUES ('detail','https://a0.muscache.com/im/pictures/4fdb4fa7-1f93-45b4-aa48-acb3aa95eb5a.jpg?im_w=720',165);
INSERT INTO image (type, url, room) VALUES ('detail','https://a0.muscache.com/im/pictures/46a5e61c-3ee3-4aca-81a0-9b74c0e2c59c.jpg?im_w=720',165);
INSERT INTO image (type, url, room) VALUES ('detail','https://a0.muscache.com/im/pictures/8549c548-52df-4101-8f86-c69f3994c7d3.jpg?im_w=720',165);
INSERT INTO image (type, url, room) VALUES ('detail','https://a0.muscache.com/im/pictures/82b0e797-a2c8-437b-94e8-738766681246.jpg?im_w=720',165);
INSERT INTO image (type, url, room) VALUES ('detail','https://a0.muscache.com/im/pictures/79743427-954f-4fbb-853f-53aab9f3a5dd.jpg?im_w=720',165);
INSERT INTO image (type, url, room) VALUES ('detail','https://a0.muscache.com/im/pictures/7426e06b-7465-4e67-8adf-63279b929ca6.jpg?im_w=720',165);
INSERT INTO image (type, url, room) VALUES ('detail','https://a0.muscache.com/im/pictures/d5d2a499-1c90-457b-9e5b-3e30ada62703.jpg?im_w=720',165);
INSERT INTO image (type, url, room) VALUES ('detail','https://a0.muscache.com/im/pictures/2ad87dcf-8116-4b89-a154-2c4d61900acb.jpg?im_w=720',165);
insert into location(id,latitude,longitude,city) values (166,35.88,128.628,'대구');
INSERT INTO room (id, title, description, price_per_day, room_type, bed, max_guest, bathroom, location) VALUES (166,'동대구역 걸어서 3분 신축 인테리어 하우스 #Cha Cha village~plus','Dong-gu의 아파트 전체',95000,'집 전체',1,4,1,166);
INSERT INTO image (type, url, room) VALUES ('thumb','https://a0.muscache.com/im/pictures/b436c06b-5326-47a9-820d-b498161eeaff.jpg?im_w=720',166);
INSERT INTO image (type, url, room) VALUES ('detail','https://a0.muscache.com/im/pictures/83a0b0b3-c522-4660-ae8f-d959e249902a.jpg?im_w=720',166);
INSERT INTO image (type, url, room) VALUES ('detail','https://a0.muscache.com/im/pictures/cf5bca2f-e3e0-483b-ac58-263eafae8c94.jpg?im_w=720',166);
INSERT INTO image (type, url, room) VALUES ('detail','https://a0.muscache.com/im/pictures/1f83d5c7-8dca-4288-906d-d52bf5e895c7.jpg?im_w=720',166);
INSERT INTO image (type, url, room) VALUES ('detail','https://a0.muscache.com/im/pictures/08e79276-d7eb-4a22-96e3-6f8486374793.jpg?im_w=720',166);
INSERT INTO image (type, url, room) VALUES ('detail','https://a0.muscache.com/im/pictures/771d7ca3-6630-4e54-beef-1d62d4fd0871.jpg?im_w=720',166);
INSERT INTO image (type, url, room) VALUES ('detail','https://a0.muscache.com/im/pictures/9cb61584-a29f-4f2f-9d29-05f256ed588b.jpg?im_w=720',166);
INSERT INTO image (type, url, room) VALUES ('detail','https://a0.muscache.com/im/pictures/d956de4b-a2d4-4fe9-9cab-283d8cd31bf7.jpg?im_w=720',166);
INSERT INTO image (type, url, room) VALUES ('detail','https://a0.muscache.com/im/pictures/43991527-14a1-4d2c-b164-f3dbb94e241e.jpg?im_w=720',166);
INSERT INTO image (type, url, room) VALUES ('detail','https://a0.muscache.com/im/pictures/fb5f6f1f-066f-4e0b-b25d-a11830c9a7bc.jpg?im_w=720',166);
INSERT INTO image (type, url, room) VALUES ('detail','https://a0.muscache.com/im/pictures/5ce95d23-4932-4dc8-a4ef-f861e5694678.jpg?im_w=720',166);
INSERT INTO image (type, url, room) VALUES ('detail','https://a0.muscache.com/im/pictures/27afd3cd-5002-4a35-84b6-dbdf9b89ed95.jpg?im_w=720',166);
INSERT INTO image (type, url, room) VALUES ('detail','https://a0.muscache.com/im/pictures/4ad4635f-3526-43bc-b2db-490609b9b6d9.jpg?im_w=720',166);
INSERT INTO image (type, url, room) VALUES ('detail','https://a0.muscache.com/im/pictures/82f1e23d-f07f-49b0-80a3-2c21277e8e34.jpg?im_w=720',166);
INSERT INTO image (type, url, room) VALUES ('detail','https://a0.muscache.com/im/pictures/b95c6727-49eb-4fcf-bbaa-a236e4feae5d.jpg?im_w=720',166);
INSERT INTO image (type, url, room) VALUES ('detail','https://a0.muscache.com/im/pictures/0e725a6b-8b01-44e5-9ed4-30e1abbef994.jpg?im_w=720',166);
INSERT INTO image (type, url, room) VALUES ('detail','https://a0.muscache.com/im/pictures/56342c8a-c898-4f54-b3a0-81cc298a25ff.jpg?im_w=720',166);
INSERT INTO image (type, url, room) VALUES ('detail','https://a0.muscache.com/im/pictures/11f719e1-ac14-4c4e-92af-6a62c74c2718.jpg?im_w=720',166);
INSERT INTO image (type, url, room) VALUES ('detail','https://a0.muscache.com/im/pictures/c0b2cf7b-c7f7-4834-9f93-a6a52da39a90.jpg?im_w=720',166);
INSERT INTO image (type, url, room) VALUES ('detail','https://a0.muscache.com/im/pictures/c8646e68-99a1-4702-be58-9afbc7037bbc.jpg?im_w=720',166);
INSERT INTO image (type, url, room) VALUES ('detail','https://a0.muscache.com/im/pictures/c57bfaff-9df2-4d8a-a4c5-050b5c1d03e7.jpg?im_w=720',166);
INSERT INTO image (type, url, room) VALUES ('detail','https://a0.muscache.com/im/pictures/f5ac3137-5547-40ea-a85c-59cc2cd482b2.jpg?im_w=720',166);
INSERT INTO image (type, url, room) VALUES ('detail','https://a0.muscache.com/im/pictures/924c8b6e-b628-49d6-81d9-493ea3234962.jpg?im_w=720',166);
INSERT INTO image (type, url, room) VALUES ('detail','https://a0.muscache.com/im/pictures/060b8bd3-601c-452d-8748-060d9766436b.jpg?im_w=720',166);
INSERT INTO image (type, url, room) VALUES ('detail','https://a0.muscache.com/im/pictures/8a639a16-0e83-4c71-859e-eccb6ea67ac6.jpg?im_w=720',166);
INSERT INTO image (type, url, room) VALUES ('detail','https://a0.muscache.com/im/pictures/1de8650a-46a4-48d6-b0f0-c1806ef82904.jpg?im_w=720',166);
INSERT INTO image (type, url, room) VALUES ('detail','https://a0.muscache.com/im/pictures/1f43d313-4884-4fd8-a111-20c99f9a2398.jpg?im_w=720',166);
INSERT INTO image (type, url, room) VALUES ('detail','https://a0.muscache.com/im/pictures/c852004d-60ca-46f5-8db2-7b3f6f54fa79.jpg?im_w=720',166);
INSERT INTO image (type, url, room) VALUES ('detail','https://a0.muscache.com/im/pictures/2e9f0521-deaf-4c5a-b3a2-389c654c048a.jpg?im_w=720',166);
INSERT INTO image (type, url, room) VALUES ('detail','https://a0.muscache.com/im/pictures/e81bbc7c-4d77-4288-8ace-48127f3fd23e.jpg?im_w=720',166);
insert into location(id,latitude,longitude,city) values (167,35.869,128.593,'대구');
INSERT INTO room (id, title, description, price_per_day, room_type, bed, max_guest, bathroom, location) VALUES (167,'⭐오.픈.특.가⭐ 동성로 복층 셀프체크인 넷플릭스 무선인터넷 커피머신 장기숙박 :D','중구의 아파트 전체',100000,'집 전체',1,2,1,167);
INSERT INTO image (type, url, room) VALUES ('thumb','https://a0.muscache.com/im/pictures/76450d83-b57b-49de-8958-b113de8a2e52.jpg?im_w=720',167);
INSERT INTO image (type, url, room) VALUES ('detail','https://a0.muscache.com/im/pictures/b821dc3c-a950-48d9-807a-4807736f4f81.jpg?im_w=720',167);
INSERT INTO image (type, url, room) VALUES ('detail','https://a0.muscache.com/im/pictures/71193fee-95b0-436a-b752-572d67a125f2.jpg?im_w=720',167);
INSERT INTO image (type, url, room) VALUES ('detail','https://a0.muscache.com/im/pictures/2b86012c-63bf-4122-9ce3-23b80ae52838.jpg?im_w=720',167);
INSERT INTO image (type, url, room) VALUES ('detail','https://a0.muscache.com/im/pictures/25048db8-e1cd-4a7e-b0ec-59c91c6eb62b.jpg?im_w=720',167);
INSERT INTO image (type, url, room) VALUES ('detail','https://a0.muscache.com/im/pictures/8e6c3300-f3fa-47fd-8781-dcd3526b3396.jpg?im_w=720',167);
INSERT INTO image (type, url, room) VALUES ('detail','https://a0.muscache.com/im/pictures/206db13b-e379-4cc1-af9f-754e278b5563.jpg?im_w=720',167);
INSERT INTO image (type, url, room) VALUES ('detail','https://a0.muscache.com/im/pictures/fdb04355-b6e0-4cce-ac4c-86cf1ffda6e8.jpg?im_w=720',167);
INSERT INTO image (type, url, room) VALUES ('detail','https://a0.muscache.com/im/pictures/e6662481-1d28-44e5-bbc1-553d827a9ecc.jpg?im_w=720',167);
INSERT INTO image (type, url, room) VALUES ('detail','https://a0.muscache.com/im/pictures/d7bac25a-1619-4589-b221-989291e21ada.jpg?im_w=720',167);
INSERT INTO image (type, url, room) VALUES ('detail','https://a0.muscache.com/im/pictures/96486ebb-d5dc-4fb8-9a30-0edeaddf860a.jpg?im_w=720',167);
INSERT INTO image (type, url, room) VALUES ('detail','https://a0.muscache.com/im/pictures/fa1bfabc-b4d4-4997-94e8-3f54ef5a7973.jpg?im_w=720',167);
INSERT INTO image (type, url, room) VALUES ('detail','https://a0.muscache.com/im/pictures/22511607-7fbf-41d7-be12-2f3b01a6d04f.jpg?im_w=720',167);
INSERT INTO image (type, url, room) VALUES ('detail','https://a0.muscache.com/im/pictures/b27671dd-e58c-4787-8d68-c784a52ff5a9.jpg?im_w=720',167);
INSERT INTO image (type, url, room) VALUES ('detail','https://a0.muscache.com/im/pictures/bc7e7516-bfa5-4d4b-b6a8-affef74f1951.jpg?im_w=720',167);
INSERT INTO image (type, url, room) VALUES ('detail','https://a0.muscache.com/im/pictures/2f754331-b3ae-49b6-a2ee-94f393a1f2e9.jpg?im_w=720',167);
INSERT INTO image (type, url, room) VALUES ('detail','https://a0.muscache.com/im/pictures/d4f9e958-9b74-4400-b393-f6065d791b11.jpg?im_w=720',167);
INSERT INTO image (type, url, room) VALUES ('detail','https://a0.muscache.com/im/pictures/43d17d38-d8ca-4ce9-ae03-0bc4bf89dcac.jpg?im_w=720',167);
INSERT INTO image (type, url, room) VALUES ('detail','https://a0.muscache.com/im/pictures/775086ee-1f60-4e93-8697-1d21b67046a1.jpg?im_w=720',167);
INSERT INTO image (type, url, room) VALUES ('detail','https://a0.muscache.com/im/pictures/1d0a6693-fb58-4a40-b796-fd0cc2e6dba6.jpg?im_w=720',167);
INSERT INTO image (type, url, room) VALUES ('detail','https://a0.muscache.com/im/pictures/84b20b4f-f2ce-4281-a686-4af11ac7afc2.jpg?im_w=720',167);
INSERT INTO image (type, url, room) VALUES ('detail','https://a0.muscache.com/im/pictures/f0f34653-64b1-4c39-96d4-d5cbf24e9a13.jpg?im_w=720',167);
INSERT INTO image (type, url, room) VALUES ('detail','https://a0.muscache.com/im/pictures/50204038-d4a5-4fbb-ba53-99a026a4e744.jpg?im_w=720',167);
INSERT INTO image (type, url, room) VALUES ('detail','https://a0.muscache.com/im/pictures/9af65573-c681-4b08-90b6-09c241331237.jpg?im_w=720',167);
INSERT INTO image (type, url, room) VALUES ('detail','https://a0.muscache.com/im/pictures/6c2814b0-0660-4f24-9772-e256444a80e9.jpg?im_w=720',167);
INSERT INTO image (type, url, room) VALUES ('detail','https://a0.muscache.com/im/pictures/bf5474b2-d5ce-4dfa-98a7-543e32d24603.jpg?im_w=720',167);
INSERT INTO image (type, url, room) VALUES ('detail','https://a0.muscache.com/im/pictures/7825bcb7-e2ea-4fbb-9f5f-79dc4e354d79.jpg?im_w=720',167);
INSERT INTO image (type, url, room) VALUES ('detail','https://a0.muscache.com/im/pictures/ab5b1732-3818-40e0-a965-c68bb608796e.jpg?im_w=720',167);
insert into location(id,latitude,longitude,city) values (168,35.873,128.625,'대구');
INSERT INTO room (id, title, description, price_per_day, room_type, bed, max_guest, bathroom, location) VALUES (168,'Flower 12','Dong-gu의 아파트 전체',100000,'집 전체',1,2,1,168);
INSERT INTO image (type, url, room) VALUES ('thumb','https://a0.muscache.com/im/pictures/219c68a9-8600-4563-a15a-6061314048e6.jpg?im_w=720',168);
INSERT INTO image (type, url, room) VALUES ('detail','https://a0.muscache.com/im/pictures/a0681f61-dc42-4c77-b2d7-0d6e99923588.jpg?im_w=720',168);
INSERT INTO image (type, url, room) VALUES ('detail','https://a0.muscache.com/im/pictures/9f807969-49d5-436f-9e26-5fba7bc5aa04.jpg?im_w=720',168);
INSERT INTO image (type, url, room) VALUES ('detail','https://a0.muscache.com/im/pictures/a3c19737-6fa2-463a-991e-85fb6f803102.jpg?im_w=720',168);
INSERT INTO image (type, url, room) VALUES ('detail','https://a0.muscache.com/im/pictures/de94ab4d-96d2-4341-beb0-ff2f3e05be48.jpg?im_w=720',168);
INSERT INTO image (type, url, room) VALUES ('detail','https://a0.muscache.com/im/pictures/0cb365c4-4408-4a67-86a9-c0cd6a21391c.jpg?im_w=720',168);
INSERT INTO image (type, url, room) VALUES ('detail','https://a0.muscache.com/im/pictures/c9bb09c9-4978-4c59-a042-485c348fa8b9.jpg?im_w=720',168);
INSERT INTO image (type, url, room) VALUES ('detail','https://a0.muscache.com/im/pictures/eca2b53c-d4ad-40f1-8f72-1dd44ff8a44e.jpg?im_w=720',168);
INSERT INTO image (type, url, room) VALUES ('detail','https://a0.muscache.com/im/pictures/61841e14-eb50-4e90-bb3c-a987305dc184.jpg?im_w=720',168);
INSERT INTO image (type, url, room) VALUES ('detail','https://a0.muscache.com/im/pictures/e350a2d7-a018-43ad-ad1a-f7f3adce947b.jpg?im_w=720',168);
INSERT INTO image (type, url, room) VALUES ('detail','https://a0.muscache.com/im/pictures/1ef13257-9a1b-4c33-bea8-5002542c92cf.jpg?im_w=720',168);
INSERT INTO image (type, url, room) VALUES ('detail','https://a0.muscache.com/im/pictures/3e948286-011b-434b-9f00-98bc4e600bfc.jpg?im_w=720',168);
INSERT INTO image (type, url, room) VALUES ('detail','https://a0.muscache.com/im/pictures/bd9fe5f6-0463-464e-951b-f15f812d310b.jpg?im_w=720',168);
INSERT INTO image (type, url, room) VALUES ('detail','https://a0.muscache.com/im/pictures/83da2d98-1f8f-4f47-9b6f-aee4d8623fc3.jpg?im_w=720',168);
INSERT INTO image (type, url, room) VALUES ('detail','https://a0.muscache.com/im/pictures/2d460cb6-69c3-4c90-82c5-d64f3b359874.jpg?im_w=720',168);
INSERT INTO image (type, url, room) VALUES ('detail','https://a0.muscache.com/im/pictures/2c0a9de9-f778-498e-a299-c300008738da.jpg?im_w=720',168);
INSERT INTO image (type, url, room) VALUES ('detail','https://a0.muscache.com/im/pictures/321f3fab-9672-4c9c-a449-42037f5c61ac.jpg?im_w=720',168);
INSERT INTO image (type, url, room) VALUES ('detail','https://a0.muscache.com/im/pictures/6486bc2f-7b01-4dc6-b7ea-735a801eade7.jpg?im_w=720',168);
INSERT INTO image (type, url, room) VALUES ('detail','https://a0.muscache.com/im/pictures/29cfdca4-9c3f-4e4a-bebd-7aedd72495b4.jpg?im_w=720',168);
INSERT INTO image (type, url, room) VALUES ('detail','https://a0.muscache.com/im/pictures/6eb4a8a4-1de5-47e8-a2da-d084de745cb4.jpg?im_w=720',168);
INSERT INTO image (type, url, room) VALUES ('detail','https://a0.muscache.com/im/pictures/987905a8-e26f-4aec-a21f-694c237cd262.jpg?im_w=720',168);
insert into location(id,latitude,longitude,city) values (169,35.892,128.616,'대구');
INSERT INTO room (id, title, description, price_per_day, room_type, bed, max_guest, bathroom, location) VALUES (169,'봉구하우스53 착한가격 개인실,동대구역5분,공항10분,시내 15분,무료주차,루프탑무료이용','Buk-gu의 아파트 전체',100000,'집 전체',1,2,1,169);
INSERT INTO image (type, url, room) VALUES ('thumb','https://a0.muscache.com/im/pictures/923e2aba-39e2-4135-8ca6-aa12784d5374.jpg?im_w=720',169);
INSERT INTO image (type, url, room) VALUES ('detail','https://a0.muscache.com/im/pictures/d8d9aed3-9c0e-4403-927e-c2c2feecf249.jpg?im_w=720',169);
INSERT INTO image (type, url, room) VALUES ('detail','https://a0.muscache.com/im/pictures/e68f56e1-1aea-4087-9a73-1117a3104428.jpg?im_w=720',169);
INSERT INTO image (type, url, room) VALUES ('detail','https://a0.muscache.com/im/pictures/5dfc8c47-051f-44f6-9c66-4ad226b15ff6.jpg?im_w=720',169);
INSERT INTO image (type, url, room) VALUES ('detail','https://a0.muscache.com/im/pictures/76bea5a6-73f4-4fb6-b1e4-f7f85f6a1e27.jpg?im_w=720',169);
INSERT INTO image (type, url, room) VALUES ('detail','https://a0.muscache.com/im/pictures/efc9dd00-ccfe-4884-9e75-d08cd8b28bf6.jpg?im_w=720',169);
INSERT INTO image (type, url, room) VALUES ('detail','https://a0.muscache.com/im/pictures/8a437ca9-caf7-4454-92be-930fd041fb76.jpg?im_w=720',169);
INSERT INTO image (type, url, room) VALUES ('detail','https://a0.muscache.com/im/pictures/30359690-94b4-4a62-9e0f-e669ffccc004.jpg?im_w=720',169);
INSERT INTO image (type, url, room) VALUES ('detail','https://a0.muscache.com/im/pictures/368791cc-f6cd-40dd-b8dd-d39d08c057a6.jpg?im_w=720',169);
INSERT INTO image (type, url, room) VALUES ('detail','https://a0.muscache.com/im/pictures/a7916e89-3f09-47b9-a1ce-4db099a9ff0c.jpg?im_w=720',169);
INSERT INTO image (type, url, room) VALUES ('detail','https://a0.muscache.com/im/pictures/15f8aec5-d130-481c-a856-607e5b248045.jpg?im_w=720',169);
INSERT INTO image (type, url, room) VALUES ('detail','https://a0.muscache.com/im/pictures/6a8c76c0-8e55-4fe1-aa6c-05dc8f8fb38a.jpg?im_w=720',169);
INSERT INTO image (type, url, room) VALUES ('detail','https://a0.muscache.com/im/pictures/d3bc6a56-a0c8-4a2e-8dfe-5e5bc506e260.jpg?im_w=720',169);
INSERT INTO image (type, url, room) VALUES ('detail','https://a0.muscache.com/im/pictures/7557dc23-5d57-4f8f-81b7-98bd37395726.jpg?im_w=720',169);
INSERT INTO image (type, url, room) VALUES ('detail','https://a0.muscache.com/im/pictures/e6faf73c-5f89-4724-9f7f-ba3879ff2fd7.jpg?im_w=720',169);
INSERT INTO image (type, url, room) VALUES ('detail','https://a0.muscache.com/im/pictures/bf9f38c6-5420-4267-92aa-5171034e6f5b.jpg?im_w=720',169);
INSERT INTO image (type, url, room) VALUES ('detail','https://a0.muscache.com/im/pictures/b2a72fe9-b8b3-452f-a9ea-48808b64c3de.jpg?im_w=720',169);
INSERT INTO image (type, url, room) VALUES ('detail','https://a0.muscache.com/im/pictures/miso/Hosting-34758997/original/8df6d902-3606-477a-b0d6-2c376b3b32af.jpeg?im_w=720',169);
INSERT INTO image (type, url, room) VALUES ('detail','https://a0.muscache.com/im/pictures/miso/Hosting-34758997/original/0c21973f-2c68-491f-a076-8fb92cd3e3a6.jpeg?im_w=720',169);
INSERT INTO image (type, url, room) VALUES ('detail','https://a0.muscache.com/im/pictures/miso/Hosting-34758997/original/d9542575-6695-4232-b93f-9de7d43bdc55.jpeg?im_w=720',169);
INSERT INTO image (type, url, room) VALUES ('detail','https://a0.muscache.com/im/pictures/miso/Hosting-34758997/original/02e06b0c-8781-4edd-9cc7-3e38c95de7d8.jpeg?im_w=720',169);
INSERT INTO image (type, url, room) VALUES ('detail','https://a0.muscache.com/im/pictures/miso/Hosting-34758997/original/d110c8dc-34ab-4536-8a65-e77fa66b1b7a.jpeg?im_w=720',169);
INSERT INTO image (type, url, room) VALUES ('detail','https://a0.muscache.com/im/pictures/miso/Hosting-34758997/original/33077ed5-13a0-48d8-97c0-4ca5c4ccd396.jpeg?im_w=720',169);
INSERT INTO image (type, url, room) VALUES ('detail','https://a0.muscache.com/im/pictures/miso/Hosting-34758997/original/a3ac639a-54fb-4c69-b919-09d1b9037d28.jpeg?im_w=720',169);
INSERT INTO image (type, url, room) VALUES ('detail','https://a0.muscache.com/im/pictures/miso/Hosting-34758997/original/3282ba43-09c6-45d1-ba5e-f91ec5f610ed.jpeg?im_w=720',169);
INSERT INTO image (type, url, room) VALUES ('detail','https://a0.muscache.com/im/pictures/d489722b-85ed-4964-95fa-8bf412989018.jpg?im_w=720',169);
INSERT INTO image (type, url, room) VALUES ('detail','https://a0.muscache.com/im/pictures/516fc4ce-51d4-43b4-9f0a-13fa3071abc9.jpg?im_w=720',169);
INSERT INTO image (type, url, room) VALUES ('detail','https://a0.muscache.com/im/pictures/113649b9-6361-4e4e-ad30-61382d40f357.jpg?im_w=720',169);
INSERT INTO image (type, url, room) VALUES ('detail','https://a0.muscache.com/im/pictures/d355d139-aecc-482c-8b61-d19da1b0c8e8.jpg?im_w=720',169);
INSERT INTO image (type, url, room) VALUES ('detail','https://a0.muscache.com/im/pictures/d8a4ac1d-b457-4f4b-b641-0c7cd3496d4d.jpg?im_w=720',169);
insert into location(id,latitude,longitude,city) values (170,35.897,128.607,'대구');
INSERT INTO room (id, title, description, price_per_day, room_type, bed, max_guest, bathroom, location) VALUES (170,'앳더코너;at the corner 경북대/경북대북문/엑스코/대구컨벤션센터/KNU/EXCO','대구의 집 전체',97000,'집 전체',1,3,1,170);
INSERT INTO image (type, url, room) VALUES ('thumb','https://a0.muscache.com/im/pictures/5da55ac0-c6d2-4348-9875-3eb59dea3570.jpg?im_w=720',170);
INSERT INTO image (type, url, room) VALUES ('detail','https://a0.muscache.com/im/pictures/e1999976-5778-4d5d-b7ae-8f688a4ad85e.jpg?im_w=720',170);
INSERT INTO image (type, url, room) VALUES ('detail','https://a0.muscache.com/im/pictures/719e0439-31fd-428b-b1d2-a888cba145fa.jpg?im_w=720',170);
INSERT INTO image (type, url, room) VALUES ('detail','https://a0.muscache.com/im/pictures/4c12c3d5-4246-4113-a6cf-f5cb9d5beae9.jpg?im_w=720',170);
INSERT INTO image (type, url, room) VALUES ('detail','https://a0.muscache.com/im/pictures/b1e7a512-5d5f-452a-886b-e1c1d2dd991e.jpg?im_w=720',170);
INSERT INTO image (type, url, room) VALUES ('detail','https://a0.muscache.com/im/pictures/135acac1-b7cd-4a34-8ad1-83e7598717de.jpg?im_w=720',170);
INSERT INTO image (type, url, room) VALUES ('detail','https://a0.muscache.com/im/pictures/8b07731f-3223-42ab-897b-ca2454f1e0ac.jpg?im_w=720',170);
INSERT INTO image (type, url, room) VALUES ('detail','https://a0.muscache.com/im/pictures/3e496050-59bd-4a82-8750-507886fc3511.jpg?im_w=720',170);
INSERT INTO image (type, url, room) VALUES ('detail','https://a0.muscache.com/im/pictures/a2a248d3-8180-42e8-97aa-fff2aba1d8ad.jpg?im_w=720',170);
INSERT INTO image (type, url, room) VALUES ('detail','https://a0.muscache.com/im/pictures/3b5476e0-adbd-490d-b30e-a0e1e15a5147.jpg?im_w=720',170);
INSERT INTO image (type, url, room) VALUES ('detail','https://a0.muscache.com/im/pictures/68d6dafc-c4d4-4e8c-bf14-13dd5029d71d.jpg?im_w=720',170);
INSERT INTO image (type, url, room) VALUES ('detail','https://a0.muscache.com/im/pictures/96a54565-3976-4f45-9c13-f6e88bc6c180.jpg?im_w=720',170);
INSERT INTO image (type, url, room) VALUES ('detail','https://a0.muscache.com/im/pictures/bdf66f4e-301d-4423-8071-b3da1a8ef0c5.jpg?im_w=720',170);
INSERT INTO image (type, url, room) VALUES ('detail','https://a0.muscache.com/im/pictures/348bc253-2ae0-4e79-ad5a-a7891254c82c.jpg?im_w=720',170);
INSERT INTO image (type, url, room) VALUES ('detail','https://a0.muscache.com/im/pictures/d72cc9f5-dfc2-43af-b2f9-d6ce81c5dff5.jpg?im_w=720',170);
INSERT INTO image (type, url, room) VALUES ('detail','https://a0.muscache.com/im/pictures/cf9ff4e1-b397-44df-8729-5862cd755ef1.jpg?im_w=720',170);
INSERT INTO image (type, url, room) VALUES ('detail','https://a0.muscache.com/im/pictures/da69ddca-c635-4c89-b434-33b3e0e54a9f.jpg?im_w=720',170);
INSERT INTO image (type, url, room) VALUES ('detail','https://a0.muscache.com/im/pictures/ede7a6e9-251a-4f50-9b2e-fa36cb2bdc43.jpg?im_w=720',170);
INSERT INTO image (type, url, room) VALUES ('detail','https://a0.muscache.com/im/pictures/567a4da8-585c-47fe-bbe0-e92c92ed2c46.jpg?im_w=720',170);
INSERT INTO image (type, url, room) VALUES ('detail','https://a0.muscache.com/im/pictures/d972378b-3e2f-48d0-919b-7d01599d5437.jpg?im_w=720',170);
INSERT INTO image (type, url, room) VALUES ('detail','https://a0.muscache.com/im/pictures/1b91bc54-4e20-4c03-95ee-cfe27a387d1b.jpg?im_w=720',170);
INSERT INTO image (type, url, room) VALUES ('detail','https://a0.muscache.com/im/pictures/181882af-b853-489f-b5d4-71ec2e93643e.jpg?im_w=720',170);
INSERT INTO image (type, url, room) VALUES ('detail','https://a0.muscache.com/im/pictures/d7dd34d8-c937-42a8-b340-fd52ed98ce8e.jpg?im_w=720',170);
INSERT INTO image (type, url, room) VALUES ('detail','https://a0.muscache.com/im/pictures/f6543109-82bb-43b4-a096-1d2c73fa1765.jpg?im_w=720',170);
INSERT INTO image (type, url, room) VALUES ('detail','https://a0.muscache.com/im/pictures/acbbcc21-37b7-486b-99f7-dc4d9bf89639.jpg?im_w=720',170);
INSERT INTO image (type, url, room) VALUES ('detail','https://a0.muscache.com/im/pictures/8330cdbf-6446-41be-864e-2c1adc877bd4.jpg?im_w=720',170);
INSERT INTO image (type, url, room) VALUES ('detail','https://a0.muscache.com/im/pictures/58ccdf0f-691b-41d5-b4e3-d919c579b806.jpg?im_w=720',170);
INSERT INTO image (type, url, room) VALUES ('detail','https://a0.muscache.com/im/pictures/c76a4d60-ecb7-4604-a22a-f4160ae55885.jpg?im_w=720',170);
INSERT INTO image (type, url, room) VALUES ('detail','https://a0.muscache.com/im/pictures/de13f2cb-16e8-4b74-8cd2-3e87fdafded6.jpg?im_w=720',170);
insert into location(id,latitude,longitude,city) values (171,35.891,128.615,'대구');
INSERT INTO room (id, title, description, price_per_day, room_type, bed, max_guest, bathroom, location) VALUES (171,'봉구하우스54 착한가격 개인실,동대구역5분,공항10분,시내 15분,무료주차,루프탑무료이용','Bokhyeon 1(il)-dong, Buk-gu의 아파트 전체',100000,'집 전체',1,2,1,171);
INSERT INTO image (type, url, room) VALUES ('thumb','https://a0.muscache.com/im/pictures/ab860ff1-71d0-4dd6-805f-00df7dab3d57.jpg?im_w=720',171);
INSERT INTO image (type, url, room) VALUES ('detail','https://a0.muscache.com/im/pictures/1e80ff63-602b-4ed4-99e5-31937b6e5da3.jpg?im_w=720',171);
INSERT INTO image (type, url, room) VALUES ('detail','https://a0.muscache.com/im/pictures/92303fe2-25f5-4766-9e5e-b6f4936d943b.jpg?im_w=720',171);
INSERT INTO image (type, url, room) VALUES ('detail','https://a0.muscache.com/im/pictures/658469d4-74d6-477e-9b02-ad94dcf48592.jpg?im_w=720',171);
INSERT INTO image (type, url, room) VALUES ('detail','https://a0.muscache.com/im/pictures/ef61a0ce-8c83-461e-8725-1c3ee7885349.jpg?im_w=720',171);
INSERT INTO image (type, url, room) VALUES ('detail','https://a0.muscache.com/im/pictures/7c93ed9c-cac9-42c9-94ec-42e35ecfb082.jpg?im_w=720',171);
INSERT INTO image (type, url, room) VALUES ('detail','https://a0.muscache.com/im/pictures/643c25cd-e175-41e5-a651-9559a5c74e92.jpg?im_w=720',171);
INSERT INTO image (type, url, room) VALUES ('detail','https://a0.muscache.com/im/pictures/56a956b7-fd79-4ab3-92c1-070294cbdcb6.jpg?im_w=720',171);
INSERT INTO image (type, url, room) VALUES ('detail','https://a0.muscache.com/im/pictures/8184e5c4-0159-4eee-a8b2-2814baafdcd7.jpg?im_w=720',171);
INSERT INTO image (type, url, room) VALUES ('detail','https://a0.muscache.com/im/pictures/0ac2d904-3177-4d2e-a1c9-179596bb70cd.jpg?im_w=720',171);
INSERT INTO image (type, url, room) VALUES ('detail','https://a0.muscache.com/im/pictures/miso/Hosting-34740819/original/a556995a-76a6-4d99-8c07-663d0fd64183.jpeg?im_w=720',171);
INSERT INTO image (type, url, room) VALUES ('detail','https://a0.muscache.com/im/pictures/miso/Hosting-34740819/original/93895ee6-90e4-42ba-a5a5-e703dcd86bac.jpeg?im_w=720',171);
INSERT INTO image (type, url, room) VALUES ('detail','https://a0.muscache.com/im/pictures/miso/Hosting-34740819/original/b2208e41-51d8-4d92-aebc-b05158e23604.jpeg?im_w=720',171);
INSERT INTO image (type, url, room) VALUES ('detail','https://a0.muscache.com/im/pictures/miso/Hosting-34740819/original/b55ba2e8-6706-4737-bb4e-a6ab7a1e4c84.jpeg?im_w=720',171);
INSERT INTO image (type, url, room) VALUES ('detail','https://a0.muscache.com/im/pictures/miso/Hosting-34740819/original/c5d734b3-cb18-4c4f-ab27-7cb67e5aa715.jpeg?im_w=720',171);
INSERT INTO image (type, url, room) VALUES ('detail','https://a0.muscache.com/im/pictures/miso/Hosting-34740819/original/e5f75021-04e9-4223-bb3a-f7147cf05d5d.jpeg?im_w=720',171);
INSERT INTO image (type, url, room) VALUES ('detail','https://a0.muscache.com/im/pictures/miso/Hosting-34740819/original/1cb6df7c-8d07-41c0-a8da-1b5edcd5f187.jpeg?im_w=720',171);
INSERT INTO image (type, url, room) VALUES ('detail','https://a0.muscache.com/im/pictures/miso/Hosting-34740819/original/1a5cd87a-2e28-47b3-90b6-0eb36b19a44e.jpeg?im_w=720',171);
INSERT INTO image (type, url, room) VALUES ('detail','https://a0.muscache.com/im/pictures/746c4d60-3cb0-4f47-abb0-ee6d875f4dd9.jpg?im_w=720',171);
INSERT INTO image (type, url, room) VALUES ('detail','https://a0.muscache.com/im/pictures/91f670f4-0092-44ad-b9ce-85f43b7189b8.jpg?im_w=720',171);
INSERT INTO image (type, url, room) VALUES ('detail','https://a0.muscache.com/im/pictures/1134f318-2fc0-4dc9-85d5-a26bbd66908d.jpg?im_w=720',171);
INSERT INTO image (type, url, room) VALUES ('detail','https://a0.muscache.com/im/pictures/e7b7ccae-f3a5-4474-8f0f-3fe9e9da24fd.jpg?im_w=720',171);
INSERT INTO image (type, url, room) VALUES ('detail','https://a0.muscache.com/im/pictures/ad1223bf-6228-49d0-9b5a-5001f2b6478e.jpg?im_w=720',171);
INSERT INTO image (type, url, room) VALUES ('detail','https://a0.muscache.com/im/pictures/b08395cd-6ead-41dc-bc33-9d2b589f9c9c.jpg?im_w=720',171);
INSERT INTO image (type, url, room) VALUES ('detail','https://a0.muscache.com/im/pictures/a3e57e16-36b7-48a6-bb86-5d90eba1f0ae.jpg?im_w=720',171);
INSERT INTO image (type, url, room) VALUES ('detail','https://a0.muscache.com/im/pictures/f179273c-cc63-4cac-9140-0d717fd38b8a.jpg?im_w=720',171);
INSERT INTO image (type, url, room) VALUES ('detail','https://a0.muscache.com/im/pictures/0a69ab94-6656-4b57-8871-cacac775d303.jpg?im_w=720',171);
INSERT INTO image (type, url, room) VALUES ('detail','https://a0.muscache.com/im/pictures/8a365f59-2248-4851-91c2-70568b7eec33.jpg?im_w=720',171);
INSERT INTO image (type, url, room) VALUES ('detail','https://a0.muscache.com/im/pictures/b89a2f3b-a4b1-471a-893f-f8ef33d6b941.jpg?im_w=720',171);
INSERT INTO image (type, url, room) VALUES ('detail','https://a0.muscache.com/im/pictures/2b9ec94a-790d-4d62-934a-409c6d90d32a.jpg?im_w=720',171);
insert into location(id,latitude,longitude,city) values (172,35.874,128.627,'대구');
INSERT INTO room (id, title, description, price_per_day, room_type, bed, max_guest, bathroom, location) VALUES (172,'COZY HOUSE #3 넷플릭스, 시티뷰 [동대구역 KTX 5분, 신세계 백화점 3분]','Sincheon 4(sa)-dong, Dong-gu의 레지던스 전체',100000,'집 전체',0,2,1,172);
INSERT INTO image (type, url, room) VALUES ('thumb','https://a0.muscache.com/im/pictures/miso/Hosting-49475149/original/fc6262c5-82d3-4850-acc9-e7f944567346.jpeg?im_w=720',172);
INSERT INTO image (type, url, room) VALUES ('detail','https://a0.muscache.com/im/pictures/miso/Hosting-49475149/original/4d0ec458-dd13-47d4-a320-8c410c34e4c2.jpeg?im_w=720',172);
INSERT INTO image (type, url, room) VALUES ('detail','https://a0.muscache.com/im/pictures/miso/Hosting-49475149/original/1f37a1bd-a104-4edf-b56d-56d97aee117d.jpeg?im_w=720',172);
INSERT INTO image (type, url, room) VALUES ('detail','https://a0.muscache.com/im/pictures/miso/Hosting-49475149/original/a81345b5-bf56-4382-8719-d3bad9374e0a.jpeg?im_w=720',172);
INSERT INTO image (type, url, room) VALUES ('detail','https://a0.muscache.com/im/pictures/miso/Hosting-49475149/original/7a1c9296-c04a-447f-962a-49e862a821a1.jpeg?im_w=720',172);
INSERT INTO image (type, url, room) VALUES ('detail','https://a0.muscache.com/im/pictures/miso/Hosting-49475149/original/a9145636-b5cb-45ad-820b-49cba0da518e.jpeg?im_w=720',172);
INSERT INTO image (type, url, room) VALUES ('detail','https://a0.muscache.com/im/pictures/miso/Hosting-49475149/original/68c93a12-3028-4105-af40-c966d36ba752.jpeg?im_w=720',172);
INSERT INTO image (type, url, room) VALUES ('detail','https://a0.muscache.com/im/pictures/miso/Hosting-49475149/original/24c962e7-0116-43e8-85ee-c7d9003fa10a.jpeg?im_w=720',172);
INSERT INTO image (type, url, room) VALUES ('detail','https://a0.muscache.com/im/pictures/miso/Hosting-49475149/original/5c814beb-20a8-428d-9f7e-5815d204bf24.jpeg?im_w=720',172);
INSERT INTO image (type, url, room) VALUES ('detail','https://a0.muscache.com/im/pictures/miso/Hosting-49475149/original/7e3d4068-5617-45de-b023-4ca48e039caf.jpeg?im_w=720',172);
INSERT INTO image (type, url, room) VALUES ('detail','https://a0.muscache.com/im/pictures/miso/Hosting-49475149/original/d188b042-052f-48a8-818f-8f48a8c7af78.jpeg?im_w=720',172);
INSERT INTO image (type, url, room) VALUES ('detail','https://a0.muscache.com/im/pictures/miso/Hosting-49475149/original/a60deec9-bd44-4f0c-812a-d38fe43a3593.jpeg?im_w=720',172);
INSERT INTO image (type, url, room) VALUES ('detail','https://a0.muscache.com/im/pictures/283d73bb-a780-4632-8f26-337185d56f71.jpg?im_w=720',172);
INSERT INTO image (type, url, room) VALUES ('detail','https://a0.muscache.com/im/pictures/92249231-a12e-4961-a1a6-9a60d53329c0.jpg?im_w=720',172);
INSERT INTO image (type, url, room) VALUES ('detail','https://a0.muscache.com/im/pictures/f0387f71-cf40-47ed-bc50-ab91b0c9e0c5.jpg?im_w=720',172);
insert into location(id,latitude,longitude,city) values (173,35.879,128.626,'대구');
INSERT INTO room (id, title, description, price_per_day, room_type, bed, max_guest, bathroom, location) VALUES (173,'#10 [매일소독,동대구역1분] 정원사의 집','Sinam-dong, Dong-gu의 아파트 전체',95000,'집 전체',2,4,1,173);
INSERT INTO image (type, url, room) VALUES ('thumb','https://a0.muscache.com/im/pictures/114434a4-06a1-4f74-a90c-f261c3a3c6f6.jpg?im_w=720',173);
INSERT INTO image (type, url, room) VALUES ('detail','https://a0.muscache.com/im/pictures/0fe81663-5dd8-4039-97ee-606f0329c0b0.jpg?im_w=720',173);
INSERT INTO image (type, url, room) VALUES ('detail','https://a0.muscache.com/im/pictures/bcfa7825-4482-4b15-af58-d7fec10b21ae.jpg?im_w=720',173);
INSERT INTO image (type, url, room) VALUES ('detail','https://a0.muscache.com/im/pictures/83ee920c-84b8-4a23-9ecf-a8b3cdc7f539.jpg?im_w=720',173);
INSERT INTO image (type, url, room) VALUES ('detail','https://a0.muscache.com/im/pictures/9efb3cf7-df33-4b10-a35f-4454d06752b9.jpg?im_w=720',173);
INSERT INTO image (type, url, room) VALUES ('detail','https://a0.muscache.com/im/pictures/f5b7cc53-e545-4ed8-b5b7-255d8af748a9.jpg?im_w=720',173);
INSERT INTO image (type, url, room) VALUES ('detail','https://a0.muscache.com/im/pictures/756f2efb-9601-43dc-ab16-329972770f29.jpg?im_w=720',173);
INSERT INTO image (type, url, room) VALUES ('detail','https://a0.muscache.com/im/pictures/d75f38ed-f1a3-46ac-bfff-43216cb69a73.jpg?im_w=720',173);
INSERT INTO image (type, url, room) VALUES ('detail','https://a0.muscache.com/im/pictures/c426f3c8-0b8a-48aa-984d-9ba2e117c69a.jpg?im_w=720',173);
INSERT INTO image (type, url, room) VALUES ('detail','https://a0.muscache.com/im/pictures/85984cf8-03e6-46b5-a877-fb2abbaebeb4.jpg?im_w=720',173);
INSERT INTO image (type, url, room) VALUES ('detail','https://a0.muscache.com/im/pictures/3999f6f8-9908-4af7-b1c3-9d6ae9a8fe2c.jpg?im_w=720',173);
INSERT INTO image (type, url, room) VALUES ('detail','https://a0.muscache.com/im/pictures/4cc287ba-32d3-404a-b559-5d49d0c46776.jpg?im_w=720',173);
INSERT INTO image (type, url, room) VALUES ('detail','https://a0.muscache.com/im/pictures/6f0b0505-2035-4777-82e7-065b2f86f328.jpg?im_w=720',173);
INSERT INTO image (type, url, room) VALUES ('detail','https://a0.muscache.com/im/pictures/6a17548e-df31-4e57-8d7d-0b8ba2c4773e.jpg?im_w=720',173);
INSERT INTO image (type, url, room) VALUES ('detail','https://a0.muscache.com/im/pictures/ad264338-63d6-4fa5-9acc-9d45cac4b400.jpg?im_w=720',173);
INSERT INTO image (type, url, room) VALUES ('detail','https://a0.muscache.com/im/pictures/672d0f12-a4e9-4afc-a0d0-bf324e33ba91.jpg?im_w=720',173);
INSERT INTO image (type, url, room) VALUES ('detail','https://a0.muscache.com/im/pictures/433e38ec-228b-4e94-af79-080570594bce.jpg?im_w=720',173);
insert into location(id,latitude,longitude,city) values (174,35.874,128.598,'대구');
INSERT INTO room (id, title, description, price_per_day, room_type, bed, max_guest, bathroom, location) VALUES (174,'#대구 #교동 #오픈특가 :^)!!! 대구에서의 소소한 밤을 책임질 작은달밤 입니다!','Seongnae 1(il)-dong, Jung-gu의 콘도(아파트) 전체',100000,'집 전체',1,2,1,174);
INSERT INTO image (type, url, room) VALUES ('thumb','https://a0.muscache.com/im/pictures/02f927c4-6b58-47de-bbf1-199bee8f71ca.jpg?im_w=720',174);
INSERT INTO image (type, url, room) VALUES ('detail','https://a0.muscache.com/im/pictures/af846c3f-7683-432c-9d4a-1b76f766af38.jpg?im_w=720',174);
INSERT INTO image (type, url, room) VALUES ('detail','https://a0.muscache.com/im/pictures/99c40cf1-f592-45c3-a42f-66ab0afa0a55.jpg?im_w=720',174);
INSERT INTO image (type, url, room) VALUES ('detail','https://a0.muscache.com/im/pictures/c6c6c922-d764-400a-a747-09b8b4438b00.jpg?im_w=720',174);
INSERT INTO image (type, url, room) VALUES ('detail','https://a0.muscache.com/im/pictures/eb0ddcb8-5837-4725-864b-4e88d06c75cb.jpg?im_w=720',174);
INSERT INTO image (type, url, room) VALUES ('detail','https://a0.muscache.com/im/pictures/00a62129-844e-49f7-989c-f57a808ebedc.jpg?im_w=720',174);
INSERT INTO image (type, url, room) VALUES ('detail','https://a0.muscache.com/im/pictures/25dddc75-e1d5-4566-88e6-622e5903fc5d.jpg?im_w=720',174);
INSERT INTO image (type, url, room) VALUES ('detail','https://a0.muscache.com/im/pictures/7b4bb46e-eb7a-43cd-ae53-fc7ad523405d.jpg?im_w=720',174);
INSERT INTO image (type, url, room) VALUES ('detail','https://a0.muscache.com/im/pictures/3a3ab1bd-b462-4387-b0ba-bac145eb0926.jpg?im_w=720',174);
INSERT INTO image (type, url, room) VALUES ('detail','https://a0.muscache.com/im/pictures/7f35b42c-c3c2-4cf6-bbe7-5c02701b62b7.jpg?im_w=720',174);
INSERT INTO image (type, url, room) VALUES ('detail','https://a0.muscache.com/im/pictures/38552d17-6c85-4685-9ad1-cfdf8e8204e5.jpg?im_w=720',174);
INSERT INTO image (type, url, room) VALUES ('detail','https://a0.muscache.com/im/pictures/339ecbce-c33a-4112-9fe6-bfa86eea0fe6.jpg?im_w=720',174);
insert into location(id,latitude,longitude,city) values (175,35.875,128.6,'대구');
INSERT INTO room (id, title, description, price_per_day, room_type, bed, max_guest, bathroom, location) VALUES (175,'#Lazy House - 아늑하고 조용한 곳, 둘만의 여행 레이지 하우스','Seongnae 1(il)-dong, Jung-gu의 콘도(아파트) 전체',90000,'집 전체',1,2,1,175);
INSERT INTO image (type, url, room) VALUES ('thumb','https://a0.muscache.com/im/pictures/1024e089-2ef7-45fc-866f-d3de33438737.jpg?im_w=720',175);
INSERT INTO image (type, url, room) VALUES ('detail','https://a0.muscache.com/im/pictures/9b314c2a-54a3-44dc-ac4d-cc19cc1b9d98.jpg?im_w=720',175);
INSERT INTO image (type, url, room) VALUES ('detail','https://a0.muscache.com/im/pictures/dbf3459f-487f-4281-9189-f50f4803507e.jpg?im_w=720',175);
INSERT INTO image (type, url, room) VALUES ('detail','https://a0.muscache.com/im/pictures/30741ae4-93c1-4f8a-951e-7687c66c92a9.jpg?im_w=720',175);
INSERT INTO image (type, url, room) VALUES ('detail','https://a0.muscache.com/im/pictures/12c2a926-f4f9-4e9d-9859-8b4f5ee9dbf2.jpg?im_w=720',175);
INSERT INTO image (type, url, room) VALUES ('detail','https://a0.muscache.com/im/pictures/744ca17f-bb64-46f7-ac28-2c75a1a4fa0b.jpg?im_w=720',175);
INSERT INTO image (type, url, room) VALUES ('detail','https://a0.muscache.com/im/pictures/bb66213b-cd85-49e3-bca5-afbcfa31767e.jpg?im_w=720',175);
INSERT INTO image (type, url, room) VALUES ('detail','https://a0.muscache.com/im/pictures/4940f6bc-d7b4-4e61-b661-16623f7f3602.jpg?im_w=720',175);
INSERT INTO image (type, url, room) VALUES ('detail','https://a0.muscache.com/im/pictures/898f3b19-14d2-416c-98a4-c1209e16d64c.jpg?im_w=720',175);
INSERT INTO image (type, url, room) VALUES ('detail','https://a0.muscache.com/im/pictures/a4067ca5-95bd-401e-9a07-9c0b0f728cca.jpg?im_w=720',175);
INSERT INTO image (type, url, room) VALUES ('detail','https://a0.muscache.com/im/pictures/199b32c7-f569-4757-90b5-e2db5643bb49.jpg?im_w=720',175);
INSERT INTO image (type, url, room) VALUES ('detail','https://a0.muscache.com/im/pictures/f5b33f08-5934-4edf-8c90-967dba4d8d77.jpg?im_w=720',175);
INSERT INTO image (type, url, room) VALUES ('detail','https://a0.muscache.com/im/pictures/55ad0d34-6e98-4109-93ef-0680c66ca4bc.jpg?im_w=720',175);
INSERT INTO image (type, url, room) VALUES ('detail','https://a0.muscache.com/im/pictures/930297d0-adf4-4ed8-977b-c829a58628a6.jpg?im_w=720',175);
INSERT INTO image (type, url, room) VALUES ('detail','https://a0.muscache.com/im/pictures/f4147212-0130-485d-b081-ba0051137a4c.jpg?im_w=720',175);
INSERT INTO image (type, url, room) VALUES ('detail','https://a0.muscache.com/im/pictures/581f45e8-7e2e-4568-93a0-654190fae641.jpg?im_w=720',175);
INSERT INTO image (type, url, room) VALUES ('detail','https://a0.muscache.com/im/pictures/8e094d3c-587e-4af8-b95b-187d921980b4.jpg?im_w=720',175);
insert into location(id,latitude,longitude,city) values (176,35.875,128.627,'대구');
INSERT INTO room (id, title, description, price_per_day, room_type, bed, max_guest, bathroom, location) VALUES (176,'[예쁜야경/방역완비]Splendid Nightscape at Daegu#동대구역#대구신세계','Dong-gu의 아파트 전체',100000,'집 전체',1,2,1,176);
INSERT INTO image (type, url, room) VALUES ('thumb','https://a0.muscache.com/im/pictures/197d2060-5706-44fb-a09a-30689159e6a9.jpg?im_w=720',176);
INSERT INTO image (type, url, room) VALUES ('detail','https://a0.muscache.com/im/pictures/7af41eaa-69c3-4e17-a115-692bc55782bb.jpg?im_w=720',176);
INSERT INTO image (type, url, room) VALUES ('detail','https://a0.muscache.com/im/pictures/49c29340-49fb-4fe6-8422-a6e817bf4565.jpg?im_w=720',176);
INSERT INTO image (type, url, room) VALUES ('detail','https://a0.muscache.com/im/pictures/5d7a1d95-3c6b-40f1-b485-6e693d3bb57a.jpg?im_w=720',176);
INSERT INTO image (type, url, room) VALUES ('detail','https://a0.muscache.com/im/pictures/69e661e2-ec42-467d-ab14-ab9191ba1cec.jpg?im_w=720',176);
INSERT INTO image (type, url, room) VALUES ('detail','https://a0.muscache.com/im/pictures/e3c166d3-b0d0-464c-826b-fe0f90297cb5.jpg?im_w=720',176);
INSERT INTO image (type, url, room) VALUES ('detail','https://a0.muscache.com/im/pictures/1df40238-e903-4f94-9a28-fdd77fc246a0.jpg?im_w=720',176);
INSERT INTO image (type, url, room) VALUES ('detail','https://a0.muscache.com/im/pictures/26016031-efec-4d86-9eb3-8c19c1f4fe08.jpg?im_w=720',176);
INSERT INTO image (type, url, room) VALUES ('detail','https://a0.muscache.com/im/pictures/f51305fe-14a3-4199-8b41-74f71d774192.jpg?im_w=720',176);
INSERT INTO image (type, url, room) VALUES ('detail','https://a0.muscache.com/im/pictures/dfa27ce8-7a7d-41e5-a6dc-447e2be441a4.jpg?im_w=720',176);
INSERT INTO image (type, url, room) VALUES ('detail','https://a0.muscache.com/im/pictures/e8416b06-d606-4a11-8643-d7bbc721905b.jpg?im_w=720',176);
INSERT INTO image (type, url, room) VALUES ('detail','https://a0.muscache.com/im/pictures/ae97c8c5-35f9-4bf5-8db1-901e1469c972.jpg?im_w=720',176);
INSERT INTO image (type, url, room) VALUES ('detail','https://a0.muscache.com/im/pictures/a761d999-f9a9-4f6e-b5b1-79d5b34e41cd.jpg?im_w=720',176);
INSERT INTO image (type, url, room) VALUES ('detail','https://a0.muscache.com/im/pictures/8b77df95-bfa7-43de-900d-53148ac40e77.jpg?im_w=720',176);
INSERT INTO image (type, url, room) VALUES ('detail','https://a0.muscache.com/im/pictures/2962e86d-9b23-4eff-81bf-24f68dee3f6c.jpg?im_w=720',176);
INSERT INTO image (type, url, room) VALUES ('detail','https://a0.muscache.com/im/pictures/036b8401-0165-4a23-bed0-f2bb918631a5.jpg?im_w=720',176);
INSERT INTO image (type, url, room) VALUES ('detail','https://a0.muscache.com/im/pictures/9d859152-9be4-4538-8565-ecd479a9644a.jpg?im_w=720',176);
INSERT INTO image (type, url, room) VALUES ('detail','https://a0.muscache.com/im/pictures/47d77fc5-780f-4729-8217-d40e499c97c0.jpg?im_w=720',176);
INSERT INTO image (type, url, room) VALUES ('detail','https://a0.muscache.com/im/pictures/98345d83-fc67-4f09-bdba-b8c088e7ccff.jpg?im_w=720',176);
INSERT INTO image (type, url, room) VALUES ('detail','https://a0.muscache.com/im/pictures/30a2a9e2-9fe1-48fc-ab06-a285b74729cc.jpg?im_w=720',176);
insert into location(id,latitude,longitude,city) values (177,35.88,128.628,'대구');
INSERT INTO room (id, title, description, price_per_day, room_type, bed, max_guest, bathroom, location) VALUES (177,'[JJunS House  #1]행복가득 하우스
동대구역 3분거리 빔프로젝트 넷플릭스','Dong-gu의 부티크 호텔의 객실',100000,'개인실',1,2,1,177);
INSERT INTO image (type, url, room) VALUES ('thumb','https://a0.muscache.com/im/pictures/6ad0407b-7cf8-4ef8-b5a5-dd2d3b9feecf.jpg?im_w=720',177);
INSERT INTO image (type, url, room) VALUES ('detail','https://a0.muscache.com/im/pictures/9db3c010-8823-4b73-afb4-2a9f80a49c2b.jpg?im_w=720',177);
INSERT INTO image (type, url, room) VALUES ('detail','https://a0.muscache.com/im/pictures/21c223c3-4f0e-49fb-9430-d056293ccd16.jpg?im_w=720',177);
INSERT INTO image (type, url, room) VALUES ('detail','https://a0.muscache.com/im/pictures/307539f7-683c-440e-87cd-a24c13a7a241.jpg?im_w=720',177);
INSERT INTO image (type, url, room) VALUES ('detail','https://a0.muscache.com/im/pictures/927584f4-7de9-453a-80fa-2fe98792876f.jpg?im_w=720',177);
INSERT INTO image (type, url, room) VALUES ('detail','https://a0.muscache.com/im/pictures/c70a14b5-3ce8-480c-8572-752b3adf40c1.jpg?im_w=720',177);
INSERT INTO image (type, url, room) VALUES ('detail','https://a0.muscache.com/im/pictures/34c4de94-c4f6-4bff-88c4-242a53fd6d03.jpg?im_w=720',177);
INSERT INTO image (type, url, room) VALUES ('detail','https://a0.muscache.com/im/pictures/566e20d1-cbb2-47f4-ac22-4a0853654c9b.jpg?im_w=720',177);
INSERT INTO image (type, url, room) VALUES ('detail','https://a0.muscache.com/im/pictures/35444953-b6f8-4fc4-ae09-ed07f7bda066.jpg?im_w=720',177);
INSERT INTO image (type, url, room) VALUES ('detail','https://a0.muscache.com/im/pictures/cb8e1439-85d1-47a4-8310-305bc0176fc7.jpg?im_w=720',177);
INSERT INTO image (type, url, room) VALUES ('detail','https://a0.muscache.com/im/pictures/22a12e68-c044-40d2-8e2f-fae96ead3c0a.jpg?im_w=720',177);
INSERT INTO image (type, url, room) VALUES ('detail','https://a0.muscache.com/im/pictures/34197aed-9a14-4a90-a381-cadc88425bf9.jpg?im_w=720',177);
INSERT INTO image (type, url, room) VALUES ('detail','https://a0.muscache.com/im/pictures/70a40489-8010-498e-b3a5-f7cf5924b20a.jpg?im_w=720',177);
INSERT INTO image (type, url, room) VALUES ('detail','https://a0.muscache.com/im/pictures/fde71227-7844-41f8-9d52-0b9ae53f771a.jpg?im_w=720',177);
INSERT INTO image (type, url, room) VALUES ('detail','https://a0.muscache.com/im/pictures/a1e2d047-c81a-441f-802d-63813efc2974.jpg?im_w=720',177);
INSERT INTO image (type, url, room) VALUES ('detail','https://a0.muscache.com/im/pictures/305ead94-8244-40e6-80df-5f24f7697e41.jpg?im_w=720',177);
INSERT INTO image (type, url, room) VALUES ('detail','https://a0.muscache.com/im/pictures/7fa6318f-af85-49de-b172-02ad3e60e688.jpg?im_w=720',177);
INSERT INTO image (type, url, room) VALUES ('detail','https://a0.muscache.com/im/pictures/5265b737-7ca6-43e8-9e3b-09ab3380df37.jpg?im_w=720',177);
INSERT INTO image (type, url, room) VALUES ('detail','https://a0.muscache.com/im/pictures/a8f27e99-a1fa-4d3d-9d80-0075bb2c4177.jpg?im_w=720',177);
INSERT INTO image (type, url, room) VALUES ('detail','https://a0.muscache.com/im/pictures/4df9718d-1ca8-44bf-8d34-7a463f03c601.jpg?im_w=720',177);
INSERT INTO image (type, url, room) VALUES ('detail','https://a0.muscache.com/im/pictures/6398d402-773c-4db2-95b7-18f2bfc4915f.jpg?im_w=720',177);
INSERT INTO image (type, url, room) VALUES ('detail','https://a0.muscache.com/im/pictures/72fb1079-70ff-4130-8c1c-8aa8cc5ad1f1.jpg?im_w=720',177);
INSERT INTO image (type, url, room) VALUES ('detail','https://a0.muscache.com/im/pictures/1ade1475-41b7-498b-9629-d0b2d78efdb4.jpg?im_w=720',177);
INSERT INTO image (type, url, room) VALUES ('detail','https://a0.muscache.com/im/pictures/92bc9053-98df-4799-81b2-e2e5d15b8f24.jpg?im_w=720',177);
INSERT INTO image (type, url, room) VALUES ('detail','https://a0.muscache.com/im/pictures/49ae29d4-a59c-4fbb-97c5-ece1bea6fd78.jpg?im_w=720',177);
insert into location(id,latitude,longitude,city) values (178,35.861,128.606,'대구');
INSERT INTO room (id, title, description, price_per_day, room_type, bed, max_guest, bathroom, location) VALUES (178,'김광석거리 방2개 독채/교통편리/대구 중구/가성비 짱(central Daegu)','Daebong 1(il)-dong, Jung-gu의 게스트용 별채 전체',85000,'집 전체',1,4,1,178);
INSERT INTO image (type, url, room) VALUES ('thumb','https://a0.muscache.com/im/pictures/b7c0d939-4f0a-48d2-ba6b-8fe84682c09d.jpg?im_w=720',178);
INSERT INTO image (type, url, room) VALUES ('detail','https://a0.muscache.com/im/pictures/9bb42590-6a72-4bd1-b0d0-f34c20162f6a.jpg?im_w=720',178);
INSERT INTO image (type, url, room) VALUES ('detail','https://a0.muscache.com/im/pictures/40016986-93bf-4e1e-8a78-aa13216a91a0.jpg?im_w=720',178);
INSERT INTO image (type, url, room) VALUES ('detail','https://a0.muscache.com/im/pictures/4282129d-7e7d-48ea-a0b7-b62f489059b7.jpg?im_w=720',178);
INSERT INTO image (type, url, room) VALUES ('detail','https://a0.muscache.com/im/pictures/423bf28b-b6c6-446e-bfa0-b769bc6cdd30.jpg?im_w=720',178);
INSERT INTO image (type, url, room) VALUES ('detail','https://a0.muscache.com/im/pictures/770a031e-ac01-426c-9215-0be22456b9fa.jpg?im_w=720',178);
INSERT INTO image (type, url, room) VALUES ('detail','https://a0.muscache.com/im/pictures/165aa4d7-50c6-4b12-bfc7-c819106e50bd.jpg?im_w=720',178);
INSERT INTO image (type, url, room) VALUES ('detail','https://a0.muscache.com/im/pictures/4ca075cc-22d1-449f-9000-57b62de4ea2e.jpg?im_w=720',178);
INSERT INTO image (type, url, room) VALUES ('detail','https://a0.muscache.com/im/pictures/89e881a1-7a1a-4808-9ed0-83224271aa27.jpg?im_w=720',178);
INSERT INTO image (type, url, room) VALUES ('detail','https://a0.muscache.com/im/pictures/54c09752-60be-415e-af8c-dc32c50c5acc.jpg?im_w=720',178);
INSERT INTO image (type, url, room) VALUES ('detail','https://a0.muscache.com/im/pictures/34bfef92-0fc1-4f07-aa40-925e27656662.jpg?im_w=720',178);
INSERT INTO image (type, url, room) VALUES ('detail','https://a0.muscache.com/im/pictures/92cd7135-0335-47f0-989b-e35f826e225b.jpg?im_w=720',178);
INSERT INTO image (type, url, room) VALUES ('detail','https://a0.muscache.com/im/pictures/e4fef050-646f-42dd-b997-db358cfab40e.jpg?im_w=720',178);
insert into location(id,latitude,longitude,city) values (179,35.88,128.627,'대구');
INSERT INTO room (id, title, description, price_per_day, room_type, bed, max_guest, bathroom, location) VALUES (179,'SLOWLIFE#4 넷플릭스, 빈티지한 갬성 :) 동대구역3분, 신세계백화점 3분','KR의 아파트 전체',100000,'집 전체',1,2,1,179);
INSERT INTO image (type, url, room) VALUES ('thumb','https://a0.muscache.com/im/pictures/7d110b08-5288-4a47-bd62-740324db0fd1.jpg?im_w=720',179);
INSERT INTO image (type, url, room) VALUES ('detail','https://a0.muscache.com/im/pictures/c59d33fd-e982-4410-b22b-93512761e9ba.jpg?im_w=720',179);
INSERT INTO image (type, url, room) VALUES ('detail','https://a0.muscache.com/im/pictures/3e06e1e8-adc3-4796-8c79-8c760c3dded0.jpg?im_w=720',179);
INSERT INTO image (type, url, room) VALUES ('detail','https://a0.muscache.com/im/pictures/8d4bda51-b041-4950-8ea1-14f23ded79fe.jpg?im_w=720',179);
INSERT INTO image (type, url, room) VALUES ('detail','https://a0.muscache.com/im/pictures/5ac7ccf5-f95e-4d4d-b777-b0fa15980196.jpg?im_w=720',179);
INSERT INTO image (type, url, room) VALUES ('detail','https://a0.muscache.com/im/pictures/d5d7fe68-2e91-4278-9c09-fcd1ca434e44.jpg?im_w=720',179);
INSERT INTO image (type, url, room) VALUES ('detail','https://a0.muscache.com/im/pictures/1d0d2f69-d478-4f55-832c-30589e099d4e.jpg?im_w=720',179);
INSERT INTO image (type, url, room) VALUES ('detail','https://a0.muscache.com/im/pictures/882f0d94-76f7-4898-a399-52c23f948b33.jpg?im_w=720',179);
INSERT INTO image (type, url, room) VALUES ('detail','https://a0.muscache.com/im/pictures/6e4368c4-59bb-43b3-bf12-0504e098581e.jpg?im_w=720',179);
INSERT INTO image (type, url, room) VALUES ('detail','https://a0.muscache.com/im/pictures/23179f94-140c-4525-b51e-c3cba79bc8cd.jpg?im_w=720',179);
INSERT INTO image (type, url, room) VALUES ('detail','https://a0.muscache.com/im/pictures/1be5cbc9-effe-41c8-b6cf-0d395b5f560e.jpg?im_w=720',179);
INSERT INTO image (type, url, room) VALUES ('detail','https://a0.muscache.com/im/pictures/3088657b-4575-4e1b-955f-b0d0e74e158b.jpg?im_w=720',179);
INSERT INTO image (type, url, room) VALUES ('detail','https://a0.muscache.com/im/pictures/ea5f4fcc-7fa1-4d84-bf95-e9a46612917d.jpg?im_w=720',179);
INSERT INTO image (type, url, room) VALUES ('detail','https://a0.muscache.com/im/pictures/13bcd40b-f316-4ec2-b262-0170bf0f7e02.jpg?im_w=720',179);
INSERT INTO image (type, url, room) VALUES ('detail','https://a0.muscache.com/im/pictures/bbe4b457-be8d-46d4-a676-0daa0053417c.jpg?im_w=720',179);
INSERT INTO image (type, url, room) VALUES ('detail','https://a0.muscache.com/im/pictures/bc6df593-2c15-4e07-956c-79d1c83fb9f6.jpg?im_w=720',179);
INSERT INTO image (type, url, room) VALUES ('detail','https://a0.muscache.com/im/pictures/2074e544-d800-48da-9308-5b4d70048bd8.jpg?im_w=720',179);
INSERT INTO image (type, url, room) VALUES ('detail','https://a0.muscache.com/im/pictures/9a85b843-6ecf-48e0-93c1-0e59e9cd110b.jpg?im_w=720',179);
INSERT INTO image (type, url, room) VALUES ('detail','https://a0.muscache.com/im/pictures/5bbaffbf-e819-4a6f-9902-5f435feb36dd.jpg?im_w=720',179);
INSERT INTO image (type, url, room) VALUES ('detail','https://a0.muscache.com/im/pictures/c40cc1f3-f9c7-421d-bf48-b32388f8b471.jpg?im_w=720',179);
INSERT INTO image (type, url, room) VALUES ('detail','https://a0.muscache.com/im/pictures/f955815d-223e-4417-a74c-4194d825150b.jpg?im_w=720',179);
INSERT INTO image (type, url, room) VALUES ('detail','https://a0.muscache.com/im/pictures/083be7c2-56b1-40a3-aa9d-48c75ae49f1c.jpg?im_w=720',179);
insert into location(id,latitude,longitude,city) values (180,35.898,128.61,'대구');
INSERT INTO room (id, title, description, price_per_day, room_type, bed, max_guest, bathroom, location) VALUES (180,'[UP House #8] 대구공항,엑스코여행 차편 5분거리','Sangyeok 3(sam)-dong, Buk-gu의 초소형 주택',100000,'집 전체',1,2,1,180);
INSERT INTO image (type, url, room) VALUES ('thumb','https://a0.muscache.com/im/pictures/0a9059ad-0861-4c6a-9792-5b3317ae337a.jpg?im_w=720',180);
INSERT INTO image (type, url, room) VALUES ('detail','https://a0.muscache.com/im/pictures/0cfcf8f0-9e07-4d5c-8333-881dbf3902b7.jpg?im_w=720',180);
INSERT INTO image (type, url, room) VALUES ('detail','https://a0.muscache.com/im/pictures/3833512f-a669-4df9-9afb-508aa5c1b26f.jpg?im_w=720',180);
INSERT INTO image (type, url, room) VALUES ('detail','https://a0.muscache.com/im/pictures/42fe511d-980b-4c8c-9655-57023b132730.jpg?im_w=720',180);
INSERT INTO image (type, url, room) VALUES ('detail','https://a0.muscache.com/im/pictures/83c1bd02-6d11-4320-a74a-f492f74a3894.jpg?im_w=720',180);
INSERT INTO image (type, url, room) VALUES ('detail','https://a0.muscache.com/im/pictures/2f1d7e50-dd69-4d0e-af7d-2cd47340dbd6.jpg?im_w=720',180);
INSERT INTO image (type, url, room) VALUES ('detail','https://a0.muscache.com/im/pictures/870b6e8c-d859-495b-adc8-25c6f93fa237.jpg?im_w=720',180);
INSERT INTO image (type, url, room) VALUES ('detail','https://a0.muscache.com/im/pictures/83019119-d920-4e33-abeb-41550a0a19cf.jpg?im_w=720',180);
INSERT INTO image (type, url, room) VALUES ('detail','https://a0.muscache.com/im/pictures/03a690e8-7b96-43cf-b606-fd5c1b454552.jpg?im_w=720',180);
INSERT INTO image (type, url, room) VALUES ('detail','https://a0.muscache.com/im/pictures/ed93d650-9860-48bc-a173-a4225a002f4c.jpg?im_w=720',180);
INSERT INTO image (type, url, room) VALUES ('detail','https://a0.muscache.com/im/pictures/8cf358b8-b62b-40ea-be1f-443f9c6ab704.jpg?im_w=720',180);
INSERT INTO image (type, url, room) VALUES ('detail','https://a0.muscache.com/im/pictures/88168004-bd85-4ef0-8cad-80b83abd4f18.jpg?im_w=720',180);
INSERT INTO image (type, url, room) VALUES ('detail','https://a0.muscache.com/im/pictures/93f52ca2-c616-4333-946a-24903fd61b38.jpg?im_w=720',180);
INSERT INTO image (type, url, room) VALUES ('detail','https://a0.muscache.com/im/pictures/a4d5cfc4-e57b-4bcf-9b85-bf0a76fbe602.jpg?im_w=720',180);
INSERT INTO image (type, url, room) VALUES ('detail','https://a0.muscache.com/im/pictures/577038a9-4b70-42b0-92cb-c80f0c53bbe2.jpg?im_w=720',180);
INSERT INTO image (type, url, room) VALUES ('detail','https://a0.muscache.com/im/pictures/c8d43da1-b05b-453a-8c35-186d5db4b166.jpg?im_w=720',180);
INSERT INTO image (type, url, room) VALUES ('detail','https://a0.muscache.com/im/pictures/c322b933-44d9-47a4-b79f-3902d0a29c94.jpg?im_w=720',180);
INSERT INTO image (type, url, room) VALUES ('detail','https://a0.muscache.com/im/pictures/e1446ccc-417b-4e73-92f0-963f15118d44.jpg?im_w=720',180);
INSERT INTO image (type, url, room) VALUES ('detail','https://a0.muscache.com/im/pictures/d0a6c011-ef47-4be8-9468-e75b5579e173.jpg?im_w=720',180);
INSERT INTO image (type, url, room) VALUES ('detail','https://a0.muscache.com/im/pictures/34f5c7b1-934e-461a-85e3-7ae124577397.jpg?im_w=720',180);
INSERT INTO image (type, url, room) VALUES ('detail','https://a0.muscache.com/im/pictures/667f0899-267d-408e-b591-4def7ff65213.jpg?im_w=720',180);
INSERT INTO image (type, url, room) VALUES ('detail','https://a0.muscache.com/im/pictures/fcf3f582-4001-4143-a934-9f891f85a460.jpg?im_w=720',180);
INSERT INTO image (type, url, room) VALUES ('detail','https://a0.muscache.com/im/pictures/43b81d78-ed98-4ca3-abc1-eed2355c9720.jpg?im_w=720',180);
INSERT INTO image (type, url, room) VALUES ('detail','https://a0.muscache.com/im/pictures/6b803328-353a-4aca-8653-22790de454cc.jpg?im_w=720',180);
INSERT INTO image (type, url, room) VALUES ('detail','https://a0.muscache.com/im/pictures/805a3e94-5f80-4e1a-a77a-2bc9d82e442c.jpg?im_w=720',180);
INSERT INTO image (type, url, room) VALUES ('detail','https://a0.muscache.com/im/pictures/512f1103-98df-471b-9355-ef9da29a7d15.jpg?im_w=720',180);
INSERT INTO image (type, url, room) VALUES ('detail','https://a0.muscache.com/im/pictures/db6b53ea-4bac-486d-82d7-0d7fed469206.jpg?im_w=720',180);
INSERT INTO image (type, url, room) VALUES ('detail','https://a0.muscache.com/im/pictures/464163b7-6ec7-4f36-8292-f165cae7fd4b.jpg?im_w=720',180);
INSERT INTO image (type, url, room) VALUES ('detail','https://a0.muscache.com/im/pictures/ecaabf24-fb70-47f5-94f2-12c0f0ce3eb0.jpg?im_w=720',180);
INSERT INTO image (type, url, room) VALUES ('detail','https://a0.muscache.com/im/pictures/d7d7dcb2-ac3e-496b-80d7-ed5661f3f82e.jpg?im_w=720',180);
insert into location(id,latitude,longitude,city) values (181,35.875,128.626,'대구');
INSERT INTO room (id, title, description, price_per_day, room_type, bed, max_guest, bathroom, location) VALUES (181,'[HANI`s Room♥Part.1] ☆NEW☆ 동대구역/KTX/지하철/신세계백화점 앞','Sincheon 4(sa)-dong, Dong-gu의 아파트 전체',100000,'집 전체',1,2,1,181);
INSERT INTO image (type, url, room) VALUES ('thumb','https://a0.muscache.com/im/pictures/c8545fa0-3b6f-40ef-bd14-c135eb424c7c.jpg?im_w=720',181);
INSERT INTO image (type, url, room) VALUES ('detail','https://a0.muscache.com/im/pictures/5d082fe8-abf3-4de3-a49c-24939c8b1faa.jpg?im_w=720',181);
INSERT INTO image (type, url, room) VALUES ('detail','https://a0.muscache.com/im/pictures/167e9993-b574-41b9-af3e-98a65d67ebf5.jpg?im_w=720',181);
INSERT INTO image (type, url, room) VALUES ('detail','https://a0.muscache.com/im/pictures/2d87b06b-fdd1-4290-84f4-ff03cfedb082.jpg?im_w=720',181);
INSERT INTO image (type, url, room) VALUES ('detail','https://a0.muscache.com/im/pictures/5afed2be-3d08-4cac-89a5-e4a92c4a85e1.jpg?im_w=720',181);
INSERT INTO image (type, url, room) VALUES ('detail','https://a0.muscache.com/im/pictures/d1e4a937-fafa-428c-b976-110305f26bb9.jpg?im_w=720',181);
INSERT INTO image (type, url, room) VALUES ('detail','https://a0.muscache.com/im/pictures/6fcfb9e7-c71e-43a8-8a11-ad4fcc2d47a8.jpg?im_w=720',181);
INSERT INTO image (type, url, room) VALUES ('detail','https://a0.muscache.com/im/pictures/01075e20-9583-4e9d-9358-6098e8604f13.jpg?im_w=720',181);
INSERT INTO image (type, url, room) VALUES ('detail','https://a0.muscache.com/im/pictures/d6d915a3-7fda-4926-9363-a8ebed31c24a.jpg?im_w=720',181);
INSERT INTO image (type, url, room) VALUES ('detail','https://a0.muscache.com/im/pictures/98951478-1aa1-40ae-bad1-2044296ca669.jpg?im_w=720',181);
INSERT INTO image (type, url, room) VALUES ('detail','https://a0.muscache.com/im/pictures/6f63cb39-d8ac-4054-89d9-851367336d81.jpg?im_w=720',181);
INSERT INTO image (type, url, room) VALUES ('detail','https://a0.muscache.com/im/pictures/b8e615d4-baf3-46ec-947e-58b92e370555.jpg?im_w=720',181);
INSERT INTO image (type, url, room) VALUES ('detail','https://a0.muscache.com/im/pictures/c1a0d1f6-0da3-4d98-9eb8-38fc4d94dcf6.jpg?im_w=720',181);
INSERT INTO image (type, url, room) VALUES ('detail','https://a0.muscache.com/im/pictures/cf46884f-189a-41dd-ab5b-59e736f18963.jpg?im_w=720',181);
INSERT INTO image (type, url, room) VALUES ('detail','https://a0.muscache.com/im/pictures/465cf0f4-cd04-4b74-ab30-6d13f0487948.jpg?im_w=720',181);
INSERT INTO image (type, url, room) VALUES ('detail','https://a0.muscache.com/im/pictures/44281a2f-3ef8-4351-8e72-85237efcf0af.jpg?im_w=720',181);
INSERT INTO image (type, url, room) VALUES ('detail','https://a0.muscache.com/im/pictures/3a8e4548-aff7-42f9-a4f7-43e98eacec55.jpg?im_w=720',181);
INSERT INTO image (type, url, room) VALUES ('detail','https://a0.muscache.com/im/pictures/4d6aa176-484e-487d-98b9-1163920cbe4f.jpg?im_w=720',181);
INSERT INTO image (type, url, room) VALUES ('detail','https://a0.muscache.com/im/pictures/181ce76f-352f-4032-b866-55ab728704b1.jpg?im_w=720',181);
INSERT INTO image (type, url, room) VALUES ('detail','https://a0.muscache.com/im/pictures/bc4f8290-d04c-4b2b-afa5-5a5664552ca9.jpg?im_w=720',181);
INSERT INTO image (type, url, room) VALUES ('detail','https://a0.muscache.com/im/pictures/99e65f01-2a13-4b3f-ae67-d77791b39fd5.jpg?im_w=720',181);
INSERT INTO image (type, url, room) VALUES ('detail','https://a0.muscache.com/im/pictures/62becc1b-8543-4f1a-bd40-2359cd404151.jpg?im_w=720',181);
INSERT INTO image (type, url, room) VALUES ('detail','https://a0.muscache.com/im/pictures/3dfa2cdc-bef7-4149-9ce1-736d9a5b1325.jpg?im_w=720',181);
INSERT INTO image (type, url, room) VALUES ('detail','https://a0.muscache.com/im/pictures/9eddc1ea-b5d4-495e-89d0-7e26b008867c.jpg?im_w=720',181);
INSERT INTO image (type, url, room) VALUES ('detail','https://a0.muscache.com/im/pictures/14e05562-bd3f-443d-92dd-6b3725adf9ab.jpg?im_w=720',181);
INSERT INTO image (type, url, room) VALUES ('detail','https://a0.muscache.com/im/pictures/278e1a63-89cb-4b77-908f-1f4f329a5e6d.jpg?im_w=720',181);
INSERT INTO image (type, url, room) VALUES ('detail','https://a0.muscache.com/im/pictures/878b1e7b-d2b7-4b79-895a-16aa15d72044.jpg?im_w=720',181);
INSERT INTO image (type, url, room) VALUES ('detail','https://a0.muscache.com/im/pictures/ed6ef4db-c8e4-47f3-9620-da8ec864d29b.jpg?im_w=720',181);
INSERT INTO image (type, url, room) VALUES ('detail','https://a0.muscache.com/im/pictures/18f62408-835f-46cf-a4fc-43f2887fc0d7.jpg?im_w=720',181);
INSERT INTO image (type, url, room) VALUES ('detail','https://a0.muscache.com/im/pictures/211ab668-955d-4be1-abce-c4cacf5232d5.jpg?im_w=720',181);
insert into location(id,latitude,longitude,city) values (182,35.88,128.628,'대구');
INSERT INTO room (id, title, description, price_per_day, room_type, bed, max_guest, bathroom, location) VALUES (182,'[M house #3] 힐링할수 있는 편안한 숙소^^ 빔프로젝터완비! 신세계백화점,동대구역','Dong-gu의 초소형 주택',100000,'집 전체',1,2,1,182);
INSERT INTO image (type, url, room) VALUES ('thumb','https://a0.muscache.com/im/pictures/297691e3-a888-4f56-ad71-6b794e33a316.jpg?im_w=720',182);
INSERT INTO image (type, url, room) VALUES ('detail','https://a0.muscache.com/im/pictures/3982ae80-04c6-4677-a3ca-9ae9668f4747.jpg?im_w=720',182);
INSERT INTO image (type, url, room) VALUES ('detail','https://a0.muscache.com/im/pictures/d13fc7fd-f8ea-46ef-9d8b-d47d28a4b781.jpg?im_w=720',182);
INSERT INTO image (type, url, room) VALUES ('detail','https://a0.muscache.com/im/pictures/03807b46-661e-4f34-a965-8dba8efa162d.jpg?im_w=720',182);
INSERT INTO image (type, url, room) VALUES ('detail','https://a0.muscache.com/im/pictures/f03ab8f3-6f67-4269-839c-d43bb9d7757c.jpg?im_w=720',182);
INSERT INTO image (type, url, room) VALUES ('detail','https://a0.muscache.com/im/pictures/2e58a023-2e3a-4141-92e5-165c2c7628c2.jpg?im_w=720',182);
INSERT INTO image (type, url, room) VALUES ('detail','https://a0.muscache.com/im/pictures/24df605f-076c-4f1b-b0c3-265bee012ecb.jpg?im_w=720',182);
INSERT INTO image (type, url, room) VALUES ('detail','https://a0.muscache.com/im/pictures/8e1fd1a7-6d0d-4238-aafe-a33bb925bee1.jpg?im_w=720',182);
INSERT INTO image (type, url, room) VALUES ('detail','https://a0.muscache.com/im/pictures/a1387e17-b33c-4f2b-b4e9-78dd9665ac28.jpg?im_w=720',182);
INSERT INTO image (type, url, room) VALUES ('detail','https://a0.muscache.com/im/pictures/fdad3b06-e8bd-43a0-8c0b-cc16bcb3b681.jpg?im_w=720',182);
INSERT INTO image (type, url, room) VALUES ('detail','https://a0.muscache.com/im/pictures/158f6629-fe93-48a9-b587-ad8bfaff401f.jpg?im_w=720',182);
INSERT INTO image (type, url, room) VALUES ('detail','https://a0.muscache.com/im/pictures/9dd74db2-18e8-4d0c-ac7b-680d5820902a.jpg?im_w=720',182);
INSERT INTO image (type, url, room) VALUES ('detail','https://a0.muscache.com/im/pictures/37ebd5ab-63a4-41d1-bf94-d7e270ddfdaa.jpg?im_w=720',182);
INSERT INTO image (type, url, room) VALUES ('detail','https://a0.muscache.com/im/pictures/252dccc1-0714-4403-8b07-d59e89c3689c.jpg?im_w=720',182);
INSERT INTO image (type, url, room) VALUES ('detail','https://a0.muscache.com/im/pictures/f341ae2c-1f48-47dc-918f-23925bbc794e.jpg?im_w=720',182);
INSERT INTO image (type, url, room) VALUES ('detail','https://a0.muscache.com/im/pictures/21c6fc9b-c520-4df9-977c-a8b9929d5da9.jpg?im_w=720',182);
INSERT INTO image (type, url, room) VALUES ('detail','https://a0.muscache.com/im/pictures/57ba40c9-dc16-4c37-968c-78b108a71a14.jpg?im_w=720',182);
INSERT INTO image (type, url, room) VALUES ('detail','https://a0.muscache.com/im/pictures/39427c31-643c-4459-9e20-24963b9d4058.jpg?im_w=720',182);
INSERT INTO image (type, url, room) VALUES ('detail','https://a0.muscache.com/im/pictures/a329cda7-7c43-4486-9dfc-98ea1938b713.jpg?im_w=720',182);
INSERT INTO image (type, url, room) VALUES ('detail','https://a0.muscache.com/im/pictures/e48450dd-b1ea-434f-bf47-2acbd741d6af.jpg?im_w=720',182);
INSERT INTO image (type, url, room) VALUES ('detail','https://a0.muscache.com/im/pictures/a4fb9abc-2dd2-4c25-be1a-39940693dc48.jpg?im_w=720',182);
INSERT INTO image (type, url, room) VALUES ('detail','https://a0.muscache.com/im/pictures/188696c9-59e2-48ff-850b-0626c3d31883.jpg?im_w=720',182);
INSERT INTO image (type, url, room) VALUES ('detail','https://a0.muscache.com/im/pictures/099743bb-b141-4a0c-b930-085d7428be81.jpg?im_w=720',182);
INSERT INTO image (type, url, room) VALUES ('detail','https://a0.muscache.com/im/pictures/b2db2643-e729-49f6-b553-6be0e51cc291.jpg?im_w=720',182);
INSERT INTO image (type, url, room) VALUES ('detail','https://a0.muscache.com/im/pictures/efe1d84e-daa5-4764-8386-454640f3ac05.jpg?im_w=720',182);
INSERT INTO image (type, url, room) VALUES ('detail','https://a0.muscache.com/im/pictures/55a4f3aa-c84e-4e0f-a860-a72b9cc928a0.jpg?im_w=720',182);
INSERT INTO image (type, url, room) VALUES ('detail','https://a0.muscache.com/im/pictures/4fda4c1c-5c7e-46d1-baf8-962a9a0181ae.jpg?im_w=720',182);
INSERT INTO image (type, url, room) VALUES ('detail','https://a0.muscache.com/im/pictures/d1f1b700-eb00-479e-a5a0-5d256f77a44a.jpg?im_w=720',182);
INSERT INTO image (type, url, room) VALUES ('detail','https://a0.muscache.com/im/pictures/8c5d8015-0ef7-4367-a59a-1431b733998d.jpg?im_w=720',182);
INSERT INTO image (type, url, room) VALUES ('detail','https://a0.muscache.com/im/pictures/92b057c5-493f-4673-b068-9bd414ef1bac.jpg?im_w=720',182);
insert into location(id,latitude,longitude,city) values (183,35.88,128.626,'대구');
INSERT INTO room (id, title, description, price_per_day, room_type, bed, max_guest, bathroom, location) VALUES (183,'13[매일방역,동대구역1분] 뷰맛집','Sinam-dong, Dong-gu의 아파트 전체',98000,'집 전체',2,4,1,183);
INSERT INTO image (type, url, room) VALUES ('thumb','https://a0.muscache.com/im/pictures/7ab9639c-1869-4f2a-9b78-468f0daeaddc.jpg?im_w=720',183);
INSERT INTO image (type, url, room) VALUES ('detail','https://a0.muscache.com/im/pictures/b443afa1-2d5f-4af4-b93a-fb53a0e6f78a.jpg?im_w=720',183);
INSERT INTO image (type, url, room) VALUES ('detail','https://a0.muscache.com/im/pictures/00dc64f1-3d45-480c-b8d3-39cad1d2a637.jpg?im_w=720',183);
INSERT INTO image (type, url, room) VALUES ('detail','https://a0.muscache.com/im/pictures/1146954b-5639-43a8-ad4c-9f7bc0e5a059.jpg?im_w=720',183);
INSERT INTO image (type, url, room) VALUES ('detail','https://a0.muscache.com/im/pictures/93a880ca-35fb-46e7-9b77-5ec9369b6dfc.jpg?im_w=720',183);
INSERT INTO image (type, url, room) VALUES ('detail','https://a0.muscache.com/im/pictures/e706c84a-5a47-4659-9850-8c460051d2be.jpg?im_w=720',183);
INSERT INTO image (type, url, room) VALUES ('detail','https://a0.muscache.com/im/pictures/b7f7321a-4be3-4029-b565-724af084bf6f.jpg?im_w=720',183);
INSERT INTO image (type, url, room) VALUES ('detail','https://a0.muscache.com/im/pictures/f8fdc72b-1902-434d-8f5c-9537280461ff.jpg?im_w=720',183);
INSERT INTO image (type, url, room) VALUES ('detail','https://a0.muscache.com/im/pictures/64a2d431-8fa8-427a-966e-ae4fee112675.jpg?im_w=720',183);
INSERT INTO image (type, url, room) VALUES ('detail','https://a0.muscache.com/im/pictures/ea43b3c4-1e99-443a-ad4d-aff26813c728.jpg?im_w=720',183);
INSERT INTO image (type, url, room) VALUES ('detail','https://a0.muscache.com/im/pictures/172863dc-79d3-411c-8f89-a0b560b26c0a.jpg?im_w=720',183);
INSERT INTO image (type, url, room) VALUES ('detail','https://a0.muscache.com/im/pictures/c492a4cc-5813-4301-965d-2c7106e3125e.jpg?im_w=720',183);
INSERT INTO image (type, url, room) VALUES ('detail','https://a0.muscache.com/im/pictures/b0b6c594-ae9e-4803-892c-ab667a1abe0f.jpg?im_w=720',183);
INSERT INTO image (type, url, room) VALUES ('detail','https://a0.muscache.com/im/pictures/1ad17151-2d5b-4601-8b6e-9ddd5b8c8b49.jpg?im_w=720',183);
INSERT INTO image (type, url, room) VALUES ('detail','https://a0.muscache.com/im/pictures/257a4af7-0266-48cc-861a-e7754388a702.jpg?im_w=720',183);
INSERT INTO image (type, url, room) VALUES ('detail','https://a0.muscache.com/im/pictures/50ee8519-50ce-46c5-a664-f587ed1ea8d9.jpg?im_w=720',183);
INSERT INTO image (type, url, room) VALUES ('detail','https://a0.muscache.com/im/pictures/49bd8185-5c12-4671-a966-1b148e78ef25.jpg?im_w=720',183);
INSERT INTO image (type, url, room) VALUES ('detail','https://a0.muscache.com/im/pictures/7c6b1596-787c-4011-8ee4-a3045b79c2c7.jpg?im_w=720',183);
INSERT INTO image (type, url, room) VALUES ('detail','https://a0.muscache.com/im/pictures/50173d05-bb45-4b72-bd79-0a174953f514.jpg?im_w=720',183);
INSERT INTO image (type, url, room) VALUES ('detail','https://a0.muscache.com/im/pictures/6424babc-4326-4e00-9158-2585678fa110.jpg?im_w=720',183);
INSERT INTO image (type, url, room) VALUES ('detail','https://a0.muscache.com/im/pictures/3fbd8b9b-5cdb-40c8-a2f6-a9c370d7ee8b.jpg?im_w=720',183);
insert into location(id,latitude,longitude,city) values (184,35.891,128.617,'대구');
INSERT INTO room (id, title, description, price_per_day, room_type, bed, max_guest, bathroom, location) VALUES (184,'봉구하우스26 착한가격 개인실,동대구역5분,공항10분,시내 15분,무료주차,루프탑 무료이용','Bokhyeon 1(il)-dong, Buk-gu의 아파트 전체',100000,'집 전체',1,2,1,184);
INSERT INTO image (type, url, room) VALUES ('thumb','https://a0.muscache.com/im/pictures/04c003e9-21e7-47c2-b83a-241672689111.jpg?im_w=720',184);
INSERT INTO image (type, url, room) VALUES ('detail','https://a0.muscache.com/im/pictures/f6afc0c3-fcce-4dad-8db1-ea72ff498ca3.jpg?im_w=720',184);
INSERT INTO image (type, url, room) VALUES ('detail','https://a0.muscache.com/im/pictures/7b529769-0eef-4b94-bac5-7f2c90f02faf.jpg?im_w=720',184);
INSERT INTO image (type, url, room) VALUES ('detail','https://a0.muscache.com/im/pictures/20d90c54-ab93-4877-b4d1-5d4d71492db0.jpg?im_w=720',184);
INSERT INTO image (type, url, room) VALUES ('detail','https://a0.muscache.com/im/pictures/eaf6dabc-8e78-4588-8872-4413aeccbf4c.jpg?im_w=720',184);
INSERT INTO image (type, url, room) VALUES ('detail','https://a0.muscache.com/im/pictures/583bfb66-4300-4805-b9ca-43a4e69816bb.jpg?im_w=720',184);
INSERT INTO image (type, url, room) VALUES ('detail','https://a0.muscache.com/im/pictures/d6f090c5-f28c-4ffd-bef1-9e18909044fa.jpg?im_w=720',184);
INSERT INTO image (type, url, room) VALUES ('detail','https://a0.muscache.com/im/pictures/6a6a51c2-85f2-48d8-921e-58459b4e776a.jpg?im_w=720',184);
INSERT INTO image (type, url, room) VALUES ('detail','https://a0.muscache.com/im/pictures/fe0ea56c-7295-4da3-8d2b-5a3611b369d1.jpg?im_w=720',184);
INSERT INTO image (type, url, room) VALUES ('detail','https://a0.muscache.com/im/pictures/miso/Hosting-35983855/original/7cdd970a-c051-4441-93a0-36f873a3a32a.jpeg?im_w=720',184);
INSERT INTO image (type, url, room) VALUES ('detail','https://a0.muscache.com/im/pictures/miso/Hosting-35983855/original/d3a808a7-0e79-44d4-a863-bf492f8643c4.jpeg?im_w=720',184);
INSERT INTO image (type, url, room) VALUES ('detail','https://a0.muscache.com/im/pictures/miso/Hosting-35983855/original/9209555a-dc39-482a-8e7d-6befc8187dc3.jpeg?im_w=720',184);
INSERT INTO image (type, url, room) VALUES ('detail','https://a0.muscache.com/im/pictures/miso/Hosting-35983855/original/3a3c45d5-dec9-4897-8bc3-610e91752b5f.jpeg?im_w=720',184);
INSERT INTO image (type, url, room) VALUES ('detail','https://a0.muscache.com/im/pictures/miso/Hosting-35983855/original/92e97c38-89ca-483f-8cca-e858e0cbb54a.jpeg?im_w=720',184);
INSERT INTO image (type, url, room) VALUES ('detail','https://a0.muscache.com/im/pictures/8779f9b3-56d9-45c5-9a74-6402c46e2b22.jpg?im_w=720',184);
INSERT INTO image (type, url, room) VALUES ('detail','https://a0.muscache.com/im/pictures/miso/Hosting-35983855/original/41cca5c8-fa47-4f95-b67b-f4b7146c4676.jpeg?im_w=720',184);
INSERT INTO image (type, url, room) VALUES ('detail','https://a0.muscache.com/im/pictures/miso/Hosting-35983855/original/41d349fe-23b1-4e8a-aa94-6782e5306f7b.jpeg?im_w=720',184);
INSERT INTO image (type, url, room) VALUES ('detail','https://a0.muscache.com/im/pictures/miso/Hosting-35983855/original/19e78fb9-3cae-4baf-a131-517f91d33f23.jpeg?im_w=720',184);
INSERT INTO image (type, url, room) VALUES ('detail','https://a0.muscache.com/im/pictures/a2ddef8a-f96b-4b65-90ef-5a00a8bec57b.jpg?im_w=720',184);
INSERT INTO image (type, url, room) VALUES ('detail','https://a0.muscache.com/im/pictures/7e5d3da5-1bde-471e-bf14-d8e3fdd9a675.jpg?im_w=720',184);
INSERT INTO image (type, url, room) VALUES ('detail','https://a0.muscache.com/im/pictures/dc9105a0-a914-4bcf-8b2a-437298684eb1.jpg?im_w=720',184);
INSERT INTO image (type, url, room) VALUES ('detail','https://a0.muscache.com/im/pictures/e39337bb-9ad7-42cb-8c5d-dcbe1eae51a6.jpg?im_w=720',184);
INSERT INTO image (type, url, room) VALUES ('detail','https://a0.muscache.com/im/pictures/efa03197-942a-4838-b2ce-1f9e11ca6ce6.jpg?im_w=720',184);
INSERT INTO image (type, url, room) VALUES ('detail','https://a0.muscache.com/im/pictures/f32ae619-d8fc-4b1c-a697-7065f50db69c.jpg?im_w=720',184);
INSERT INTO image (type, url, room) VALUES ('detail','https://a0.muscache.com/im/pictures/300975bb-6bdb-4f7f-81ec-c7c7eeb50ba3.jpg?im_w=720',184);
INSERT INTO image (type, url, room) VALUES ('detail','https://a0.muscache.com/im/pictures/b34b9e6a-16b9-41d6-ad9b-5c2ea1134dc1.jpg?im_w=720',184);
INSERT INTO image (type, url, room) VALUES ('detail','https://a0.muscache.com/im/pictures/95f2a586-3e15-49fe-bab3-5300216cc422.jpg?im_w=720',184);
INSERT INTO image (type, url, room) VALUES ('detail','https://a0.muscache.com/im/pictures/28482611-2b87-44e7-a4e1-50afe8c3b5a3.jpg?im_w=720',184);
INSERT INTO image (type, url, room) VALUES ('detail','https://a0.muscache.com/im/pictures/db7afcee-6c74-4e09-bb16-2909914bb020.jpg?im_w=720',184);
INSERT INTO image (type, url, room) VALUES ('detail','https://a0.muscache.com/im/pictures/052b41d7-23ce-4c04-b59d-e2648c4826b0.jpg?im_w=720',184);
insert into location(id,latitude,longitude,city) values (185,35.866,128.594,'대구');
INSERT INTO room (id, title, description, price_per_day, room_type, bed, max_guest, bathroom, location) VALUES (185,'깨끗한 집/반월당역 바로 앞/공기청정기/넷플릭스','중구의 아파트 전체',85000,'집 전체',3,4,1,185);
INSERT INTO image (type, url, room) VALUES ('thumb','https://a0.muscache.com/im/pictures/cf22b466-0434-4aad-b3ad-80e68699bb7c.jpg?im_w=720',185);
INSERT INTO image (type, url, room) VALUES ('detail','https://a0.muscache.com/im/pictures/22974995-529a-4d69-9462-8133e1376d86.jpg?im_w=720',185);
INSERT INTO image (type, url, room) VALUES ('detail','https://a0.muscache.com/im/pictures/b64fcc1d-e383-46db-afb6-b6b46dbc7dc4.jpg?im_w=720',185);
INSERT INTO image (type, url, room) VALUES ('detail','https://a0.muscache.com/im/pictures/0b8e694b-1d5a-438a-931d-561fe4fae10e.jpg?im_w=720',185);
INSERT INTO image (type, url, room) VALUES ('detail','https://a0.muscache.com/im/pictures/36e3191c-3412-4b38-b470-47ef04666882.jpg?im_w=720',185);
INSERT INTO image (type, url, room) VALUES ('detail','https://a0.muscache.com/im/pictures/f6e57a73-3e0e-4889-83df-f1537ef6b0b9.jpg?im_w=720',185);
INSERT INTO image (type, url, room) VALUES ('detail','https://a0.muscache.com/im/pictures/0f195101-80cc-4a15-ad22-c367fc170ba1.jpg?im_w=720',185);
INSERT INTO image (type, url, room) VALUES ('detail','https://a0.muscache.com/im/pictures/21089017-0b76-4cbb-8d2a-6de51b44f400.jpg?im_w=720',185);
INSERT INTO image (type, url, room) VALUES ('detail','https://a0.muscache.com/im/pictures/2d263f14-2fa5-4296-b79b-88eade4d16d8.jpg?im_w=720',185);
INSERT INTO image (type, url, room) VALUES ('detail','https://a0.muscache.com/im/pictures/90845be7-29b0-4a96-800e-bfa2882963d4.jpg?im_w=720',185);
INSERT INTO image (type, url, room) VALUES ('detail','https://a0.muscache.com/im/pictures/31a2d4d6-21a3-407d-a1a8-39f682cfc140.jpg?im_w=720',185);
INSERT INTO image (type, url, room) VALUES ('detail','https://a0.muscache.com/im/pictures/1a7096ea-c00a-494b-8d1c-86cd60c44aa7.jpg?im_w=720',185);
INSERT INTO image (type, url, room) VALUES ('detail','https://a0.muscache.com/im/pictures/a0d08330-076e-4b88-aad1-9ab81d428cf7.jpg?im_w=720',185);
INSERT INTO image (type, url, room) VALUES ('detail','https://a0.muscache.com/im/pictures/0cfab572-422b-43e2-ab5d-b82cb2d00faf.jpg?im_w=720',185);
INSERT INTO image (type, url, room) VALUES ('detail','https://a0.muscache.com/im/pictures/66a56106-4082-4d8f-8acd-8f4d664ca3f9.jpg?im_w=720',185);
INSERT INTO image (type, url, room) VALUES ('detail','https://a0.muscache.com/im/pictures/58aed0e6-dc63-4401-96f7-b8368fe11d7d.jpg?im_w=720',185);
INSERT INTO image (type, url, room) VALUES ('detail','https://a0.muscache.com/im/pictures/d28a88ef-ef44-49d6-9d4c-ccaf73fb1e99.jpg?im_w=720',185);
INSERT INTO image (type, url, room) VALUES ('detail','https://a0.muscache.com/im/pictures/4034a9ef-1990-4999-8a60-ff754d53b095.jpg?im_w=720',185);
INSERT INTO image (type, url, room) VALUES ('detail','https://a0.muscache.com/im/pictures/00be17a7-fb46-4498-a6ad-2ee80e6cea6c.jpg?im_w=720',185);
INSERT INTO image (type, url, room) VALUES ('detail','https://a0.muscache.com/im/pictures/bfe60f16-854c-4514-b23d-5009e792496a.jpg?im_w=720',185);
INSERT INTO image (type, url, room) VALUES ('detail','https://a0.muscache.com/im/pictures/9df9521d-c6ac-43cb-b6e1-18cc66b1ecb8.jpg?im_w=720',185);
INSERT INTO image (type, url, room) VALUES ('detail','https://a0.muscache.com/im/pictures/9397bf6d-6c3e-466e-93ee-1480ec3b10c3.jpg?im_w=720',185);
INSERT INTO image (type, url, room) VALUES ('detail','https://a0.muscache.com/im/pictures/d5fdacda-896f-45f8-9e32-5c6aa4edef9f.jpg?im_w=720',185);
INSERT INTO image (type, url, room) VALUES ('detail','https://a0.muscache.com/im/pictures/3ec949f3-dda7-421b-91bd-2f41f3f1fcf9.jpg?im_w=720',185);
INSERT INTO image (type, url, room) VALUES ('detail','https://a0.muscache.com/im/pictures/ce5a7528-66aa-46f9-b192-175a616f888d.jpg?im_w=720',185);
INSERT INTO image (type, url, room) VALUES ('detail','https://a0.muscache.com/im/pictures/427e2098-ceb0-4b53-bd4b-d65b9c3b1194.jpg?im_w=720',185);
INSERT INTO image (type, url, room) VALUES ('detail','https://a0.muscache.com/im/pictures/0e1b962e-77f0-4e77-8383-696798ae6ad0.jpg?im_w=720',185);
INSERT INTO image (type, url, room) VALUES ('detail','https://a0.muscache.com/im/pictures/6360729e-f052-4ecc-a48b-c001ca4648b1.jpg?im_w=720',185);
INSERT INTO image (type, url, room) VALUES ('detail','https://a0.muscache.com/im/pictures/07c699cb-adad-4bf0-8167-e1bfb5ab36f2.jpg?im_w=720',185);
INSERT INTO image (type, url, room) VALUES ('detail','https://a0.muscache.com/im/pictures/e52dee29-8495-4124-9366-8fb5c2639e7a.jpg?im_w=720',185);
insert into location(id,latitude,longitude,city) values (186,35.893,128.618,'대구');
INSERT INTO room (id, title, description, price_per_day, room_type, bed, max_guest, bathroom, location) VALUES (186,'봉구하우스27 착한가격 개인실,동대구역5분,공항10분,시내 15분,무료주차,루프탑무료이용','Buk-gu의 아파트 전체',100000,'집 전체',1,2,1,186);
INSERT INTO image (type, url, room) VALUES ('thumb','https://a0.muscache.com/im/pictures/b7f0da32-43bf-495a-acb6-245c9911951c.jpg?im_w=720',186);
INSERT INTO image (type, url, room) VALUES ('detail','https://a0.muscache.com/im/pictures/03c1c687-0914-4f11-a2c6-4211b7d35154.jpg?im_w=720',186);
INSERT INTO image (type, url, room) VALUES ('detail','https://a0.muscache.com/im/pictures/59b1d33c-23f9-43bf-aa32-b836de8e1500.jpg?im_w=720',186);
INSERT INTO image (type, url, room) VALUES ('detail','https://a0.muscache.com/im/pictures/4d76ea21-a9a5-4975-adb7-ca5f54fa87be.jpg?im_w=720',186);
INSERT INTO image (type, url, room) VALUES ('detail','https://a0.muscache.com/im/pictures/b5264ec2-f475-4f29-8407-aad058e0125c.jpg?im_w=720',186);
INSERT INTO image (type, url, room) VALUES ('detail','https://a0.muscache.com/im/pictures/1518a7ca-66aa-4ea9-9806-23d0c76e5544.jpg?im_w=720',186);
INSERT INTO image (type, url, room) VALUES ('detail','https://a0.muscache.com/im/pictures/637c3e6f-31f1-4993-998b-f348934e74e4.jpg?im_w=720',186);
INSERT INTO image (type, url, room) VALUES ('detail','https://a0.muscache.com/im/pictures/e45ec2f6-1651-49c9-a33f-7b1abccd22c4.jpg?im_w=720',186);
INSERT INTO image (type, url, room) VALUES ('detail','https://a0.muscache.com/im/pictures/d37e8b74-1945-4e2f-9622-7727a6b2eb60.jpg?im_w=720',186);
INSERT INTO image (type, url, room) VALUES ('detail','https://a0.muscache.com/im/pictures/a860a0d1-38c4-4c5b-8eec-a4d0e6d0bcd4.jpg?im_w=720',186);
INSERT INTO image (type, url, room) VALUES ('detail','https://a0.muscache.com/im/pictures/0f49d607-6bc1-45c9-a3fb-8dac915271e4.jpg?im_w=720',186);
INSERT INTO image (type, url, room) VALUES ('detail','https://a0.muscache.com/im/pictures/miso/Hosting-36370195/original/868e80c9-5533-4b47-b1dc-968c295ff034.jpeg?im_w=720',186);
INSERT INTO image (type, url, room) VALUES ('detail','https://a0.muscache.com/im/pictures/miso/Hosting-36370195/original/c42595ed-8e75-4b6c-b193-f6d1a3c6f3f3.jpeg?im_w=720',186);
INSERT INTO image (type, url, room) VALUES ('detail','https://a0.muscache.com/im/pictures/miso/Hosting-36370195/original/e61293be-e322-4913-946a-ca732e698cfb.jpeg?im_w=720',186);
INSERT INTO image (type, url, room) VALUES ('detail','https://a0.muscache.com/im/pictures/miso/Hosting-36370195/original/c41f583e-688b-4d2b-bcf2-938391b29f1c.jpeg?im_w=720',186);
INSERT INTO image (type, url, room) VALUES ('detail','https://a0.muscache.com/im/pictures/miso/Hosting-36370195/original/eb0fe89c-5578-4030-b1ec-950a16353f40.jpeg?im_w=720',186);
INSERT INTO image (type, url, room) VALUES ('detail','https://a0.muscache.com/im/pictures/miso/Hosting-36370195/original/aceb2c36-6ff6-4f9d-a7d4-04c6b0ba0c82.jpeg?im_w=720',186);
INSERT INTO image (type, url, room) VALUES ('detail','https://a0.muscache.com/im/pictures/miso/Hosting-36370195/original/059eb849-e74c-4819-94ba-20ee7b454b24.jpeg?im_w=720',186);
INSERT INTO image (type, url, room) VALUES ('detail','https://a0.muscache.com/im/pictures/miso/Hosting-36370195/original/f5f03e2b-11db-4d72-af13-b53eafc045cc.jpeg?im_w=720',186);
INSERT INTO image (type, url, room) VALUES ('detail','https://a0.muscache.com/im/pictures/f25c8480-5c6f-402f-9880-7f373adc2d56.jpg?im_w=720',186);
INSERT INTO image (type, url, room) VALUES ('detail','https://a0.muscache.com/im/pictures/f8abb9f9-cb80-4e28-b9bd-d9b380cb2a99.jpg?im_w=720',186);
INSERT INTO image (type, url, room) VALUES ('detail','https://a0.muscache.com/im/pictures/fa70ebed-e8b1-4d5b-ab67-a7882d0a7e7b.jpg?im_w=720',186);
INSERT INTO image (type, url, room) VALUES ('detail','https://a0.muscache.com/im/pictures/5a7336f3-c0ac-437e-a176-3e6e8dd0d344.jpg?im_w=720',186);
INSERT INTO image (type, url, room) VALUES ('detail','https://a0.muscache.com/im/pictures/c37e0636-751a-4bae-add9-895343fbb8dc.jpg?im_w=720',186);
INSERT INTO image (type, url, room) VALUES ('detail','https://a0.muscache.com/im/pictures/a6b8030e-9f0f-4ab3-801e-6ea2b283c80d.jpg?im_w=720',186);
INSERT INTO image (type, url, room) VALUES ('detail','https://a0.muscache.com/im/pictures/84201581-fa20-449c-89fb-90c03bac6e41.jpg?im_w=720',186);
INSERT INTO image (type, url, room) VALUES ('detail','https://a0.muscache.com/im/pictures/b6d7c837-f62d-48e4-a4a4-6d3834809858.jpg?im_w=720',186);
INSERT INTO image (type, url, room) VALUES ('detail','https://a0.muscache.com/im/pictures/25a2db03-f0ef-48d2-9774-35f9db22ebdf.jpg?im_w=720',186);
INSERT INTO image (type, url, room) VALUES ('detail','https://a0.muscache.com/im/pictures/8d03b873-344f-4a1e-8819-5911be21bb84.jpg?im_w=720',186);
INSERT INTO image (type, url, room) VALUES ('detail','https://a0.muscache.com/im/pictures/9fad0142-68fc-4662-a45c-465325b7fc6a.jpg?im_w=720',186);
insert into location(id,latitude,longitude,city) values (187,35.874,128.628,'대구');
INSERT INTO room (id, title, description, price_per_day, room_type, bed, max_guest, bathroom, location) VALUES (187,'@tiny veranda house/standard 환승센터_신세계백화점🏃🏻7분 공항🚕10분','Sincheon 4(sa)-dong, Dong-gu의 아파트 전체',100000,'집 전체',1,2,1,187);
INSERT INTO image (type, url, room) VALUES ('thumb','https://a0.muscache.com/im/pictures/76a34067-e93d-4cc7-8444-c38a6793b88a.jpg?im_w=720',187);
INSERT INTO image (type, url, room) VALUES ('detail','https://a0.muscache.com/im/pictures/df6b85df-a238-4bf0-9219-e077c5a4e8a3.jpg?im_w=720',187);
INSERT INTO image (type, url, room) VALUES ('detail','https://a0.muscache.com/im/pictures/76f1b1ce-1ec7-4015-85eb-29ee58f31d15.jpg?im_w=720',187);
INSERT INTO image (type, url, room) VALUES ('detail','https://a0.muscache.com/im/pictures/92314112-14bb-4777-ab93-b1e7031a0d5d.jpg?im_w=720',187);
INSERT INTO image (type, url, room) VALUES ('detail','https://a0.muscache.com/im/pictures/86a85b16-71e1-4ac2-b5c6-d5c7ad50db24.jpg?im_w=720',187);
INSERT INTO image (type, url, room) VALUES ('detail','https://a0.muscache.com/im/pictures/c1c4c83b-1061-4087-9610-15af0f5dec7c.jpg?im_w=720',187);
INSERT INTO image (type, url, room) VALUES ('detail','https://a0.muscache.com/im/pictures/89fc2a90-89c7-4531-a4c8-6bb1ca841f84.jpg?im_w=720',187);
INSERT INTO image (type, url, room) VALUES ('detail','https://a0.muscache.com/im/pictures/2b9c959f-15e1-4430-8868-05395c296702.jpg?im_w=720',187);
INSERT INTO image (type, url, room) VALUES ('detail','https://a0.muscache.com/im/pictures/ff358d9c-f8d0-4a40-a0e9-6af0495ca163.jpg?im_w=720',187);
INSERT INTO image (type, url, room) VALUES ('detail','https://a0.muscache.com/im/pictures/7dec1c5e-8b67-4781-8efe-f7e48a3fefd9.jpg?im_w=720',187);
INSERT INTO image (type, url, room) VALUES ('detail','https://a0.muscache.com/im/pictures/fdca35c6-7e7d-4286-b466-e099857f9cf2.jpg?im_w=720',187);
insert into location(id,latitude,longitude,city) values (188,35.876,128.628,'대구');
INSERT INTO room (id, title, description, price_per_day, room_type, bed, max_guest, bathroom, location) VALUES (188,'COZY HOUSE #2 넷플릭스, 시티뷰[동대구역 KTX 5분, 신세계 백화점 3분]','Sincheon 4(sa)-dong, Dong-gu의 레지던스 전체',100000,'집 전체',1,2,1,188);
INSERT INTO image (type, url, room) VALUES ('thumb','https://a0.muscache.com/im/pictures/miso/Hosting-44452551/original/b412f447-1d02-484c-9908-ce6970a84da6.jpeg?im_w=720',188);
INSERT INTO image (type, url, room) VALUES ('detail','https://a0.muscache.com/im/pictures/4ff49e01-9b22-4470-be75-f67e024c5f51.jpg?im_w=720',188);
INSERT INTO image (type, url, room) VALUES ('detail','https://a0.muscache.com/im/pictures/66c4b06d-5b27-4ebd-9000-b463fdf122a6.jpg?im_w=720',188);
INSERT INTO image (type, url, room) VALUES ('detail','https://a0.muscache.com/im/pictures/338c4265-1cb3-47a3-ac26-fe9cf6c552a8.jpg?im_w=720',188);
INSERT INTO image (type, url, room) VALUES ('detail','https://a0.muscache.com/im/pictures/a64983c3-0eeb-4b44-a3a2-88c371a2ffe2.jpg?im_w=720',188);
INSERT INTO image (type, url, room) VALUES ('detail','https://a0.muscache.com/im/pictures/miso/Hosting-44452551/original/7842cdf3-8760-4f40-a6f3-256a49367978.jpeg?im_w=720',188);
INSERT INTO image (type, url, room) VALUES ('detail','https://a0.muscache.com/im/pictures/51cebd74-c206-4325-a88a-572b4ad04f84.jpg?im_w=720',188);
INSERT INTO image (type, url, room) VALUES ('detail','https://a0.muscache.com/im/pictures/befa5be7-527c-4c18-874c-f299dbc31f4f.jpg?im_w=720',188);
INSERT INTO image (type, url, room) VALUES ('detail','https://a0.muscache.com/im/pictures/f8b82629-d5e2-4f84-8710-b35d3411926d.jpg?im_w=720',188);
INSERT INTO image (type, url, room) VALUES ('detail','https://a0.muscache.com/im/pictures/43da470e-86d8-4155-87c9-8664bfdbafbf.jpg?im_w=720',188);
INSERT INTO image (type, url, room) VALUES ('detail','https://a0.muscache.com/im/pictures/ce5cdeec-3063-45f6-8cc9-13a343fcbea8.jpg?im_w=720',188);
INSERT INTO image (type, url, room) VALUES ('detail','https://a0.muscache.com/im/pictures/0298d71b-42c0-4503-9905-0d56a94ed13e.jpg?im_w=720',188);
INSERT INTO image (type, url, room) VALUES ('detail','https://a0.muscache.com/im/pictures/10d620d1-bccb-41dc-ac41-de8834487976.jpg?im_w=720',188);
INSERT INTO image (type, url, room) VALUES ('detail','https://a0.muscache.com/im/pictures/miso/Hosting-44452551/original/8fa07332-c393-4ea8-8cbf-5b49e0699551.jpeg?im_w=720',188);
INSERT INTO image (type, url, room) VALUES ('detail','https://a0.muscache.com/im/pictures/5b373b1a-3bcc-457f-be86-df17fd7db780.jpg?im_w=720',188);
INSERT INTO image (type, url, room) VALUES ('detail','https://a0.muscache.com/im/pictures/3adb89a5-68d9-47cd-8dac-8ff9f88d5be3.jpg?im_w=720',188);
INSERT INTO image (type, url, room) VALUES ('detail','https://a0.muscache.com/im/pictures/d50bb4fb-5c3d-4fd4-851b-5448ee9f7f12.jpg?im_w=720',188);
INSERT INTO image (type, url, room) VALUES ('detail','https://a0.muscache.com/im/pictures/53a6f7e0-8281-4de9-8616-d9a9d1948686.jpg?im_w=720',188);
INSERT INTO image (type, url, room) VALUES ('detail','https://a0.muscache.com/im/pictures/02678714-0e95-4380-b4b8-495f57adb369.jpg?im_w=720',188);
INSERT INTO image (type, url, room) VALUES ('detail','https://a0.muscache.com/im/pictures/baf79a6a-2f2b-4efa-a4f8-b643e08e40ff.jpg?im_w=720',188);
INSERT INTO image (type, url, room) VALUES ('detail','https://a0.muscache.com/im/pictures/5672598c-446b-402d-9df8-6b21a80e6ef3.jpg?im_w=720',188);
INSERT INTO image (type, url, room) VALUES ('detail','https://a0.muscache.com/im/pictures/237a2a49-97f5-406a-b958-61fa1d2765d8.jpg?im_w=720',188);
INSERT INTO image (type, url, room) VALUES ('detail','https://a0.muscache.com/im/pictures/ccf9f311-3871-4431-8b87-42b767b0b272.jpg?im_w=720',188);
INSERT INTO image (type, url, room) VALUES ('detail','https://a0.muscache.com/im/pictures/81a365c0-0dce-4549-8c12-95937561aa1a.jpg?im_w=720',188);
INSERT INTO image (type, url, room) VALUES ('detail','https://a0.muscache.com/im/pictures/d0cf3bbe-e412-4a1f-ad6e-ded6e78715e9.jpg?im_w=720',188);
INSERT INTO image (type, url, room) VALUES ('detail','https://a0.muscache.com/im/pictures/7c2e2925-e43b-47cf-9e44-2fba39840401.jpg?im_w=720',188);
INSERT INTO image (type, url, room) VALUES ('detail','https://a0.muscache.com/im/pictures/92249231-a12e-4961-a1a6-9a60d53329c0.jpg?im_w=720',188);
INSERT INTO image (type, url, room) VALUES ('detail','https://a0.muscache.com/im/pictures/283d73bb-a780-4632-8f26-337185d56f71.jpg?im_w=720',188);
INSERT INTO image (type, url, room) VALUES ('detail','https://a0.muscache.com/im/pictures/dbae21ad-674c-4e28-93d0-7a62450e9ec8.jpg?im_w=720',188);
insert into location(id,latitude,longitude,city) values (189,35.87,128.589,'대구');
INSERT INTO room (id, title, description, price_per_day, room_type, bed, max_guest, bathroom, location) VALUES (189,'(오픈특가) 동성로 3min  A-HOUSE / DONGSUNGRO A-HOUSE','중구의 아파트 전체',100000,'집 전체',1,3,1,189);
INSERT INTO image (type, url, room) VALUES ('thumb','https://a0.muscache.com/im/pictures/7a4f0638-4644-4174-90ae-f6f47f7065a9.jpg?im_w=720',189);
INSERT INTO image (type, url, room) VALUES ('detail','https://a0.muscache.com/im/pictures/65d132dc-ae3e-406f-8bd0-8952450bf9a9.jpg?im_w=720',189);
INSERT INTO image (type, url, room) VALUES ('detail','https://a0.muscache.com/im/pictures/fb22376c-d2ce-4ce3-b5c2-8f73fd203383.jpg?im_w=720',189);
INSERT INTO image (type, url, room) VALUES ('detail','https://a0.muscache.com/im/pictures/59a68caa-f987-45ca-b867-6fce245ccaf4.jpg?im_w=720',189);
INSERT INTO image (type, url, room) VALUES ('detail','https://a0.muscache.com/im/pictures/2189798b-847a-4419-be1a-d9a590f8ad82.jpg?im_w=720',189);
INSERT INTO image (type, url, room) VALUES ('detail','https://a0.muscache.com/im/pictures/f3ec169d-bdd3-41d2-93f8-6704a2827b88.jpg?im_w=720',189);
INSERT INTO image (type, url, room) VALUES ('detail','https://a0.muscache.com/im/pictures/e3f5f4a3-54bf-45ee-8323-8dadeb9ba7e4.jpg?im_w=720',189);
INSERT INTO image (type, url, room) VALUES ('detail','https://a0.muscache.com/im/pictures/741c1685-80ca-44fe-be78-0423ec9b4cb1.jpg?im_w=720',189);
INSERT INTO image (type, url, room) VALUES ('detail','https://a0.muscache.com/im/pictures/860e1ac9-6c38-4892-be67-dba2ff12e6c5.jpg?im_w=720',189);
INSERT INTO image (type, url, room) VALUES ('detail','https://a0.muscache.com/im/pictures/5b834c5b-a28c-4817-9c8b-1a79d64babe5.jpg?im_w=720',189);
INSERT INTO image (type, url, room) VALUES ('detail','https://a0.muscache.com/im/pictures/c7d9b45b-9570-49e9-977f-df6ee096f305.jpg?im_w=720',189);
INSERT INTO image (type, url, room) VALUES ('detail','https://a0.muscache.com/im/pictures/c6fffc9d-b024-49f8-a6db-aa1c160c2e71.jpg?im_w=720',189);
INSERT INTO image (type, url, room) VALUES ('detail','https://a0.muscache.com/im/pictures/6d764f87-b88b-44ba-a682-03c9d37896df.jpg?im_w=720',189);
INSERT INTO image (type, url, room) VALUES ('detail','https://a0.muscache.com/im/pictures/03edf2b3-2275-48dd-b177-0cfab38705b7.jpg?im_w=720',189);
INSERT INTO image (type, url, room) VALUES ('detail','https://a0.muscache.com/im/pictures/1bc597e8-422d-4196-8268-c36e039c4889.jpg?im_w=720',189);
INSERT INTO image (type, url, room) VALUES ('detail','https://a0.muscache.com/im/pictures/65998ed0-fe8c-47ac-88ae-1b04283e71a2.jpg?im_w=720',189);
INSERT INTO image (type, url, room) VALUES ('detail','https://a0.muscache.com/im/pictures/581d6127-b4b7-421c-b0f1-ff7c2672f7ce.jpg?im_w=720',189);
INSERT INTO image (type, url, room) VALUES ('detail','https://a0.muscache.com/im/pictures/bc28474a-4fcd-4e53-b8b7-395c8d4be8a1.jpg?im_w=720',189);
INSERT INTO image (type, url, room) VALUES ('detail','https://a0.muscache.com/im/pictures/29310021-1141-4422-937a-a78136bd8b6f.jpg?im_w=720',189);
INSERT INTO image (type, url, room) VALUES ('detail','https://a0.muscache.com/im/pictures/e5193d7e-8f66-4edf-9e7c-573b8c28ad28.jpg?im_w=720',189);
INSERT INTO image (type, url, room) VALUES ('detail','https://a0.muscache.com/im/pictures/386ae763-fd79-414b-8833-a8ab118155cd.jpg?im_w=720',189);
INSERT INTO image (type, url, room) VALUES ('detail','https://a0.muscache.com/im/pictures/bd0f3a31-cda7-4c3a-b655-615bcd39bfd0.jpg?im_w=720',189);
INSERT INTO image (type, url, room) VALUES ('detail','https://a0.muscache.com/im/pictures/94c62d6b-1d5a-4b95-b375-36bb61b572fe.jpg?im_w=720',189);
INSERT INTO image (type, url, room) VALUES ('detail','https://a0.muscache.com/im/pictures/61386b61-5265-45cf-b07c-be57d773fb4c.jpg?im_w=720',189);
INSERT INTO image (type, url, room) VALUES ('detail','https://a0.muscache.com/im/pictures/548e490b-41b6-4209-9155-1548166bdb67.jpg?im_w=720',189);
INSERT INTO image (type, url, room) VALUES ('detail','https://a0.muscache.com/im/pictures/540e213e-99cc-43fb-9bde-aa0ae5e7f058.jpg?im_w=720',189);
INSERT INTO image (type, url, room) VALUES ('detail','https://a0.muscache.com/im/pictures/26a801b8-9bbc-4dd6-83a9-9e0ab4d3dfcf.jpg?im_w=720',189);
INSERT INTO image (type, url, room) VALUES ('detail','https://a0.muscache.com/im/pictures/b38bf784-3ecb-4a28-9051-300cbca34f43.jpg?im_w=720',189);
INSERT INTO image (type, url, room) VALUES ('detail','https://a0.muscache.com/im/pictures/7953aa6b-fa06-4b84-a567-764b8b32cc21.jpg?im_w=720',189);
insert into location(id,latitude,longitude,city) values (190,35.882,128.627,'대구');
INSERT INTO room (id, title, description, price_per_day, room_type, bed, max_guest, bathroom, location) VALUES (190,'WOODHOUSE#3 넷플릭스가능,아늑한화이트우드룸:)동대구역3분,신세계4분KTX 3min','KR의 아파트 전체',100000,'집 전체',1,2,1,190);
INSERT INTO image (type, url, room) VALUES ('thumb','https://a0.muscache.com/im/pictures/9f99d3b6-8c39-426c-aeba-b35df4e0d87d.jpg?im_w=720',190);
INSERT INTO image (type, url, room) VALUES ('detail','https://a0.muscache.com/im/pictures/5512a76c-0243-4fa2-99fa-58af07635f9c.jpg?im_w=720',190);
INSERT INTO image (type, url, room) VALUES ('detail','https://a0.muscache.com/im/pictures/24ac6282-fd8d-4243-ab9f-04c05b350974.jpg?im_w=720',190);
INSERT INTO image (type, url, room) VALUES ('detail','https://a0.muscache.com/im/pictures/046c47ef-c44f-42a4-ab8d-021b41657fd5.jpg?im_w=720',190);
INSERT INTO image (type, url, room) VALUES ('detail','https://a0.muscache.com/im/pictures/c13878fa-a902-46ce-8ae4-7d3dae1626ac.jpg?im_w=720',190);
INSERT INTO image (type, url, room) VALUES ('detail','https://a0.muscache.com/im/pictures/5c0afb55-0cb8-4049-9f8c-6f412de947e9.jpg?im_w=720',190);
INSERT INTO image (type, url, room) VALUES ('detail','https://a0.muscache.com/im/pictures/2a7308a0-3118-405e-8e9c-b7d7a7fb9fdb.jpg?im_w=720',190);
INSERT INTO image (type, url, room) VALUES ('detail','https://a0.muscache.com/im/pictures/6b4787c4-152e-43f1-9eda-7cd8e72af28c.jpg?im_w=720',190);
INSERT INTO image (type, url, room) VALUES ('detail','https://a0.muscache.com/im/pictures/a4f759fa-4110-4cc7-ae64-f0fe1b10e678.jpg?im_w=720',190);
INSERT INTO image (type, url, room) VALUES ('detail','https://a0.muscache.com/im/pictures/8a4c89b6-a12c-4fae-84e0-ca5378ceb451.jpg?im_w=720',190);
INSERT INTO image (type, url, room) VALUES ('detail','https://a0.muscache.com/im/pictures/1112d05e-73bc-425a-9e45-f4f4d6e2c96c.jpg?im_w=720',190);
INSERT INTO image (type, url, room) VALUES ('detail','https://a0.muscache.com/im/pictures/97794b4b-c3ce-4547-9993-884f361387e3.jpg?im_w=720',190);
INSERT INTO image (type, url, room) VALUES ('detail','https://a0.muscache.com/im/pictures/8432e601-8b7f-4e2d-8576-f0392f96dd29.jpg?im_w=720',190);
INSERT INTO image (type, url, room) VALUES ('detail','https://a0.muscache.com/im/pictures/bd076e13-6381-4b56-8fa2-96a1c785cc7b.jpg?im_w=720',190);
INSERT INTO image (type, url, room) VALUES ('detail','https://a0.muscache.com/im/pictures/56db87c4-0f0e-4a40-93f7-a9359deaaeb9.jpg?im_w=720',190);
INSERT INTO image (type, url, room) VALUES ('detail','https://a0.muscache.com/im/pictures/6fe025e6-9bd7-456c-af76-5667a736d21e.jpg?im_w=720',190);
INSERT INTO image (type, url, room) VALUES ('detail','https://a0.muscache.com/im/pictures/4e27719c-5241-4601-b408-aeb2b3d2c199.jpg?im_w=720',190);
INSERT INTO image (type, url, room) VALUES ('detail','https://a0.muscache.com/im/pictures/5212a6d3-8ef3-456d-b863-1873eb1a8834.jpg?im_w=720',190);
INSERT INTO image (type, url, room) VALUES ('detail','https://a0.muscache.com/im/pictures/8a88c7df-88d5-434d-b3e7-82e1011e43c9.jpg?im_w=720',190);
INSERT INTO image (type, url, room) VALUES ('detail','https://a0.muscache.com/im/pictures/9c96b69e-af27-4824-a5d8-d2aa4107324a.jpg?im_w=720',190);
INSERT INTO image (type, url, room) VALUES ('detail','https://a0.muscache.com/im/pictures/c3235c70-f2b8-4c4c-b41b-927cccdf7017.jpg?im_w=720',190);
INSERT INTO image (type, url, room) VALUES ('detail','https://a0.muscache.com/im/pictures/45f1891c-3f54-460d-8393-3febae3ad8ee.jpg?im_w=720',190);
insert into location(id,latitude,longitude,city) values (191,35.876,128.626,'대구');
INSERT INTO room (id, title, description, price_per_day, room_type, bed, max_guest, bathroom, location) VALUES (191,'★T-House#21★투룸★동대구역 시티뷰+55인치스마트TV+넷플릭스+IPTV+매일소독격리','Sincheon 4(sa)-dong, Dong-gu의 아파트 전체',90000,'집 전체',2,4,1,191);
INSERT INTO image (type, url, room) VALUES ('thumb','https://a0.muscache.com/im/pictures/2e6a03fe-ee79-4c69-8c9e-841239b848cc.jpg?im_w=720',191);
INSERT INTO image (type, url, room) VALUES ('detail','https://a0.muscache.com/im/pictures/790f45cd-1f55-4086-b3ac-1b83bf1ada54.jpg?im_w=720',191);
INSERT INTO image (type, url, room) VALUES ('detail','https://a0.muscache.com/im/pictures/61412821-a399-4d54-9d99-d34ea2800c2f.jpg?im_w=720',191);
INSERT INTO image (type, url, room) VALUES ('detail','https://a0.muscache.com/im/pictures/a7a93b98-bed3-49dc-a022-1ad0658ce85d.jpg?im_w=720',191);
INSERT INTO image (type, url, room) VALUES ('detail','https://a0.muscache.com/im/pictures/e79467ad-114c-4368-8a84-e4858348b1fa.jpg?im_w=720',191);
INSERT INTO image (type, url, room) VALUES ('detail','https://a0.muscache.com/im/pictures/37da44ce-574d-4014-a967-1e677a04c50a.jpg?im_w=720',191);
INSERT INTO image (type, url, room) VALUES ('detail','https://a0.muscache.com/im/pictures/372470d0-ab68-444a-964c-835298964c18.jpg?im_w=720',191);
INSERT INTO image (type, url, room) VALUES ('detail','https://a0.muscache.com/im/pictures/0fa84712-fb70-4eb5-80c3-d59332c2548c.jpg?im_w=720',191);
INSERT INTO image (type, url, room) VALUES ('detail','https://a0.muscache.com/im/pictures/c2886912-87ec-4b6d-ae69-eb0752413575.jpg?im_w=720',191);
INSERT INTO image (type, url, room) VALUES ('detail','https://a0.muscache.com/im/pictures/48d50340-4172-4bd9-a915-a3d31a62a07d.jpg?im_w=720',191);
INSERT INTO image (type, url, room) VALUES ('detail','https://a0.muscache.com/im/pictures/311c0450-8f6b-4b99-a2ca-b81aa6d9662d.jpg?im_w=720',191);
INSERT INTO image (type, url, room) VALUES ('detail','https://a0.muscache.com/im/pictures/4594c591-81d3-4724-b7bd-d4896bc150a6.jpg?im_w=720',191);
INSERT INTO image (type, url, room) VALUES ('detail','https://a0.muscache.com/im/pictures/d7b6012d-425e-4998-bafd-62034434a2e4.jpg?im_w=720',191);
INSERT INTO image (type, url, room) VALUES ('detail','https://a0.muscache.com/im/pictures/75f6c749-d7aa-4943-ab4a-f784779b2c3a.jpg?im_w=720',191);
INSERT INTO image (type, url, room) VALUES ('detail','https://a0.muscache.com/im/pictures/f4eb9761-76cd-4936-a215-a0dacd1ad09b.jpg?im_w=720',191);
INSERT INTO image (type, url, room) VALUES ('detail','https://a0.muscache.com/im/pictures/f3568db2-7897-4883-b995-483b89c0b732.jpg?im_w=720',191);
INSERT INTO image (type, url, room) VALUES ('detail','https://a0.muscache.com/im/pictures/86044d87-68eb-4f9e-baee-53202da20d76.jpg?im_w=720',191);
INSERT INTO image (type, url, room) VALUES ('detail','https://a0.muscache.com/im/pictures/03f43589-b61d-43df-bfd6-a366cfa71a3f.jpg?im_w=720',191);
INSERT INTO image (type, url, room) VALUES ('detail','https://a0.muscache.com/im/pictures/3c9dbac8-0279-48d6-814e-80dbc3848696.jpg?im_w=720',191);
INSERT INTO image (type, url, room) VALUES ('detail','https://a0.muscache.com/im/pictures/e58e4b31-0e81-4d17-acfa-82b7ae1a2128.jpg?im_w=720',191);
INSERT INTO image (type, url, room) VALUES ('detail','https://a0.muscache.com/im/pictures/2948d3f5-4d5d-4217-8887-bf2de1df6a8f.jpg?im_w=720',191);
INSERT INTO image (type, url, room) VALUES ('detail','https://a0.muscache.com/im/pictures/c6b50c7a-23ac-407e-bf86-0acc62420cb3.jpg?im_w=720',191);
INSERT INTO image (type, url, room) VALUES ('detail','https://a0.muscache.com/im/pictures/d3bca30c-034b-4476-8e0a-3cbcfc6d98e3.jpg?im_w=720',191);
INSERT INTO image (type, url, room) VALUES ('detail','https://a0.muscache.com/im/pictures/1180642e-4cfb-46ec-9f27-a6d3ddecb211.jpg?im_w=720',191);
INSERT INTO image (type, url, room) VALUES ('detail','https://a0.muscache.com/im/pictures/dcc0f330-79d4-4421-9314-fabd8105d816.jpg?im_w=720',191);
INSERT INTO image (type, url, room) VALUES ('detail','https://a0.muscache.com/im/pictures/cce9c20d-a6f6-4905-883a-027902a7c457.jpg?im_w=720',191);
INSERT INTO image (type, url, room) VALUES ('detail','https://a0.muscache.com/im/pictures/3b11890d-1df1-4aa1-8410-d82fce43e430.jpg?im_w=720',191);
INSERT INTO image (type, url, room) VALUES ('detail','https://a0.muscache.com/im/pictures/4ecc87f0-5e37-4c11-acd9-1163015574f7.jpg?im_w=720',191);
INSERT INTO image (type, url, room) VALUES ('detail','https://a0.muscache.com/im/pictures/b7a6df21-0350-4260-9632-22fb5de64def.jpg?im_w=720',191);
INSERT INTO image (type, url, room) VALUES ('detail','https://a0.muscache.com/im/pictures/98c29905-b2d2-44eb-b656-b861dd72a185.jpg?im_w=720',191);
insert into location(id,latitude,longitude,city) values (192,35.873,128.627,'대구');
INSERT INTO room (id, title, description, price_per_day, room_type, bed, max_guest, bathroom, location) VALUES (192,'[매일방역] 블랑하우스2 #동대구역3분','Sincheon 4(sa)-dong, Dong-gu의 아파트 전체',95000,'집 전체',2,4,1,192);
INSERT INTO image (type, url, room) VALUES ('thumb','https://a0.muscache.com/im/pictures/6597eee5-c367-440a-8ed6-331df53bccde.jpg?im_w=720',192);
INSERT INTO image (type, url, room) VALUES ('detail','https://a0.muscache.com/im/pictures/a2425f2b-b374-4840-ac0a-1717520dc7a2.jpg?im_w=720',192);
INSERT INTO image (type, url, room) VALUES ('detail','https://a0.muscache.com/im/pictures/8bf64553-aa9a-4416-a221-67e6254cd07b.jpg?im_w=720',192);
INSERT INTO image (type, url, room) VALUES ('detail','https://a0.muscache.com/im/pictures/4d772b4b-2d3c-4365-a821-531274c194e9.jpg?im_w=720',192);
INSERT INTO image (type, url, room) VALUES ('detail','https://a0.muscache.com/im/pictures/a861bbb9-156d-4d77-8d5c-f5bb4a221ca2.jpg?im_w=720',192);
INSERT INTO image (type, url, room) VALUES ('detail','https://a0.muscache.com/im/pictures/f0306895-0802-476e-87c4-af62916fa0e7.jpg?im_w=720',192);
INSERT INTO image (type, url, room) VALUES ('detail','https://a0.muscache.com/im/pictures/8bf1d643-f9d4-4262-9566-e7e58d681d75.jpg?im_w=720',192);
INSERT INTO image (type, url, room) VALUES ('detail','https://a0.muscache.com/im/pictures/8420e166-ab0b-4749-8bb6-8ec6aa8cb4c3.jpg?im_w=720',192);
INSERT INTO image (type, url, room) VALUES ('detail','https://a0.muscache.com/im/pictures/a81b8fb3-a884-4f8c-9189-c5cbb24e443e.jpg?im_w=720',192);
INSERT INTO image (type, url, room) VALUES ('detail','https://a0.muscache.com/im/pictures/a47d9185-7280-432b-b9f5-b7fe39cc0a47.jpg?im_w=720',192);
INSERT INTO image (type, url, room) VALUES ('detail','https://a0.muscache.com/im/pictures/9fd4d381-0f1d-4f77-9d02-968011cd6e83.jpg?im_w=720',192);
INSERT INTO image (type, url, room) VALUES ('detail','https://a0.muscache.com/im/pictures/584ba7bc-777f-4f3b-9ee8-f4f6cc41ec92.jpg?im_w=720',192);
INSERT INTO image (type, url, room) VALUES ('detail','https://a0.muscache.com/im/pictures/84cdfecd-ffb0-468d-b81a-1d6712744fb3.jpg?im_w=720',192);
INSERT INTO image (type, url, room) VALUES ('detail','https://a0.muscache.com/im/pictures/3aef74de-a86f-43c0-a17e-02ced0d29e8e.jpg?im_w=720',192);
INSERT INTO image (type, url, room) VALUES ('detail','https://a0.muscache.com/im/pictures/ebf9d6c4-eb2f-4b90-ac8d-1cc5d712c162.jpg?im_w=720',192);
INSERT INTO image (type, url, room) VALUES ('detail','https://a0.muscache.com/im/pictures/fa7f96df-0e11-42a0-908a-d729160f7ce2.jpg?im_w=720',192);
INSERT INTO image (type, url, room) VALUES ('detail','https://a0.muscache.com/im/pictures/89d3a2fe-058c-40e0-8f56-035add92e1e6.jpg?im_w=720',192);
INSERT INTO image (type, url, room) VALUES ('detail','https://a0.muscache.com/im/pictures/f5053096-6b83-4dfb-9db1-9e5086288fc3.jpg?im_w=720',192);
INSERT INTO image (type, url, room) VALUES ('detail','https://a0.muscache.com/im/pictures/eb576824-5942-4895-9039-b2c3c71c1e94.jpg?im_w=720',192);
INSERT INTO image (type, url, room) VALUES ('detail','https://a0.muscache.com/im/pictures/bb11f6e6-0359-4570-ae94-7e26ed7d86ec.jpg?im_w=720',192);
INSERT INTO image (type, url, room) VALUES ('detail','https://a0.muscache.com/im/pictures/f0d4c8b8-d41b-45c9-86d8-24ffb7dbcf80.jpg?im_w=720',192);
INSERT INTO image (type, url, room) VALUES ('detail','https://a0.muscache.com/im/pictures/3969c309-3e62-4520-970d-40918fbe3b45.jpg?im_w=720',192);
INSERT INTO image (type, url, room) VALUES ('detail','https://a0.muscache.com/im/pictures/b655f922-f66e-4842-8477-41c0ccf6c901.jpg?im_w=720',192);
INSERT INTO image (type, url, room) VALUES ('detail','https://a0.muscache.com/im/pictures/cc7dba64-8cc0-4077-8ceb-5afdd1bddfe8.jpg?im_w=720',192);
INSERT INTO image (type, url, room) VALUES ('detail','https://a0.muscache.com/im/pictures/8d001105-6a24-42c1-95e6-3cbdd3bb60ca.jpg?im_w=720',192);
insert into location(id,latitude,longitude,city) values (193,35.882,128.628,'대구');
INSERT INTO room (id, title, description, price_per_day, room_type, bed, max_guest, bathroom, location) VALUES (193,'SLOWLIFE#2 넷플릭스,최고층뷰, 올화이트룸에서 인생샷 :) 동대구역 신세계백화점3분','KR의 아파트 전체',100000,'집 전체',1,2,1,193);
INSERT INTO image (type, url, room) VALUES ('thumb','https://a0.muscache.com/im/pictures/43c5a770-6f1d-4e6d-ab1e-37e9d98db8c5.jpg?im_w=720',193);
INSERT INTO image (type, url, room) VALUES ('detail','https://a0.muscache.com/im/pictures/3ffc83fc-f23c-4301-a7d0-e2b5bb523159.jpg?im_w=720',193);
INSERT INTO image (type, url, room) VALUES ('detail','https://a0.muscache.com/im/pictures/35254851-9610-4f9d-9fee-6af52c838c5f.jpg?im_w=720',193);
INSERT INTO image (type, url, room) VALUES ('detail','https://a0.muscache.com/im/pictures/6843372e-ab8e-4d22-a4fa-2c625c8c673e.jpg?im_w=720',193);
INSERT INTO image (type, url, room) VALUES ('detail','https://a0.muscache.com/im/pictures/a7d61b7d-c527-4611-9375-7ded4ad3b2eb.jpg?im_w=720',193);
INSERT INTO image (type, url, room) VALUES ('detail','https://a0.muscache.com/im/pictures/fc0b1606-8a06-4d5e-861d-2643fe8b68c3.jpg?im_w=720',193);
INSERT INTO image (type, url, room) VALUES ('detail','https://a0.muscache.com/im/pictures/80c792bb-1a79-4f06-8fcf-a695f3276617.jpg?im_w=720',193);
INSERT INTO image (type, url, room) VALUES ('detail','https://a0.muscache.com/im/pictures/ebc8a8fd-b93e-4380-8bdf-30a229f0e5fa.jpg?im_w=720',193);
INSERT INTO image (type, url, room) VALUES ('detail','https://a0.muscache.com/im/pictures/7c41ff5f-d656-4555-a1ca-1a8c067011dc.jpg?im_w=720',193);
INSERT INTO image (type, url, room) VALUES ('detail','https://a0.muscache.com/im/pictures/936c4d18-8740-40d4-9ee2-be3db5328693.jpg?im_w=720',193);
INSERT INTO image (type, url, room) VALUES ('detail','https://a0.muscache.com/im/pictures/c9eca784-a98d-4d36-bf1f-0d4b4b01e8dd.jpg?im_w=720',193);
INSERT INTO image (type, url, room) VALUES ('detail','https://a0.muscache.com/im/pictures/1c0fee03-dafc-4af1-8261-4c384ddcb982.jpg?im_w=720',193);
INSERT INTO image (type, url, room) VALUES ('detail','https://a0.muscache.com/im/pictures/e729286e-c5c7-48bc-9efc-f619bbf338b0.jpg?im_w=720',193);
INSERT INTO image (type, url, room) VALUES ('detail','https://a0.muscache.com/im/pictures/ce5cb789-c693-4919-b60c-10a0b1dadd37.jpg?im_w=720',193);
INSERT INTO image (type, url, room) VALUES ('detail','https://a0.muscache.com/im/pictures/70c8ade7-ac48-46f9-9160-125a189955cd.jpg?im_w=720',193);
INSERT INTO image (type, url, room) VALUES ('detail','https://a0.muscache.com/im/pictures/e25808cf-8377-4db7-a13c-febabf8ad7fe.jpg?im_w=720',193);
INSERT INTO image (type, url, room) VALUES ('detail','https://a0.muscache.com/im/pictures/88ec77ca-1390-4bb9-b03a-f01bad81cf73.jpg?im_w=720',193);
INSERT INTO image (type, url, room) VALUES ('detail','https://a0.muscache.com/im/pictures/fe8cb5e2-e9e9-4e07-b72f-1c278df7b160.jpg?im_w=720',193);
INSERT INTO image (type, url, room) VALUES ('detail','https://a0.muscache.com/im/pictures/95c7588f-8a59-406f-b652-a91f090b089d.jpg?im_w=720',193);
INSERT INTO image (type, url, room) VALUES ('detail','https://a0.muscache.com/im/pictures/6d4afa50-c0c8-4424-b267-ed98b4979dc4.jpg?im_w=720',193);
INSERT INTO image (type, url, room) VALUES ('detail','https://a0.muscache.com/im/pictures/5b70bc7b-6f98-4c57-a7de-977f5e189144.jpg?im_w=720',193);
INSERT INTO image (type, url, room) VALUES ('detail','https://a0.muscache.com/im/pictures/70e9fe70-6dac-4237-a1e3-4cd36cb23d65.jpg?im_w=720',193);
INSERT INTO image (type, url, room) VALUES ('detail','https://a0.muscache.com/im/pictures/26c2b7a9-4cdb-467a-88fa-930232a2e890.jpg?im_w=720',193);
INSERT INTO image (type, url, room) VALUES ('detail','https://a0.muscache.com/im/pictures/475a70b6-84cc-4df0-9c62-f08e42922a2a.jpg?im_w=720',193);
INSERT INTO image (type, url, room) VALUES ('detail','https://a0.muscache.com/im/pictures/8a831794-2b84-46c2-a312-6229e982a5ac.jpg?im_w=720',193);
INSERT INTO image (type, url, room) VALUES ('detail','https://a0.muscache.com/im/pictures/eed1c898-16ed-45f8-a81e-21ee4f5cb054.jpg?im_w=720',193);
INSERT INTO image (type, url, room) VALUES ('detail','https://a0.muscache.com/im/pictures/6afd5a39-7ea3-4773-ad71-ff6d76248919.jpg?im_w=720',193);
INSERT INTO image (type, url, room) VALUES ('detail','https://a0.muscache.com/im/pictures/7ead32ee-f7e6-4170-ab35-b69d36930b50.jpg?im_w=720',193);
INSERT INTO image (type, url, room) VALUES ('detail','https://a0.muscache.com/im/pictures/ef39ab6d-f704-401e-92aa-abd8357720f3.jpg?im_w=720',193);
INSERT INTO image (type, url, room) VALUES ('detail','https://a0.muscache.com/im/pictures/2fbb50b4-311b-4c3d-a49d-27aeed58adeb.jpg?im_w=720',193);
insert into location(id,latitude,longitude,city) values (194,35.874,128.627,'대구');
INSERT INTO room (id, title, description, price_per_day, room_type, bed, max_guest, bathroom, location) VALUES (194,'[ 햇살가득 ☆라피네 하우스☆ ] 동대구역/ 신세계백화점/ 지하철1호선 도보3분','Sincheon 4(sa)-dong, Dong-gu의 아파트 전체',100000,'집 전체',1,2,1,194);
INSERT INTO image (type, url, room) VALUES ('thumb','https://a0.muscache.com/im/pictures/f18a8fc0-597e-4118-b590-1775d24b0ec2.jpg?im_w=720',194);
INSERT INTO image (type, url, room) VALUES ('detail','https://a0.muscache.com/im/pictures/5ffa3059-a2d7-41fc-b6f9-40b16383848e.jpg?im_w=720',194);
INSERT INTO image (type, url, room) VALUES ('detail','https://a0.muscache.com/im/pictures/58c24b65-117a-42b2-9464-403eb407806d.jpg?im_w=720',194);
INSERT INTO image (type, url, room) VALUES ('detail','https://a0.muscache.com/im/pictures/9ff3369d-b26a-4678-9608-d3ee4b675494.jpg?im_w=720',194);
INSERT INTO image (type, url, room) VALUES ('detail','https://a0.muscache.com/im/pictures/c9f673ad-0e44-484d-bb32-76ebc2b6cd3c.jpg?im_w=720',194);
INSERT INTO image (type, url, room) VALUES ('detail','https://a0.muscache.com/im/pictures/811b2135-ea35-415b-8fda-29c13f4ac111.jpg?im_w=720',194);
INSERT INTO image (type, url, room) VALUES ('detail','https://a0.muscache.com/im/pictures/a4421538-0c7d-47d0-9c9e-fef54d87d7da.jpg?im_w=720',194);
INSERT INTO image (type, url, room) VALUES ('detail','https://a0.muscache.com/im/pictures/4382835f-00b2-4cd3-b6e6-55e038d58b26.jpg?im_w=720',194);
INSERT INTO image (type, url, room) VALUES ('detail','https://a0.muscache.com/im/pictures/64cec955-55d2-48b9-8bd4-0befcda1e8f8.jpg?im_w=720',194);
INSERT INTO image (type, url, room) VALUES ('detail','https://a0.muscache.com/im/pictures/8bdde531-e360-42c9-b59f-2493f5d8521d.jpg?im_w=720',194);
INSERT INTO image (type, url, room) VALUES ('detail','https://a0.muscache.com/im/pictures/4c6adae2-ae57-4534-b376-c56214c094f5.jpg?im_w=720',194);
INSERT INTO image (type, url, room) VALUES ('detail','https://a0.muscache.com/im/pictures/e06e918f-8e73-4e03-a335-78e92a9737ba.jpg?im_w=720',194);
INSERT INTO image (type, url, room) VALUES ('detail','https://a0.muscache.com/im/pictures/27b1126e-7f67-4168-9f10-abf10d9e3281.jpg?im_w=720',194);
INSERT INTO image (type, url, room) VALUES ('detail','https://a0.muscache.com/im/pictures/dd15144f-c624-4c8f-986e-6e03d527a3d3.jpg?im_w=720',194);
INSERT INTO image (type, url, room) VALUES ('detail','https://a0.muscache.com/im/pictures/bcdfaeea-9ddf-4bfb-bd47-7ff4bac0eab2.jpg?im_w=720',194);
INSERT INTO image (type, url, room) VALUES ('detail','https://a0.muscache.com/im/pictures/b4c86c64-376d-4488-8de6-58d113e52d3f.jpg?im_w=720',194);
INSERT INTO image (type, url, room) VALUES ('detail','https://a0.muscache.com/im/pictures/7367f3c6-360a-4b7d-88c3-0ceeae424ff4.jpg?im_w=720',194);
INSERT INTO image (type, url, room) VALUES ('detail','https://a0.muscache.com/im/pictures/f350a2dc-8fce-4a67-ad16-df1cdf33ddd1.jpg?im_w=720',194);
INSERT INTO image (type, url, room) VALUES ('detail','https://a0.muscache.com/im/pictures/95dcb73c-bf41-4210-aaf2-25d1abf13fa4.jpg?im_w=720',194);
insert into location(id,latitude,longitude,city) values (195,35.875,128.626,'대구');
INSERT INTO room (id, title, description, price_per_day, room_type, bed, max_guest, bathroom, location) VALUES (195,'★J-House#23★동대구역 시티뷰+55인치스마트TV+넷플릭스+IPTV+매일소독+자가격리','Sincheon 4(sa)-dong, Dong-gu의 아파트 전체',100000,'집 전체',2,4,1,195);
INSERT INTO image (type, url, room) VALUES ('thumb','https://a0.muscache.com/im/pictures/6659c608-792f-4631-8851-3d09d8c93f1e.jpg?im_w=720',195);
INSERT INTO image (type, url, room) VALUES ('detail','https://a0.muscache.com/im/pictures/06dd093f-5d7c-44cd-a64c-fd9b2cbb5a62.jpg?im_w=720',195);
INSERT INTO image (type, url, room) VALUES ('detail','https://a0.muscache.com/im/pictures/aee6c973-d923-4e61-aecd-36354203fbe7.jpg?im_w=720',195);
INSERT INTO image (type, url, room) VALUES ('detail','https://a0.muscache.com/im/pictures/d9ea6874-654f-4bb7-938a-d156bdd03edf.jpg?im_w=720',195);
INSERT INTO image (type, url, room) VALUES ('detail','https://a0.muscache.com/im/pictures/0da66150-cfcb-4a48-ae08-ecb2b3c8789e.jpg?im_w=720',195);
INSERT INTO image (type, url, room) VALUES ('detail','https://a0.muscache.com/im/pictures/503f5cca-378b-4a3c-bee3-50dd441e9966.jpg?im_w=720',195);
INSERT INTO image (type, url, room) VALUES ('detail','https://a0.muscache.com/im/pictures/53164cfc-1a55-46f8-a99d-2f92172273c9.jpg?im_w=720',195);
INSERT INTO image (type, url, room) VALUES ('detail','https://a0.muscache.com/im/pictures/7e415de7-f089-4a4c-bd1e-a03bb6b333e4.jpg?im_w=720',195);
INSERT INTO image (type, url, room) VALUES ('detail','https://a0.muscache.com/im/pictures/37231147-aaa3-43a3-b607-9b700cba74a8.jpg?im_w=720',195);
INSERT INTO image (type, url, room) VALUES ('detail','https://a0.muscache.com/im/pictures/5e802ef3-983a-442e-8a68-60a2745c87cf.jpg?im_w=720',195);
INSERT INTO image (type, url, room) VALUES ('detail','https://a0.muscache.com/im/pictures/855214fe-72e6-45cc-b95c-06cd501f8a64.jpg?im_w=720',195);
INSERT INTO image (type, url, room) VALUES ('detail','https://a0.muscache.com/im/pictures/c143b1f4-3e8c-43f6-b3ce-ba7dd6789ee1.jpg?im_w=720',195);
INSERT INTO image (type, url, room) VALUES ('detail','https://a0.muscache.com/im/pictures/55a1ffa3-63b6-4e20-8747-0dd030fb8e58.jpg?im_w=720',195);
INSERT INTO image (type, url, room) VALUES ('detail','https://a0.muscache.com/im/pictures/1b70415c-0e4d-4cb3-9067-d23f1bb67079.jpg?im_w=720',195);
INSERT INTO image (type, url, room) VALUES ('detail','https://a0.muscache.com/im/pictures/036437e3-e074-4882-88e4-4c612e22c869.jpg?im_w=720',195);
INSERT INTO image (type, url, room) VALUES ('detail','https://a0.muscache.com/im/pictures/ac930e1a-af43-4b73-afa2-f8dbabb03fea.jpg?im_w=720',195);
INSERT INTO image (type, url, room) VALUES ('detail','https://a0.muscache.com/im/pictures/6afd90cf-ef5a-4623-b913-4ecb88b754c3.jpg?im_w=720',195);
INSERT INTO image (type, url, room) VALUES ('detail','https://a0.muscache.com/im/pictures/bcbca825-8f17-4f0b-9a73-ae04ff9e1dae.jpg?im_w=720',195);
INSERT INTO image (type, url, room) VALUES ('detail','https://a0.muscache.com/im/pictures/7f8c4f5b-4067-4f1d-bed9-2d163e17b202.jpg?im_w=720',195);
INSERT INTO image (type, url, room) VALUES ('detail','https://a0.muscache.com/im/pictures/10767f08-aa9a-4efa-889f-4448956b645d.jpg?im_w=720',195);
INSERT INTO image (type, url, room) VALUES ('detail','https://a0.muscache.com/im/pictures/1942f32b-ec87-46f2-b10c-998af703b08a.jpg?im_w=720',195);
INSERT INTO image (type, url, room) VALUES ('detail','https://a0.muscache.com/im/pictures/8140ac57-8e37-462c-9c46-c5e06fe20704.jpg?im_w=720',195);
INSERT INTO image (type, url, room) VALUES ('detail','https://a0.muscache.com/im/pictures/d3868fd2-31f7-402c-9b16-2af1ee3a219e.jpg?im_w=720',195);
INSERT INTO image (type, url, room) VALUES ('detail','https://a0.muscache.com/im/pictures/d0bc2a9a-598a-4e45-af02-ae9074d4a676.jpg?im_w=720',195);
INSERT INTO image (type, url, room) VALUES ('detail','https://a0.muscache.com/im/pictures/a2607035-449f-42e0-8ea1-e3147f9de8b0.jpg?im_w=720',195);
INSERT INTO image (type, url, room) VALUES ('detail','https://a0.muscache.com/im/pictures/e0497256-6919-4150-a4bd-e41c9af7d088.jpg?im_w=720',195);
INSERT INTO image (type, url, room) VALUES ('detail','https://a0.muscache.com/im/pictures/6dbeee5a-8d40-4414-86c5-8510eecca5a3.jpg?im_w=720',195);
INSERT INTO image (type, url, room) VALUES ('detail','https://a0.muscache.com/im/pictures/6982b8e4-a638-44ad-ae74-fa170593ac5d.jpg?im_w=720',195);
INSERT INTO image (type, url, room) VALUES ('detail','https://a0.muscache.com/im/pictures/e33e5eef-cc60-4b73-aea9-cd11f976c225.jpg?im_w=720',195);
INSERT INTO image (type, url, room) VALUES ('detail','https://a0.muscache.com/im/pictures/4a22e108-42d9-4b83-afab-17dc7f742a00.jpg?im_w=720',195);
insert into location(id,latitude,longitude,city) values (196,35.876,128.626,'대구');
INSERT INTO room (id, title, description, price_per_day, room_type, bed, max_guest, bathroom, location) VALUES (196,'v[예쁜야경/방역완비]Charming House#동대구역#대구신세계','Sincheon 4(sa)-dong, Dong-gu의 아파트 전체',100000,'집 전체',1,2,1,196);
INSERT INTO image (type, url, room) VALUES ('thumb','https://a0.muscache.com/im/pictures/8b25f3ab-d4ea-40f8-96e0-65060e9c484f.jpg?im_w=720',196);
INSERT INTO image (type, url, room) VALUES ('detail','https://a0.muscache.com/im/pictures/06191b1a-14ac-44f7-88e2-c2e2dfced2d0.jpg?im_w=720',196);
INSERT INTO image (type, url, room) VALUES ('detail','https://a0.muscache.com/im/pictures/8c04e1f4-847d-4c36-b066-1e42e35424c6.jpg?im_w=720',196);
INSERT INTO image (type, url, room) VALUES ('detail','https://a0.muscache.com/im/pictures/9801c647-3c6a-4b74-b3ac-16fea8080816.jpg?im_w=720',196);
INSERT INTO image (type, url, room) VALUES ('detail','https://a0.muscache.com/im/pictures/015efbc4-3a2f-4899-98d4-4e9268b4dd89.jpg?im_w=720',196);
INSERT INTO image (type, url, room) VALUES ('detail','https://a0.muscache.com/im/pictures/70ee8c53-fd1a-4905-9403-81a1de6a866d.jpg?im_w=720',196);
INSERT INTO image (type, url, room) VALUES ('detail','https://a0.muscache.com/im/pictures/e506eb12-1f2b-40e5-9b64-76f5e8d72ce4.jpg?im_w=720',196);
INSERT INTO image (type, url, room) VALUES ('detail','https://a0.muscache.com/im/pictures/4d981cc8-e870-40eb-b86d-be1a4bf70325.jpg?im_w=720',196);
INSERT INTO image (type, url, room) VALUES ('detail','https://a0.muscache.com/im/pictures/ab9587d5-1401-4866-85c7-b3309fc03f08.jpg?im_w=720',196);
INSERT INTO image (type, url, room) VALUES ('detail','https://a0.muscache.com/im/pictures/f5197ac8-81df-46b3-a88b-9bf9fdb5a397.jpg?im_w=720',196);
INSERT INTO image (type, url, room) VALUES ('detail','https://a0.muscache.com/im/pictures/64ac2f51-f983-4ec2-855d-f9634ad168ee.jpg?im_w=720',196);
INSERT INTO image (type, url, room) VALUES ('detail','https://a0.muscache.com/im/pictures/803c7b42-606a-4b3b-96c3-9d741b5e08b8.jpg?im_w=720',196);
INSERT INTO image (type, url, room) VALUES ('detail','https://a0.muscache.com/im/pictures/35365be6-d548-4a8e-a332-64bb1b692864.jpg?im_w=720',196);
INSERT INTO image (type, url, room) VALUES ('detail','https://a0.muscache.com/im/pictures/eebda987-7ccf-4689-8429-3c5ba313432e.jpg?im_w=720',196);
INSERT INTO image (type, url, room) VALUES ('detail','https://a0.muscache.com/im/pictures/559ed12f-793d-4edc-a5e1-0ba7cd58f6ef.jpg?im_w=720',196);
insert into location(id,latitude,longitude,city) values (197,35.875,128.628,'대구');
INSERT INTO room (id, title, description, price_per_day, room_type, bed, max_guest, bathroom, location) VALUES (197,'#SNUG STUDIO# [신세계 / 동대구KTX역] 신세계백화점, 동대구역 3분거리!!','Sincheon 4(sa)-dong, Dong-gu의 아파트 전체',100000,'집 전체',1,3,1,197);
INSERT INTO image (type, url, room) VALUES ('thumb','https://a0.muscache.com/im/pictures/ece964df-e207-4074-bc17-39961d091d06.jpg?im_w=720',197);
INSERT INTO image (type, url, room) VALUES ('detail','https://a0.muscache.com/im/pictures/08cdaa29-7bc1-421e-bd6f-a50bc3935b44.jpg?im_w=720',197);
INSERT INTO image (type, url, room) VALUES ('detail','https://a0.muscache.com/im/pictures/749cf0cf-c048-47ff-9499-7287228a74ec.jpg?im_w=720',197);
INSERT INTO image (type, url, room) VALUES ('detail','https://a0.muscache.com/im/pictures/470b2635-c0e5-412f-b523-dad574e35f6d.jpg?im_w=720',197);
INSERT INTO image (type, url, room) VALUES ('detail','https://a0.muscache.com/im/pictures/cbfd307a-09ec-467e-b81a-e3dca2f69179.jpg?im_w=720',197);
INSERT INTO image (type, url, room) VALUES ('detail','https://a0.muscache.com/im/pictures/3d21ec24-980e-4a07-b3c4-7aa5daa8a659.jpg?im_w=720',197);
INSERT INTO image (type, url, room) VALUES ('detail','https://a0.muscache.com/im/pictures/87a33fcd-a848-4f67-a980-3ea9373fae69.jpg?im_w=720',197);
INSERT INTO image (type, url, room) VALUES ('detail','https://a0.muscache.com/im/pictures/3deb3707-d751-4882-83c3-e89e28093410.jpg?im_w=720',197);
INSERT INTO image (type, url, room) VALUES ('detail','https://a0.muscache.com/im/pictures/5f11a2c1-150d-4029-9532-67971d4f3f74.jpg?im_w=720',197);
INSERT INTO image (type, url, room) VALUES ('detail','https://a0.muscache.com/im/pictures/b8cfd72a-6aed-49ce-a76e-8370e291fa57.jpg?im_w=720',197);
INSERT INTO image (type, url, room) VALUES ('detail','https://a0.muscache.com/im/pictures/3d7d2f3b-aa0d-4afe-9182-d077cb9c16db.jpg?im_w=720',197);
INSERT INTO image (type, url, room) VALUES ('detail','https://a0.muscache.com/im/pictures/2a086531-7e67-4ad1-85cd-75d69bd4ff41.jpg?im_w=720',197);
INSERT INTO image (type, url, room) VALUES ('detail','https://a0.muscache.com/im/pictures/6441723e-8905-4c2d-9e3b-0bad19ea786d.jpg?im_w=720',197);
INSERT INTO image (type, url, room) VALUES ('detail','https://a0.muscache.com/im/pictures/404577cb-cc51-43bb-b297-40305f2178e4.jpg?im_w=720',197);
INSERT INTO image (type, url, room) VALUES ('detail','https://a0.muscache.com/im/pictures/a4152c9d-8151-44a7-a3e8-69ce2b2c8a2e.jpg?im_w=720',197);
INSERT INTO image (type, url, room) VALUES ('detail','https://a0.muscache.com/im/pictures/2346872e-6c18-471d-babd-ff5494711814.jpg?im_w=720',197);
INSERT INTO image (type, url, room) VALUES ('detail','https://a0.muscache.com/im/pictures/54b034ff-c9b7-4fd2-a144-facc19de3d4e.jpg?im_w=720',197);
INSERT INTO image (type, url, room) VALUES ('detail','https://a0.muscache.com/im/pictures/437a22d9-dce8-4685-b7ba-c700c7266e98.jpg?im_w=720',197);
INSERT INTO image (type, url, room) VALUES ('detail','https://a0.muscache.com/im/pictures/83814443-da54-43e7-b761-c2015e8362bf.jpg?im_w=720',197);
INSERT INTO image (type, url, room) VALUES ('detail','https://a0.muscache.com/im/pictures/d0308e94-0ce2-4a41-a177-22e6e71ad308.jpg?im_w=720',197);
INSERT INTO image (type, url, room) VALUES ('detail','https://a0.muscache.com/im/pictures/f60101ff-c8a3-4203-b956-c49c8e1a953b.jpg?im_w=720',197);
INSERT INTO image (type, url, room) VALUES ('detail','https://a0.muscache.com/im/pictures/e5961eb5-ea28-430d-849e-ce8f7625438c.jpg?im_w=720',197);
INSERT INTO image (type, url, room) VALUES ('detail','https://a0.muscache.com/im/pictures/be5874f2-352d-4d38-b244-202eef3c968c.jpg?im_w=720',197);
INSERT INTO image (type, url, room) VALUES ('detail','https://a0.muscache.com/im/pictures/67e4e9dd-1095-4d7b-b519-42190eba31de.jpg?im_w=720',197);
INSERT INTO image (type, url, room) VALUES ('detail','https://a0.muscache.com/im/pictures/5d774bf4-9339-4f3a-94ae-71efe242031a.jpg?im_w=720',197);
INSERT INTO image (type, url, room) VALUES ('detail','https://a0.muscache.com/im/pictures/44d96827-8fa3-40fb-8c95-45d4d1276952.jpg?im_w=720',197);
INSERT INTO image (type, url, room) VALUES ('detail','https://a0.muscache.com/im/pictures/b4716561-6b04-419b-a793-5bace332224a.jpg?im_w=720',197);
insert into location(id,latitude,longitude,city) values (198,35.857,128.559,'대구');
INSERT INTO room (id, title, description, price_per_day, room_type, bed, max_guest, bathroom, location) VALUES (198,'[ms house] 두류역 3분/이월드 5분/주차가능 Cozy & Clean house','Duryu-dong, Dalseo-gu의 집 전체',100000,'집 전체',1,2,1,198);
INSERT INTO image (type, url, room) VALUES ('thumb','https://a0.muscache.com/im/pictures/43ce1533-61ea-46bc-b54c-a4b7b3110d7f.jpg?im_w=720',198);
INSERT INTO image (type, url, room) VALUES ('detail','https://a0.muscache.com/im/pictures/68e41540-1fc0-4bb2-a3be-f123e5958279.jpg?im_w=720',198);
INSERT INTO image (type, url, room) VALUES ('detail','https://a0.muscache.com/im/pictures/7cf44974-6f4e-4534-b93b-6bf80ba9b039.jpg?im_w=720',198);
INSERT INTO image (type, url, room) VALUES ('detail','https://a0.muscache.com/im/pictures/3766b9db-8412-4870-88d6-ecc96fc9847b.jpg?im_w=720',198);
INSERT INTO image (type, url, room) VALUES ('detail','https://a0.muscache.com/im/pictures/8ba72705-2320-41ed-8396-ce9bc4597d8c.jpg?im_w=720',198);
INSERT INTO image (type, url, room) VALUES ('detail','https://a0.muscache.com/im/pictures/23df3e66-7d28-4a5c-84b5-33ebeaa5ec74.jpg?im_w=720',198);
INSERT INTO image (type, url, room) VALUES ('detail','https://a0.muscache.com/im/pictures/ad8b4038-e84c-42c7-8119-c89f4c633de8.jpg?im_w=720',198);
INSERT INTO image (type, url, room) VALUES ('detail','https://a0.muscache.com/im/pictures/b4501e9f-3059-47a0-981c-bba81df52791.jpg?im_w=720',198);
INSERT INTO image (type, url, room) VALUES ('detail','https://a0.muscache.com/im/pictures/033b0148-0221-4c86-8844-53a1572de661.jpg?im_w=720',198);
INSERT INTO image (type, url, room) VALUES ('detail','https://a0.muscache.com/im/pictures/71c63399-4b44-4243-9629-f3d6f02dc408.jpg?im_w=720',198);
INSERT INTO image (type, url, room) VALUES ('detail','https://a0.muscache.com/im/pictures/7851e2e5-7e8e-4315-a232-f7025b4d0c70.jpg?im_w=720',198);
INSERT INTO image (type, url, room) VALUES ('detail','https://a0.muscache.com/im/pictures/682d75dc-3a9e-4dae-a841-ec9571379b54.jpg?im_w=720',198);
INSERT INTO image (type, url, room) VALUES ('detail','https://a0.muscache.com/im/pictures/844e6627-a39b-4b2b-ab97-7358539b1151.jpg?im_w=720',198);
INSERT INTO image (type, url, room) VALUES ('detail','https://a0.muscache.com/im/pictures/b92e611b-406c-4958-bb2b-9a2934607003.jpg?im_w=720',198);
INSERT INTO image (type, url, room) VALUES ('detail','https://a0.muscache.com/im/pictures/cf1de19c-4403-4881-8885-3ba76ccf88bf.jpg?im_w=720',198);
INSERT INTO image (type, url, room) VALUES ('detail','https://a0.muscache.com/im/pictures/c225d447-95f3-4f25-a6d3-46b08dbaaed1.jpg?im_w=720',198);
insert into location(id,latitude,longitude,city) values (199,35.876,128.629,'대구');
INSERT INTO room (id, title, description, price_per_day, room_type, bed, max_guest, bathroom, location) VALUES (199,'#캠핑 #테라스
🤍AREUM HOUSE🤍','Sincheon 4(sa)-dong, Dong-gu의 아파트 전체',75000,'집 전체',1,2,1,199);
INSERT INTO image (type, url, room) VALUES ('thumb','https://a0.muscache.com/im/pictures/593edc22-bf20-4fcd-b7cd-a7c5a154efd5.jpg?im_w=720',199);
INSERT INTO image (type, url, room) VALUES ('detail','https://a0.muscache.com/im/pictures/c87bac7f-ee44-41e5-882d-a6f4fee8221e.jpg?im_w=720',199);
INSERT INTO image (type, url, room) VALUES ('detail','https://a0.muscache.com/im/pictures/7657b149-164a-4d3f-bb7b-6b1a4c91ef53.jpg?im_w=720',199);
INSERT INTO image (type, url, room) VALUES ('detail','https://a0.muscache.com/im/pictures/be15672a-4ef8-4f43-aae9-445d7b9b3e36.jpg?im_w=720',199);
INSERT INTO image (type, url, room) VALUES ('detail','https://a0.muscache.com/im/pictures/baaa5b05-a4fc-4d50-9e5b-1d6ebc18eb19.jpg?im_w=720',199);
INSERT INTO image (type, url, room) VALUES ('detail','https://a0.muscache.com/im/pictures/3114470e-6b62-4899-8880-d4dec24f577d.jpg?im_w=720',199);
INSERT INTO image (type, url, room) VALUES ('detail','https://a0.muscache.com/im/pictures/edbdccc8-2b31-498b-8a6f-55b6362f9800.jpg?im_w=720',199);
INSERT INTO image (type, url, room) VALUES ('detail','https://a0.muscache.com/im/pictures/ce50f733-3551-4b81-8a5f-fcaa6f7fb608.jpg?im_w=720',199);
INSERT INTO image (type, url, room) VALUES ('detail','https://a0.muscache.com/im/pictures/457ef285-cb9a-4599-a334-6e5614bfd400.jpg?im_w=720',199);
INSERT INTO image (type, url, room) VALUES ('detail','https://a0.muscache.com/im/pictures/f5b16271-ee49-48d4-851a-5ac1b1834cc2.jpg?im_w=720',199);
INSERT INTO image (type, url, room) VALUES ('detail','https://a0.muscache.com/im/pictures/647d6445-52e2-4f47-8362-b8fcad8fa84b.jpg?im_w=720',199);
INSERT INTO image (type, url, room) VALUES ('detail','https://a0.muscache.com/im/pictures/9f0bcc3a-dc9a-49e3-b7b3-ff711f25c9d0.jpg?im_w=720',199);
INSERT INTO image (type, url, room) VALUES ('detail','https://a0.muscache.com/im/pictures/50a8678c-6889-4882-a4b5-2a83da0214ab.jpg?im_w=720',199);
INSERT INTO image (type, url, room) VALUES ('detail','https://a0.muscache.com/im/pictures/b2f3df66-abdd-44ed-a0d4-032027249c3c.jpg?im_w=720',199);
INSERT INTO image (type, url, room) VALUES ('detail','https://a0.muscache.com/im/pictures/4014860e-645c-42d7-9346-c954d2819697.jpg?im_w=720',199);
INSERT INTO image (type, url, room) VALUES ('detail','https://a0.muscache.com/im/pictures/e58ccf1b-b513-4bae-9354-53b62c4b501a.jpg?im_w=720',199);
INSERT INTO image (type, url, room) VALUES ('detail','https://a0.muscache.com/im/pictures/cb3c5b33-2b4b-4f96-9df6-ccf77965bf6e.jpg?im_w=720',199);
INSERT INTO image (type, url, room) VALUES ('detail','https://a0.muscache.com/im/pictures/46463673-3352-4528-b533-963a3e1e47b4.jpg?im_w=720',199);
INSERT INTO image (type, url, room) VALUES ('detail','https://a0.muscache.com/im/pictures/432d0fa2-9298-4f0a-a736-b9acca6acae0.jpg?im_w=720',199);
INSERT INTO image (type, url, room) VALUES ('detail','https://a0.muscache.com/im/pictures/67a62526-0df5-4798-b1cf-9e190c8d26ac.jpg?im_w=720',199);
INSERT INTO image (type, url, room) VALUES ('detail','https://a0.muscache.com/im/pictures/f498438e-a672-49bc-aaf6-3d90b76a88d0.jpg?im_w=720',199);
INSERT INTO image (type, url, room) VALUES ('detail','https://a0.muscache.com/im/pictures/185dd6a0-a022-4682-a53a-0735b00837a8.jpg?im_w=720',199);
INSERT INTO image (type, url, room) VALUES ('detail','https://a0.muscache.com/im/pictures/9c5f7213-ff97-4690-95ac-c458613c581f.jpg?im_w=720',199);
INSERT INTO image (type, url, room) VALUES ('detail','https://a0.muscache.com/im/pictures/ad3da540-c14e-4a66-9871-a3e0a14b6b34.jpg?im_w=720',199);
INSERT INTO image (type, url, room) VALUES ('detail','https://a0.muscache.com/im/pictures/d39a78f8-865c-4ae9-94ce-0694a72e49c5.jpg?im_w=720',199);
INSERT INTO image (type, url, room) VALUES ('detail','https://a0.muscache.com/im/pictures/edc9d7fa-0efa-4c7a-8e9d-cd2889deb9af.jpg?im_w=720',199);
INSERT INTO image (type, url, room) VALUES ('detail','https://a0.muscache.com/im/pictures/91359709-0c7a-488a-87d8-6c228f12d722.jpg?im_w=720',199);
INSERT INTO image (type, url, room) VALUES ('detail','https://a0.muscache.com/im/pictures/ceefd916-9b15-4da2-bcb8-c86fce79ae8f.jpg?im_w=720',199);
INSERT INTO image (type, url, room) VALUES ('detail','https://a0.muscache.com/im/pictures/e2a67d78-74e5-40c5-9239-42b4168a2294.jpg?im_w=720',199);
INSERT INTO image (type, url, room) VALUES ('detail','https://a0.muscache.com/im/pictures/b06ffe8f-abe3-4442-b8bb-20910fcab323.jpg?im_w=720',199);
insert into location(id,latitude,longitude,city) values (200,35.875,128.628,'대구');
INSERT INTO room (id, title, description, price_per_day, room_type, bed, max_guest, bathroom, location) VALUES (200,'#4 동대구역, 신세계백화점 "CharmingHouse 또오고싶은 깔끔하고 예쁜 숙소"','Dong-gu의 아파트 전체',93000,'집 전체',1,2,1,200);
INSERT INTO image (type, url, room) VALUES ('thumb','https://a0.muscache.com/im/pictures/a810eb57-498f-4131-9394-0b1db00af7b8.jpg?im_w=720',200);
INSERT INTO image (type, url, room) VALUES ('detail','https://a0.muscache.com/im/pictures/b0f7a71d-bbbf-44cf-b7af-87a7609ee152.jpg?im_w=720',200);
INSERT INTO image (type, url, room) VALUES ('detail','https://a0.muscache.com/im/pictures/88b7727e-7e52-40c1-8035-b4823fc645db.jpg?im_w=720',200);
INSERT INTO image (type, url, room) VALUES ('detail','https://a0.muscache.com/im/pictures/7e4e5cc7-b310-447a-a03a-e5d2968480c9.jpg?im_w=720',200);
INSERT INTO image (type, url, room) VALUES ('detail','https://a0.muscache.com/im/pictures/f51d8eac-44bc-41c4-9d8c-1c53a8d73b5a.jpg?im_w=720',200);
INSERT INTO image (type, url, room) VALUES ('detail','https://a0.muscache.com/im/pictures/a8a17d06-c371-429b-91bb-a6e58082f803.jpg?im_w=720',200);
INSERT INTO image (type, url, room) VALUES ('detail','https://a0.muscache.com/im/pictures/7992b181-4c48-4371-96f4-a9afb4157fa4.jpg?im_w=720',200);
INSERT INTO image (type, url, room) VALUES ('detail','https://a0.muscache.com/im/pictures/b2535e72-e747-4656-bfe2-1917eca06f0c.jpg?im_w=720',200);
INSERT INTO image (type, url, room) VALUES ('detail','https://a0.muscache.com/im/pictures/3f261b1d-1cc6-4c66-98fc-3026cac8e88a.jpg?im_w=720',200);
INSERT INTO image (type, url, room) VALUES ('detail','https://a0.muscache.com/im/pictures/ad56658c-c464-4fba-9860-efd00ca51e7a.jpg?im_w=720',200);
INSERT INTO image (type, url, room) VALUES ('detail','https://a0.muscache.com/im/pictures/f0037596-333e-4453-a07b-1b3134794aa1.jpg?im_w=720',200);
INSERT INTO image (type, url, room) VALUES ('detail','https://a0.muscache.com/im/pictures/94e6e3d7-dc81-48ff-9161-43aaf6ef0b8a.jpg?im_w=720',200);
INSERT INTO image (type, url, room) VALUES ('detail','https://a0.muscache.com/im/pictures/f7fd443f-6884-4434-93d4-57579f1d0ddb.jpg?im_w=720',200);
INSERT INTO image (type, url, room) VALUES ('detail','https://a0.muscache.com/im/pictures/ef4e7470-b5b0-4c9b-8563-2790cfd880d4.jpg?im_w=720',200);
INSERT INTO image (type, url, room) VALUES ('detail','https://a0.muscache.com/im/pictures/47e53200-32b9-4251-987c-6d682dd53513.jpg?im_w=720',200);
INSERT INTO image (type, url, room) VALUES ('detail','https://a0.muscache.com/im/pictures/b11c6a61-e31d-42cc-b5ad-b465416994dc.jpg?im_w=720',200);
INSERT INTO image (type, url, room) VALUES ('detail','https://a0.muscache.com/im/pictures/26ae2b1f-7b78-42b4-8592-bb04c7d6c466.jpg?im_w=720',200);
INSERT INTO image (type, url, room) VALUES ('detail','https://a0.muscache.com/im/pictures/53fda8c3-d2dd-41f3-bb2a-0e1e1ae5d720.jpg?im_w=720',200);
INSERT INTO image (type, url, room) VALUES ('detail','https://a0.muscache.com/im/pictures/d2eef11b-0f55-47a7-a87a-acc2af74bf04.jpg?im_w=720',200);
INSERT INTO image (type, url, room) VALUES ('detail','https://a0.muscache.com/im/pictures/623a5f3d-0ebc-4997-9d6d-62077366803b.jpg?im_w=720',200);
INSERT INTO image (type, url, room) VALUES ('detail','https://a0.muscache.com/im/pictures/b48f77de-c78b-48b1-93be-b341a11b02b8.jpg?im_w=720',200);
INSERT INTO image (type, url, room) VALUES ('detail','https://a0.muscache.com/im/pictures/691b7561-68b6-4a13-ad66-5f4dca9fc212.jpg?im_w=720',200);
INSERT INTO image (type, url, room) VALUES ('detail','https://a0.muscache.com/im/pictures/effe7e8a-2905-4276-9406-d09332fd8033.jpg?im_w=720',200);
INSERT INTO image (type, url, room) VALUES ('detail','https://a0.muscache.com/im/pictures/e7d6e7e8-9f64-4075-8a31-c69ec4f7ebf4.jpg?im_w=720',200);
INSERT INTO image (type, url, room) VALUES ('detail','https://a0.muscache.com/im/pictures/73e9a732-2834-44e5-b5dc-d89e17e8cfcd.jpg?im_w=720',200);
INSERT INTO image (type, url, room) VALUES ('detail','https://a0.muscache.com/im/pictures/b00086bc-1806-4242-b889-6ae1a33c19b3.jpg?im_w=720',200);
INSERT INTO image (type, url, room) VALUES ('detail','https://a0.muscache.com/im/pictures/aca335d3-4330-4fb9-b6e0-b26b49dac4de.jpg?im_w=720',200);
INSERT INTO image (type, url, room) VALUES ('detail','https://a0.muscache.com/im/pictures/396f83ad-3adc-4bb3-872a-1694c36923fc.jpg?im_w=720',200);
INSERT INTO image (type, url, room) VALUES ('detail','https://a0.muscache.com/im/pictures/955c8af3-55b0-4d79-b566-db9d054be334.jpg?im_w=720',200);
INSERT INTO image (type, url, room) VALUES ('detail','https://a0.muscache.com/im/pictures/9e1625a6-0e0d-4d95-a016-d46a0d6ad464.jpg?im_w=720',200);
insert into location(id,latitude,longitude,city) values (201,35.511,129.419,'울산');
INSERT INTO room (id, title, description, price_per_day, room_type, bed, max_guest, bathroom, location) VALUES (201,'♡울산♡ T1 #가성비#커플여행#감성숙소#넷플릭스#장기출장','Jeonha-dong, Dong-gu의 집 전체',95000,'집 전체',1,2,1,201);
INSERT INTO image (type, url, room) VALUES ('thumb','https://a0.muscache.com/im/pictures/faa72ddc-d604-4763-850d-ae231b9df0d3.jpg?im_w=720',201);
INSERT INTO image (type, url, room) VALUES ('detail','https://a0.muscache.com/im/pictures/e02256ba-fc4d-4cf7-90f0-046dcff7a5e3.jpg?im_w=720',201);
INSERT INTO image (type, url, room) VALUES ('detail','https://a0.muscache.com/im/pictures/400545bb-d7c3-409d-8eb4-0e4d12bd6c67.jpg?im_w=720',201);
INSERT INTO image (type, url, room) VALUES ('detail','https://a0.muscache.com/im/pictures/e435e8a6-9739-4c7f-bc1d-cb7c4c59a29b.jpg?im_w=720',201);
INSERT INTO image (type, url, room) VALUES ('detail','https://a0.muscache.com/im/pictures/ad2e9448-7368-4786-aa45-8a5a6baaead9.jpg?im_w=720',201);
INSERT INTO image (type, url, room) VALUES ('detail','https://a0.muscache.com/im/pictures/4cad4657-6aa6-42c8-b1a4-c595a8aa8c09.jpg?im_w=720',201);
INSERT INTO image (type, url, room) VALUES ('detail','https://a0.muscache.com/im/pictures/8115dc0d-3cca-4c4a-9e94-eb7e8baccd4d.jpg?im_w=720',201);
INSERT INTO image (type, url, room) VALUES ('detail','https://a0.muscache.com/im/pictures/e8008210-ce51-4604-acaf-5dc5561ee967.jpg?im_w=720',201);
INSERT INTO image (type, url, room) VALUES ('detail','https://a0.muscache.com/im/pictures/3ccaf785-a1fd-494d-bba0-2f3c9aa9c8da.jpg?im_w=720',201);
INSERT INTO image (type, url, room) VALUES ('detail','https://a0.muscache.com/im/pictures/b9920b24-eee2-4a49-8c68-c6e7a8208114.jpg?im_w=720',201);
INSERT INTO image (type, url, room) VALUES ('detail','https://a0.muscache.com/im/pictures/fc4e9831-88e7-48d6-b514-6c0d27ffd302.jpg?im_w=720',201);
INSERT INTO image (type, url, room) VALUES ('detail','https://a0.muscache.com/im/pictures/04677291-471e-41e7-bcf4-279d99dbc6d5.jpg?im_w=720',201);
INSERT INTO image (type, url, room) VALUES ('detail','https://a0.muscache.com/im/pictures/f4fdbce5-9fbf-4256-9f13-c6d255135a60.jpg?im_w=720',201);
insert into location(id,latitude,longitude,city) values (202,35.508,129.425,'울산');
INSERT INTO room (id, title, description, price_per_day, room_type, bed, max_guest, bathroom, location) VALUES (202,'♥울산♥ S1 Ulsan stay #가성비#커플여행#감성숙소#넷플릭스#장기출장','Jeonha-dong, Dong-gu의 집 전체',95000,'집 전체',1,2,1,202);
INSERT INTO image (type, url, room) VALUES ('thumb','https://a0.muscache.com/im/pictures/b538c34f-c2ba-43d5-b3dc-b8aa8329e378.jpg?im_w=720',202);
INSERT INTO image (type, url, room) VALUES ('detail','https://a0.muscache.com/im/pictures/miso/Hosting-48176096/original/fbca79a5-331a-47b3-889c-393e57fde97d.png?im_w=720',202);
INSERT INTO image (type, url, room) VALUES ('detail','https://a0.muscache.com/im/pictures/miso/Hosting-48176096/original/ebbec001-f37d-469d-b53d-b4f5c21f4f84.png?im_w=720',202);
INSERT INTO image (type, url, room) VALUES ('detail','https://a0.muscache.com/im/pictures/miso/Hosting-48176096/original/2d0b37eb-c5a7-4d2b-bd7d-2f5f795edfdf.png?im_w=720',202);
INSERT INTO image (type, url, room) VALUES ('detail','https://a0.muscache.com/im/pictures/miso/Hosting-48176096/original/fd93f90b-9a1c-4439-99e8-cf86d56dde8a.png?im_w=720',202);
INSERT INTO image (type, url, room) VALUES ('detail','https://a0.muscache.com/im/pictures/miso/Hosting-48176096/original/e1f09199-a259-4f26-a820-c153fd9f0a86.png?im_w=720',202);
INSERT INTO image (type, url, room) VALUES ('detail','https://a0.muscache.com/im/pictures/miso/Hosting-48176096/original/1192e729-cfed-431d-a5ac-e716f702cf55.png?im_w=720',202);
INSERT INTO image (type, url, room) VALUES ('detail','https://a0.muscache.com/im/pictures/miso/Hosting-48176096/original/6ba0a439-8f27-4112-9dbc-a2bfe7cc6c22.png?im_w=720',202);
INSERT INTO image (type, url, room) VALUES ('detail','https://a0.muscache.com/im/pictures/miso/Hosting-48176096/original/3d7c9ba7-1049-4085-87a0-fe9dfb359587.png?im_w=720',202);
INSERT INTO image (type, url, room) VALUES ('detail','https://a0.muscache.com/im/pictures/miso/Hosting-48176096/original/63349131-4656-47d8-bf8c-41ebcdfccc00.png?im_w=720',202);
INSERT INTO image (type, url, room) VALUES ('detail','https://a0.muscache.com/im/pictures/miso/Hosting-48176096/original/de95fc55-b7e6-48cd-bc09-0764d985e55e.png?im_w=720',202);
INSERT INTO image (type, url, room) VALUES ('detail','https://a0.muscache.com/im/pictures/miso/Hosting-48176096/original/d48454af-4195-4bb8-b83c-edd7dfdebb1f.png?im_w=720',202);
INSERT INTO image (type, url, room) VALUES ('detail','https://a0.muscache.com/im/pictures/miso/Hosting-48176096/original/7f6c5706-a794-4f10-9bbb-6e0fe51cd2a9.png?im_w=720',202);
INSERT INTO image (type, url, room) VALUES ('detail','https://a0.muscache.com/im/pictures/miso/Hosting-48176096/original/d53e58c5-178a-4f4e-a554-f81454cfe495.png?im_w=720',202);
INSERT INTO image (type, url, room) VALUES ('detail','https://a0.muscache.com/im/pictures/miso/Hosting-48176096/original/f8abe438-3fd0-47c2-b731-2f1cd4b3b9c4.png?im_w=720',202);
INSERT INTO image (type, url, room) VALUES ('detail','https://a0.muscache.com/im/pictures/miso/Hosting-48176096/original/91c48c79-6272-46ec-82bb-599f35f4bfe8.png?im_w=720',202);
INSERT INTO image (type, url, room) VALUES ('detail','https://a0.muscache.com/im/pictures/miso/Hosting-48176096/original/0658a778-8e3c-431e-85f5-276d6acafc8b.png?im_w=720',202);
INSERT INTO image (type, url, room) VALUES ('detail','https://a0.muscache.com/im/pictures/miso/Hosting-48176096/original/cd656b9e-92f3-46eb-9474-39664a61a8f8.png?im_w=720',202);
INSERT INTO image (type, url, room) VALUES ('detail','https://a0.muscache.com/im/pictures/miso/Hosting-48176096/original/50f6a854-3332-4cd9-a027-853b52a665a6.png?im_w=720',202);
INSERT INTO image (type, url, room) VALUES ('detail','https://a0.muscache.com/im/pictures/miso/Hosting-48176096/original/9592faf9-988b-4b3b-8dab-8a46a097eb6c.png?im_w=720',202);
insert into location(id,latitude,longitude,city) values (203,35.542,129.261,'울산');
INSERT INTO room (id, title, description, price_per_day, room_type, bed, max_guest, bathroom, location) VALUES (203,'미운영중- 오픈 중인 Ustay로 문의바랍니다.
유스테이(U-stay)303','Mugeo-dong, Nam-gu의 게스트용 별채 전체',93000,'집 전체',1,2,1,203);
INSERT INTO image (type, url, room) VALUES ('thumb','https://a0.muscache.com/im/pictures/aff43a6f-721f-4c67-976d-1ef79bf815dc.jpg?im_w=720',203);
INSERT INTO image (type, url, room) VALUES ('detail','https://a0.muscache.com/im/pictures/c542afc5-adae-49f2-984d-826a54aff93e.jpg?im_w=720',203);
INSERT INTO image (type, url, room) VALUES ('detail','https://a0.muscache.com/im/pictures/2ce917de-07c3-42e8-8826-70dc8f87b987.jpg?im_w=720',203);
INSERT INTO image (type, url, room) VALUES ('detail','https://a0.muscache.com/im/pictures/c0e1d610-b590-4915-946d-6519bb7cefcf.jpg?im_w=720',203);
INSERT INTO image (type, url, room) VALUES ('detail','https://a0.muscache.com/im/pictures/f2cd5bfc-9621-409a-8c44-a5001e01c964.jpg?im_w=720',203);
INSERT INTO image (type, url, room) VALUES ('detail','https://a0.muscache.com/im/pictures/bde196d1-aa58-49df-9f8d-b82a440ac690.jpg?im_w=720',203);
INSERT INTO image (type, url, room) VALUES ('detail','https://a0.muscache.com/im/pictures/820a1df9-cfb3-4829-89b1-b2b2fe757a41.jpg?im_w=720',203);
INSERT INTO image (type, url, room) VALUES ('detail','https://a0.muscache.com/im/pictures/b386daf9-8f9f-4c69-9493-8abce7583320.jpg?im_w=720',203);
INSERT INTO image (type, url, room) VALUES ('detail','https://a0.muscache.com/im/pictures/86ca5bd8-5b9e-44cd-b3a5-9dbd1cea4137.jpg?im_w=720',203);
INSERT INTO image (type, url, room) VALUES ('detail','https://a0.muscache.com/im/pictures/70ef00f4-8f3b-43c5-a88a-78343f47a302.jpg?im_w=720',203);
INSERT INTO image (type, url, room) VALUES ('detail','https://a0.muscache.com/im/pictures/f8923ffc-a08c-4280-ae06-ca33208d0e48.jpg?im_w=720',203);
INSERT INTO image (type, url, room) VALUES ('detail','https://a0.muscache.com/im/pictures/ef2ed415-f4e6-492e-ad8a-dc2f374fd0eb.jpg?im_w=720',203);
INSERT INTO image (type, url, room) VALUES ('detail','https://a0.muscache.com/im/pictures/da759255-6980-4b0c-a619-830a6a4e3288.jpg?im_w=720',203);
INSERT INTO image (type, url, room) VALUES ('detail','https://a0.muscache.com/im/pictures/61f95647-463c-4fa9-b6a4-c330651ea04a.jpg?im_w=720',203);
INSERT INTO image (type, url, room) VALUES ('detail','https://a0.muscache.com/im/pictures/c58ecf03-7160-4f1d-9792-6b10cafae1a9.jpg?im_w=720',203);
INSERT INTO image (type, url, room) VALUES ('detail','https://a0.muscache.com/im/pictures/c9dd387c-cbff-4fa3-90c5-80109fb7d61b.jpg?im_w=720',203);
INSERT INTO image (type, url, room) VALUES ('detail','https://a0.muscache.com/im/pictures/38292623-2c10-4772-8e1b-ea2f81c672bf.jpg?im_w=720',203);
INSERT INTO image (type, url, room) VALUES ('detail','https://a0.muscache.com/im/pictures/41162d93-8209-432b-a1c1-2fd683914f7f.jpg?im_w=720',203);
insert into location(id,latitude,longitude,city) values (204,35.543,129.261,'울산');
INSERT INTO room (id, title, description, price_per_day, room_type, bed, max_guest, bathroom, location) VALUES (204,'미운영중- 오픈 중인 Ustay로 문의바랍니다.
유스테이(U-stay)305','Mugeo-dong, Nam-gu의 게스트용 별채 전체',93000,'집 전체',1,2,1,204);
INSERT INTO image (type, url, room) VALUES ('thumb','https://a0.muscache.com/im/pictures/222c8d69-4d7f-4682-b06f-465796ed2812.jpg?im_w=720',204);
INSERT INTO image (type, url, room) VALUES ('detail','https://a0.muscache.com/im/pictures/d783c012-bee4-41a8-9956-e01aea9fd3c7.jpg?im_w=720',204);
INSERT INTO image (type, url, room) VALUES ('detail','https://a0.muscache.com/im/pictures/bdb344e1-c976-4a49-a38d-44c7e1e02b57.jpg?im_w=720',204);
INSERT INTO image (type, url, room) VALUES ('detail','https://a0.muscache.com/im/pictures/5e4f41b9-8007-49ec-91b7-1c16b71a8498.jpg?im_w=720',204);
INSERT INTO image (type, url, room) VALUES ('detail','https://a0.muscache.com/im/pictures/31b7f2ff-06b7-49e1-b0b4-6cf893da88a7.jpg?im_w=720',204);
INSERT INTO image (type, url, room) VALUES ('detail','https://a0.muscache.com/im/pictures/97926715-a6ad-4853-9f61-0eb17f25f16c.jpg?im_w=720',204);
INSERT INTO image (type, url, room) VALUES ('detail','https://a0.muscache.com/im/pictures/b1b20fb3-e991-4208-b807-6ee30556a903.jpg?im_w=720',204);
INSERT INTO image (type, url, room) VALUES ('detail','https://a0.muscache.com/im/pictures/24c06b4e-ce7f-49ae-a510-39705bb654ca.jpg?im_w=720',204);
INSERT INTO image (type, url, room) VALUES ('detail','https://a0.muscache.com/im/pictures/d2cf0a14-135e-4e06-a42a-1d6c9f83089a.jpg?im_w=720',204);
INSERT INTO image (type, url, room) VALUES ('detail','https://a0.muscache.com/im/pictures/86ca5bd8-5b9e-44cd-b3a5-9dbd1cea4137.jpg?im_w=720',204);
INSERT INTO image (type, url, room) VALUES ('detail','https://a0.muscache.com/im/pictures/70ef00f4-8f3b-43c5-a88a-78343f47a302.jpg?im_w=720',204);
INSERT INTO image (type, url, room) VALUES ('detail','https://a0.muscache.com/im/pictures/f8923ffc-a08c-4280-ae06-ca33208d0e48.jpg?im_w=720',204);
INSERT INTO image (type, url, room) VALUES ('detail','https://a0.muscache.com/im/pictures/ef2ed415-f4e6-492e-ad8a-dc2f374fd0eb.jpg?im_w=720',204);
INSERT INTO image (type, url, room) VALUES ('detail','https://a0.muscache.com/im/pictures/da759255-6980-4b0c-a619-830a6a4e3288.jpg?im_w=720',204);
INSERT INTO image (type, url, room) VALUES ('detail','https://a0.muscache.com/im/pictures/61f95647-463c-4fa9-b6a4-c330651ea04a.jpg?im_w=720',204);
INSERT INTO image (type, url, room) VALUES ('detail','https://a0.muscache.com/im/pictures/c58ecf03-7160-4f1d-9792-6b10cafae1a9.jpg?im_w=720',204);
INSERT INTO image (type, url, room) VALUES ('detail','https://a0.muscache.com/im/pictures/c9dd387c-cbff-4fa3-90c5-80109fb7d61b.jpg?im_w=720',204);
INSERT INTO image (type, url, room) VALUES ('detail','https://a0.muscache.com/im/pictures/38292623-2c10-4772-8e1b-ea2f81c672bf.jpg?im_w=720',204);
INSERT INTO image (type, url, room) VALUES ('detail','https://a0.muscache.com/im/pictures/41162d93-8209-432b-a1c1-2fd683914f7f.jpg?im_w=720',204);
insert into location(id,latitude,longitude,city) values (205,35.582,129.344,'울산');
INSERT INTO room (id, title, description, price_per_day, room_type, bed, max_guest, bathroom, location) VALUES (205,'15분거리에 동해바닷가,
공항,마운틴 뷰 전망에
외부테라스가 있는  미니움콘도(신축건물)','Byeongyeong 2(i)-dong, Jung-gu의 콘도(아파트) 전체',95000,'집 전체',1,4,1,205);
INSERT INTO image (type, url, room) VALUES ('thumb','https://a0.muscache.com/im/pictures/8bc0918b-c822-4983-aaf6-bf0ee6653422.jpg?im_w=720',205);
INSERT INTO image (type, url, room) VALUES ('detail','https://a0.muscache.com/im/pictures/dade2150-889b-4abb-9c6e-b532555d6532.jpg?im_w=720',205);
INSERT INTO image (type, url, room) VALUES ('detail','https://a0.muscache.com/im/pictures/cbf0fc9d-d7de-40a1-b130-8af1bee51b51.jpg?im_w=720',205);
INSERT INTO image (type, url, room) VALUES ('detail','https://a0.muscache.com/im/pictures/145efa51-cb32-450d-b9d5-7326ef97fdf1.jpg?im_w=720',205);
INSERT INTO image (type, url, room) VALUES ('detail','https://a0.muscache.com/im/pictures/ffa169a2-8085-49e0-88f3-9be6863eb27d.jpg?im_w=720',205);
INSERT INTO image (type, url, room) VALUES ('detail','https://a0.muscache.com/im/pictures/6960f1bf-7d99-43dc-a667-1778ee4e467a.jpg?im_w=720',205);
INSERT INTO image (type, url, room) VALUES ('detail','https://a0.muscache.com/im/pictures/a4b0986d-154d-4a6d-8367-3af7f5068317.jpg?im_w=720',205);
INSERT INTO image (type, url, room) VALUES ('detail','https://a0.muscache.com/im/pictures/6d243584-a6c5-4c51-8061-0b8e026035fe.jpg?im_w=720',205);
INSERT INTO image (type, url, room) VALUES ('detail','https://a0.muscache.com/im/pictures/92a67225-b45a-4dc3-aec5-88018770cd44.jpg?im_w=720',205);
INSERT INTO image (type, url, room) VALUES ('detail','https://a0.muscache.com/im/pictures/c0128c0b-6872-43e4-a8e2-e333bc7381f4.jpg?im_w=720',205);
INSERT INTO image (type, url, room) VALUES ('detail','https://a0.muscache.com/im/pictures/3c4333d3-98ad-4b12-9a28-67dd86c5627f.jpg?im_w=720',205);
INSERT INTO image (type, url, room) VALUES ('detail','https://a0.muscache.com/im/pictures/ae5bd8b3-e3f2-4086-803b-5c08386e6ac5.jpg?im_w=720',205);
INSERT INTO image (type, url, room) VALUES ('detail','https://a0.muscache.com/im/pictures/799edc94-fe02-4af8-b77b-285e5055ef57.jpg?im_w=720',205);
INSERT INTO image (type, url, room) VALUES ('detail','https://a0.muscache.com/im/pictures/babf07fb-0347-4c0c-b097-17e399ec4896.jpg?im_w=720',205);
INSERT INTO image (type, url, room) VALUES ('detail','https://a0.muscache.com/im/pictures/1ae9c1d4-f70c-4aea-96e5-024fb21fdb7e.jpg?im_w=720',205);
INSERT INTO image (type, url, room) VALUES ('detail','https://a0.muscache.com/im/pictures/22a8e47a-7220-4749-8068-760b3b04d33f.jpg?im_w=720',205);
INSERT INTO image (type, url, room) VALUES ('detail','https://a0.muscache.com/im/pictures/8e1fb353-f095-414f-aa96-a23b0eccd67c.jpg?im_w=720',205);
INSERT INTO image (type, url, room) VALUES ('detail','https://a0.muscache.com/im/pictures/e4a6e25f-289c-4a0f-aa0c-b9e3287f8651.jpg?im_w=720',205);
INSERT INTO image (type, url, room) VALUES ('detail','https://a0.muscache.com/im/pictures/2bf27c3f-9903-4fe8-8e11-178935d91b0f.jpg?im_w=720',205);
INSERT INTO image (type, url, room) VALUES ('detail','https://a0.muscache.com/im/pictures/290797d5-2f77-4b22-a7e3-a0f193d66c8f.jpg?im_w=720',205);
INSERT INTO image (type, url, room) VALUES ('detail','https://a0.muscache.com/im/pictures/eaf38624-e17a-4a27-9840-eb3346ebe486.jpg?im_w=720',205);
INSERT INTO image (type, url, room) VALUES ('detail','https://a0.muscache.com/im/pictures/70266232-fbf7-4c3b-b590-9f41096b4d6c.jpg?im_w=720',205);
INSERT INTO image (type, url, room) VALUES ('detail','https://a0.muscache.com/im/pictures/bdef2b2d-4f5f-4e13-b4da-de4341a76113.jpg?im_w=720',205);
INSERT INTO image (type, url, room) VALUES ('detail','https://a0.muscache.com/im/pictures/5a2041e0-13ef-41fb-aac4-b9dfbdee5cc7.jpg?im_w=720',205);
INSERT INTO image (type, url, room) VALUES ('detail','https://a0.muscache.com/im/pictures/147e6b71-e729-469b-950e-96027a753b93.jpg?im_w=720',205);
INSERT INTO image (type, url, room) VALUES ('detail','https://a0.muscache.com/im/pictures/5fd89750-c1a2-44cc-b469-32b4fa012c24.jpg?im_w=720',205);
INSERT INTO image (type, url, room) VALUES ('detail','https://a0.muscache.com/im/pictures/115638a8-e5e9-4e29-8c14-d3a49b1b4190.jpg?im_w=720',205);
INSERT INTO image (type, url, room) VALUES ('detail','https://a0.muscache.com/im/pictures/d1c22aa4-e322-46e4-b1d1-f4c55299e69a.jpg?im_w=720',205);
INSERT INTO image (type, url, room) VALUES ('detail','https://a0.muscache.com/im/pictures/1f426dee-9968-4ace-a2d5-654b899b3b12.jpg?im_w=720',205);
INSERT INTO image (type, url, room) VALUES ('detail','https://a0.muscache.com/im/pictures/09a5cb52-eac4-4742-ae47-2cced44d0e01.jpg?im_w=720',205);
insert into location(id,latitude,longitude,city) values (206,35.542,129.314,'울산');
INSERT INTO room (id, title, description, price_per_day, room_type, bed, max_guest, bathroom, location) VALUES (206,'메마른 일상을 촉촉히 적셔줄 감성숙소 울산 room_ocean 입니다 :)','Sinjeong 3(sam)-dong, Nam-gu의 집 전체',89000,'집 전체',2,4,1,206);
INSERT INTO image (type, url, room) VALUES ('thumb','https://a0.muscache.com/im/pictures/fe9f7e0a-3811-4cb2-a506-4ce7b1f24cb4.jpg?im_w=720',206);
INSERT INTO image (type, url, room) VALUES ('detail','https://a0.muscache.com/im/pictures/ec7fcedf-ca80-4a8f-9582-c3761f223619.jpg?im_w=720',206);
INSERT INTO image (type, url, room) VALUES ('detail','https://a0.muscache.com/im/pictures/0ed9a13e-83e9-48ef-afbb-609408d91708.jpg?im_w=720',206);
INSERT INTO image (type, url, room) VALUES ('detail','https://a0.muscache.com/im/pictures/91a3c2ae-22a2-45f4-b218-b5ee5886488e.jpg?im_w=720',206);
INSERT INTO image (type, url, room) VALUES ('detail','https://a0.muscache.com/im/pictures/284ff232-c869-4404-bbd6-186a323e31b9.jpg?im_w=720',206);
INSERT INTO image (type, url, room) VALUES ('detail','https://a0.muscache.com/im/pictures/2df983c3-347b-4978-a3c4-205388c5748c.jpg?im_w=720',206);
INSERT INTO image (type, url, room) VALUES ('detail','https://a0.muscache.com/im/pictures/bea4cca0-53d5-4c5a-9812-7255a3ce1474.jpg?im_w=720',206);
INSERT INTO image (type, url, room) VALUES ('detail','https://a0.muscache.com/im/pictures/18459e4f-7c45-4f46-ade8-2ab6e27df6b6.jpg?im_w=720',206);
INSERT INTO image (type, url, room) VALUES ('detail','https://a0.muscache.com/im/pictures/de744a25-b5fa-4b3d-a5d7-3cb42fbd3c8f.jpg?im_w=720',206);
INSERT INTO image (type, url, room) VALUES ('detail','https://a0.muscache.com/im/pictures/640b9fee-7bdc-4acc-a8a5-03e3247379b6.jpg?im_w=720',206);
INSERT INTO image (type, url, room) VALUES ('detail','https://a0.muscache.com/im/pictures/b6a4efdd-f5a7-47ee-b7f5-eea19f919a78.jpg?im_w=720',206);
INSERT INTO image (type, url, room) VALUES ('detail','https://a0.muscache.com/im/pictures/415c7b90-bd72-42d5-9a6c-5a13f89056e5.jpg?im_w=720',206);
INSERT INTO image (type, url, room) VALUES ('detail','https://a0.muscache.com/im/pictures/f225134c-2942-4dca-b94a-00c4e4da15be.jpg?im_w=720',206);
INSERT INTO image (type, url, room) VALUES ('detail','https://a0.muscache.com/im/pictures/04b16243-a7eb-47a0-b3c1-9f3ae2b12b6a.jpg?im_w=720',206);
INSERT INTO image (type, url, room) VALUES ('detail','https://a0.muscache.com/im/pictures/41c365ff-5020-4d71-91bd-be6e3f9eb064.jpg?im_w=720',206);
INSERT INTO image (type, url, room) VALUES ('detail','https://a0.muscache.com/im/pictures/c1870038-b267-4e05-88ca-f62f15c9b32e.jpg?im_w=720',206);
INSERT INTO image (type, url, room) VALUES ('detail','https://a0.muscache.com/im/pictures/6214c03e-64c3-49a0-9f05-becb0a08531a.jpg?im_w=720',206);
INSERT INTO image (type, url, room) VALUES ('detail','https://a0.muscache.com/im/pictures/0d472829-a814-43e3-9a06-0a1d3973ac6e.jpg?im_w=720',206);
INSERT INTO image (type, url, room) VALUES ('detail','https://a0.muscache.com/im/pictures/51872bf1-1421-4a2d-9f80-68c07018987d.jpg?im_w=720',206);
INSERT INTO image (type, url, room) VALUES ('detail','https://a0.muscache.com/im/pictures/c3c3c51d-2c25-42e0-9e89-0bc36eefab97.jpg?im_w=720',206);
INSERT INTO image (type, url, room) VALUES ('detail','https://a0.muscache.com/im/pictures/dcb9e050-9bfe-4765-81fc-63f360749da1.jpg?im_w=720',206);
INSERT INTO image (type, url, room) VALUES ('detail','https://a0.muscache.com/im/pictures/ddba6842-848b-4f2f-9427-4e5cf84ce138.jpg?im_w=720',206);
INSERT INTO image (type, url, room) VALUES ('detail','https://a0.muscache.com/im/pictures/916f5a88-cc96-4dd7-97a0-374881188bb7.jpg?im_w=720',206);
INSERT INTO image (type, url, room) VALUES ('detail','https://a0.muscache.com/im/pictures/a62c1ada-3717-482c-82bc-3108ab0b76e7.jpg?im_w=720',206);
INSERT INTO image (type, url, room) VALUES ('detail','https://a0.muscache.com/im/pictures/63c06169-04fd-4214-8826-939a1518740f.jpg?im_w=720',206);
INSERT INTO image (type, url, room) VALUES ('detail','https://a0.muscache.com/im/pictures/e08b4d01-cf61-4dd4-ae0b-7e2ab4abf03d.jpg?im_w=720',206);
INSERT INTO image (type, url, room) VALUES ('detail','https://a0.muscache.com/im/pictures/0752f6af-3cc2-417f-a0ed-db40a5b869a8.jpg?im_w=720',206);
INSERT INTO image (type, url, room) VALUES ('detail','https://a0.muscache.com/im/pictures/93ffaa03-935f-43da-9ccc-f430048234fa.jpg?im_w=720',206);
INSERT INTO image (type, url, room) VALUES ('detail','https://a0.muscache.com/im/pictures/2d2f490f-6fc8-43da-b11b-6f1ba4a95323.jpg?im_w=720',206);
INSERT INTO image (type, url, room) VALUES ('detail','https://a0.muscache.com/im/pictures/32252b28-222d-45b5-b370-52be3fe32c4b.jpg?im_w=720',206);
insert into location(id,latitude,longitude,city) values (207,35.537,129.309,'울산');
INSERT INTO room (id, title, description, price_per_day, room_type, bed, max_guest, bathroom, location) VALUES (207,'J1울산대공원/왓챠.넷플릭스/세스코바이러스케어/예쁜집/커플/혼자/출장/힐링','Sinjeong-dong, Nam-gu의 집 전체',94000,'집 전체',1,2,1,207);
INSERT INTO image (type, url, room) VALUES ('thumb','https://a0.muscache.com/im/pictures/079bb1bc-8700-4111-af8a-44cdcd88e38a.jpg?im_w=720',207);
INSERT INTO image (type, url, room) VALUES ('detail','https://a0.muscache.com/im/pictures/73e3afd6-b834-4222-b344-b36dffc8a09d.jpg?im_w=720',207);
INSERT INTO image (type, url, room) VALUES ('detail','https://a0.muscache.com/im/pictures/35dadf2d-5227-4cd8-b43e-fd1a1ed878d7.jpg?im_w=720',207);
INSERT INTO image (type, url, room) VALUES ('detail','https://a0.muscache.com/im/pictures/c5cbfd45-108d-4a9b-8b5f-82f3cb0deecb.jpg?im_w=720',207);
INSERT INTO image (type, url, room) VALUES ('detail','https://a0.muscache.com/im/pictures/51a048e4-1a82-49a4-ae42-c71dc8231b6e.jpg?im_w=720',207);
INSERT INTO image (type, url, room) VALUES ('detail','https://a0.muscache.com/im/pictures/ee77d820-04f1-46e9-a280-75cd93ee8e07.jpg?im_w=720',207);
INSERT INTO image (type, url, room) VALUES ('detail','https://a0.muscache.com/im/pictures/569ee129-bbf3-4dd4-b5a9-a66588343a78.jpg?im_w=720',207);
INSERT INTO image (type, url, room) VALUES ('detail','https://a0.muscache.com/im/pictures/c3389b03-b329-4bda-849c-97785eadd1c6.jpg?im_w=720',207);
INSERT INTO image (type, url, room) VALUES ('detail','https://a0.muscache.com/im/pictures/3040e439-adb7-4a34-8b79-0a9384c3edca.jpg?im_w=720',207);
INSERT INTO image (type, url, room) VALUES ('detail','https://a0.muscache.com/im/pictures/c504e728-770f-4de4-8475-7db56a7e809e.jpg?im_w=720',207);
INSERT INTO image (type, url, room) VALUES ('detail','https://a0.muscache.com/im/pictures/187df711-1f35-4a43-b600-9f19c0d852e4.jpg?im_w=720',207);
INSERT INTO image (type, url, room) VALUES ('detail','https://a0.muscache.com/im/pictures/17f4dc44-c631-4b81-8028-79eb3633ae4e.jpg?im_w=720',207);
INSERT INTO image (type, url, room) VALUES ('detail','https://a0.muscache.com/im/pictures/26843d1d-51c2-4b80-9f7a-67ec34313c8b.jpg?im_w=720',207);
INSERT INTO image (type, url, room) VALUES ('detail','https://a0.muscache.com/im/pictures/374ec50c-39c9-4ae8-b4d4-8e171f8c6563.jpg?im_w=720',207);
INSERT INTO image (type, url, room) VALUES ('detail','https://a0.muscache.com/im/pictures/1f2f3722-175d-4986-892b-61c310f86a5b.jpg?im_w=720',207);
INSERT INTO image (type, url, room) VALUES ('detail','https://a0.muscache.com/im/pictures/92a808a2-b588-4778-8b8a-ac4aa3a4eb9f.jpg?im_w=720',207);
INSERT INTO image (type, url, room) VALUES ('detail','https://a0.muscache.com/im/pictures/3645e0f2-d592-4e38-a109-43748f425824.jpg?im_w=720',207);
INSERT INTO image (type, url, room) VALUES ('detail','https://a0.muscache.com/im/pictures/d97ff115-13e6-4202-9680-7ef324958202.jpg?im_w=720',207);
INSERT INTO image (type, url, room) VALUES ('detail','https://a0.muscache.com/im/pictures/905f9a20-35d5-4b0c-b739-209f9c48d4a2.jpg?im_w=720',207);
INSERT INTO image (type, url, room) VALUES ('detail','https://a0.muscache.com/im/pictures/b3bf07fc-c38f-41ad-bbc1-86840a1cd731.jpg?im_w=720',207);
INSERT INTO image (type, url, room) VALUES ('detail','https://a0.muscache.com/im/pictures/6e9ca79e-d15f-4b4d-83a7-fd048c8e59a0.jpg?im_w=720',207);
INSERT INTO image (type, url, room) VALUES ('detail','https://a0.muscache.com/im/pictures/4df08f86-93f7-42e5-8767-ffe22c1c9b2f.jpg?im_w=720',207);
INSERT INTO image (type, url, room) VALUES ('detail','https://a0.muscache.com/im/pictures/182ba4c5-ac59-4064-8a5d-20a0125c6a26.jpg?im_w=720',207);
INSERT INTO image (type, url, room) VALUES ('detail','https://a0.muscache.com/im/pictures/35e3beca-b087-4b3b-985a-4c67baa2ffe4.jpg?im_w=720',207);
INSERT INTO image (type, url, room) VALUES ('detail','https://a0.muscache.com/im/pictures/3e03d8a8-7248-42d7-aa40-417f4faa5b33.jpg?im_w=720',207);
insert into location(id,latitude,longitude,city) values (208,35.483,129.418,'울산');
INSERT INTO room (id, title, description, price_per_day, room_type, bed, max_guest, bathroom, location) VALUES (208,'★매일소독★오션뷰#넷플릭스#바다1분#시크릿힐링하우스#커플여행#출장#대왕암#일산지#슬도','Bangeo-dong, Dong-gu의 아파트 전체',100000,'집 전체',1,2,1,208);
INSERT INTO image (type, url, room) VALUES ('thumb','https://a0.muscache.com/im/pictures/acc95e85-c447-4478-9c64-c29596ab8380.jpg?im_w=720',208);
INSERT INTO image (type, url, room) VALUES ('detail','https://a0.muscache.com/im/pictures/0757fa9c-c0d0-4288-a25d-559490e95f52.jpg?im_w=720',208);
INSERT INTO image (type, url, room) VALUES ('detail','https://a0.muscache.com/im/pictures/2252e6b0-8b76-43dd-8c74-47dc2815e289.jpg?im_w=720',208);
INSERT INTO image (type, url, room) VALUES ('detail','https://a0.muscache.com/im/pictures/9057e930-3e20-46e3-ba61-e80a0031b7e1.jpg?im_w=720',208);
INSERT INTO image (type, url, room) VALUES ('detail','https://a0.muscache.com/im/pictures/b38a2c2e-cd4b-437d-b971-49abe8a95520.jpg?im_w=720',208);
INSERT INTO image (type, url, room) VALUES ('detail','https://a0.muscache.com/im/pictures/30048c47-dcea-42e8-8206-d8cb67b00153.jpg?im_w=720',208);
INSERT INTO image (type, url, room) VALUES ('detail','https://a0.muscache.com/im/pictures/461e7232-d7d2-4792-8e33-ccc451c3d783.jpg?im_w=720',208);
INSERT INTO image (type, url, room) VALUES ('detail','https://a0.muscache.com/im/pictures/5e2da867-4d38-4f3c-9df6-8d0cd23c6fab.jpg?im_w=720',208);
INSERT INTO image (type, url, room) VALUES ('detail','https://a0.muscache.com/im/pictures/1e541625-d01b-451a-9d00-e45a0b8557b7.jpg?im_w=720',208);
INSERT INTO image (type, url, room) VALUES ('detail','https://a0.muscache.com/im/pictures/6ba0e37b-ab2d-4e23-bf7a-db6d42e0ac56.jpg?im_w=720',208);
INSERT INTO image (type, url, room) VALUES ('detail','https://a0.muscache.com/im/pictures/7dd174a3-331f-4c19-aabe-aafb00bff595.jpg?im_w=720',208);
INSERT INTO image (type, url, room) VALUES ('detail','https://a0.muscache.com/im/pictures/d03f7bb0-cee3-4542-a36b-c528d93f6ee7.jpg?im_w=720',208);
INSERT INTO image (type, url, room) VALUES ('detail','https://a0.muscache.com/im/pictures/653b7a1b-4d64-406f-912f-15f20381b3e4.jpg?im_w=720',208);
INSERT INTO image (type, url, room) VALUES ('detail','https://a0.muscache.com/im/pictures/6b2f1d51-c511-454f-853e-9fad99f0761b.jpg?im_w=720',208);
INSERT INTO image (type, url, room) VALUES ('detail','https://a0.muscache.com/im/pictures/87952bd8-abcb-48c8-a08b-1106daa4dcbc.jpg?im_w=720',208);
INSERT INTO image (type, url, room) VALUES ('detail','https://a0.muscache.com/im/pictures/83710159-313f-43c5-991f-bae15eeb2678.jpg?im_w=720',208);
INSERT INTO image (type, url, room) VALUES ('detail','https://a0.muscache.com/im/pictures/e33853c1-146a-46d1-8dd6-c311f9c7e29d.jpg?im_w=720',208);
INSERT INTO image (type, url, room) VALUES ('detail','https://a0.muscache.com/im/pictures/f1e96821-c229-4147-a51c-72226b7c5f3c.jpg?im_w=720',208);
INSERT INTO image (type, url, room) VALUES ('detail','https://a0.muscache.com/im/pictures/b52cb439-286c-4fe8-935b-ea0e1df001eb.jpg?im_w=720',208);
INSERT INTO image (type, url, room) VALUES ('detail','https://a0.muscache.com/im/pictures/4b53cc5b-53f8-4925-b34e-eea6e0b62565.jpg?im_w=720',208);
INSERT INTO image (type, url, room) VALUES ('detail','https://a0.muscache.com/im/pictures/4773f305-0fc6-46c5-9a8c-0342285e9029.jpg?im_w=720',208);
INSERT INTO image (type, url, room) VALUES ('detail','https://a0.muscache.com/im/pictures/2201ac77-d946-4cc4-b181-1094108f795d.jpg?im_w=720',208);
INSERT INTO image (type, url, room) VALUES ('detail','https://a0.muscache.com/im/pictures/5ce79951-7eff-4679-98c2-a14627d872bf.jpg?im_w=720',208);
INSERT INTO image (type, url, room) VALUES ('detail','https://a0.muscache.com/im/pictures/945d6396-c3b8-4a36-aa98-4b7b8ff4edae.jpg?im_w=720',208);
INSERT INTO image (type, url, room) VALUES ('detail','https://a0.muscache.com/im/pictures/1206bcb5-83b9-42b1-9d64-02ed719019c4.jpg?im_w=720',208);
INSERT INTO image (type, url, room) VALUES ('detail','https://a0.muscache.com/im/pictures/18f2fecf-d1ae-4a1a-b5d9-473647f8f937.jpg?im_w=720',208);
INSERT INTO image (type, url, room) VALUES ('detail','https://a0.muscache.com/im/pictures/76a6c32f-bc7c-497a-b403-291f473eb841.jpg?im_w=720',208);
INSERT INTO image (type, url, room) VALUES ('detail','https://a0.muscache.com/im/pictures/b475f0e7-ebce-4ded-853d-c1a53ba19b94.jpg?im_w=720',208);
INSERT INTO image (type, url, room) VALUES ('detail','https://a0.muscache.com/im/pictures/51b4546e-da96-47c8-a706-6eca6941a13f.jpg?im_w=720',208);
INSERT INTO image (type, url, room) VALUES ('detail','https://a0.muscache.com/im/pictures/346029c0-5d35-4e55-896a-a07d2d817688.jpg?im_w=720',208);
insert into location(id,latitude,longitude,city) values (209,35.537,129.308,'울산');
INSERT INTO room (id, title, description, price_per_day, room_type, bed, max_guest, bathroom, location) VALUES (209,'J2넷플릭스/왓챠/세스코/여행/커플/혼자/출장/힐링/방역철저/43inTV/울산대공원',' Nam-gu의 집 전체',94000,'집 전체',1,3,1,209);
INSERT INTO image (type, url, room) VALUES ('thumb','https://a0.muscache.com/im/pictures/f5fcc8d1-1ea7-473c-a3b1-bf54682972b7.jpg?im_w=720',209);
INSERT INTO image (type, url, room) VALUES ('detail','https://a0.muscache.com/im/pictures/ec457263-c1d2-44b5-95ac-e886c363e2b2.jpg?im_w=720',209);
INSERT INTO image (type, url, room) VALUES ('detail','https://a0.muscache.com/im/pictures/d67dcf8c-2154-4a63-a9f3-1a5dfc02e3ec.jpg?im_w=720',209);
INSERT INTO image (type, url, room) VALUES ('detail','https://a0.muscache.com/im/pictures/6fe9952f-b37f-4e2a-8bba-33b7cd941235.jpg?im_w=720',209);
INSERT INTO image (type, url, room) VALUES ('detail','https://a0.muscache.com/im/pictures/93d1fb9a-278b-41c2-bd2c-236244576b15.jpg?im_w=720',209);
INSERT INTO image (type, url, room) VALUES ('detail','https://a0.muscache.com/im/pictures/5c3acde0-ba3e-4599-b4b5-49946a643344.jpg?im_w=720',209);
INSERT INTO image (type, url, room) VALUES ('detail','https://a0.muscache.com/im/pictures/e76afe57-7be0-4c2b-9fc8-03ca44d67bc6.jpg?im_w=720',209);
INSERT INTO image (type, url, room) VALUES ('detail','https://a0.muscache.com/im/pictures/487c1e64-dd79-4630-9c4d-5691d93463a0.jpg?im_w=720',209);
INSERT INTO image (type, url, room) VALUES ('detail','https://a0.muscache.com/im/pictures/1871586d-00ac-4cdc-8d74-5e21ac98439a.jpg?im_w=720',209);
INSERT INTO image (type, url, room) VALUES ('detail','https://a0.muscache.com/im/pictures/3462ad82-59fb-483a-9184-1fb983698dcd.jpg?im_w=720',209);
INSERT INTO image (type, url, room) VALUES ('detail','https://a0.muscache.com/im/pictures/96135817-db3f-46ba-bab2-128e3f5f1d51.jpg?im_w=720',209);
INSERT INTO image (type, url, room) VALUES ('detail','https://a0.muscache.com/im/pictures/82a0735b-3d4b-4ab3-8b45-a2ecdd6a88ef.jpg?im_w=720',209);
INSERT INTO image (type, url, room) VALUES ('detail','https://a0.muscache.com/im/pictures/ca250a55-900a-4ac2-8961-d3e5f3b1f2a7.jpg?im_w=720',209);
INSERT INTO image (type, url, room) VALUES ('detail','https://a0.muscache.com/im/pictures/3f55b56c-4b42-49fe-8569-d0bcf3c21470.jpg?im_w=720',209);
INSERT INTO image (type, url, room) VALUES ('detail','https://a0.muscache.com/im/pictures/951a4dda-83f1-448f-aa58-7916a7646a86.jpg?im_w=720',209);
INSERT INTO image (type, url, room) VALUES ('detail','https://a0.muscache.com/im/pictures/a3b48f08-dfba-45df-a73e-599520763457.jpg?im_w=720',209);
INSERT INTO image (type, url, room) VALUES ('detail','https://a0.muscache.com/im/pictures/d740244b-adf8-41d3-88d8-14c8e9adf2ec.jpg?im_w=720',209);
INSERT INTO image (type, url, room) VALUES ('detail','https://a0.muscache.com/im/pictures/99f76a7d-c9ab-44d3-b29f-7ac85fa26e2c.jpg?im_w=720',209);
INSERT INTO image (type, url, room) VALUES ('detail','https://a0.muscache.com/im/pictures/d4de1f91-10f5-41b0-a730-3c68b04b670e.jpg?im_w=720',209);
INSERT INTO image (type, url, room) VALUES ('detail','https://a0.muscache.com/im/pictures/75b4bf29-3670-4a60-b1ba-1a308b7370e3.jpg?im_w=720',209);
insert into location(id,latitude,longitude,city) values (210,35.533,129.315,'울산');
INSERT INTO room (id, title, description, price_per_day, room_type, bed, max_guest, bathroom, location) VALUES (210,'울산 남구 신정동 롯데마트 바로앞에 위치한 15평 풀옵션 아파트 유씨티 입니다','Nam-gu의 레지던스 전체',80000,'집 전체',0,4,1,210);
INSERT INTO image (type, url, room) VALUES ('thumb','https://a0.muscache.com/im/pictures/46cf4b7b-cae3-4ba8-af70-2cee94395a8d.jpg?im_w=720',210);
INSERT INTO image (type, url, room) VALUES ('detail','https://a0.muscache.com/im/pictures/f6dca8ee-14c6-41c2-ae5d-c990176fe01c.jpg?im_w=720',210);
INSERT INTO image (type, url, room) VALUES ('detail','https://a0.muscache.com/im/pictures/37a32fc4-d08c-444e-a08d-f0f1657d7c35.jpg?im_w=720',210);
INSERT INTO image (type, url, room) VALUES ('detail','https://a0.muscache.com/im/pictures/bd95a9ef-2f3d-48fc-bfa6-32d7ed083b9e.jpg?im_w=720',210);
INSERT INTO image (type, url, room) VALUES ('detail','https://a0.muscache.com/im/pictures/974d0349-bc4d-45f8-b9ef-a20b17813196.jpg?im_w=720',210);
INSERT INTO image (type, url, room) VALUES ('detail','https://a0.muscache.com/im/pictures/b8d7969b-538b-4bba-a4e3-c12366fdcfce.jpg?im_w=720',210);
INSERT INTO image (type, url, room) VALUES ('detail','https://a0.muscache.com/im/pictures/dc51c154-314c-4420-92c9-965b23f01c1c.jpg?im_w=720',210);
INSERT INTO image (type, url, room) VALUES ('detail','https://a0.muscache.com/im/pictures/b417663e-9b09-4f54-87e6-4b6ec3da3be6.jpg?im_w=720',210);
INSERT INTO image (type, url, room) VALUES ('detail','https://a0.muscache.com/im/pictures/1abd2496-215c-406b-9320-69f6c27b4d66.jpg?im_w=720',210);
INSERT INTO image (type, url, room) VALUES ('detail','https://a0.muscache.com/im/pictures/0335e401-78c2-4a54-b976-472e9c327897.jpg?im_w=720',210);
INSERT INTO image (type, url, room) VALUES ('detail','https://a0.muscache.com/im/pictures/10cc4416-5161-4c1f-a60a-2385f668c6f9.jpg?im_w=720',210);
INSERT INTO image (type, url, room) VALUES ('detail','https://a0.muscache.com/im/pictures/41505484-6586-4a32-b0f1-b323619fd464.jpg?im_w=720',210);
insert into location(id,latitude,longitude,city) values (211,35.535,129.309,'울산');
INSERT INTO room (id, title, description, price_per_day, room_type, bed, max_guest, bathroom, location) VALUES (211,'J5/리클라이너쇼파,75인치TV,왓챠,넷플릭스,세스코/청결최우선,울산대공원,완벽한 여행','Sinjeong-dong, Nam-gu의 집 전체',95000,'집 전체',1,4,1,211);
INSERT INTO image (type, url, room) VALUES ('thumb','https://a0.muscache.com/im/pictures/5325b74d-7075-4874-b3ef-d13f3f7e34a2.jpg?im_w=720',211);
INSERT INTO image (type, url, room) VALUES ('detail','https://a0.muscache.com/im/pictures/6a2f48d1-0f25-4f84-beb3-fc03caee3d1f.jpg?im_w=720',211);
INSERT INTO image (type, url, room) VALUES ('detail','https://a0.muscache.com/im/pictures/2cabd5e3-6cb0-420e-8665-89d11a4aff74.jpg?im_w=720',211);
INSERT INTO image (type, url, room) VALUES ('detail','https://a0.muscache.com/im/pictures/53903fd5-c37e-4be1-b3d3-cebf9a0f818e.jpg?im_w=720',211);
INSERT INTO image (type, url, room) VALUES ('detail','https://a0.muscache.com/im/pictures/9f083124-b2ce-4cf4-827a-1dfc53e8e846.jpg?im_w=720',211);
INSERT INTO image (type, url, room) VALUES ('detail','https://a0.muscache.com/im/pictures/438555c0-6b8b-433d-8416-bcfe8146ec50.jpg?im_w=720',211);
INSERT INTO image (type, url, room) VALUES ('detail','https://a0.muscache.com/im/pictures/5df4fcc0-9fd6-4bd3-a470-eb157629fa8f.jpg?im_w=720',211);
INSERT INTO image (type, url, room) VALUES ('detail','https://a0.muscache.com/im/pictures/e4ea6ffb-5ce6-4a2e-b2c7-bbfb6527a868.jpg?im_w=720',211);
INSERT INTO image (type, url, room) VALUES ('detail','https://a0.muscache.com/im/pictures/96405aff-039b-4f97-9929-369eac4eb8a6.jpg?im_w=720',211);
INSERT INTO image (type, url, room) VALUES ('detail','https://a0.muscache.com/im/pictures/132fee6a-5f62-4cfd-8f07-46eaf444ceb9.jpg?im_w=720',211);
INSERT INTO image (type, url, room) VALUES ('detail','https://a0.muscache.com/im/pictures/e41a3d78-dc64-4aee-a575-fb861a102b4d.jpg?im_w=720',211);
INSERT INTO image (type, url, room) VALUES ('detail','https://a0.muscache.com/im/pictures/fb99a544-da24-472b-975e-5f82a4d3db2e.jpg?im_w=720',211);
INSERT INTO image (type, url, room) VALUES ('detail','https://a0.muscache.com/im/pictures/c9328543-f041-4795-b69a-2de708fd20c9.jpg?im_w=720',211);
INSERT INTO image (type, url, room) VALUES ('detail','https://a0.muscache.com/im/pictures/2e1be1ff-90ba-441b-a0cc-05243680581a.jpg?im_w=720',211);
INSERT INTO image (type, url, room) VALUES ('detail','https://a0.muscache.com/im/pictures/8b52b7b0-4fb6-421f-b436-ea2e8aff13fe.jpg?im_w=720',211);
INSERT INTO image (type, url, room) VALUES ('detail','https://a0.muscache.com/im/pictures/c68741f8-c424-42b3-bdbb-35b526c55457.jpg?im_w=720',211);
INSERT INTO image (type, url, room) VALUES ('detail','https://a0.muscache.com/im/pictures/d3c983cb-8b22-41c2-b44e-c4eafc2c20fa.jpg?im_w=720',211);
INSERT INTO image (type, url, room) VALUES ('detail','https://a0.muscache.com/im/pictures/fc152c66-d2b7-4a4e-a0e0-5c6986b32adc.jpg?im_w=720',211);
INSERT INTO image (type, url, room) VALUES ('detail','https://a0.muscache.com/im/pictures/86c35877-7f64-4f20-afc7-04b8be054dfe.jpg?im_w=720',211);
INSERT INTO image (type, url, room) VALUES ('detail','https://a0.muscache.com/im/pictures/b3709868-1c65-4288-9890-e62515bb5315.jpg?im_w=720',211);
INSERT INTO image (type, url, room) VALUES ('detail','https://a0.muscache.com/im/pictures/7030d153-e063-44a4-80db-c1eee3213451.jpg?im_w=720',211);
INSERT INTO image (type, url, room) VALUES ('detail','https://a0.muscache.com/im/pictures/4a22a49f-82e3-4e31-b778-27a7bc5e7538.jpg?im_w=720',211);
INSERT INTO image (type, url, room) VALUES ('detail','https://a0.muscache.com/im/pictures/2f37c2c4-3991-4314-b147-04c8d846f614.jpg?im_w=720',211);
INSERT INTO image (type, url, room) VALUES ('detail','https://a0.muscache.com/im/pictures/b18954c8-8a51-40b7-b2ea-040aca751390.jpg?im_w=720',211);
INSERT INTO image (type, url, room) VALUES ('detail','https://a0.muscache.com/im/pictures/ed73b2a8-2bf2-47a1-b9f0-977c3b87bd10.jpg?im_w=720',211);
INSERT INTO image (type, url, room) VALUES ('detail','https://a0.muscache.com/im/pictures/34b3b38c-b5c1-4620-a6e4-9be3f8539666.jpg?im_w=720',211);
insert into location(id,latitude,longitude,city) values (212,35.55,129.258,'울산');
INSERT INTO room (id, title, description, price_per_day, room_type, bed, max_guest, bathroom, location) VALUES (212,'실내 리모델링 완료 , 깨끗하고 조용한동네 위치, 신복로터리 버스터미널 5분거리','Mugeo-dong, Nam-gu의 집 전체',95000,'집 전체',0,2,1,212);
INSERT INTO image (type, url, room) VALUES ('thumb','https://a0.muscache.com/im/pictures/b519efbe-1609-4497-bc30-ca62a8f3561e.jpg?im_w=720',212);
INSERT INTO image (type, url, room) VALUES ('detail','https://a0.muscache.com/im/pictures/fbcbb6fd-710d-40c2-9d09-4663c5bd0625.jpg?im_w=720',212);
INSERT INTO image (type, url, room) VALUES ('detail','https://a0.muscache.com/im/pictures/71824e58-fae2-4ca2-9000-5837e61a0116.jpg?im_w=720',212);
INSERT INTO image (type, url, room) VALUES ('detail','https://a0.muscache.com/im/pictures/94593bc0-5e22-4a56-ae9d-4ab81921abed.jpg?im_w=720',212);
INSERT INTO image (type, url, room) VALUES ('detail','https://a0.muscache.com/im/pictures/9168c460-1ab6-4d78-b26c-f5f6aba12862.jpg?im_w=720',212);
INSERT INTO image (type, url, room) VALUES ('detail','https://a0.muscache.com/im/pictures/b3b7a25e-286b-4f9d-a988-e3f50fd64f30.jpg?im_w=720',212);
INSERT INTO image (type, url, room) VALUES ('detail','https://a0.muscache.com/im/pictures/9a32616d-51e1-43f7-b4e1-5f792de0aab7.jpg?im_w=720',212);
INSERT INTO image (type, url, room) VALUES ('detail','https://a0.muscache.com/im/pictures/c1abb9f8-c639-4a20-893f-ba06a15e4c98.jpg?im_w=720',212);
INSERT INTO image (type, url, room) VALUES ('detail','https://a0.muscache.com/im/pictures/4933fae9-f2d5-4f26-a4cb-9ee7c45cb36b.jpg?im_w=720',212);
INSERT INTO image (type, url, room) VALUES ('detail','https://a0.muscache.com/im/pictures/10a381ca-b747-4c6b-a12e-39d055f79524.jpg?im_w=720',212);
INSERT INTO image (type, url, room) VALUES ('detail','https://a0.muscache.com/im/pictures/ba25c4c1-2623-462f-9aae-320e9eea42b2.jpg?im_w=720',212);
INSERT INTO image (type, url, room) VALUES ('detail','https://a0.muscache.com/im/pictures/6ddb4cf7-1b96-405b-9817-a238aa8f88fc.jpg?im_w=720',212);
INSERT INTO image (type, url, room) VALUES ('detail','https://a0.muscache.com/im/pictures/b6149ccd-ec03-4c75-ad69-045469a49e3d.jpg?im_w=720',212);
INSERT INTO image (type, url, room) VALUES ('detail','https://a0.muscache.com/im/pictures/07ce9e0b-d115-43d6-81dc-20ae725df9ab.jpg?im_w=720',212);
insert into location(id,latitude,longitude,city) values (213,35.542,129.262,'울산');
INSERT INTO room (id, title, description, price_per_day, room_type, bed, max_guest, bathroom, location) VALUES (213,'유스테이(U-stay)203
U-stay는 보아, 현주, 정화 3명의 호스트가 운영합니다','Mugeo-dong, Nam-gu의 개인실',93000,'개인실',1,2,1,213);
INSERT INTO image (type, url, room) VALUES ('thumb','https://a0.muscache.com/im/pictures/96b1c6ae-b6c4-49c8-bb9f-3a50e9dd2686.jpg?im_w=720',213);
INSERT INTO image (type, url, room) VALUES ('detail','https://a0.muscache.com/im/pictures/19bc2f70-97fd-482e-999d-4f767de65894.jpg?im_w=720',213);
INSERT INTO image (type, url, room) VALUES ('detail','https://a0.muscache.com/im/pictures/2e03d02b-fce7-41c4-aa95-e4557a26bee7.jpg?im_w=720',213);
INSERT INTO image (type, url, room) VALUES ('detail','https://a0.muscache.com/im/pictures/0cb2c338-549e-4eeb-b013-1f216ba7ddde.jpg?im_w=720',213);
INSERT INTO image (type, url, room) VALUES ('detail','https://a0.muscache.com/im/pictures/13c4ed78-2b35-48bc-897c-a83ff9160c98.jpg?im_w=720',213);
INSERT INTO image (type, url, room) VALUES ('detail','https://a0.muscache.com/im/pictures/a6bd80b7-e2e3-4ed3-acdf-a89aafc22669.jpg?im_w=720',213);
INSERT INTO image (type, url, room) VALUES ('detail','https://a0.muscache.com/im/pictures/9fd78e4e-65bc-4834-9205-b524c92fffc9.jpg?im_w=720',213);
INSERT INTO image (type, url, room) VALUES ('detail','https://a0.muscache.com/im/pictures/8f68b52c-06e1-4019-8cc4-e07467976b36.jpg?im_w=720',213);
INSERT INTO image (type, url, room) VALUES ('detail','https://a0.muscache.com/im/pictures/f2fdf83f-78cb-4e9b-8f53-5cb1687b40f8.jpg?im_w=720',213);
INSERT INTO image (type, url, room) VALUES ('detail','https://a0.muscache.com/im/pictures/0abf1e22-ed2e-4cd9-b297-92f5126209e7.jpg?im_w=720',213);
INSERT INTO image (type, url, room) VALUES ('detail','https://a0.muscache.com/im/pictures/630911bc-635a-4a16-a137-a15017987157.jpg?im_w=720',213);
INSERT INTO image (type, url, room) VALUES ('detail','https://a0.muscache.com/im/pictures/a5e57a47-d9a4-4482-9525-660d3d3a5db6.jpg?im_w=720',213);
INSERT INTO image (type, url, room) VALUES ('detail','https://a0.muscache.com/im/pictures/06ee816a-1b25-4b82-bffe-86176e027e90.jpg?im_w=720',213);
INSERT INTO image (type, url, room) VALUES ('detail','https://a0.muscache.com/im/pictures/4ebb07c9-a354-4329-ae2a-0857afbbbfa6.jpg?im_w=720',213);
insert into location(id,latitude,longitude,city) values (214,35.55,129.259,'울산');
INSERT INTO room (id, title, description, price_per_day, room_type, bed, max_guest, bathroom, location) VALUES (214,'신복로터리 5분거리 , 리모델링완료 , 조용한 동네','Mugeo-dong, Nam-gu의 집 전체',95000,'집 전체',0,3,1,214);
INSERT INTO image (type, url, room) VALUES ('thumb','https://a0.muscache.com/im/pictures/e91eff5a-86f5-4050-8ce7-43ce69f83539.jpg?im_w=720',214);
INSERT INTO image (type, url, room) VALUES ('detail','https://a0.muscache.com/im/pictures/7d007417-5e4a-45b3-b87b-74f1389fc754.jpg?im_w=720',214);
INSERT INTO image (type, url, room) VALUES ('detail','https://a0.muscache.com/im/pictures/c3683e1a-a596-4c00-919b-68dda72be440.jpg?im_w=720',214);
INSERT INTO image (type, url, room) VALUES ('detail','https://a0.muscache.com/im/pictures/14aff275-3903-40ff-9561-168dbb9f6750.jpg?im_w=720',214);
INSERT INTO image (type, url, room) VALUES ('detail','https://a0.muscache.com/im/pictures/56817df4-46ab-474e-9564-8eb0046e8f7e.jpg?im_w=720',214);
INSERT INTO image (type, url, room) VALUES ('detail','https://a0.muscache.com/im/pictures/bd46b99d-c20b-4a15-b7b5-1e15d548386a.jpg?im_w=720',214);
INSERT INTO image (type, url, room) VALUES ('detail','https://a0.muscache.com/im/pictures/733b7549-2275-48df-9d9e-f029fb6368a5.jpg?im_w=720',214);
INSERT INTO image (type, url, room) VALUES ('detail','https://a0.muscache.com/im/pictures/b90952ad-7b8f-40d4-a6c3-63ce7b9cfbfb.jpg?im_w=720',214);
INSERT INTO image (type, url, room) VALUES ('detail','https://a0.muscache.com/im/pictures/f8a06f4d-f2e6-404a-86ca-5707fdacada9.jpg?im_w=720',214);
INSERT INTO image (type, url, room) VALUES ('detail','https://a0.muscache.com/im/pictures/5fe0071b-be7a-4de5-a993-905e47b45c91.jpg?im_w=720',214);
INSERT INTO image (type, url, room) VALUES ('detail','https://a0.muscache.com/im/pictures/e995ab0a-0af3-4838-a8b2-6202b07e5af2.jpg?im_w=720',214);
INSERT INTO image (type, url, room) VALUES ('detail','https://a0.muscache.com/im/pictures/87000c9c-d25e-47be-9019-ec14b060ff77.jpg?im_w=720',214);
INSERT INTO image (type, url, room) VALUES ('detail','https://a0.muscache.com/im/pictures/754664b8-b52d-493d-8e96-1d496045b242.jpg?im_w=720',214);
INSERT INTO image (type, url, room) VALUES ('detail','https://a0.muscache.com/im/pictures/4ffe4223-7c80-4dc6-a57d-ee2481118133.jpg?im_w=720',214);
INSERT INTO image (type, url, room) VALUES ('detail','https://a0.muscache.com/im/pictures/0a60fce4-21bf-4eb3-8496-c80a6c996589.jpg?im_w=720',214);
INSERT INTO image (type, url, room) VALUES ('detail','https://a0.muscache.com/im/pictures/9cae1df7-33df-4f07-8127-a87fbd968924.jpg?im_w=720',214);
INSERT INTO image (type, url, room) VALUES ('detail','https://a0.muscache.com/im/pictures/00501411-7f1f-4d51-a7d6-f8ebf518cbed.jpg?im_w=720',214);
insert into location(id,latitude,longitude,city) values (215,35.483,129.421,'울산');
INSERT INTO room (id, title, description, price_per_day, room_type, bed, max_guest, bathroom, location) VALUES (215,'🌊오션뷰🌊 Aroma Healing House🌿','Bangeo-dong, Dong-gu의 아파트 전체',95000,'집 전체',1,5,1,215);
INSERT INTO image (type, url, room) VALUES ('thumb','https://a0.muscache.com/im/pictures/8edce462-9c4c-49e6-a346-4979f25e64d2.jpg?im_w=720',215);
INSERT INTO image (type, url, room) VALUES ('detail','https://a0.muscache.com/im/pictures/cf0e35b5-09c8-4b40-9975-2f92a581dfcd.jpg?im_w=720',215);
INSERT INTO image (type, url, room) VALUES ('detail','https://a0.muscache.com/im/pictures/f550eef1-6a07-4875-bf73-3d1dcba0d634.jpg?im_w=720',215);
INSERT INTO image (type, url, room) VALUES ('detail','https://a0.muscache.com/im/pictures/6f7a8fa4-31ea-4e4b-bcc9-c6cda1a1e936.jpg?im_w=720',215);
INSERT INTO image (type, url, room) VALUES ('detail','https://a0.muscache.com/im/pictures/f90f8cfe-850b-44cc-b016-f0c62ef887ef.jpg?im_w=720',215);
INSERT INTO image (type, url, room) VALUES ('detail','https://a0.muscache.com/im/pictures/1500d395-9b93-4477-86ef-06da0b7ddb65.jpg?im_w=720',215);
INSERT INTO image (type, url, room) VALUES ('detail','https://a0.muscache.com/im/pictures/0f7f45f8-f3c6-4343-9a61-014a427a74fd.jpg?im_w=720',215);
INSERT INTO image (type, url, room) VALUES ('detail','https://a0.muscache.com/im/pictures/c094903a-bbaf-4c6a-b653-963352d28f19.jpg?im_w=720',215);
INSERT INTO image (type, url, room) VALUES ('detail','https://a0.muscache.com/im/pictures/b3cb29aa-92cc-4a27-9295-69dfe142eacc.jpg?im_w=720',215);
INSERT INTO image (type, url, room) VALUES ('detail','https://a0.muscache.com/im/pictures/6705bdd2-1cec-49f1-ad7a-7f2a479b74cc.jpg?im_w=720',215);
INSERT INTO image (type, url, room) VALUES ('detail','https://a0.muscache.com/im/pictures/fbd4dd40-a62e-474c-adc9-105f17f102b0.jpg?im_w=720',215);
INSERT INTO image (type, url, room) VALUES ('detail','https://a0.muscache.com/im/pictures/8cd076c1-6022-4964-99e5-bc4a70093495.jpg?im_w=720',215);
INSERT INTO image (type, url, room) VALUES ('detail','https://a0.muscache.com/im/pictures/6b6909dc-f032-4960-ae96-95371c8aeb63.jpg?im_w=720',215);
INSERT INTO image (type, url, room) VALUES ('detail','https://a0.muscache.com/im/pictures/06f4d581-16de-4290-8096-612650774955.jpg?im_w=720',215);
INSERT INTO image (type, url, room) VALUES ('detail','https://a0.muscache.com/im/pictures/fafdcd12-af78-4362-be26-c9aa4b4ac2a7.jpg?im_w=720',215);
INSERT INTO image (type, url, room) VALUES ('detail','https://a0.muscache.com/im/pictures/37b650dd-0ea9-4edf-9b91-393d580c1b3e.jpg?im_w=720',215);
INSERT INTO image (type, url, room) VALUES ('detail','https://a0.muscache.com/im/pictures/08ecc522-3fce-4a58-bc70-f7f5e74007fe.jpg?im_w=720',215);
INSERT INTO image (type, url, room) VALUES ('detail','https://a0.muscache.com/im/pictures/bf357934-7478-4ecc-a74e-bbc8738f9f2d.jpg?im_w=720',215);
INSERT INTO image (type, url, room) VALUES ('detail','https://a0.muscache.com/im/pictures/03856d57-dc8b-482c-b958-ce8a6a141fd3.jpg?im_w=720',215);
INSERT INTO image (type, url, room) VALUES ('detail','https://a0.muscache.com/im/pictures/5471617d-f75c-4bcd-8cd8-ce69d64f9691.jpg?im_w=720',215);
INSERT INTO image (type, url, room) VALUES ('detail','https://a0.muscache.com/im/pictures/6d9ea96c-ed22-4e84-9be3-63c1939d0e8b.jpg?im_w=720',215);
INSERT INTO image (type, url, room) VALUES ('detail','https://a0.muscache.com/im/pictures/aaa025b5-8db5-40dd-8cd9-3d0fb682d16c.jpg?im_w=720',215);
INSERT INTO image (type, url, room) VALUES ('detail','https://a0.muscache.com/im/pictures/163893c7-061d-4c48-82d1-8809d13c8881.jpg?im_w=720',215);
INSERT INTO image (type, url, room) VALUES ('detail','https://a0.muscache.com/im/pictures/59b56d4a-3a31-4230-98f8-33edc2497a5d.jpg?im_w=720',215);
INSERT INTO image (type, url, room) VALUES ('detail','https://a0.muscache.com/im/pictures/d9dd71c1-d9eb-44e0-bb67-d4a3c90cc05a.jpg?im_w=720',215);
INSERT INTO image (type, url, room) VALUES ('detail','https://a0.muscache.com/im/pictures/9fd0312d-46e5-473c-b5cf-e3f0d96561fc.jpg?im_w=720',215);
INSERT INTO image (type, url, room) VALUES ('detail','https://a0.muscache.com/im/pictures/a8461e55-ea7b-437b-ba24-42a224e9d7dd.jpg?im_w=720',215);
INSERT INTO image (type, url, room) VALUES ('detail','https://a0.muscache.com/im/pictures/130a14f8-7bc4-43d2-b6f1-ef80002cab8e.jpg?im_w=720',215);
INSERT INTO image (type, url, room) VALUES ('detail','https://a0.muscache.com/im/pictures/6d29c432-267e-42fd-bb40-898556ce23c1.jpg?im_w=720',215);
INSERT INTO image (type, url, room) VALUES ('detail','https://a0.muscache.com/im/pictures/6c5f8300-ab44-419f-abcd-77ab5714162f.jpg?im_w=720',215);
insert into location(id,latitude,longitude,city) values (216,35.487,129.423,'울산');
INSERT INTO room (id, title, description, price_per_day, room_type, bed, max_guest, bathroom, location) VALUES (216,'♡COZY HOUSE♡ 포근한 감성숙소 #넷플릭스 #울산여행 #일산해수욕장 #대왕암','Bangeo-dong, Dong-gu의 콘도(아파트) 전체',85000,'집 전체',1,2,1,216);
INSERT INTO image (type, url, room) VALUES ('thumb','https://a0.muscache.com/im/pictures/be0684bb-0ca4-41e8-b6f8-a3d9d428f14c.jpg?im_w=720',216);
INSERT INTO image (type, url, room) VALUES ('detail','https://a0.muscache.com/im/pictures/8bfa3b83-4bb3-4e4c-ba49-55400a2a18d0.jpg?im_w=720',216);
INSERT INTO image (type, url, room) VALUES ('detail','https://a0.muscache.com/im/pictures/cb9fea37-748b-4154-a9a2-968b89133d87.jpg?im_w=720',216);
INSERT INTO image (type, url, room) VALUES ('detail','https://a0.muscache.com/im/pictures/c4126c0b-b424-4c4c-a1f4-9430ae96122d.jpg?im_w=720',216);
INSERT INTO image (type, url, room) VALUES ('detail','https://a0.muscache.com/im/pictures/76f20908-4e1a-4199-9f84-a09aa931447f.jpg?im_w=720',216);
INSERT INTO image (type, url, room) VALUES ('detail','https://a0.muscache.com/im/pictures/e2e8c18f-4467-4d34-b187-2abe1a4ddcf1.jpg?im_w=720',216);
INSERT INTO image (type, url, room) VALUES ('detail','https://a0.muscache.com/im/pictures/6531cc24-c648-4f0a-81b9-4eac934a0a0d.jpg?im_w=720',216);
INSERT INTO image (type, url, room) VALUES ('detail','https://a0.muscache.com/im/pictures/74931921-2578-40d2-a418-dc82381d22b4.jpg?im_w=720',216);
INSERT INTO image (type, url, room) VALUES ('detail','https://a0.muscache.com/im/pictures/e5a39887-11fb-4a2f-b7a8-735451955e57.jpg?im_w=720',216);
INSERT INTO image (type, url, room) VALUES ('detail','https://a0.muscache.com/im/pictures/83e9a836-5819-4141-9026-60fc893f06c5.jpg?im_w=720',216);
INSERT INTO image (type, url, room) VALUES ('detail','https://a0.muscache.com/im/pictures/83c92be7-be88-47a5-be2f-151e3caeb48d.jpg?im_w=720',216);
INSERT INTO image (type, url, room) VALUES ('detail','https://a0.muscache.com/im/pictures/1dccf851-4c91-4935-ab2d-8bb503759bf2.jpg?im_w=720',216);
INSERT INTO image (type, url, room) VALUES ('detail','https://a0.muscache.com/im/pictures/4d53086c-b5a4-4893-993c-b1972700489c.jpg?im_w=720',216);
INSERT INTO image (type, url, room) VALUES ('detail','https://a0.muscache.com/im/pictures/1fc3d516-c242-49c9-a7ee-af7ed1dfa716.jpg?im_w=720',216);
INSERT INTO image (type, url, room) VALUES ('detail','https://a0.muscache.com/im/pictures/b65c47d4-9563-4306-9db0-7e7b87ecb963.jpg?im_w=720',216);
INSERT INTO image (type, url, room) VALUES ('detail','https://a0.muscache.com/im/pictures/2ec76f2f-712a-401e-8c7d-f2f13160c8cc.jpg?im_w=720',216);
INSERT INTO image (type, url, room) VALUES ('detail','https://a0.muscache.com/im/pictures/e9cd9b11-9d1d-4d10-b36a-9be9ed87054c.jpg?im_w=720',216);
INSERT INTO image (type, url, room) VALUES ('detail','https://a0.muscache.com/im/pictures/d67799dc-e7a7-4925-b845-44548acd6b73.jpg?im_w=720',216);
INSERT INTO image (type, url, room) VALUES ('detail','https://a0.muscache.com/im/pictures/ac07e95d-0c5e-41fb-9486-c86b76cf90fb.jpg?im_w=720',216);
INSERT INTO image (type, url, room) VALUES ('detail','https://a0.muscache.com/im/pictures/c0f50868-027f-4864-9b6b-1caeeaccd81e.jpg?im_w=720',216);
insert into location(id,latitude,longitude,city) values (217,35.512,129.431,'울산');
INSERT INTO room (id, title, description, price_per_day, room_type, bed, max_guest, bathroom, location) VALUES (217,'출장시 쓰새요','Dong-gu의 집 전체',100000,'집 전체',0,2,1,217);
INSERT INTO image (type, url, room) VALUES ('thumb','https://a0.muscache.com/im/pictures/9802dae2-e445-4ad7-a085-7dfb00bf72e9.jpg?im_w=720',217);
INSERT INTO image (type, url, room) VALUES ('detail','https://a0.muscache.com/im/pictures/663b2a2c-7179-464f-b152-a241257c4eaa.jpg?im_w=720',217);
insert into location(id,latitude,longitude,city) values (218,35.49,129.419,'울산');
INSERT INTO room (id, title, description, price_per_day, room_type, bed, max_guest, bathroom, location) VALUES (218,'제스퍼203 넷플릭스 울산여행 부부여행 커플여행 친구여행','Bangeo-dong, Dong-gu의 콘도(아파트) 전체',95000,'집 전체',1,2,1,218);
INSERT INTO image (type, url, room) VALUES ('thumb','https://a0.muscache.com/im/pictures/146269e0-e3ac-44a2-81c9-3c375ae8a235.jpg?im_w=720',218);
INSERT INTO image (type, url, room) VALUES ('detail','https://a0.muscache.com/im/pictures/de928a24-e56d-4183-9975-8e2bb59180a3.jpg?im_w=720',218);
INSERT INTO image (type, url, room) VALUES ('detail','https://a0.muscache.com/im/pictures/36387ba1-494a-4327-aeef-21c3592b3769.jpg?im_w=720',218);
INSERT INTO image (type, url, room) VALUES ('detail','https://a0.muscache.com/im/pictures/bf28e403-9f5d-4d06-b159-fab7b739c0f6.jpg?im_w=720',218);
insert into location(id,latitude,longitude,city) values (219,35.535,129.34,'울산');
INSERT INTO room (id, title, description, price_per_day, room_type, bed, max_guest, bathroom, location) VALUES (219,'NEW 삼산동 최고의 위치💖 최고의 퀄리티🍹TheHouseS2','Nam-gu의 콘도(아파트) 전체',90000,'집 전체',2,4,1,219);
INSERT INTO image (type, url, room) VALUES ('thumb','https://a0.muscache.com/im/pictures/miso/Hosting-49477819/original/27fcbffb-1e13-419a-b398-67a4a7173a11.jpeg?im_w=720',219);
INSERT INTO image (type, url, room) VALUES ('detail','https://a0.muscache.com/im/pictures/miso/Hosting-49477819/original/cf344212-fb41-47e2-838a-d40e2001c77c.jpeg?im_w=720',219);
INSERT INTO image (type, url, room) VALUES ('detail','https://a0.muscache.com/im/pictures/miso/Hosting-49477819/original/1b22c8fd-0ec3-472f-a517-8436d5282b07.jpeg?im_w=720',219);
INSERT INTO image (type, url, room) VALUES ('detail','https://a0.muscache.com/im/pictures/miso/Hosting-49477819/original/e01c4e90-8c27-44e3-baa7-754908f90a01.jpeg?im_w=720',219);
INSERT INTO image (type, url, room) VALUES ('detail','https://a0.muscache.com/im/pictures/miso/Hosting-49477819/original/af8b5802-8c0c-4623-9284-50464ca8253b.jpeg?im_w=720',219);
INSERT INTO image (type, url, room) VALUES ('detail','https://a0.muscache.com/im/pictures/miso/Hosting-49477819/original/c9a32c39-5694-45cb-a4b8-df86faee3cb4.jpeg?im_w=720',219);
INSERT INTO image (type, url, room) VALUES ('detail','https://a0.muscache.com/im/pictures/miso/Hosting-49477819/original/6b419a1c-3591-48d6-ba0a-2521a8e6e5a1.jpeg?im_w=720',219);
INSERT INTO image (type, url, room) VALUES ('detail','https://a0.muscache.com/im/pictures/miso/Hosting-49477819/original/6419eebb-0aeb-4314-8f4e-30990a62d130.jpeg?im_w=720',219);
INSERT INTO image (type, url, room) VALUES ('detail','https://a0.muscache.com/im/pictures/miso/Hosting-49477819/original/00df423d-07d8-4d6c-891d-59a0ec5c2eda.jpeg?im_w=720',219);
INSERT INTO image (type, url, room) VALUES ('detail','https://a0.muscache.com/im/pictures/miso/Hosting-49477819/original/d89d7faa-7f06-4c7f-9959-3d5c98ef6a38.jpeg?im_w=720',219);
INSERT INTO image (type, url, room) VALUES ('detail','https://a0.muscache.com/im/pictures/miso/Hosting-49477819/original/8574d715-8ea6-4eee-bbc3-104a7d5547a8.jpeg?im_w=720',219);
INSERT INTO image (type, url, room) VALUES ('detail','https://a0.muscache.com/im/pictures/miso/Hosting-49477819/original/b93aabd6-63f0-4600-8c87-2bf7405839fd.jpeg?im_w=720',219);
INSERT INTO image (type, url, room) VALUES ('detail','https://a0.muscache.com/im/pictures/miso/Hosting-49477819/original/bfc2f9f6-65d2-481c-a843-928034c03e1c.jpeg?im_w=720',219);
INSERT INTO image (type, url, room) VALUES ('detail','https://a0.muscache.com/im/pictures/miso/Hosting-49477819/original/8c3e0f68-8c53-45bd-a8dd-be92c5429aa2.jpeg?im_w=720',219);
INSERT INTO image (type, url, room) VALUES ('detail','https://a0.muscache.com/im/pictures/miso/Hosting-49477819/original/b15ed219-7fca-4d9e-918c-a34356136929.jpeg?im_w=720',219);
INSERT INTO image (type, url, room) VALUES ('detail','https://a0.muscache.com/im/pictures/miso/Hosting-49477819/original/46146405-c35e-4f9b-9ed0-745e24524efe.jpeg?im_w=720',219);
INSERT INTO image (type, url, room) VALUES ('detail','https://a0.muscache.com/im/pictures/miso/Hosting-48973241/original/9feaf426-cb7f-4cea-96e3-6d7010c605cf.jpeg?im_w=720',219);
INSERT INTO image (type, url, room) VALUES ('detail','https://a0.muscache.com/im/pictures/miso/Hosting-48973241/original/addc88ae-055f-4446-b275-f753f4c3ac29.jpeg?im_w=720',219);
INSERT INTO image (type, url, room) VALUES ('detail','https://a0.muscache.com/im/pictures/miso/Hosting-48973241/original/378cf17f-4079-43f4-b07d-96301a2780bf.jpeg?im_w=720',219);
INSERT INTO image (type, url, room) VALUES ('detail','https://a0.muscache.com/im/pictures/miso/Hosting-48973241/original/9be8ba39-b0fd-4194-8a45-2a84883ca3c1.jpeg?im_w=720',219);
INSERT INTO image (type, url, room) VALUES ('detail','https://a0.muscache.com/im/pictures/miso/Hosting-49477819/original/398f3a4f-1501-412f-ba73-e657bf1f24e0.jpeg?im_w=720',219);
INSERT INTO image (type, url, room) VALUES ('detail','https://a0.muscache.com/im/pictures/miso/Hosting-49477819/original/3abf52e4-e1d3-4361-aaa6-1351bc290055.jpeg?im_w=720',219);
INSERT INTO image (type, url, room) VALUES ('detail','https://a0.muscache.com/im/pictures/miso/Hosting-49477819/original/b0b1ca1b-3620-47c0-9ed5-1058d3a5653b.jpeg?im_w=720',219);
INSERT INTO image (type, url, room) VALUES ('detail','https://a0.muscache.com/im/pictures/miso/Hosting-49477819/original/8ac43d96-b214-481d-86ab-1888a3bdddbe.jpeg?im_w=720',219);
INSERT INTO image (type, url, room) VALUES ('detail','https://a0.muscache.com/im/pictures/miso/Hosting-48973241/original/f238f528-534b-47aa-8791-98697b0e4b85.jpeg?im_w=720',219);
INSERT INTO image (type, url, room) VALUES ('detail','https://a0.muscache.com/im/pictures/miso/Hosting-48973241/original/80cb382e-545d-4d8f-944d-79d9be4cd404.jpeg?im_w=720',219);
INSERT INTO image (type, url, room) VALUES ('detail','https://a0.muscache.com/im/pictures/miso/Hosting-48973241/original/5fcdbf37-863f-4587-8a99-d8d0b6e2ba6c.jpeg?im_w=720',219);
INSERT INTO image (type, url, room) VALUES ('detail','https://a0.muscache.com/im/pictures/miso/Hosting-48973241/original/9ae7135a-8a15-49e0-bd5e-1088e476d8cf.jpeg?im_w=720',219);
INSERT INTO image (type, url, room) VALUES ('detail','https://a0.muscache.com/im/pictures/miso/Hosting-48973241/original/fb60032b-da73-4137-9c4f-85c40c2ee783.jpeg?im_w=720',219);
INSERT INTO image (type, url, room) VALUES ('detail','https://a0.muscache.com/im/pictures/miso/Hosting-48973241/original/9031a768-6d91-4112-a37f-5e8f8b159395.jpeg?im_w=720',219);
insert into location(id,latitude,longitude,city) values (220,35.541,129.26,'울산');
INSERT INTO room (id, title, description, price_per_day, room_type, bed, max_guest, bathroom, location) VALUES (220,'유스테이(U-stay)302
(U-stay는 보아,현주,정화 3명의 호스트가 운영중입니다)','Mugeo-dong, Nam-gu의 게스트용 별채 전체',93000,'집 전체',1,2,1,220);
INSERT INTO image (type, url, room) VALUES ('thumb','https://a0.muscache.com/im/pictures/933cd542-e6d4-4cbf-bdaf-154b436bd0b9.jpg?im_w=720',220);
INSERT INTO image (type, url, room) VALUES ('detail','https://a0.muscache.com/im/pictures/944f242f-24e5-4e80-853e-c83be756619f.jpg?im_w=720',220);
INSERT INTO image (type, url, room) VALUES ('detail','https://a0.muscache.com/im/pictures/8309989a-e316-4ad7-aa8f-d6a6e735c474.jpg?im_w=720',220);
INSERT INTO image (type, url, room) VALUES ('detail','https://a0.muscache.com/im/pictures/36958cd3-06cd-4466-90ce-e9ded98d78b0.jpg?im_w=720',220);
INSERT INTO image (type, url, room) VALUES ('detail','https://a0.muscache.com/im/pictures/0b9ecf68-189a-4264-9aff-ad7c3d2f4eff.jpg?im_w=720',220);
INSERT INTO image (type, url, room) VALUES ('detail','https://a0.muscache.com/im/pictures/e0f5ec89-fde4-4a43-bb3e-f9e8be43d27e.jpg?im_w=720',220);
INSERT INTO image (type, url, room) VALUES ('detail','https://a0.muscache.com/im/pictures/d204fa47-1273-42d5-8271-b0afa263e96e.jpg?im_w=720',220);
INSERT INTO image (type, url, room) VALUES ('detail','https://a0.muscache.com/im/pictures/6e5375ca-3d02-4c67-894f-61ebb87528f6.jpg?im_w=720',220);
INSERT INTO image (type, url, room) VALUES ('detail','https://a0.muscache.com/im/pictures/f295c8ce-0f71-4c63-a34f-9165248c65f9.jpg?im_w=720',220);
INSERT INTO image (type, url, room) VALUES ('detail','https://a0.muscache.com/im/pictures/75054312-8ffa-4df4-810f-c3e9756de64c.jpg?im_w=720',220);
INSERT INTO image (type, url, room) VALUES ('detail','https://a0.muscache.com/im/pictures/442ec1c4-e9a1-4012-b4f5-99b25171b717.jpg?im_w=720',220);
INSERT INTO image (type, url, room) VALUES ('detail','https://a0.muscache.com/im/pictures/6ce14edb-b01c-4739-81e2-e6ddcc915c8a.jpg?im_w=720',220);
INSERT INTO image (type, url, room) VALUES ('detail','https://a0.muscache.com/im/pictures/8fb3cb3c-c9ab-4e32-a735-b976e636a848.jpg?im_w=720',220);
INSERT INTO image (type, url, room) VALUES ('detail','https://a0.muscache.com/im/pictures/c424ac2e-aaa6-4663-84ff-8a69c5292305.jpg?im_w=720',220);
INSERT INTO image (type, url, room) VALUES ('detail','https://a0.muscache.com/im/pictures/9e369797-eec5-4694-8e05-e9d5e3c8c785.jpg?im_w=720',220);
INSERT INTO image (type, url, room) VALUES ('detail','https://a0.muscache.com/im/pictures/b40a0a7b-1aa2-41fd-8b23-cc322a582dfb.jpg?im_w=720',220);
INSERT INTO image (type, url, room) VALUES ('detail','https://a0.muscache.com/im/pictures/596b26b3-2f27-4b24-8a3a-c320043bd897.jpg?im_w=720',220);
insert into location(id,latitude,longitude,city) values (221,35.509,129.423,'울산');
INSERT INTO room (id, title, description, price_per_day, room_type, bed, max_guest, bathroom, location) VALUES (221,'♡울산♡ T2 #여행#출장#기념일#장기숙박 가성비숙소♡','Jeonha-dong, Dong-gu의 집 전체',100000,'집 전체',1,2,1,221);
INSERT INTO image (type, url, room) VALUES ('thumb','https://a0.muscache.com/im/pictures/b5e7adf9-affb-41cb-8abe-c473737c7e55.jpg?im_w=720',221);
INSERT INTO image (type, url, room) VALUES ('detail','https://a0.muscache.com/im/pictures/7b5cb805-8b0a-471b-9701-637d22d53b8f.jpg?im_w=720',221);
INSERT INTO image (type, url, room) VALUES ('detail','https://a0.muscache.com/im/pictures/2f374131-3538-4021-b5ae-f800ab51759e.jpg?im_w=720',221);
INSERT INTO image (type, url, room) VALUES ('detail','https://a0.muscache.com/im/pictures/39437216-8833-4645-b6aa-3a5e30338d4e.jpg?im_w=720',221);
INSERT INTO image (type, url, room) VALUES ('detail','https://a0.muscache.com/im/pictures/4df3c4f6-25fb-4e5a-9c18-10e6b79a707e.jpg?im_w=720',221);
INSERT INTO image (type, url, room) VALUES ('detail','https://a0.muscache.com/im/pictures/4274a649-4e4b-4195-8312-00b3ed6ce550.jpg?im_w=720',221);
INSERT INTO image (type, url, room) VALUES ('detail','https://a0.muscache.com/im/pictures/772c3b81-d189-4add-8a52-46e35bdc513a.jpg?im_w=720',221);
INSERT INTO image (type, url, room) VALUES ('detail','https://a0.muscache.com/im/pictures/436b22db-4601-4ab5-adef-23cdebdea518.jpg?im_w=720',221);
INSERT INTO image (type, url, room) VALUES ('detail','https://a0.muscache.com/im/pictures/13f8ccc7-5c11-4b6c-8331-544fd7762877.jpg?im_w=720',221);
INSERT INTO image (type, url, room) VALUES ('detail','https://a0.muscache.com/im/pictures/3003804c-abcb-4989-bf1f-a66be0a646d6.jpg?im_w=720',221);
INSERT INTO image (type, url, room) VALUES ('detail','https://a0.muscache.com/im/pictures/dd074698-f344-494c-bc00-2616a24abf65.jpg?im_w=720',221);
INSERT INTO image (type, url, room) VALUES ('detail','https://a0.muscache.com/im/pictures/9052c34f-f948-4410-bc02-d806a7c32581.jpg?im_w=720',221);
INSERT INTO image (type, url, room) VALUES ('detail','https://a0.muscache.com/im/pictures/959f346c-da9d-4615-b9cc-68c0c15cdab4.jpg?im_w=720',221);
INSERT INTO image (type, url, room) VALUES ('detail','https://a0.muscache.com/im/pictures/d10f2e92-9400-481b-a660-f92cfa798bba.jpg?im_w=720',221);
INSERT INTO image (type, url, room) VALUES ('detail','https://a0.muscache.com/im/pictures/ef5fa5e1-e57a-4db7-8619-c3a465e4c117.jpg?im_w=720',221);
INSERT INTO image (type, url, room) VALUES ('detail','https://a0.muscache.com/im/pictures/14fff27c-174a-4c79-b5cf-806df17cb64b.jpg?im_w=720',221);
INSERT INTO image (type, url, room) VALUES ('detail','https://a0.muscache.com/im/pictures/48cb70ed-8174-46e6-8c9f-67ceb714029c.jpg?im_w=720',221);
INSERT INTO image (type, url, room) VALUES ('detail','https://a0.muscache.com/im/pictures/6d58d1c0-fcae-48f5-aefa-ff8b70fb6f68.jpg?im_w=720',221);
INSERT INTO image (type, url, room) VALUES ('detail','https://a0.muscache.com/im/pictures/1a35b786-14d0-47e0-b2db-0d951292d0d6.jpg?im_w=720',221);
INSERT INTO image (type, url, room) VALUES ('detail','https://a0.muscache.com/im/pictures/1d31b2c5-9dae-4c34-9600-0f8d60d79451.jpg?im_w=720',221);
INSERT INTO image (type, url, room) VALUES ('detail','https://a0.muscache.com/im/pictures/13ff3b0c-7b60-4bd5-99cc-4ac86946032e.jpg?im_w=720',221);
INSERT INTO image (type, url, room) VALUES ('detail','https://a0.muscache.com/im/pictures/7a14318a-7f96-4447-a3e0-f558516b91f4.jpg?im_w=720',221);
INSERT INTO image (type, url, room) VALUES ('detail','https://a0.muscache.com/im/pictures/eaa4da5d-bf45-42c6-849a-69fb6b8d9917.jpg?im_w=720',221);
insert into location(id,latitude,longitude,city) values (222,35.543,129.26,'울산');
INSERT INTO room (id, title, description, price_per_day, room_type, bed, max_guest, bathroom, location) VALUES (222,'미운영중- 오픈 중인 Ustay로 문의바랍니다.
유스테이(U-stay)403','Mugeo-dong, Nam-gu의 게스트용 별채 전체',93000,'집 전체',1,2,1,222);
INSERT INTO image (type, url, room) VALUES ('thumb','https://a0.muscache.com/im/pictures/e92b2457-45fd-405d-ad82-b9c341c9ed20.jpg?im_w=720',222);
INSERT INTO image (type, url, room) VALUES ('detail','https://a0.muscache.com/im/pictures/b1f2cb6f-0b98-432a-bf92-2ef17bd636e0.jpg?im_w=720',222);
INSERT INTO image (type, url, room) VALUES ('detail','https://a0.muscache.com/im/pictures/e7331ced-7dbf-40f4-98f3-4635cbe383b2.jpg?im_w=720',222);
INSERT INTO image (type, url, room) VALUES ('detail','https://a0.muscache.com/im/pictures/d2cf0a14-135e-4e06-a42a-1d6c9f83089a.jpg?im_w=720',222);
INSERT INTO image (type, url, room) VALUES ('detail','https://a0.muscache.com/im/pictures/b339b300-5ccc-4653-9f77-3f86653a6f7d.jpg?im_w=720',222);
INSERT INTO image (type, url, room) VALUES ('detail','https://a0.muscache.com/im/pictures/86ca5bd8-5b9e-44cd-b3a5-9dbd1cea4137.jpg?im_w=720',222);
INSERT INTO image (type, url, room) VALUES ('detail','https://a0.muscache.com/im/pictures/70ef00f4-8f3b-43c5-a88a-78343f47a302.jpg?im_w=720',222);
INSERT INTO image (type, url, room) VALUES ('detail','https://a0.muscache.com/im/pictures/f8923ffc-a08c-4280-ae06-ca33208d0e48.jpg?im_w=720',222);
INSERT INTO image (type, url, room) VALUES ('detail','https://a0.muscache.com/im/pictures/ef2ed415-f4e6-492e-ad8a-dc2f374fd0eb.jpg?im_w=720',222);
INSERT INTO image (type, url, room) VALUES ('detail','https://a0.muscache.com/im/pictures/da759255-6980-4b0c-a619-830a6a4e3288.jpg?im_w=720',222);
INSERT INTO image (type, url, room) VALUES ('detail','https://a0.muscache.com/im/pictures/61f95647-463c-4fa9-b6a4-c330651ea04a.jpg?im_w=720',222);
INSERT INTO image (type, url, room) VALUES ('detail','https://a0.muscache.com/im/pictures/c58ecf03-7160-4f1d-9792-6b10cafae1a9.jpg?im_w=720',222);
INSERT INTO image (type, url, room) VALUES ('detail','https://a0.muscache.com/im/pictures/c9dd387c-cbff-4fa3-90c5-80109fb7d61b.jpg?im_w=720',222);
INSERT INTO image (type, url, room) VALUES ('detail','https://a0.muscache.com/im/pictures/38292623-2c10-4772-8e1b-ea2f81c672bf.jpg?im_w=720',222);
INSERT INTO image (type, url, room) VALUES ('detail','https://a0.muscache.com/im/pictures/41162d93-8209-432b-a1c1-2fd683914f7f.jpg?im_w=720',222);
insert into location(id,latitude,longitude,city) values (223,35.536,129.307,'울산');
INSERT INTO room (id, title, description, price_per_day, room_type, bed, max_guest, bathroom, location) VALUES (223,'D2°힐링여행,넷플릭스,왓챠,세스코바이러스케어,출장,추억만들기°','Sinjeong-dong, Nam-gu의 집 전체',94000,'집 전체',1,2,1,223);
INSERT INTO image (type, url, room) VALUES ('thumb','https://a0.muscache.com/im/pictures/83e18bc5-8b46-46de-86b8-e48ac1c1cad5.jpg?im_w=720',223);
INSERT INTO image (type, url, room) VALUES ('detail','https://a0.muscache.com/im/pictures/79c7543c-1974-4875-b0fb-e15aec7fa4a1.jpg?im_w=720',223);
INSERT INTO image (type, url, room) VALUES ('detail','https://a0.muscache.com/im/pictures/daa733f3-6ca3-4e9b-82ae-d70ace4727ac.jpg?im_w=720',223);
INSERT INTO image (type, url, room) VALUES ('detail','https://a0.muscache.com/im/pictures/9d30c6eb-012f-4359-b4b2-aeeed0a27fb2.jpg?im_w=720',223);
INSERT INTO image (type, url, room) VALUES ('detail','https://a0.muscache.com/im/pictures/0380c9a6-a1f6-4306-9e2f-4eeb2ae51da7.jpg?im_w=720',223);
INSERT INTO image (type, url, room) VALUES ('detail','https://a0.muscache.com/im/pictures/89747bcf-f257-44a4-a353-b95eff4e3972.jpg?im_w=720',223);
INSERT INTO image (type, url, room) VALUES ('detail','https://a0.muscache.com/im/pictures/6cdb86ce-4b81-49f5-b54b-a16c29d24e11.jpg?im_w=720',223);
INSERT INTO image (type, url, room) VALUES ('detail','https://a0.muscache.com/im/pictures/8d3d2dc9-8d3b-4d0f-afdb-c2179b0c6fa0.jpg?im_w=720',223);
INSERT INTO image (type, url, room) VALUES ('detail','https://a0.muscache.com/im/pictures/25cab426-2173-4e69-98d2-62eb1bb11495.jpg?im_w=720',223);
INSERT INTO image (type, url, room) VALUES ('detail','https://a0.muscache.com/im/pictures/8e1201b0-6027-4517-addc-ebc92a8b313f.jpg?im_w=720',223);
INSERT INTO image (type, url, room) VALUES ('detail','https://a0.muscache.com/im/pictures/1b091de1-a94b-4088-a9e3-d671134f902c.jpg?im_w=720',223);
INSERT INTO image (type, url, room) VALUES ('detail','https://a0.muscache.com/im/pictures/f2e73d7b-07a3-493c-b500-e4da54243bfe.jpg?im_w=720',223);
INSERT INTO image (type, url, room) VALUES ('detail','https://a0.muscache.com/im/pictures/389c0058-8558-41a9-9442-1a5857ffcf7d.jpg?im_w=720',223);
INSERT INTO image (type, url, room) VALUES ('detail','https://a0.muscache.com/im/pictures/0f66baf4-1e03-412f-8fb9-c3e27c788683.jpg?im_w=720',223);
INSERT INTO image (type, url, room) VALUES ('detail','https://a0.muscache.com/im/pictures/b4dce4c4-5aa9-4896-b131-5d3886dfa1f9.jpg?im_w=720',223);
INSERT INTO image (type, url, room) VALUES ('detail','https://a0.muscache.com/im/pictures/4ff61fd5-9b23-4e4b-853e-d49df009c4f7.jpg?im_w=720',223);
insert into location(id,latitude,longitude,city) values (224,35.537,129.309,'울산');
INSERT INTO room (id, title, description, price_per_day, room_type, bed, max_guest, bathroom, location) VALUES (224,'J4/초대형75TV,세스코케어,왓챠,넷플릭스','Sinjeong-dong, Nam-gu의 집 전체',95000,'집 전체',1,2,1,224);
INSERT INTO image (type, url, room) VALUES ('thumb','https://a0.muscache.com/im/pictures/0e0fae08-d345-42a6-83b2-014918d2db21.jpg?im_w=720',224);
INSERT INTO image (type, url, room) VALUES ('detail','https://a0.muscache.com/im/pictures/06025cd3-fe16-4472-bbc3-856a4440a545.jpg?im_w=720',224);
INSERT INTO image (type, url, room) VALUES ('detail','https://a0.muscache.com/im/pictures/310464ce-c666-4d4b-98e4-a07e143a855f.jpg?im_w=720',224);
INSERT INTO image (type, url, room) VALUES ('detail','https://a0.muscache.com/im/pictures/02eb1194-baa3-4d41-8e66-7418c44fffbe.jpg?im_w=720',224);
INSERT INTO image (type, url, room) VALUES ('detail','https://a0.muscache.com/im/pictures/89e553c3-5aa6-4588-ac62-854312d9519a.jpg?im_w=720',224);
INSERT INTO image (type, url, room) VALUES ('detail','https://a0.muscache.com/im/pictures/32ed77bf-203f-44d7-8f7c-71b82d8337c5.jpg?im_w=720',224);
INSERT INTO image (type, url, room) VALUES ('detail','https://a0.muscache.com/im/pictures/6891a2e7-ef90-40c9-9324-3274be50467d.jpg?im_w=720',224);
INSERT INTO image (type, url, room) VALUES ('detail','https://a0.muscache.com/im/pictures/ae821507-ac85-42d8-ba32-3f28ce4742e6.jpg?im_w=720',224);
INSERT INTO image (type, url, room) VALUES ('detail','https://a0.muscache.com/im/pictures/ff4c4c18-ebad-46e3-8bce-61089c8eaa5c.jpg?im_w=720',224);
INSERT INTO image (type, url, room) VALUES ('detail','https://a0.muscache.com/im/pictures/54ac6fb6-be62-4beb-b03f-2972a3652830.jpg?im_w=720',224);
INSERT INTO image (type, url, room) VALUES ('detail','https://a0.muscache.com/im/pictures/f1281c4a-5ad2-4e49-ac45-e9f2b3f357a4.jpg?im_w=720',224);
INSERT INTO image (type, url, room) VALUES ('detail','https://a0.muscache.com/im/pictures/ad0d0019-048a-4dec-964a-79ce79f3256b.jpg?im_w=720',224);
INSERT INTO image (type, url, room) VALUES ('detail','https://a0.muscache.com/im/pictures/c18e8bfe-a440-4881-8d18-a6b60344607c.jpg?im_w=720',224);
INSERT INTO image (type, url, room) VALUES ('detail','https://a0.muscache.com/im/pictures/dfdaded2-e143-475d-a560-acc6499fc413.jpg?im_w=720',224);
INSERT INTO image (type, url, room) VALUES ('detail','https://a0.muscache.com/im/pictures/14bbb471-1993-4219-a805-713da98038eb.jpg?im_w=720',224);
INSERT INTO image (type, url, room) VALUES ('detail','https://a0.muscache.com/im/pictures/dedfb867-0bb0-49a7-a129-7b04c363454a.jpg?im_w=720',224);
INSERT INTO image (type, url, room) VALUES ('detail','https://a0.muscache.com/im/pictures/aa8db334-aafa-4e7e-858d-f342de10ecfc.jpg?im_w=720',224);
INSERT INTO image (type, url, room) VALUES ('detail','https://a0.muscache.com/im/pictures/4abcef09-e55c-47c0-896f-dbe03e30ab8b.jpg?im_w=720',224);
INSERT INTO image (type, url, room) VALUES ('detail','https://a0.muscache.com/im/pictures/2ae978cc-97ab-43ec-a51f-e168ce8bc099.jpg?im_w=720',224);
INSERT INTO image (type, url, room) VALUES ('detail','https://a0.muscache.com/im/pictures/533df28f-b08e-435d-a8d8-626ecee7905e.jpg?im_w=720',224);
INSERT INTO image (type, url, room) VALUES ('detail','https://a0.muscache.com/im/pictures/0b4d8d66-4d1d-4398-8b08-f3e92d25a2d0.jpg?im_w=720',224);
INSERT INTO image (type, url, room) VALUES ('detail','https://a0.muscache.com/im/pictures/7cc3227d-52b6-472a-aa30-f21a19ebece6.jpg?im_w=720',224);
insert into location(id,latitude,longitude,city) values (225,35.552,129.284,'울산');
INSERT INTO room (id, title, description, price_per_day, room_type, bed, max_guest, bathroom, location) VALUES (225,'(15평)!!태화강 국가정원,은하수길에서 10분 거리에 위치한 따뜻한 집','Taehwa-dong, Jung-gu의 집 전체',90000,'집 전체',0,4,1,225);
INSERT INTO image (type, url, room) VALUES ('thumb','https://a0.muscache.com/im/pictures/dd805cec-9219-4d42-a3da-f9a9a7ea1a12.jpg?im_w=720',225);
INSERT INTO image (type, url, room) VALUES ('detail','https://a0.muscache.com/im/pictures/8a558695-83ad-4e2a-8806-cb2885f642ce.jpg?im_w=720',225);
INSERT INTO image (type, url, room) VALUES ('detail','https://a0.muscache.com/im/pictures/35c2ae58-15e8-439f-8cb7-c73446fc0962.jpg?im_w=720',225);
INSERT INTO image (type, url, room) VALUES ('detail','https://a0.muscache.com/im/pictures/6dfd51c5-dab5-4a4b-826a-72f43909ff15.jpg?im_w=720',225);
INSERT INTO image (type, url, room) VALUES ('detail','https://a0.muscache.com/im/pictures/e432c73f-d36f-4a80-a910-5bba03389ea9.jpg?im_w=720',225);
INSERT INTO image (type, url, room) VALUES ('detail','https://a0.muscache.com/im/pictures/9c76e10c-4aa6-41b7-ad13-2e69a864b7eb.jpg?im_w=720',225);
INSERT INTO image (type, url, room) VALUES ('detail','https://a0.muscache.com/im/pictures/99946d20-b8dc-4851-9416-a08fb7fe4e83.jpg?im_w=720',225);
INSERT INTO image (type, url, room) VALUES ('detail','https://a0.muscache.com/im/pictures/93cd3e3f-8b44-4e9d-8986-8313cdf118b2.jpg?im_w=720',225);
INSERT INTO image (type, url, room) VALUES ('detail','https://a0.muscache.com/im/pictures/d1401e22-216f-4189-90c5-d2a7b04f9b41.jpg?im_w=720',225);
INSERT INTO image (type, url, room) VALUES ('detail','https://a0.muscache.com/im/pictures/ab2a9584-0dd4-40ff-a31d-d883bc81dc68.jpg?im_w=720',225);
INSERT INTO image (type, url, room) VALUES ('detail','https://a0.muscache.com/im/pictures/d8b69be3-9f7b-4fc2-b072-2cf6dcf6fae4.jpg?im_w=720',225);
INSERT INTO image (type, url, room) VALUES ('detail','https://a0.muscache.com/im/pictures/f70c02d9-8e06-43ba-9bd3-13dd51ded1f5.jpg?im_w=720',225);
INSERT INTO image (type, url, room) VALUES ('detail','https://a0.muscache.com/im/pictures/afd7933d-b7eb-4136-a746-c0ba9a404de0.jpg?im_w=720',225);
INSERT INTO image (type, url, room) VALUES ('detail','https://a0.muscache.com/im/pictures/1d1167a0-0e1e-436e-8880-78df051d8a32.jpg?im_w=720',225);
INSERT INTO image (type, url, room) VALUES ('detail','https://a0.muscache.com/im/pictures/2d937f9d-5e15-42f0-8658-f6cf5d171adc.jpg?im_w=720',225);
INSERT INTO image (type, url, room) VALUES ('detail','https://a0.muscache.com/im/pictures/f9cc78ed-bea7-4eeb-9c64-add1900a51ec.jpg?im_w=720',225);
INSERT INTO image (type, url, room) VALUES ('detail','https://a0.muscache.com/im/pictures/4714bfbf-0167-4533-acde-6a5b055fe565.jpg?im_w=720',225);
INSERT INTO image (type, url, room) VALUES ('detail','https://a0.muscache.com/im/pictures/90352587-2c7c-4cdb-9d62-1e51afa1ca37.jpg?im_w=720',225);
INSERT INTO image (type, url, room) VALUES ('detail','https://a0.muscache.com/im/pictures/d717f27c-d51a-4523-893c-6f64820bab2d.jpg?im_w=720',225);
INSERT INTO image (type, url, room) VALUES ('detail','https://a0.muscache.com/im/pictures/abb184de-742c-469a-ada2-8cc4dc4d0176.jpg?im_w=720',225);
INSERT INTO image (type, url, room) VALUES ('detail','https://a0.muscache.com/im/pictures/c26fe45b-51e8-4851-a516-d696cab8bb98.jpg?im_w=720',225);
INSERT INTO image (type, url, room) VALUES ('detail','https://a0.muscache.com/im/pictures/89a7818d-ebae-4cae-97a3-9e6d955d25c0.jpg?im_w=720',225);
INSERT INTO image (type, url, room) VALUES ('detail','https://a0.muscache.com/im/pictures/37e14511-00b5-4659-9e80-ca31a37f678a.jpg?im_w=720',225);
INSERT INTO image (type, url, room) VALUES ('detail','https://a0.muscache.com/im/pictures/237397a8-a8db-4c1d-8dd6-5f5eaf1908eb.jpg?im_w=720',225);
INSERT INTO image (type, url, room) VALUES ('detail','https://a0.muscache.com/im/pictures/ceecdbd9-7556-47fc-b9ed-ee4f7364a08b.jpg?im_w=720',225);
INSERT INTO image (type, url, room) VALUES ('detail','https://a0.muscache.com/im/pictures/57c932f4-dd80-45a6-b9a5-d3c6a84ed926.jpg?im_w=720',225);
INSERT INTO image (type, url, room) VALUES ('detail','https://a0.muscache.com/im/pictures/1e782e70-c386-4d5e-81e6-9211e99192cd.jpg?im_w=720',225);
INSERT INTO image (type, url, room) VALUES ('detail','https://a0.muscache.com/im/pictures/ef32bfb4-4c74-4297-b77b-04616e83b243.jpg?im_w=720',225);
INSERT INTO image (type, url, room) VALUES ('detail','https://a0.muscache.com/im/pictures/fbf14ea8-b28c-4a2c-a00a-b2c6d0f0c3d9.jpg?im_w=720',225);
insert into location(id,latitude,longitude,city) values (226,35.542,129.261,'울산');
INSERT INTO room (id, title, description, price_per_day, room_type, bed, max_guest, bathroom, location) VALUES (226,'U.stay303호
U-stay는 보아, 현주, 정화 3명의 호스트가 운영중입니다','Mugeo-dong, Nam-gu의 개인실',93000,'개인실',0,2,1,226);
INSERT INTO image (type, url, room) VALUES ('thumb','https://a0.muscache.com/im/pictures/93c952d2-f35e-4978-a810-34eb01c27223.jpg?im_w=720',226);
INSERT INTO image (type, url, room) VALUES ('detail','https://a0.muscache.com/im/pictures/509a77ea-9e5d-4b51-973f-2a684bedfd32.jpg?im_w=720',226);
INSERT INTO image (type, url, room) VALUES ('detail','https://a0.muscache.com/im/pictures/c55bd94e-810f-4550-a70b-7896ce158850.jpg?im_w=720',226);
INSERT INTO image (type, url, room) VALUES ('detail','https://a0.muscache.com/im/pictures/8f0db8c8-30d8-429f-86a7-4e8fb1397c89.jpg?im_w=720',226);
INSERT INTO image (type, url, room) VALUES ('detail','https://a0.muscache.com/im/pictures/a06b6859-83ba-429e-bb97-f4662748e5b5.jpg?im_w=720',226);
INSERT INTO image (type, url, room) VALUES ('detail','https://a0.muscache.com/im/pictures/9d11debc-2531-49eb-9176-cde4eac6d207.jpg?im_w=720',226);
INSERT INTO image (type, url, room) VALUES ('detail','https://a0.muscache.com/im/pictures/d9891906-411b-4519-96b6-95cf76790027.jpg?im_w=720',226);
INSERT INTO image (type, url, room) VALUES ('detail','https://a0.muscache.com/im/pictures/665b6721-b105-4f14-b4a5-540b57e53297.jpg?im_w=720',226);
INSERT INTO image (type, url, room) VALUES ('detail','https://a0.muscache.com/im/pictures/4bc611f6-9974-4d4e-a315-8a3460d81423.jpg?im_w=720',226);
INSERT INTO image (type, url, room) VALUES ('detail','https://a0.muscache.com/im/pictures/0df3549c-57fa-49a6-8e5f-a392f69617de.jpg?im_w=720',226);
INSERT INTO image (type, url, room) VALUES ('detail','https://a0.muscache.com/im/pictures/8ec58aa1-a362-43f3-9070-1d0cf8faabea.jpg?im_w=720',226);
INSERT INTO image (type, url, room) VALUES ('detail','https://a0.muscache.com/im/pictures/94c2e63c-ed48-46cb-8220-3ca3e8248ba6.jpg?im_w=720',226);
INSERT INTO image (type, url, room) VALUES ('detail','https://a0.muscache.com/im/pictures/2b76a10a-cd33-4ecd-a2c3-f345273deb11.jpg?im_w=720',226);
INSERT INTO image (type, url, room) VALUES ('detail','https://a0.muscache.com/im/pictures/8628dc63-ebe6-45ba-ba7d-78c29377f474.jpg?im_w=720',226);
insert into location(id,latitude,longitude,city) values (227,35.537,129.341,'울산');
INSERT INTO room (id, title, description, price_per_day, room_type, bed, max_guest, bathroom, location) VALUES (227,'NEW 삼산동 최고의위치💖최고의 퀄리티
🍹TheHouseS1','Nam-gu의 콘도(아파트) 전체',90000,'집 전체',3,4,1,227);
INSERT INTO image (type, url, room) VALUES ('thumb','https://a0.muscache.com/im/pictures/miso/Hosting-48973241/original/f3408496-2a29-4ca8-af48-b03f446d7c9e.jpeg?im_w=720',227);
INSERT INTO image (type, url, room) VALUES ('detail','https://a0.muscache.com/im/pictures/miso/Hosting-48973241/original/7b3b4dd2-2ce6-42f4-835c-c46da268fb31.jpeg?im_w=720',227);
INSERT INTO image (type, url, room) VALUES ('detail','https://a0.muscache.com/im/pictures/miso/Hosting-48973241/original/3b6e1b32-9768-481e-ab9e-8b0b2ce12965.jpeg?im_w=720',227);
INSERT INTO image (type, url, room) VALUES ('detail','https://a0.muscache.com/im/pictures/miso/Hosting-48973241/original/db5e46e5-9ea5-4a94-ab64-6e955e513f77.jpeg?im_w=720',227);
INSERT INTO image (type, url, room) VALUES ('detail','https://a0.muscache.com/im/pictures/miso/Hosting-48973241/original/41c6875f-dcde-47f0-8b62-89ab98649f79.jpeg?im_w=720',227);
INSERT INTO image (type, url, room) VALUES ('detail','https://a0.muscache.com/im/pictures/miso/Hosting-48973241/original/1d6b7769-12b2-4de2-9707-acda153fb58e.jpeg?im_w=720',227);
INSERT INTO image (type, url, room) VALUES ('detail','https://a0.muscache.com/im/pictures/miso/Hosting-48973241/original/7e862391-19d4-481f-bfb8-0d5741f40573.jpeg?im_w=720',227);
INSERT INTO image (type, url, room) VALUES ('detail','https://a0.muscache.com/im/pictures/miso/Hosting-48973241/original/93c4e8a8-e63b-493f-9289-b5f62eb8c02b.jpeg?im_w=720',227);
INSERT INTO image (type, url, room) VALUES ('detail','https://a0.muscache.com/im/pictures/miso/Hosting-48973241/original/eb358bfa-6c0d-4f0c-bef9-67e9d379a20f.jpeg?im_w=720',227);
INSERT INTO image (type, url, room) VALUES ('detail','https://a0.muscache.com/im/pictures/miso/Hosting-48973241/original/b083914b-e6ab-48f8-b7f7-5b97b059bcca.jpeg?im_w=720',227);
INSERT INTO image (type, url, room) VALUES ('detail','https://a0.muscache.com/im/pictures/miso/Hosting-48973241/original/41b2bd18-fe62-4e47-ac8c-19ff33ac950b.jpeg?im_w=720',227);
INSERT INTO image (type, url, room) VALUES ('detail','https://a0.muscache.com/im/pictures/miso/Hosting-48973241/original/3fb0949f-6013-4dbd-8ed0-7b24f540ea54.jpeg?im_w=720',227);
INSERT INTO image (type, url, room) VALUES ('detail','https://a0.muscache.com/im/pictures/miso/Hosting-48973241/original/7a5481e1-e93a-42a3-ba7a-d6f5174fc076.jpeg?im_w=720',227);
INSERT INTO image (type, url, room) VALUES ('detail','https://a0.muscache.com/im/pictures/miso/Hosting-48973241/original/3cf77441-ccd8-410a-a96b-6cfee2096f96.jpeg?im_w=720',227);
INSERT INTO image (type, url, room) VALUES ('detail','https://a0.muscache.com/im/pictures/miso/Hosting-48973241/original/616fac44-5947-4ffb-bbb0-175513002e79.jpeg?im_w=720',227);
INSERT INTO image (type, url, room) VALUES ('detail','https://a0.muscache.com/im/pictures/miso/Hosting-48973241/original/9feaf426-cb7f-4cea-96e3-6d7010c605cf.jpeg?im_w=720',227);
INSERT INTO image (type, url, room) VALUES ('detail','https://a0.muscache.com/im/pictures/miso/Hosting-48973241/original/addc88ae-055f-4446-b275-f753f4c3ac29.jpeg?im_w=720',227);
INSERT INTO image (type, url, room) VALUES ('detail','https://a0.muscache.com/im/pictures/miso/Hosting-48973241/original/9be8ba39-b0fd-4194-8a45-2a84883ca3c1.jpeg?im_w=720',227);
INSERT INTO image (type, url, room) VALUES ('detail','https://a0.muscache.com/im/pictures/miso/Hosting-48973241/original/aa75100c-fab6-46d0-8e7b-d6a0e30bdc10.jpeg?im_w=720',227);
INSERT INTO image (type, url, room) VALUES ('detail','https://a0.muscache.com/im/pictures/miso/Hosting-48973241/original/830c4bc0-30c2-4164-895c-ea9129229d9d.jpeg?im_w=720',227);
INSERT INTO image (type, url, room) VALUES ('detail','https://a0.muscache.com/im/pictures/miso/Hosting-48973241/original/ac618af2-17c2-4c64-b532-545b41fa1960.jpeg?im_w=720',227);
INSERT INTO image (type, url, room) VALUES ('detail','https://a0.muscache.com/im/pictures/miso/Hosting-48973241/original/1cd00b1f-9449-44da-a2a5-667bdaad60a7.jpeg?im_w=720',227);
INSERT INTO image (type, url, room) VALUES ('detail','https://a0.muscache.com/im/pictures/miso/Hosting-48973241/original/80cb382e-545d-4d8f-944d-79d9be4cd404.jpeg?im_w=720',227);
INSERT INTO image (type, url, room) VALUES ('detail','https://a0.muscache.com/im/pictures/miso/Hosting-48973241/original/f238f528-534b-47aa-8791-98697b0e4b85.jpeg?im_w=720',227);
INSERT INTO image (type, url, room) VALUES ('detail','https://a0.muscache.com/im/pictures/miso/Hosting-48973241/original/5fcdbf37-863f-4587-8a99-d8d0b6e2ba6c.jpeg?im_w=720',227);
INSERT INTO image (type, url, room) VALUES ('detail','https://a0.muscache.com/im/pictures/miso/Hosting-48973241/original/9ae7135a-8a15-49e0-bd5e-1088e476d8cf.jpeg?im_w=720',227);
INSERT INTO image (type, url, room) VALUES ('detail','https://a0.muscache.com/im/pictures/miso/Hosting-48973241/original/fb60032b-da73-4137-9c4f-85c40c2ee783.jpeg?im_w=720',227);
INSERT INTO image (type, url, room) VALUES ('detail','https://a0.muscache.com/im/pictures/miso/Hosting-48973241/original/9031a768-6d91-4112-a37f-5e8f8b159395.jpeg?im_w=720',227);
INSERT INTO image (type, url, room) VALUES ('detail','https://a0.muscache.com/im/pictures/miso/Hosting-48973241/original/adf67535-f666-4119-9cb8-86c85dd01eab.jpeg?im_w=720',227);
INSERT INTO image (type, url, room) VALUES ('detail','https://a0.muscache.com/im/pictures/miso/Hosting-48973241/original/deab9667-c5e4-4da4-892a-78b90c376f9d.jpeg?im_w=720',227);
insert into location(id,latitude,longitude,city) values (228,35.542,129.26,'울산');
INSERT INTO room (id, title, description, price_per_day, room_type, bed, max_guest, bathroom, location) VALUES (228,'울산대 정문앞 깨끗한 숙소입니다','Mugeo-dong, Nam-gu의 집 전체',95000,'집 전체',1,2,0,228);
INSERT INTO image (type, url, room) VALUES ('thumb','https://a0.muscache.com/im/pictures/e4c293bc-515b-4ba7-bba6-cffda68f0cc1.jpg?im_w=720',228);
INSERT INTO image (type, url, room) VALUES ('detail','https://a0.muscache.com/im/pictures/53c83c23-e23b-433f-bb5a-0befbc8c1f99.jpg?im_w=720',228);
INSERT INTO image (type, url, room) VALUES ('detail','https://a0.muscache.com/im/pictures/0e118344-4238-4065-bfca-47d7caed163f.jpg?im_w=720',228);
INSERT INTO image (type, url, room) VALUES ('detail','https://a0.muscache.com/im/pictures/76f40700-8630-487d-863f-768837168ea0.jpg?im_w=720',228);
INSERT INTO image (type, url, room) VALUES ('detail','https://a0.muscache.com/im/pictures/dedc39f7-5d66-4489-91bf-2ebe3dffb89b.jpg?im_w=720',228);
INSERT INTO image (type, url, room) VALUES ('detail','https://a0.muscache.com/im/pictures/4a060b9f-9220-4c78-95df-e702934f51af.jpg?im_w=720',228);
INSERT INTO image (type, url, room) VALUES ('detail','https://a0.muscache.com/im/pictures/5b20d9e9-a10a-40bd-90fb-34cd137a3265.jpg?im_w=720',228);
INSERT INTO image (type, url, room) VALUES ('detail','https://a0.muscache.com/im/pictures/032d67bd-301f-4800-888d-643fd1943cc6.jpg?im_w=720',228);
INSERT INTO image (type, url, room) VALUES ('detail','https://a0.muscache.com/im/pictures/0ae03735-cdf1-4344-9e73-7f6262462e3e.jpg?im_w=720',228);
INSERT INTO image (type, url, room) VALUES ('detail','https://a0.muscache.com/im/pictures/1ec66525-52e4-40bd-8552-08e39d33a8cb.jpg?im_w=720',228);
insert into location(id,latitude,longitude,city) values (229,35.537,129.308,'울산');
INSERT INTO room (id, title, description, price_per_day, room_type, bed, max_guest, bathroom, location) VALUES (229,'D4” 6월리뉴얼open•침대2/4인가능 세스코 넷플릭스 왓챠','Sinjeong-dong, Nam-gu의 집 전체',94000,'집 전체',2,4,1,229);
INSERT INTO image (type, url, room) VALUES ('thumb','https://a0.muscache.com/im/pictures/6a84479c-e7ef-46e8-8dae-4a67c86eaf90.jpg?im_w=720',229);
INSERT INTO image (type, url, room) VALUES ('detail','https://a0.muscache.com/im/pictures/08036ed1-8f5a-405d-8229-de01d4bd333c.jpg?im_w=720',229);
INSERT INTO image (type, url, room) VALUES ('detail','https://a0.muscache.com/im/pictures/63ab61af-1bbb-4721-a528-34d5ae6ca583.jpg?im_w=720',229);
INSERT INTO image (type, url, room) VALUES ('detail','https://a0.muscache.com/im/pictures/30c9fb0e-70f6-45f0-bc4f-a2ae1cf039ab.jpg?im_w=720',229);
insert into location(id,latitude,longitude,city) values (230,35.553,129.322,'울산');
INSERT INTO room (id, title, description, price_per_day, room_type, bed, max_guest, bathroom, location) VALUES (230,'혁신.삼산등 울산전지역 이동편리 합니다','Jungang-dong, Jung-gu의 개인실',91000,'개인실',1,1,1,230);
INSERT INTO image (type, url, room) VALUES ('thumb','https://a0.muscache.com/im/pictures/fb184324-7cd4-423f-8236-88ec0e42ef36.jpg?im_w=720',230);
INSERT INTO image (type, url, room) VALUES ('detail','https://a0.muscache.com/im/pictures/5c8a6fb7-bfe9-401d-a5ad-8d3bdcc8870c.jpg?im_w=720',230);
INSERT INTO image (type, url, room) VALUES ('detail','https://a0.muscache.com/im/pictures/c93a3669-81f9-4b62-a851-9d5322cc0702.jpg?im_w=720',230);
INSERT INTO image (type, url, room) VALUES ('detail','https://a0.muscache.com/im/pictures/a9ec9534-5b21-4958-a004-0aa15f49f1bc.jpg?im_w=720',230);
INSERT INTO image (type, url, room) VALUES ('detail','https://a0.muscache.com/im/pictures/431ab112-559f-4e56-bce2-199af078be8e.jpg?im_w=720',230);
INSERT INTO image (type, url, room) VALUES ('detail','https://a0.muscache.com/im/pictures/0e5e266a-d69a-4834-9cfc-ac41d447949c.jpg?im_w=720',230);
INSERT INTO image (type, url, room) VALUES ('detail','https://a0.muscache.com/im/pictures/d4d283b9-857e-4e26-a9c7-5a7e4cb434dd.jpg?im_w=720',230);
INSERT INTO image (type, url, room) VALUES ('detail','https://a0.muscache.com/im/pictures/fec322c7-c022-4c60-b4a9-34aa36898292.jpg?im_w=720',230);
INSERT INTO image (type, url, room) VALUES ('detail','https://a0.muscache.com/im/pictures/43173f14-1eb4-4349-a530-41c1c1dd9533.jpg?im_w=720',230);
insert into location(id,latitude,longitude,city) values (231,35.595,129.372,'울산');
INSERT INTO room (id, title, description, price_per_day, room_type, bed, max_guest, bathroom, location) VALUES (231,'에그스테이A','Songjeong-dong, Buk-gu의 집 전체',87000,'집 전체',0,4,1,231);
INSERT INTO image (type, url, room) VALUES ('thumb','https://a0.muscache.com/im/pictures/5c280695-b338-4156-bb92-36d59c056472.jpg?im_w=720',231);
INSERT INTO image (type, url, room) VALUES ('detail','https://a0.muscache.com/im/pictures/5dbce224-e20c-4628-ac37-da6ecd805172.jpg?im_w=720',231);
INSERT INTO image (type, url, room) VALUES ('detail','https://a0.muscache.com/im/pictures/471927b8-3072-43d8-8581-9aadccef83ab.jpg?im_w=720',231);
INSERT INTO image (type, url, room) VALUES ('detail','https://a0.muscache.com/im/pictures/0f7ab721-9e6c-4c4a-af76-e792d5952282.jpg?im_w=720',231);
INSERT INTO image (type, url, room) VALUES ('detail','https://a0.muscache.com/im/pictures/29d8454f-fbd7-42b6-8a18-8a5646ccd7dd.jpg?im_w=720',231);
INSERT INTO image (type, url, room) VALUES ('detail','https://a0.muscache.com/im/pictures/4ca26f28-7d06-4cc4-a4b5-7839e9bfc6e8.jpg?im_w=720',231);
INSERT INTO image (type, url, room) VALUES ('detail','https://a0.muscache.com/im/pictures/f1adc840-ae8a-478f-92c7-29e794fafd6a.jpg?im_w=720',231);
INSERT INTO image (type, url, room) VALUES ('detail','https://a0.muscache.com/im/pictures/0a68209d-44ef-465b-b684-ec3a560cf212.jpg?im_w=720',231);
INSERT INTO image (type, url, room) VALUES ('detail','https://a0.muscache.com/im/pictures/d626c8d1-1fc0-43d0-9e0e-84eff8d0bec3.jpg?im_w=720',231);
INSERT INTO image (type, url, room) VALUES ('detail','https://a0.muscache.com/im/pictures/a53c8a4f-c02b-4cc4-96d5-47ecf9fc891b.jpg?im_w=720',231);
INSERT INTO image (type, url, room) VALUES ('detail','https://a0.muscache.com/im/pictures/bc0c6ddc-f452-4729-b4b2-025e9a5893f8.jpg?im_w=720',231);
INSERT INTO image (type, url, room) VALUES ('detail','https://a0.muscache.com/im/pictures/2fa60647-d084-46d6-8811-9e5ef3b1f47a.jpg?im_w=720',231);
INSERT INTO image (type, url, room) VALUES ('detail','https://a0.muscache.com/im/pictures/fd8ee62a-5958-4951-9f96-ed6c365844b1.jpg?im_w=720',231);
INSERT INTO image (type, url, room) VALUES ('detail','https://a0.muscache.com/im/pictures/e527c0fb-11ac-413e-8fa4-dff73a926b6f.jpg?im_w=720',231);
INSERT INTO image (type, url, room) VALUES ('detail','https://a0.muscache.com/im/pictures/79d90d32-5a0a-4666-a15f-2f255d555915.jpg?im_w=720',231);
INSERT INTO image (type, url, room) VALUES ('detail','https://a0.muscache.com/im/pictures/8db23ac5-dada-4f5c-8aac-db8b9da64e7f.jpg?im_w=720',231);
INSERT INTO image (type, url, room) VALUES ('detail','https://a0.muscache.com/im/pictures/05a73f6e-d24d-468b-9fa1-8719662529d9.jpg?im_w=720',231);
INSERT INTO image (type, url, room) VALUES ('detail','https://a0.muscache.com/im/pictures/60f06284-4810-4364-8465-2d9874f6ad71.jpg?im_w=720',231);
INSERT INTO image (type, url, room) VALUES ('detail','https://a0.muscache.com/im/pictures/18d00a43-e646-41ca-8a02-3d449b321933.jpg?im_w=720',231);
INSERT INTO image (type, url, room) VALUES ('detail','https://a0.muscache.com/im/pictures/4b7aca48-507e-495f-bc7d-0d6496182b44.jpg?im_w=720',231);
INSERT INTO image (type, url, room) VALUES ('detail','https://a0.muscache.com/im/pictures/958c9db3-79a0-48a1-965c-902d22447b6a.jpg?im_w=720',231);
INSERT INTO image (type, url, room) VALUES ('detail','https://a0.muscache.com/im/pictures/5de7d6bd-1c2b-400d-aff0-22f03889763f.jpg?im_w=720',231);
insert into location(id,latitude,longitude,city) values (232,35.578,129.343,'울산');
INSERT INTO room (id, title, description, price_per_day, room_type, bed, max_guest, bathroom, location) VALUES (232,'일오삼(202호)집전체, 셀프체크인,장기 출장, 가족 여행,요리 세탁 무료 주차 가능','중구의 콘도(아파트) 전체',97000,'집 전체',0,4,1,232);
INSERT INTO image (type, url, room) VALUES ('thumb','https://a0.muscache.com/im/pictures/0845c6e7-f45c-40be-af03-9ebc1f92d40c.jpg?im_w=720',232);
INSERT INTO image (type, url, room) VALUES ('detail','https://a0.muscache.com/im/pictures/8805fd1c-cd52-4022-88fd-664b0a7e7f6c.jpg?im_w=720',232);
INSERT INTO image (type, url, room) VALUES ('detail','https://a0.muscache.com/im/pictures/4c9bc7bf-4a0c-4955-8e4d-9030a9ace045.jpg?im_w=720',232);
INSERT INTO image (type, url, room) VALUES ('detail','https://a0.muscache.com/im/pictures/a1df70e5-f247-49dc-bdec-5c3b8279069c.jpg?im_w=720',232);
INSERT INTO image (type, url, room) VALUES ('detail','https://a0.muscache.com/im/pictures/aa87b75f-6e3c-4f49-bc58-314555420900.jpg?im_w=720',232);
INSERT INTO image (type, url, room) VALUES ('detail','https://a0.muscache.com/im/pictures/f8818e66-abe4-405c-8e9e-13da30716e4b.jpg?im_w=720',232);
INSERT INTO image (type, url, room) VALUES ('detail','https://a0.muscache.com/im/pictures/aa0e2bdf-ca9b-4655-aeaf-50234d7f8e29.jpg?im_w=720',232);
INSERT INTO image (type, url, room) VALUES ('detail','https://a0.muscache.com/im/pictures/58371928-82e8-4819-9f3e-ae06cb6a4c3e.jpg?im_w=720',232);
INSERT INTO image (type, url, room) VALUES ('detail','https://a0.muscache.com/im/pictures/0367e53b-44dd-43e4-95d1-580ac38c31f0.jpg?im_w=720',232);
INSERT INTO image (type, url, room) VALUES ('detail','https://a0.muscache.com/im/pictures/2212623a-f75d-45b2-9f29-e997871aef29.jpg?im_w=720',232);
INSERT INTO image (type, url, room) VALUES ('detail','https://a0.muscache.com/im/pictures/a2a98bac-fc74-41d0-be72-d9a9d824942e.jpg?im_w=720',232);
INSERT INTO image (type, url, room) VALUES ('detail','https://a0.muscache.com/im/pictures/ae9be6ac-4576-4b5b-b519-29f1c4d88a82.jpg?im_w=720',232);
INSERT INTO image (type, url, room) VALUES ('detail','https://a0.muscache.com/im/pictures/6e16fe8d-f2fa-4c77-b560-e0e6d9231922.jpg?im_w=720',232);
INSERT INTO image (type, url, room) VALUES ('detail','https://a0.muscache.com/im/pictures/eab83c97-ea33-4957-ad38-c49e3f2069c2.jpg?im_w=720',232);
INSERT INTO image (type, url, room) VALUES ('detail','https://a0.muscache.com/im/pictures/20e31911-3780-476f-9e8a-c7d9fbc99ca9.jpg?im_w=720',232);
INSERT INTO image (type, url, room) VALUES ('detail','https://a0.muscache.com/im/pictures/b0b294da-28cb-431d-a4e7-fdb765eaa7bc.jpg?im_w=720',232);
INSERT INTO image (type, url, room) VALUES ('detail','https://a0.muscache.com/im/pictures/b5edfd72-0602-4afe-979e-3be3b8273b03.jpg?im_w=720',232);
INSERT INTO image (type, url, room) VALUES ('detail','https://a0.muscache.com/im/pictures/d1f79003-6ad6-4110-9d1c-d5b0309a5ae1.jpg?im_w=720',232);
INSERT INTO image (type, url, room) VALUES ('detail','https://a0.muscache.com/im/pictures/91d63a8b-6395-4b4c-98ee-2fb539927d78.jpg?im_w=720',232);
INSERT INTO image (type, url, room) VALUES ('detail','https://a0.muscache.com/im/pictures/8dc67a5a-4f4a-41e9-b609-5f4551aa88c9.jpg?im_w=720',232);
INSERT INTO image (type, url, room) VALUES ('detail','https://a0.muscache.com/im/pictures/7047c37f-bb63-43e8-b420-40e1e71abac9.jpg?im_w=720',232);
INSERT INTO image (type, url, room) VALUES ('detail','https://a0.muscache.com/im/pictures/1dfe331d-0e73-4666-81a5-3f666aeb321b.jpg?im_w=720',232);
INSERT INTO image (type, url, room) VALUES ('detail','https://a0.muscache.com/im/pictures/24af5705-c922-4e55-9c4c-876eaab8f1d6.jpg?im_w=720',232);
INSERT INTO image (type, url, room) VALUES ('detail','https://a0.muscache.com/im/pictures/23bfa183-1f54-4bb7-b230-cf2af9c8fece.jpg?im_w=720',232);
INSERT INTO image (type, url, room) VALUES ('detail','https://a0.muscache.com/im/pictures/b6e47c00-1eac-4be4-a210-3fa122ab0941.jpg?im_w=720',232);
insert into location(id,latitude,longitude,city) values (233,35.534,129.337,'울산');
INSERT INTO room (id, title, description, price_per_day, room_type, bed, max_guest, bathroom, location) VALUES (233,'●자가격리가능●삼산동
게이밍컴퓨터/와이파이','Nam-gu의 집 전체',100000,'집 전체',1,2,1,233);
INSERT INTO image (type, url, room) VALUES ('thumb','https://a0.muscache.com/im/pictures/0acc69f0-9bdc-4c95-ad20-ecf9bb66d641.jpg?im_w=720',233);
INSERT INTO image (type, url, room) VALUES ('detail','https://a0.muscache.com/im/pictures/1c4b801f-8f4a-4ad4-b8df-ef0716f246dd.jpg?im_w=720',233);
INSERT INTO image (type, url, room) VALUES ('detail','https://a0.muscache.com/im/pictures/0dd861bd-8c86-49e3-80f3-60526909d49d.jpg?im_w=720',233);
INSERT INTO image (type, url, room) VALUES ('detail','https://a0.muscache.com/im/pictures/9fd3c620-095c-41ac-8f7c-67a2ae849ce1.jpg?im_w=720',233);
INSERT INTO image (type, url, room) VALUES ('detail','https://a0.muscache.com/im/pictures/1b484715-7ef0-4a2a-a391-fb9ca6f704e4.jpg?im_w=720',233);
INSERT INTO image (type, url, room) VALUES ('detail','https://a0.muscache.com/im/pictures/b2af536e-a7d4-401e-98fe-c2e735a1b2fb.jpg?im_w=720',233);
INSERT INTO image (type, url, room) VALUES ('detail','https://a0.muscache.com/im/pictures/41d82a6f-4f3c-4bb5-b034-8d442ecaa945.jpg?im_w=720',233);
INSERT INTO image (type, url, room) VALUES ('detail','https://a0.muscache.com/im/pictures/bcfa9a6e-102e-4727-9672-69933bfa1f2f.jpg?im_w=720',233);
INSERT INTO image (type, url, room) VALUES ('detail','https://a0.muscache.com/im/pictures/f0103b53-78a7-4ff7-9385-cc4cdc8cd8c9.jpg?im_w=720',233);
INSERT INTO image (type, url, room) VALUES ('detail','https://a0.muscache.com/im/pictures/45768cf4-eeec-4c33-943b-910cf0e7bc20.jpg?im_w=720',233);
INSERT INTO image (type, url, room) VALUES ('detail','https://a0.muscache.com/im/pictures/b42611a1-4deb-463f-ba60-762f45a532ce.jpg?im_w=720',233);
INSERT INTO image (type, url, room) VALUES ('detail','https://a0.muscache.com/im/pictures/e1dac145-eaa2-4277-bcf2-9043bef75765.jpg?im_w=720',233);
INSERT INTO image (type, url, room) VALUES ('detail','https://a0.muscache.com/im/pictures/14797a91-114b-44f9-8dcc-9afb9f256023.jpg?im_w=720',233);
INSERT INTO image (type, url, room) VALUES ('detail','https://a0.muscache.com/im/pictures/9331f280-800e-4eed-8afa-50a445e59c42.jpg?im_w=720',233);
INSERT INTO image (type, url, room) VALUES ('detail','https://a0.muscache.com/im/pictures/87c45377-5b59-45e1-b2d9-64663d89faba.jpg?im_w=720',233);
INSERT INTO image (type, url, room) VALUES ('detail','https://a0.muscache.com/im/pictures/d0bbb46c-6f0b-4769-b700-9e3c83a27dd9.jpg?im_w=720',233);
INSERT INTO image (type, url, room) VALUES ('detail','https://a0.muscache.com/im/pictures/aba1e051-ae92-494d-b2ca-0b18e94e297f.jpg?im_w=720',233);
INSERT INTO image (type, url, room) VALUES ('detail','https://a0.muscache.com/im/pictures/e79c306b-b343-4ad0-b923-8845807ee118.jpg?im_w=720',233);
INSERT INTO image (type, url, room) VALUES ('detail','https://a0.muscache.com/im/pictures/1fb99e6e-cd7c-4589-b786-0f7b83806ab4.jpg?im_w=720',233);
INSERT INTO image (type, url, room) VALUES ('detail','https://a0.muscache.com/im/pictures/14717bc8-bc7e-4f8a-be22-8478a7541640.jpg?im_w=720',233);
INSERT INTO image (type, url, room) VALUES ('detail','https://a0.muscache.com/im/pictures/3029cc1c-da1d-4b3e-94ac-4556e0767a97.jpg?im_w=720',233);
INSERT INTO image (type, url, room) VALUES ('detail','https://a0.muscache.com/im/pictures/fe086948-7834-4d52-87b1-893e32dbb843.jpg?im_w=720',233);
insert into location(id,latitude,longitude,city) values (234,35.491,129.419,'울산');
INSERT INTO room (id, title, description, price_per_day, room_type, bed, max_guest, bathroom, location) VALUES (234,'제스퍼303 넷플릭스 일산해수욕장 울산여행 부부여행 친구여행 커플여행','Bangeo-dong, Dong-gu의 콘도(아파트) 전체',95000,'집 전체',1,2,1,234);
INSERT INTO image (type, url, room) VALUES ('thumb','https://a0.muscache.com/im/pictures/93f75520-0298-4fd9-ab0f-670f65502ad4.jpg?im_w=720',234);
INSERT INTO image (type, url, room) VALUES ('detail','https://a0.muscache.com/im/pictures/9831b74f-8e26-46d7-ab80-15bcce11328b.jpg?im_w=720',234);
INSERT INTO image (type, url, room) VALUES ('detail','https://a0.muscache.com/im/pictures/19d628a0-fcfc-4fd0-a8f5-038c1ee6c636.jpg?im_w=720',234);
INSERT INTO image (type, url, room) VALUES ('detail','https://a0.muscache.com/im/pictures/c92c4e5b-6dbc-4a8c-acb6-920695e110b5.jpg?im_w=720',234);
INSERT INTO image (type, url, room) VALUES ('detail','https://a0.muscache.com/im/pictures/6f2757ea-e55a-4dc1-b09a-806d6e534011.jpg?im_w=720',234);
INSERT INTO image (type, url, room) VALUES ('detail','https://a0.muscache.com/im/pictures/3ae114f8-9bd9-487c-b3b1-cbdbd7d634f8.jpg?im_w=720',234);
INSERT INTO image (type, url, room) VALUES ('detail','https://a0.muscache.com/im/pictures/487885a1-a6d1-49fd-8cbe-04ca1882531b.jpg?im_w=720',234);
INSERT INTO image (type, url, room) VALUES ('detail','https://a0.muscache.com/im/pictures/cc9d89c2-fbce-4d4c-99c0-ca3c1a772230.jpg?im_w=720',234);
INSERT INTO image (type, url, room) VALUES ('detail','https://a0.muscache.com/im/pictures/ef49598c-b0df-4831-ba32-24eff6f60e0c.jpg?im_w=720',234);
INSERT INTO image (type, url, room) VALUES ('detail','https://a0.muscache.com/im/pictures/1849df38-85dd-4185-b791-a8e1ccf3681c.jpg?im_w=720',234);
INSERT INTO image (type, url, room) VALUES ('detail','https://a0.muscache.com/im/pictures/aaa1040f-37af-45ba-ab84-7e127e21a4d0.jpg?im_w=720',234);
insert into location(id,latitude,longitude,city) values (235,35.537,129.309,'울산');
INSERT INTO room (id, title, description, price_per_day, room_type, bed, max_guest, bathroom, location) VALUES (235,'D1힐링°세스코바이러스케어,울산대공원 태화강인근,넷플릭스, 왓챠,울산여행여기오때°','Sinjeong-dong, Nam-gu의 집 전체',94000,'집 전체',1,2,1,235);
INSERT INTO image (type, url, room) VALUES ('thumb','https://a0.muscache.com/im/pictures/3b2af6dd-b867-41ed-9dfe-4a042e3d0bcf.jpg?im_w=720',235);
INSERT INTO image (type, url, room) VALUES ('detail','https://a0.muscache.com/im/pictures/0ad58466-94ca-47bb-899b-b232fa001299.jpg?im_w=720',235);
INSERT INTO image (type, url, room) VALUES ('detail','https://a0.muscache.com/im/pictures/82d583c2-7352-4404-bcbb-1a64e92282e5.jpg?im_w=720',235);
INSERT INTO image (type, url, room) VALUES ('detail','https://a0.muscache.com/im/pictures/77f75d6f-cf60-48c3-9d50-2438cd7cc006.jpg?im_w=720',235);
INSERT INTO image (type, url, room) VALUES ('detail','https://a0.muscache.com/im/pictures/ac10031a-88f6-4195-a723-ee530fe55658.jpg?im_w=720',235);
INSERT INTO image (type, url, room) VALUES ('detail','https://a0.muscache.com/im/pictures/0e0cdc65-97aa-473e-9360-d810bcf06800.jpg?im_w=720',235);
INSERT INTO image (type, url, room) VALUES ('detail','https://a0.muscache.com/im/pictures/9e97d6a2-d378-4c1e-8964-382445458eb5.jpg?im_w=720',235);
INSERT INTO image (type, url, room) VALUES ('detail','https://a0.muscache.com/im/pictures/3a3ecfe5-ca0f-45d5-ac9f-df9f95dea952.jpg?im_w=720',235);
INSERT INTO image (type, url, room) VALUES ('detail','https://a0.muscache.com/im/pictures/70c6d86f-c438-49a5-9c4a-27385b76c801.jpg?im_w=720',235);
INSERT INTO image (type, url, room) VALUES ('detail','https://a0.muscache.com/im/pictures/da48e15d-e37f-421e-9849-2cc57106a230.jpg?im_w=720',235);
INSERT INTO image (type, url, room) VALUES ('detail','https://a0.muscache.com/im/pictures/74f559b9-445c-4614-a1df-abff23aced75.jpg?im_w=720',235);
INSERT INTO image (type, url, room) VALUES ('detail','https://a0.muscache.com/im/pictures/fdc5a422-84e7-450d-a077-836d65c549ed.jpg?im_w=720',235);
INSERT INTO image (type, url, room) VALUES ('detail','https://a0.muscache.com/im/pictures/d37f096d-9f60-46a2-ae38-decbb3d36c59.jpg?im_w=720',235);
INSERT INTO image (type, url, room) VALUES ('detail','https://a0.muscache.com/im/pictures/9be924a8-5d03-4ea9-9dd7-0e3ce714dc32.jpg?im_w=720',235);
INSERT INTO image (type, url, room) VALUES ('detail','https://a0.muscache.com/im/pictures/3dd26f81-dd81-4796-bcb1-c7bd57926ba7.jpg?im_w=720',235);
INSERT INTO image (type, url, room) VALUES ('detail','https://a0.muscache.com/im/pictures/1dfa6c40-2be8-4914-8f2c-bfe969d895c0.jpg?im_w=720',235);
INSERT INTO image (type, url, room) VALUES ('detail','https://a0.muscache.com/im/pictures/9261db76-3833-40ae-bde6-30306fd436d1.jpg?im_w=720',235);
insert into location(id,latitude,longitude,city) values (236,35.542,129.261,'울산');
INSERT INTO room (id, title, description, price_per_day, room_type, bed, max_guest, bathroom, location) VALUES (236,'유스테이(U-stay)401
(U-stay는 보아,현주,정화 3명의 호스트가 운영중입니다)','Mugeo-dong, Nam-gu의 게스트용 별채 전체',93000,'집 전체',1,2,1,236);
INSERT INTO image (type, url, room) VALUES ('thumb','https://a0.muscache.com/im/pictures/6e55f0b6-45d8-4411-90d4-a6b03cf89942.jpg?im_w=720',236);
INSERT INTO image (type, url, room) VALUES ('detail','https://a0.muscache.com/im/pictures/558251d5-64ed-41f6-953b-c2f83424e19a.jpg?im_w=720',236);
INSERT INTO image (type, url, room) VALUES ('detail','https://a0.muscache.com/im/pictures/3bf41828-47cb-4531-b138-51b26884589d.jpg?im_w=720',236);
INSERT INTO image (type, url, room) VALUES ('detail','https://a0.muscache.com/im/pictures/566385ab-1130-4e27-8423-bf53316f48fe.jpg?im_w=720',236);
INSERT INTO image (type, url, room) VALUES ('detail','https://a0.muscache.com/im/pictures/ab7b7a3d-2fdb-4a46-8496-b87df90ef3da.jpg?im_w=720',236);
INSERT INTO image (type, url, room) VALUES ('detail','https://a0.muscache.com/im/pictures/17b0bb72-a779-49d1-9375-c2e9a50451c7.jpg?im_w=720',236);
INSERT INTO image (type, url, room) VALUES ('detail','https://a0.muscache.com/im/pictures/70ef00f4-8f3b-43c5-a88a-78343f47a302.jpg?im_w=720',236);
INSERT INTO image (type, url, room) VALUES ('detail','https://a0.muscache.com/im/pictures/86ca5bd8-5b9e-44cd-b3a5-9dbd1cea4137.jpg?im_w=720',236);
INSERT INTO image (type, url, room) VALUES ('detail','https://a0.muscache.com/im/pictures/f8923ffc-a08c-4280-ae06-ca33208d0e48.jpg?im_w=720',236);
INSERT INTO image (type, url, room) VALUES ('detail','https://a0.muscache.com/im/pictures/ef2ed415-f4e6-492e-ad8a-dc2f374fd0eb.jpg?im_w=720',236);
INSERT INTO image (type, url, room) VALUES ('detail','https://a0.muscache.com/im/pictures/da759255-6980-4b0c-a619-830a6a4e3288.jpg?im_w=720',236);
INSERT INTO image (type, url, room) VALUES ('detail','https://a0.muscache.com/im/pictures/61f95647-463c-4fa9-b6a4-c330651ea04a.jpg?im_w=720',236);
INSERT INTO image (type, url, room) VALUES ('detail','https://a0.muscache.com/im/pictures/c58ecf03-7160-4f1d-9792-6b10cafae1a9.jpg?im_w=720',236);
INSERT INTO image (type, url, room) VALUES ('detail','https://a0.muscache.com/im/pictures/c9dd387c-cbff-4fa3-90c5-80109fb7d61b.jpg?im_w=720',236);
INSERT INTO image (type, url, room) VALUES ('detail','https://a0.muscache.com/im/pictures/38292623-2c10-4772-8e1b-ea2f81c672bf.jpg?im_w=720',236);
INSERT INTO image (type, url, room) VALUES ('detail','https://a0.muscache.com/im/pictures/41162d93-8209-432b-a1c1-2fd683914f7f.jpg?im_w=720',236);
insert into location(id,latitude,longitude,city) values (237,35.541,129.335,'울산');
INSERT INTO room (id, title, description, price_per_day, room_type, bed, max_guest, bathroom, location) VALUES (237,'●자가격리가능●삼산동22평아파트','Dal-dong, Nam-gu의 아파트 전체',100000,'집 전체',2,4,1,237);
INSERT INTO image (type, url, room) VALUES ('thumb','https://a0.muscache.com/im/pictures/bad6bc32-ce57-4546-976e-9d60c998ce81.jpg?im_w=720',237);
INSERT INTO image (type, url, room) VALUES ('detail','https://a0.muscache.com/im/pictures/858f3658-f206-4865-9a87-d8410d585f45.jpg?im_w=720',237);
INSERT INTO image (type, url, room) VALUES ('detail','https://a0.muscache.com/im/pictures/d817a0e3-aab4-4883-b833-a239805bc90f.jpg?im_w=720',237);
INSERT INTO image (type, url, room) VALUES ('detail','https://a0.muscache.com/im/pictures/dcbde324-7c72-4411-b9fa-2ec430d40765.jpg?im_w=720',237);
INSERT INTO image (type, url, room) VALUES ('detail','https://a0.muscache.com/im/pictures/ae8edbbf-e583-4802-8852-2dee84ff3b08.jpg?im_w=720',237);
INSERT INTO image (type, url, room) VALUES ('detail','https://a0.muscache.com/im/pictures/60e6b98e-df50-45cc-a595-03ae9f014450.jpg?im_w=720',237);
INSERT INTO image (type, url, room) VALUES ('detail','https://a0.muscache.com/im/pictures/1dcb2fea-74fe-4d67-9a52-9f59393863ce.jpg?im_w=720',237);
INSERT INTO image (type, url, room) VALUES ('detail','https://a0.muscache.com/im/pictures/554d1b97-4cf8-4242-95a4-68b1de8454a2.jpg?im_w=720',237);
INSERT INTO image (type, url, room) VALUES ('detail','https://a0.muscache.com/im/pictures/335ebf12-e611-4390-9246-a0c98853a9f2.jpg?im_w=720',237);
INSERT INTO image (type, url, room) VALUES ('detail','https://a0.muscache.com/im/pictures/ed82b0e7-482a-4385-a426-25f16262d7b4.jpg?im_w=720',237);
INSERT INTO image (type, url, room) VALUES ('detail','https://a0.muscache.com/im/pictures/918fd838-e435-4e1c-8eb6-80c135c69cd2.jpg?im_w=720',237);
INSERT INTO image (type, url, room) VALUES ('detail','https://a0.muscache.com/im/pictures/926c9450-f5e4-45b3-a830-b065d136046e.jpg?im_w=720',237);
INSERT INTO image (type, url, room) VALUES ('detail','https://a0.muscache.com/im/pictures/0d83522f-d8e0-4c53-8af9-e07739ce8db4.jpg?im_w=720',237);
INSERT INTO image (type, url, room) VALUES ('detail','https://a0.muscache.com/im/pictures/bd9ce656-266e-447a-bbda-a116feef48f1.jpg?im_w=720',237);
INSERT INTO image (type, url, room) VALUES ('detail','https://a0.muscache.com/im/pictures/8a5189c1-a268-4c6a-bb05-e27be9b48c62.jpg?im_w=720',237);
INSERT INTO image (type, url, room) VALUES ('detail','https://a0.muscache.com/im/pictures/aa6b609d-24d7-4780-94c1-91c0e8d3edb0.jpg?im_w=720',237);
INSERT INTO image (type, url, room) VALUES ('detail','https://a0.muscache.com/im/pictures/2dcd56ce-ba34-4e90-9e71-d560a28b8862.jpg?im_w=720',237);
INSERT INTO image (type, url, room) VALUES ('detail','https://a0.muscache.com/im/pictures/dd4437b7-a650-49d1-8bf0-74d01b06aa23.jpg?im_w=720',237);
INSERT INTO image (type, url, room) VALUES ('detail','https://a0.muscache.com/im/pictures/f12b0a46-96b0-4cfc-8085-f5b4469afd28.jpg?im_w=720',237);
INSERT INTO image (type, url, room) VALUES ('detail','https://a0.muscache.com/im/pictures/2d91f957-1af4-4868-98d9-711df7d7ed71.jpg?im_w=720',237);
INSERT INTO image (type, url, room) VALUES ('detail','https://a0.muscache.com/im/pictures/ca028ecd-1e2d-4cb1-800a-918208f736d4.jpg?im_w=720',237);
INSERT INTO image (type, url, room) VALUES ('detail','https://a0.muscache.com/im/pictures/57141186-1c00-407a-a939-3b94f4e72dbd.jpg?im_w=720',237);
INSERT INTO image (type, url, room) VALUES ('detail','https://a0.muscache.com/im/pictures/b4904332-cb49-4c80-90c2-b12ed5297fa5.jpg?im_w=720',237);
INSERT INTO image (type, url, room) VALUES ('detail','https://a0.muscache.com/im/pictures/5f75688e-57a0-4845-bf79-f0e9531e8fff.jpg?im_w=720',237);
INSERT INTO image (type, url, room) VALUES ('detail','https://a0.muscache.com/im/pictures/b5e2aca4-251d-46b1-b063-754bea01253e.jpg?im_w=720',237);
INSERT INTO image (type, url, room) VALUES ('detail','https://a0.muscache.com/im/pictures/33702a66-6166-4b03-a241-36abdae13b3c.jpg?im_w=720',237);
INSERT INTO image (type, url, room) VALUES ('detail','https://a0.muscache.com/im/pictures/6f007068-d2bf-4e08-a787-4fa5bc45f034.jpg?im_w=720',237);
insert into location(id,latitude,longitude,city) values (238,35.535,129.314,'울산');
INSERT INTO room (id, title, description, price_per_day, room_type, bed, max_guest, bathroom, location) VALUES (238,'[🧡OPEN EVENT]테라스🌷/홈파티✨/바베큐🍖/감성맛집/요기어때⁉️','Sinjeong-dong, Nam-gu의 집 전체',100000,'집 전체',3,5,1,238);
INSERT INTO image (type, url, room) VALUES ('thumb','https://a0.muscache.com/im/pictures/c19656ed-d60f-46a3-a52a-99318b89ae1f.jpg?im_w=720',238);
INSERT INTO image (type, url, room) VALUES ('detail','https://a0.muscache.com/im/pictures/3de7d84e-3823-4063-acd5-432481f25e56.jpg?im_w=720',238);
INSERT INTO image (type, url, room) VALUES ('detail','https://a0.muscache.com/im/pictures/9833023d-1260-431b-9a3b-f9fef1baa850.jpg?im_w=720',238);
INSERT INTO image (type, url, room) VALUES ('detail','https://a0.muscache.com/im/pictures/d18f48d6-4756-4326-a95a-1293054d957a.jpg?im_w=720',238);
INSERT INTO image (type, url, room) VALUES ('detail','https://a0.muscache.com/im/pictures/918caf98-2aa2-42d6-a220-38349cd53084.jpg?im_w=720',238);
INSERT INTO image (type, url, room) VALUES ('detail','https://a0.muscache.com/im/pictures/b75db911-f688-482f-9f94-16aa85e37fae.jpg?im_w=720',238);
INSERT INTO image (type, url, room) VALUES ('detail','https://a0.muscache.com/im/pictures/aa25d234-3cab-47f8-aa5e-e7ea58b11449.jpg?im_w=720',238);
INSERT INTO image (type, url, room) VALUES ('detail','https://a0.muscache.com/im/pictures/5fc851e4-b2fd-4621-b5a5-506fd469092f.jpg?im_w=720',238);
INSERT INTO image (type, url, room) VALUES ('detail','https://a0.muscache.com/im/pictures/a4eb2fa2-f246-46f8-9604-f75222bec661.jpg?im_w=720',238);
INSERT INTO image (type, url, room) VALUES ('detail','https://a0.muscache.com/im/pictures/ca82fb3d-d4df-4505-9ac0-d81b5d58d59c.jpg?im_w=720',238);
INSERT INTO image (type, url, room) VALUES ('detail','https://a0.muscache.com/im/pictures/77f6ffb7-3f59-47c1-967c-80540b72bf06.jpg?im_w=720',238);
INSERT INTO image (type, url, room) VALUES ('detail','https://a0.muscache.com/im/pictures/fe1fcdb2-5e6e-4175-ab16-7f37edf606e6.jpg?im_w=720',238);
INSERT INTO image (type, url, room) VALUES ('detail','https://a0.muscache.com/im/pictures/2273e9b6-1fe5-43eb-a398-cce74c171b5d.jpg?im_w=720',238);
INSERT INTO image (type, url, room) VALUES ('detail','https://a0.muscache.com/im/pictures/8c7eba93-2193-4aed-9d43-c15c00ff9824.jpg?im_w=720',238);
INSERT INTO image (type, url, room) VALUES ('detail','https://a0.muscache.com/im/pictures/9c19cca6-1f2e-4adc-8353-afb576c22d76.jpg?im_w=720',238);
INSERT INTO image (type, url, room) VALUES ('detail','https://a0.muscache.com/im/pictures/ea4a5263-ecfa-4a6b-8e2e-5083ddd8079a.jpg?im_w=720',238);
INSERT INTO image (type, url, room) VALUES ('detail','https://a0.muscache.com/im/pictures/3377401c-f43c-4302-8b19-5376d62b5512.jpg?im_w=720',238);
INSERT INTO image (type, url, room) VALUES ('detail','https://a0.muscache.com/im/pictures/3c8fd726-6e33-4ff0-ad1e-b87acf6ed310.jpg?im_w=720',238);
INSERT INTO image (type, url, room) VALUES ('detail','https://a0.muscache.com/im/pictures/46c8abf9-fdf7-49f2-a5d2-a61a62baaab7.jpg?im_w=720',238);
INSERT INTO image (type, url, room) VALUES ('detail','https://a0.muscache.com/im/pictures/effcf288-0dbb-43f4-8a4a-6ab244ac349c.jpg?im_w=720',238);
INSERT INTO image (type, url, room) VALUES ('detail','https://a0.muscache.com/im/pictures/d417d0cf-7d23-40bb-8fd4-e671ab5bd729.jpg?im_w=720',238);
INSERT INTO image (type, url, room) VALUES ('detail','https://a0.muscache.com/im/pictures/3b022bd0-8eda-4a81-8d26-f6c61816fb5b.jpg?im_w=720',238);
INSERT INTO image (type, url, room) VALUES ('detail','https://a0.muscache.com/im/pictures/09fca0a5-54ec-456c-95ea-d7a695d455d0.jpg?im_w=720',238);
INSERT INTO image (type, url, room) VALUES ('detail','https://a0.muscache.com/im/pictures/e291ec62-2ba1-4903-8deb-21096e9ee392.jpg?im_w=720',238);
INSERT INTO image (type, url, room) VALUES ('detail','https://a0.muscache.com/im/pictures/f55de874-ed43-46f3-8069-14ea19c607ba.jpg?im_w=720',238);
INSERT INTO image (type, url, room) VALUES ('detail','https://a0.muscache.com/im/pictures/8faa1d24-7a6e-4888-9402-b58e0e3c7993.jpg?im_w=720',238);
INSERT INTO image (type, url, room) VALUES ('detail','https://a0.muscache.com/im/pictures/8401084e-8d43-40a1-87aa-6bc382ed4286.jpg?im_w=720',238);
INSERT INTO image (type, url, room) VALUES ('detail','https://a0.muscache.com/im/pictures/2603c868-43d8-4fba-92ca-adc7e84758d8.jpg?im_w=720',238);
INSERT INTO image (type, url, room) VALUES ('detail','https://a0.muscache.com/im/pictures/1e874c5e-889b-4e5a-b618-ec961f536500.jpg?im_w=720',238);
INSERT INTO image (type, url, room) VALUES ('detail','https://a0.muscache.com/im/pictures/8aefb0e8-62e8-40bb-8a35-18bab3c2de45.jpg?im_w=720',238);
insert into location(id,latitude,longitude,city) values (239,35.542,129.26,'울산');
INSERT INTO room (id, title, description, price_per_day, room_type, bed, max_guest, bathroom, location) VALUES (239,'유스테이(U-stay)403
U-stay는 보아, 현주, 정화 3명의 호스트가 운영합니다.','Mugeo-dong, Nam-gu의 개인실',93000,'개인실',1,2,1,239);
INSERT INTO image (type, url, room) VALUES ('thumb','https://a0.muscache.com/im/pictures/c85b479a-695d-4367-91a8-9dd5ae8579bb.jpg?im_w=720',239);
INSERT INTO image (type, url, room) VALUES ('detail','https://a0.muscache.com/im/pictures/d9df9f6c-44be-472b-b6f9-2339d527bddb.jpg?im_w=720',239);
INSERT INTO image (type, url, room) VALUES ('detail','https://a0.muscache.com/im/pictures/70200ce6-3e10-4a4f-87b3-53d196100986.jpg?im_w=720',239);
INSERT INTO image (type, url, room) VALUES ('detail','https://a0.muscache.com/im/pictures/13c4ed78-2b35-48bc-897c-a83ff9160c98.jpg?im_w=720',239);
INSERT INTO image (type, url, room) VALUES ('detail','https://a0.muscache.com/im/pictures/15fa14b6-2b57-4037-b73a-1d450da4f7fb.jpg?im_w=720',239);
INSERT INTO image (type, url, room) VALUES ('detail','https://a0.muscache.com/im/pictures/693cd5e6-4a57-483a-a86b-d5c3ef864010.jpg?im_w=720',239);
INSERT INTO image (type, url, room) VALUES ('detail','https://a0.muscache.com/im/pictures/3a35e17d-06bf-4b96-a9fb-e01f4592af25.jpg?im_w=720',239);
INSERT INTO image (type, url, room) VALUES ('detail','https://a0.muscache.com/im/pictures/de74085a-6f30-4698-877b-9606b465d9cd.jpg?im_w=720',239);
INSERT INTO image (type, url, room) VALUES ('detail','https://a0.muscache.com/im/pictures/5306a87d-f332-480d-96be-bbe95737cb36.jpg?im_w=720',239);
INSERT INTO image (type, url, room) VALUES ('detail','https://a0.muscache.com/im/pictures/67fa51f5-d312-4cf3-bc93-26abc42656e7.jpg?im_w=720',239);
INSERT INTO image (type, url, room) VALUES ('detail','https://a0.muscache.com/im/pictures/b01bcda3-bf40-4ef2-8084-862ce448ac63.jpg?im_w=720',239);
INSERT INTO image (type, url, room) VALUES ('detail','https://a0.muscache.com/im/pictures/b80b85bf-83a6-45c7-8f7c-3d4b014a0031.jpg?im_w=720',239);
insert into location(id,latitude,longitude,city) values (240,35.535,129.307,'울산');
INSERT INTO room (id, title, description, price_per_day, room_type, bed, max_guest, bathroom, location) VALUES (240,'갤러리하우스대공원
공업탑로타리D(1인실+개별욕실)','Sinjeong-dong, Nam-gu의 개인실',100000,'개인실',1,2,1,240);
INSERT INTO image (type, url, room) VALUES ('thumb','https://a0.muscache.com/im/pictures/8cc4dceb-e0b4-479d-8478-20f1770382bd.jpg?im_w=720',240);
INSERT INTO image (type, url, room) VALUES ('detail','https://a0.muscache.com/im/pictures/miso/Hosting-48034031/original/23f6b1a8-f5d0-4319-87d7-d76d1947d52f.jpeg?im_w=720',240);
INSERT INTO image (type, url, room) VALUES ('detail','https://a0.muscache.com/im/pictures/miso/Hosting-48034031/original/5d679800-fd16-4035-965d-da6e761b65ff.jpeg?im_w=720',240);
INSERT INTO image (type, url, room) VALUES ('detail','https://a0.muscache.com/im/pictures/miso/Hosting-48034031/original/e85cc4c3-9fc0-40d8-b318-447f13d73297.jpeg?im_w=720',240);
INSERT INTO image (type, url, room) VALUES ('detail','https://a0.muscache.com/im/pictures/miso/Hosting-48034031/original/e91ac501-9cd7-4911-9c8a-c025621b00cd.jpeg?im_w=720',240);
INSERT INTO image (type, url, room) VALUES ('detail','https://a0.muscache.com/im/pictures/miso/Hosting-48034031/original/24ced6dc-9495-401d-9353-4a2965fd4648.jpeg?im_w=720',240);
INSERT INTO image (type, url, room) VALUES ('detail','https://a0.muscache.com/im/pictures/79ac3d66-e69f-4156-8a8f-47f81898e2de.jpg?im_w=720',240);
INSERT INTO image (type, url, room) VALUES ('detail','https://a0.muscache.com/im/pictures/20c78635-90b3-4433-8494-0b51a3ae0838.jpg?im_w=720',240);
INSERT INTO image (type, url, room) VALUES ('detail','https://a0.muscache.com/im/pictures/miso/Hosting-48034031/original/967e17fb-01b7-4c39-8b82-78ebd3701825.jpeg?im_w=720',240);
INSERT INTO image (type, url, room) VALUES ('detail','https://a0.muscache.com/im/pictures/miso/Hosting-48034031/original/33b8566a-df11-4f09-a70e-11d8aa24a883.jpeg?im_w=720',240);
INSERT INTO image (type, url, room) VALUES ('detail','https://a0.muscache.com/im/pictures/7c365da9-2d6f-4aaa-931c-45d1f16352f5.jpg?im_w=720',240);
INSERT INTO image (type, url, room) VALUES ('detail','https://a0.muscache.com/im/pictures/c39ffe1a-06d8-42ca-a018-9b315250867e.jpg?im_w=720',240);
INSERT INTO image (type, url, room) VALUES ('detail','https://a0.muscache.com/im/pictures/c8aa08de-abbd-4a52-a8e0-1a625e8838b7.jpg?im_w=720',240);
INSERT INTO image (type, url, room) VALUES ('detail','https://a0.muscache.com/im/pictures/miso/Hosting-48034031/original/1c2060ab-9803-4c9c-a4ce-3390e7a285e6.jpeg?im_w=720',240);
INSERT INTO image (type, url, room) VALUES ('detail','https://a0.muscache.com/im/pictures/miso/Hosting-48034031/original/806621d0-77c4-4c7c-8672-ef3bbf61f8fa.jpeg?im_w=720',240);
INSERT INTO image (type, url, room) VALUES ('detail','https://a0.muscache.com/im/pictures/miso/Hosting-48098048/original/77bdeece-78bb-499a-a09c-13fded4e58fb.jpeg?im_w=720',240);
insert into location(id,latitude,longitude,city) values (241,35.542,129.262,'울산');
INSERT INTO room (id, title, description, price_per_day, room_type, bed, max_guest, bathroom, location) VALUES (241,'준비중!
U-stay는 보아, 현주, 정화 3명의 호스트가 운영중입니다.','Mugeo-dong, Nam-gu의 개인실',93000,'개인실',0,2,1,241);
INSERT INTO image (type, url, room) VALUES ('thumb','https://a0.muscache.com/im/pictures/2e39165b-872e-4260-99bb-ea7039a2bc9c.jpg?im_w=720',241);
INSERT INTO image (type, url, room) VALUES ('detail','https://a0.muscache.com/im/pictures/7b228b76-75fa-44a2-8828-867edd70951a.jpg?im_w=720',241);
INSERT INTO image (type, url, room) VALUES ('detail','https://a0.muscache.com/im/pictures/5b9cf291-ea90-4836-9ba4-d6228720f008.jpg?im_w=720',241);
INSERT INTO image (type, url, room) VALUES ('detail','https://a0.muscache.com/im/pictures/d3ec6c74-c6a3-4ed8-a182-dcc09903c722.jpg?im_w=720',241);
INSERT INTO image (type, url, room) VALUES ('detail','https://a0.muscache.com/im/pictures/7e29fae6-0836-4b28-91b6-555c83224b42.jpg?im_w=720',241);
INSERT INTO image (type, url, room) VALUES ('detail','https://a0.muscache.com/im/pictures/509a77ea-9e5d-4b51-973f-2a684bedfd32.jpg?im_w=720',241);
INSERT INTO image (type, url, room) VALUES ('detail','https://a0.muscache.com/im/pictures/8f0db8c8-30d8-429f-86a7-4e8fb1397c89.jpg?im_w=720',241);
INSERT INTO image (type, url, room) VALUES ('detail','https://a0.muscache.com/im/pictures/9d11debc-2531-49eb-9176-cde4eac6d207.jpg?im_w=720',241);
INSERT INTO image (type, url, room) VALUES ('detail','https://a0.muscache.com/im/pictures/d9891906-411b-4519-96b6-95cf76790027.jpg?im_w=720',241);
INSERT INTO image (type, url, room) VALUES ('detail','https://a0.muscache.com/im/pictures/665b6721-b105-4f14-b4a5-540b57e53297.jpg?im_w=720',241);
INSERT INTO image (type, url, room) VALUES ('detail','https://a0.muscache.com/im/pictures/4bc611f6-9974-4d4e-a315-8a3460d81423.jpg?im_w=720',241);
INSERT INTO image (type, url, room) VALUES ('detail','https://a0.muscache.com/im/pictures/0df3549c-57fa-49a6-8e5f-a392f69617de.jpg?im_w=720',241);
INSERT INTO image (type, url, room) VALUES ('detail','https://a0.muscache.com/im/pictures/8ec58aa1-a362-43f3-9070-1d0cf8faabea.jpg?im_w=720',241);
INSERT INTO image (type, url, room) VALUES ('detail','https://a0.muscache.com/im/pictures/94c2e63c-ed48-46cb-8220-3ca3e8248ba6.jpg?im_w=720',241);
INSERT INTO image (type, url, room) VALUES ('detail','https://a0.muscache.com/im/pictures/2b76a10a-cd33-4ecd-a2c3-f345273deb11.jpg?im_w=720',241);
INSERT INTO image (type, url, room) VALUES ('detail','https://a0.muscache.com/im/pictures/8628dc63-ebe6-45ba-ba7d-78c29377f474.jpg?im_w=720',241);
insert into location(id,latitude,longitude,city) values (242,35.535,129.309,'울산');
INSERT INTO room (id, title, description, price_per_day, room_type, bed, max_guest, bathroom, location) VALUES (242,'J3.세스코#왓챠,넷플릭스#43inTV#울산대공원#태화강#신정시장#방역철저','남구의 집 전체',94000,'집 전체',1,2,1,242);
INSERT INTO image (type, url, room) VALUES ('thumb','https://a0.muscache.com/im/pictures/9a35f435-4879-43d0-bea0-e46ec9ae1efb.jpg?im_w=720',242);
INSERT INTO image (type, url, room) VALUES ('detail','https://a0.muscache.com/im/pictures/426458b3-642a-4dc8-ad2a-8ecd3e6b9bca.jpg?im_w=720',242);
INSERT INTO image (type, url, room) VALUES ('detail','https://a0.muscache.com/im/pictures/c55f5b1d-2016-40d0-878e-7345e87ba42d.jpg?im_w=720',242);
INSERT INTO image (type, url, room) VALUES ('detail','https://a0.muscache.com/im/pictures/ef3214da-8b45-4b29-995b-a84ea81d323e.jpg?im_w=720',242);
INSERT INTO image (type, url, room) VALUES ('detail','https://a0.muscache.com/im/pictures/f8ef095a-8650-4b6c-8c76-3f2467e6d35c.jpg?im_w=720',242);
INSERT INTO image (type, url, room) VALUES ('detail','https://a0.muscache.com/im/pictures/21f8ffe4-eb16-4157-8503-e6d003571d71.jpg?im_w=720',242);
INSERT INTO image (type, url, room) VALUES ('detail','https://a0.muscache.com/im/pictures/6a5c64a1-5e3a-42d0-bd00-6ef11f7516b5.jpg?im_w=720',242);
INSERT INTO image (type, url, room) VALUES ('detail','https://a0.muscache.com/im/pictures/37e9afe2-ddad-4602-92b2-808a15fea109.jpg?im_w=720',242);
INSERT INTO image (type, url, room) VALUES ('detail','https://a0.muscache.com/im/pictures/1860a71d-5770-4906-b3d4-3c9540e7b417.jpg?im_w=720',242);
INSERT INTO image (type, url, room) VALUES ('detail','https://a0.muscache.com/im/pictures/b60625e4-7acc-4917-8b46-02fe63c49062.jpg?im_w=720',242);
INSERT INTO image (type, url, room) VALUES ('detail','https://a0.muscache.com/im/pictures/8c609d5b-d456-4b08-9d44-1283281a2682.jpg?im_w=720',242);
INSERT INTO image (type, url, room) VALUES ('detail','https://a0.muscache.com/im/pictures/ff105ad0-b3a2-4e11-9158-19c386011687.jpg?im_w=720',242);
INSERT INTO image (type, url, room) VALUES ('detail','https://a0.muscache.com/im/pictures/8cdca9a0-cb2b-4d38-8d66-2bca6a50dc47.jpg?im_w=720',242);
INSERT INTO image (type, url, room) VALUES ('detail','https://a0.muscache.com/im/pictures/dbdb5fba-dc7c-47d5-8fca-18f2996b52b8.jpg?im_w=720',242);
INSERT INTO image (type, url, room) VALUES ('detail','https://a0.muscache.com/im/pictures/454cc921-1d9c-4be8-a3d5-c2f304b65bd3.jpg?im_w=720',242);
INSERT INTO image (type, url, room) VALUES ('detail','https://a0.muscache.com/im/pictures/15f33af7-4d2d-4766-8273-0ee309058634.jpg?im_w=720',242);
INSERT INTO image (type, url, room) VALUES ('detail','https://a0.muscache.com/im/pictures/b5b0c9c0-9b3d-46af-a9f5-238bc8038bde.jpg?im_w=720',242);
INSERT INTO image (type, url, room) VALUES ('detail','https://a0.muscache.com/im/pictures/4ea98435-01ef-4ae9-ba43-06bbdf861f85.jpg?im_w=720',242);
INSERT INTO image (type, url, room) VALUES ('detail','https://a0.muscache.com/im/pictures/946f1187-1fa4-4544-a0e7-fb4ad404bb13.jpg?im_w=720',242);
INSERT INTO image (type, url, room) VALUES ('detail','https://a0.muscache.com/im/pictures/8deba781-8784-462e-bb34-2bd10f3e6c81.jpg?im_w=720',242);
insert into location(id,latitude,longitude,city) values (243,35.491,129.417,'울산');
INSERT INTO room (id, title, description, price_per_day, room_type, bed, max_guest, bathroom, location) VALUES (243,'제스퍼 201 넷플릭스 울산여행 커플여행 친구여행추천','Bangeo-dong, Dong-gu의 콘도(아파트) 전체',95000,'집 전체',2,2,1,243);
INSERT INTO image (type, url, room) VALUES ('thumb','https://a0.muscache.com/im/pictures/2fb11c92-f16c-4a38-b109-8a99a4fba523.jpg?im_w=720',243);
INSERT INTO image (type, url, room) VALUES ('detail','https://a0.muscache.com/im/pictures/1f2d3a18-d0c0-4482-9c04-e6da41dfa5c0.jpg?im_w=720',243);
INSERT INTO image (type, url, room) VALUES ('detail','https://a0.muscache.com/im/pictures/01bc173c-cf2b-4f2a-b0a3-b37ef5a72c7c.jpg?im_w=720',243);
INSERT INTO image (type, url, room) VALUES ('detail','https://a0.muscache.com/im/pictures/ba13d04d-4f60-494f-bda8-0fccc5de22a4.jpg?im_w=720',243);
INSERT INTO image (type, url, room) VALUES ('detail','https://a0.muscache.com/im/pictures/2d80868b-2a74-4590-82f7-a35bc673b115.jpg?im_w=720',243);
INSERT INTO image (type, url, room) VALUES ('detail','https://a0.muscache.com/im/pictures/da586fcb-9cf8-4713-a8e5-5b9e31dd3196.jpg?im_w=720',243);
INSERT INTO image (type, url, room) VALUES ('detail','https://a0.muscache.com/im/pictures/3fe2cf13-45ad-4376-9341-77f7f295b17d.jpg?im_w=720',243);
INSERT INTO image (type, url, room) VALUES ('detail','https://a0.muscache.com/im/pictures/425ee568-c3a4-41e9-8377-471ab0b2bd29.jpg?im_w=720',243);
INSERT INTO image (type, url, room) VALUES ('detail','https://a0.muscache.com/im/pictures/934af210-c325-4177-b507-a7f0145a593c.jpg?im_w=720',243);
insert into location(id,latitude,longitude,city) values (244,35.504,129.418,'울산');
INSERT INTO room (id, title, description, price_per_day, room_type, bed, max_guest, bathroom, location) VALUES (244,'울산동구여행/출장/연인/추억만들기/편안/따뜻/실속형','Hwajeong-dong, Dong-gu의 개인실',100000,'개인실',1,2,1,244);
INSERT INTO image (type, url, room) VALUES ('thumb','https://a0.muscache.com/im/pictures/2478655c-2310-40f4-ad30-eeefdf8e30ee.jpg?im_w=720',244);
INSERT INTO image (type, url, room) VALUES ('detail','https://a0.muscache.com/im/pictures/42afb95c-c1a2-44de-a934-6237463fe60b.jpg?im_w=720',244);
INSERT INTO image (type, url, room) VALUES ('detail','https://a0.muscache.com/im/pictures/f6a9746b-e4d1-4ba6-819b-6139ec323c20.jpg?im_w=720',244);
INSERT INTO image (type, url, room) VALUES ('detail','https://a0.muscache.com/im/pictures/96e9a41a-d341-4d2e-a666-5bbdaa0f1fde.jpg?im_w=720',244);
INSERT INTO image (type, url, room) VALUES ('detail','https://a0.muscache.com/im/pictures/965945ae-3d87-446a-8a54-37df449ebcea.jpg?im_w=720',244);
INSERT INTO image (type, url, room) VALUES ('detail','https://a0.muscache.com/im/pictures/4c38d9ed-21b4-40fe-9ae5-a7d6023585c5.jpg?im_w=720',244);
INSERT INTO image (type, url, room) VALUES ('detail','https://a0.muscache.com/im/pictures/fd1dea75-5e78-483b-9d77-565e09be597c.jpg?im_w=720',244);
INSERT INTO image (type, url, room) VALUES ('detail','https://a0.muscache.com/im/pictures/8a1eaff3-5bff-4e8c-886d-8847c6c250cb.jpg?im_w=720',244);
INSERT INTO image (type, url, room) VALUES ('detail','https://a0.muscache.com/im/pictures/5eaa2bcb-4ff9-4d83-a427-ee21f9b87257.jpg?im_w=720',244);
INSERT INTO image (type, url, room) VALUES ('detail','https://a0.muscache.com/im/pictures/9b6fed10-75c7-429b-8a2b-d3a8d062e651.jpg?im_w=720',244);
INSERT INTO image (type, url, room) VALUES ('detail','https://a0.muscache.com/im/pictures/b0ab0b40-14d9-4183-9396-1df0ff6855b7.jpg?im_w=720',244);
INSERT INTO image (type, url, room) VALUES ('detail','https://a0.muscache.com/im/pictures/4f97be51-c1e4-448a-a22f-89e0d29fc13f.jpg?im_w=720',244);
insert into location(id,latitude,longitude,city) values (245,35.515,129.432,'울산');
INSERT INTO room (id, title, description, price_per_day, room_type, bed, max_guest, bathroom, location) VALUES (245,'House near HHI&Ilsan beach','Dong-gu의 아파트 전체',90000,'집 전체',1,4,1,245);
INSERT INTO image (type, url, room) VALUES ('thumb','https://a0.muscache.com/im/pictures/d66f1dca-1e5a-496a-8295-b79483c9559a.jpg?im_w=720',245);
INSERT INTO image (type, url, room) VALUES ('detail','https://a0.muscache.com/im/pictures/9a86dd27-5840-4794-b639-c751d6cf791d.jpg?im_w=720',245);
INSERT INTO image (type, url, room) VALUES ('detail','https://a0.muscache.com/im/pictures/734bcedb-ab2f-4ce6-8015-f9cf735f43d3.jpg?im_w=720',245);
INSERT INTO image (type, url, room) VALUES ('detail','https://a0.muscache.com/im/pictures/78371f4d-cab4-4eb1-8e76-82f698149783.jpg?im_w=720',245);
INSERT INTO image (type, url, room) VALUES ('detail','https://a0.muscache.com/im/pictures/6daa96ce-4bf7-483c-9aaa-e12b2c95a091.jpg?im_w=720',245);
INSERT INTO image (type, url, room) VALUES ('detail','https://a0.muscache.com/im/pictures/136d6c1c-7e46-4e13-bfd1-7456beca447c.jpg?im_w=720',245);
INSERT INTO image (type, url, room) VALUES ('detail','https://a0.muscache.com/im/pictures/e0d57295-7207-4186-b8fa-ae9c7f22b71c.jpg?im_w=720',245);
INSERT INTO image (type, url, room) VALUES ('detail','https://a0.muscache.com/im/pictures/4f2a6f66-f909-411d-ac11-9df71f82c587.jpg?im_w=720',245);
INSERT INTO image (type, url, room) VALUES ('detail','https://a0.muscache.com/im/pictures/86302cb6-47ff-4731-80d5-e152a91102c6.jpg?im_w=720',245);
INSERT INTO image (type, url, room) VALUES ('detail','https://a0.muscache.com/im/pictures/4acf1e8b-be82-4c21-ab8a-b40dc99e89e3.jpg?im_w=720',245);
INSERT INTO image (type, url, room) VALUES ('detail','https://a0.muscache.com/im/pictures/54abdeb0-cdb8-42e2-9254-425efec60ead.jpg?im_w=720',245);
INSERT INTO image (type, url, room) VALUES ('detail','https://a0.muscache.com/im/pictures/9f4a7952-cf46-48b2-ad99-23fb5187c943.jpg?im_w=720',245);
INSERT INTO image (type, url, room) VALUES ('detail','https://a0.muscache.com/im/pictures/eb34ceb0-38d4-4fe0-b770-016173bc431b.jpg?im_w=720',245);
INSERT INTO image (type, url, room) VALUES ('detail','https://a0.muscache.com/im/pictures/078eab86-f526-405e-95d4-83451354ac95.jpg?im_w=720',245);
INSERT INTO image (type, url, room) VALUES ('detail','https://a0.muscache.com/im/pictures/20bd29d5-9654-4a7f-9419-2f078348ca53.jpg?im_w=720',245);
INSERT INTO image (type, url, room) VALUES ('detail','https://a0.muscache.com/im/pictures/63b3e77b-dbb9-49ff-852a-8bf651b036bc.jpg?im_w=720',245);
INSERT INTO image (type, url, room) VALUES ('detail','https://a0.muscache.com/im/pictures/d3c391d0-1cfe-4c0e-b8e4-846eb19edfde.jpg?im_w=720',245);
INSERT INTO image (type, url, room) VALUES ('detail','https://a0.muscache.com/im/pictures/3c587e14-fb49-462a-b1ec-a339ef77545d.jpg?im_w=720',245);
INSERT INTO image (type, url, room) VALUES ('detail','https://a0.muscache.com/im/pictures/9d28320e-6b5c-42fe-abd5-252902f28215.jpg?im_w=720',245);
INSERT INTO image (type, url, room) VALUES ('detail','https://a0.muscache.com/im/pictures/a7f65ec1-475b-4fdc-b761-e21ea83370ec.jpg?im_w=720',245);
INSERT INTO image (type, url, room) VALUES ('detail','https://a0.muscache.com/im/pictures/4e71481a-6529-491a-82a5-66203d4032b1.jpg?im_w=720',245);
INSERT INTO image (type, url, room) VALUES ('detail','https://a0.muscache.com/im/pictures/d6b237d1-5a2f-4b29-94ac-e02c7cf13a79.jpg?im_w=720',245);
INSERT INTO image (type, url, room) VALUES ('detail','https://a0.muscache.com/im/pictures/f31ebb54-7d94-4f4c-bff7-a005a493910d.jpg?im_w=720',245);
INSERT INTO image (type, url, room) VALUES ('detail','https://a0.muscache.com/im/pictures/fea08edf-7c56-4a32-a718-1b820ae627c9.jpg?im_w=720',245);
INSERT INTO image (type, url, room) VALUES ('detail','https://a0.muscache.com/im/pictures/e8ea56a4-4a48-4859-a921-f31432fc0f5f.jpg?im_w=720',245);
INSERT INTO image (type, url, room) VALUES ('detail','https://a0.muscache.com/im/pictures/c6b6696b-34e5-44d1-9835-2575a01b17fe.jpg?im_w=720',245);
INSERT INTO image (type, url, room) VALUES ('detail','https://a0.muscache.com/im/pictures/dea2e94c-baf8-4d8b-a746-f332e1f589e4.jpg?im_w=720',245);
INSERT INTO image (type, url, room) VALUES ('detail','https://a0.muscache.com/im/pictures/406cccd5-d0fd-4da4-a47c-ca96dac53955.jpg?im_w=720',245);
INSERT INTO image (type, url, room) VALUES ('detail','https://a0.muscache.com/im/pictures/c30318f2-a913-4257-a53f-8a0c2097ff7c.jpg?im_w=720',245);
INSERT INTO image (type, url, room) VALUES ('detail','https://a0.muscache.com/im/pictures/cb8ae4ba-805f-4f29-8389-4e9d8dd04140.jpg?im_w=720',245);
insert into location(id,latitude,longitude,city) values (246,35.542,129.323,'울산');
INSERT INTO room (id, title, description, price_per_day, room_type, bed, max_guest, bathroom, location) VALUES (246,'문화예술회관근처 아늑한 원룸,교통좋은 울산의 중심.4층 ,엘리베이터 없음.','Sinjeong 5(o)-dong, Nam-gu의 게스트용 별채 전체',100000,'집 전체',1,2,1,246);
INSERT INTO image (type, url, room) VALUES ('thumb','https://a0.muscache.com/im/pictures/13d254b6-e42f-46cf-967e-d3a7dc86573b.jpg?im_w=720',246);
INSERT INTO image (type, url, room) VALUES ('detail','https://a0.muscache.com/im/pictures/dbcb6963-33aa-4f32-8e60-086412258f3e.jpg?im_w=720',246);
INSERT INTO image (type, url, room) VALUES ('detail','https://a0.muscache.com/im/pictures/1ff1bba6-b756-4a14-96f2-e30ce61a5196.jpg?im_w=720',246);
INSERT INTO image (type, url, room) VALUES ('detail','https://a0.muscache.com/im/pictures/d2039f8a-dd64-4972-94fe-1a781545635b.jpg?im_w=720',246);
INSERT INTO image (type, url, room) VALUES ('detail','https://a0.muscache.com/im/pictures/57cb63ed-05e3-4432-914e-711f8d074fee.jpg?im_w=720',246);
INSERT INTO image (type, url, room) VALUES ('detail','https://a0.muscache.com/im/pictures/6937bbba-da00-4057-82b2-5118a72e6c71.jpg?im_w=720',246);
insert into location(id,latitude,longitude,city) values (247,35.548,129.307,'울산');
INSERT INTO room (id, title, description, price_per_day, room_type, bed, max_guest, bathroom, location) VALUES (247,'🕊NEW🕊💛💛복층형💛💛태화강국가정원🌳태화강변뷰🌊넷플릭스📺장기숙박좋아요👍🏻','Nam-gu의 아파트 전체',99000,'집 전체',1,4,1,247);
INSERT INTO image (type, url, room) VALUES ('thumb','https://a0.muscache.com/im/pictures/bce793cb-fbdf-41a3-97d3-cabde61ad726.jpg?im_w=720',247);
INSERT INTO image (type, url, room) VALUES ('detail','https://a0.muscache.com/im/pictures/f322d615-bcda-4410-ae22-25f3141acbd9.jpg?im_w=720',247);
INSERT INTO image (type, url, room) VALUES ('detail','https://a0.muscache.com/im/pictures/291a42e4-5d87-44ad-99d5-d88ed01ffc63.jpg?im_w=720',247);
INSERT INTO image (type, url, room) VALUES ('detail','https://a0.muscache.com/im/pictures/3aa4a597-5b3e-4c45-a173-0ad090957005.jpg?im_w=720',247);
INSERT INTO image (type, url, room) VALUES ('detail','https://a0.muscache.com/im/pictures/cd0e72cc-3231-46e4-8ed7-820ebdae8fa6.jpg?im_w=720',247);
INSERT INTO image (type, url, room) VALUES ('detail','https://a0.muscache.com/im/pictures/4a324c6d-5b8f-46e1-914c-f116d4727d99.jpg?im_w=720',247);
INSERT INTO image (type, url, room) VALUES ('detail','https://a0.muscache.com/im/pictures/02268122-493e-4255-8977-68882209a3dc.jpg?im_w=720',247);
INSERT INTO image (type, url, room) VALUES ('detail','https://a0.muscache.com/im/pictures/f32f76bd-5139-40bb-8258-d8a943f0ce6d.jpg?im_w=720',247);
INSERT INTO image (type, url, room) VALUES ('detail','https://a0.muscache.com/im/pictures/7f67f351-3595-4e89-aee3-2d4d27f248a3.jpg?im_w=720',247);
INSERT INTO image (type, url, room) VALUES ('detail','https://a0.muscache.com/im/pictures/37725686-168a-4a37-af48-376f1e2c3912.jpg?im_w=720',247);
INSERT INTO image (type, url, room) VALUES ('detail','https://a0.muscache.com/im/pictures/af5f4ab9-ecfb-46d2-81c5-afc10f45aae0.jpg?im_w=720',247);
INSERT INTO image (type, url, room) VALUES ('detail','https://a0.muscache.com/im/pictures/4bac7641-6a80-4552-8d9c-4981e825dcad.jpg?im_w=720',247);
INSERT INTO image (type, url, room) VALUES ('detail','https://a0.muscache.com/im/pictures/a54550a8-9bbd-4db6-88c5-3ca16f17e033.jpg?im_w=720',247);
INSERT INTO image (type, url, room) VALUES ('detail','https://a0.muscache.com/im/pictures/d9e9f019-46f5-43a0-a818-aecc19eeac1e.jpg?im_w=720',247);
INSERT INTO image (type, url, room) VALUES ('detail','https://a0.muscache.com/im/pictures/ee528648-008f-4ff9-adb9-c26f11ead58a.jpg?im_w=720',247);
INSERT INTO image (type, url, room) VALUES ('detail','https://a0.muscache.com/im/pictures/d658c443-1d51-4c8e-9085-5ee0d7eedbaf.jpg?im_w=720',247);
INSERT INTO image (type, url, room) VALUES ('detail','https://a0.muscache.com/im/pictures/00481933-8461-4e49-b724-dfc60daa9b31.jpg?im_w=720',247);
INSERT INTO image (type, url, room) VALUES ('detail','https://a0.muscache.com/im/pictures/da1a07ee-199a-4841-9ae7-b007f85f727b.jpg?im_w=720',247);
INSERT INTO image (type, url, room) VALUES ('detail','https://a0.muscache.com/im/pictures/7d2c6057-0964-4a6d-b319-2ba32f4cf74d.jpg?im_w=720',247);
insert into location(id,latitude,longitude,city) values (248,35.498,129.428,'울산');
INSERT INTO room (id, title, description, price_per_day, room_type, bed, max_guest, bathroom, location) VALUES (248,'감성적인 인테리어와 멋진 뷰, 일산해수욕장에서 편안한 하루를 보내세요 .','Ilsan-dong, Dong-gu의 아파트 전체',90000,'집 전체',1,4,1,248);
INSERT INTO image (type, url, room) VALUES ('thumb','https://a0.muscache.com/im/pictures/miso/Hosting-49115549/original/4b4fa7cf-af57-4e6c-910b-5c250d79f0c4.jpeg?im_w=720',248);
INSERT INTO image (type, url, room) VALUES ('detail','https://a0.muscache.com/im/pictures/miso/Hosting-49115549/original/a1ceaa95-ee80-4718-82c3-a16834580ce3.jpeg?im_w=720',248);
INSERT INTO image (type, url, room) VALUES ('detail','https://a0.muscache.com/im/pictures/440d84db-334b-44c7-b31a-c1f3a87204d1.jpg?im_w=720',248);
INSERT INTO image (type, url, room) VALUES ('detail','https://a0.muscache.com/im/pictures/0bdca3e0-ab91-45ce-b839-559709ecf67e.jpg?im_w=720',248);
INSERT INTO image (type, url, room) VALUES ('detail','https://a0.muscache.com/im/pictures/miso/Hosting-49115549/original/c5037468-d59f-435b-86ed-547cae2a86d6.jpeg?im_w=720',248);
INSERT INTO image (type, url, room) VALUES ('detail','https://a0.muscache.com/im/pictures/b88e15bf-887b-46e8-ae7b-916510820cbf.jpg?im_w=720',248);
INSERT INTO image (type, url, room) VALUES ('detail','https://a0.muscache.com/im/pictures/298ca3f0-4610-4591-b66f-539bdb3240e0.jpg?im_w=720',248);
INSERT INTO image (type, url, room) VALUES ('detail','https://a0.muscache.com/im/pictures/93847d75-c00e-4661-b3a0-7d157dbb8644.jpg?im_w=720',248);
INSERT INTO image (type, url, room) VALUES ('detail','https://a0.muscache.com/im/pictures/a8472126-177f-4f5d-a501-11f37062b974.jpg?im_w=720',248);
INSERT INTO image (type, url, room) VALUES ('detail','https://a0.muscache.com/im/pictures/1e0978f9-24c2-437d-a3ed-0a75c74ce3ff.jpg?im_w=720',248);
INSERT INTO image (type, url, room) VALUES ('detail','https://a0.muscache.com/im/pictures/miso/Hosting-49115549/original/bebf7da1-7a00-44a4-852b-657f41fddb5d.jpeg?im_w=720',248);
INSERT INTO image (type, url, room) VALUES ('detail','https://a0.muscache.com/im/pictures/miso/Hosting-49115549/original/c0db7f48-9191-4c71-b846-0573d8a65ed4.jpeg?im_w=720',248);
INSERT INTO image (type, url, room) VALUES ('detail','https://a0.muscache.com/im/pictures/miso/Hosting-49115549/original/2a12a1ca-14c4-4fd5-b3a6-1488870f219e.jpeg?im_w=720',248);
INSERT INTO image (type, url, room) VALUES ('detail','https://a0.muscache.com/im/pictures/miso/Hosting-49115549/original/0915b942-4899-4e4a-838b-e03c1b629c44.jpeg?im_w=720',248);
insert into location(id,latitude,longitude,city) values (249,35.498,129.428,'울산');
INSERT INTO room (id, title, description, price_per_day, room_type, bed, max_guest, bathroom, location) VALUES (249,'일산해수욕장 도보 5분, 예쁜 인테리어와 오션뷰로 좋은 추억을 선물합니다.','Ilsan-dong, Dong-gu의 레지던스 전체',100000,'집 전체',2,4,1,249);
INSERT INTO image (type, url, room) VALUES ('thumb','https://a0.muscache.com/im/pictures/fb49326a-4064-4418-a9ff-db96563105a1.jpg?im_w=720',249);
INSERT INTO image (type, url, room) VALUES ('detail','https://a0.muscache.com/im/pictures/243d0f44-71e6-4685-ba76-7305fd42d159.jpg?im_w=720',249);
INSERT INTO image (type, url, room) VALUES ('detail','https://a0.muscache.com/im/pictures/fb83359e-3faf-450a-8b5b-a20f64e7fcd5.jpg?im_w=720',249);
INSERT INTO image (type, url, room) VALUES ('detail','https://a0.muscache.com/im/pictures/26a517ae-33cd-41e6-834f-7a176fa32d0e.jpg?im_w=720',249);
INSERT INTO image (type, url, room) VALUES ('detail','https://a0.muscache.com/im/pictures/4be03651-934e-478c-a2b1-734cc28ba5f0.jpg?im_w=720',249);
INSERT INTO image (type, url, room) VALUES ('detail','https://a0.muscache.com/im/pictures/26e5441d-2823-4851-ac40-c400b71cf78b.jpg?im_w=720',249);
INSERT INTO image (type, url, room) VALUES ('detail','https://a0.muscache.com/im/pictures/e606a1c5-a01e-4f60-8855-62d363d58b09.jpg?im_w=720',249);
INSERT INTO image (type, url, room) VALUES ('detail','https://a0.muscache.com/im/pictures/a1dab333-f982-4303-859a-96ef47f5a897.jpg?im_w=720',249);
INSERT INTO image (type, url, room) VALUES ('detail','https://a0.muscache.com/im/pictures/71b97337-259c-4704-bc79-13cf45563e15.jpg?im_w=720',249);
INSERT INTO image (type, url, room) VALUES ('detail','https://a0.muscache.com/im/pictures/ba096061-eba6-479e-9ec4-7f4f64e0de12.jpg?im_w=720',249);
INSERT INTO image (type, url, room) VALUES ('detail','https://a0.muscache.com/im/pictures/915df69b-5161-4d7e-93e1-3791ca0e4f5c.jpg?im_w=720',249);
INSERT INTO image (type, url, room) VALUES ('detail','https://a0.muscache.com/im/pictures/76a528bd-0a8b-4523-bf73-050b3bc3bbcf.jpg?im_w=720',249);
INSERT INTO image (type, url, room) VALUES ('detail','https://a0.muscache.com/im/pictures/2a7f150e-23e3-4bcf-b34c-6c97bda10aba.jpg?im_w=720',249);
insert into location(id,latitude,longitude,city) values (250,35.544,129.322,'울산');
INSERT INTO room (id, title, description, price_per_day, room_type, bed, max_guest, bathroom, location) VALUES (250,'고품격의 문화를 공유하며 힐링할 수 있는 CO.CO. SPAPE','Nam-gu의 부티크 호텔의 객실',80000,'개인실',1,1,1,250);
INSERT INTO image (type, url, room) VALUES ('thumb','https://a0.muscache.com/im/pictures/1b7d901d-9138-44b7-86d8-e4dc0c2448d6.jpg?im_w=720',250);
INSERT INTO image (type, url, room) VALUES ('detail','https://a0.muscache.com/im/pictures/cdd88293-8cd9-40f0-967f-5ad033fc8821.jpg?im_w=720',250);
INSERT INTO image (type, url, room) VALUES ('detail','https://a0.muscache.com/im/pictures/3372c594-9965-4bed-bfe5-c28229ea41d4.jpg?im_w=720',250);
INSERT INTO image (type, url, room) VALUES ('detail','https://a0.muscache.com/im/pictures/220ac432-bd20-41a1-b208-1fbd25442798.jpg?im_w=720',250);
INSERT INTO image (type, url, room) VALUES ('detail','https://a0.muscache.com/im/pictures/2ef10e24-98a9-4ef9-a5e7-b9b6d40a64ee.jpg?im_w=720',250);
INSERT INTO image (type, url, room) VALUES ('detail','https://a0.muscache.com/im/pictures/621a20c0-3ae2-41d9-9ce9-32159e61c2ab.jpg?im_w=720',250);
INSERT INTO image (type, url, room) VALUES ('detail','https://a0.muscache.com/im/pictures/23e2fb97-b8c7-43fe-9ee8-cb57f4e6e5ee.jpg?im_w=720',250);
INSERT INTO image (type, url, room) VALUES ('detail','https://a0.muscache.com/im/pictures/da8763a0-6df8-4ecc-b712-daab9536ef61.jpg?im_w=720',250);
INSERT INTO image (type, url, room) VALUES ('detail','https://a0.muscache.com/im/pictures/2bf15cbf-aced-4f69-8a0d-bcac48c11b21.jpg?im_w=720',250);
INSERT INTO image (type, url, room) VALUES ('detail','https://a0.muscache.com/im/pictures/fd056777-d48a-4862-bfd8-a27f0adda2b2.jpg?im_w=720',250);
INSERT INTO image (type, url, room) VALUES ('detail','https://a0.muscache.com/im/pictures/90cc9d8d-3d14-4fa9-8922-59f109a0513a.jpg?im_w=720',250);
INSERT INTO image (type, url, room) VALUES ('detail','https://a0.muscache.com/im/pictures/b697494c-b778-42f6-a91d-2ce190ba9255.jpg?im_w=720',250);
INSERT INTO image (type, url, room) VALUES ('detail','https://a0.muscache.com/im/pictures/f07792f6-8fdd-484c-8f85-a77721280daf.jpg?im_w=720',250);
INSERT INTO image (type, url, room) VALUES ('detail','https://a0.muscache.com/im/pictures/a51a21d2-01da-4fed-9d97-f990518cc3b9.jpg?im_w=720',250);
INSERT INTO image (type, url, room) VALUES ('detail','https://a0.muscache.com/im/pictures/500f7d32-6de8-4696-8307-150f397b1e74.jpg?im_w=720',250);
insert into location(id,latitude,longitude,city) values (251,35.16,126.884,'광주');
INSERT INTO room (id, title, description, price_per_day, room_type, bed, max_guest, bathroom, location) VALUES (251,'Lime house in Gwangju, seo-gu 13-2#, 유스퀘어터미널 인근','Nongseong-dong, Seo-gu의 아파트 전체',95000,'집 전체',1,3,1,251);
INSERT INTO image (type, url, room) VALUES ('thumb','https://a0.muscache.com/im/pictures/b8e73d92-c5fe-4dda-91f1-76e62c5708fb.jpg?im_w=720',251);
INSERT INTO image (type, url, room) VALUES ('detail','https://a0.muscache.com/im/pictures/840744eb-1db8-4a0e-96ea-e34d48d0c6fb.jpg?im_w=720',251);
INSERT INTO image (type, url, room) VALUES ('detail','https://a0.muscache.com/im/pictures/1e682978-0ed1-46a3-ba0b-4c28b63dff77.jpg?im_w=720',251);
INSERT INTO image (type, url, room) VALUES ('detail','https://a0.muscache.com/im/pictures/40c54154-3655-4286-b10d-617c98195655.jpg?im_w=720',251);
INSERT INTO image (type, url, room) VALUES ('detail','https://a0.muscache.com/im/pictures/1ff5cddd-2f72-4501-92d1-6c247c71dd02.jpg?im_w=720',251);
INSERT INTO image (type, url, room) VALUES ('detail','https://a0.muscache.com/im/pictures/48c2459a-0df8-4377-a749-4463664e240c.jpg?im_w=720',251);
INSERT INTO image (type, url, room) VALUES ('detail','https://a0.muscache.com/im/pictures/2ece4710-7915-4347-bcfa-dd9d6ec61873.jpg?im_w=720',251);
INSERT INTO image (type, url, room) VALUES ('detail','https://a0.muscache.com/im/pictures/7e67484a-6285-401d-94c5-1c55d967a315.jpg?im_w=720',251);
INSERT INTO image (type, url, room) VALUES ('detail','https://a0.muscache.com/im/pictures/9664acd1-c40d-42f2-9fc8-6bd40ef878ea.jpg?im_w=720',251);
INSERT INTO image (type, url, room) VALUES ('detail','https://a0.muscache.com/im/pictures/5bc8d2ab-747a-4f4f-bcdf-c2e6cedea071.jpg?im_w=720',251);
INSERT INTO image (type, url, room) VALUES ('detail','https://a0.muscache.com/im/pictures/01b21aef-5b81-4040-90b3-40a9743b63ab.jpg?im_w=720',251);
INSERT INTO image (type, url, room) VALUES ('detail','https://a0.muscache.com/im/pictures/9e5b1f87-df3f-489f-a572-1de2d422c490.jpg?im_w=720',251);
INSERT INTO image (type, url, room) VALUES ('detail','https://a0.muscache.com/im/pictures/6112065a-6669-48a6-bcfc-3f7e269a3944.jpg?im_w=720',251);
INSERT INTO image (type, url, room) VALUES ('detail','https://a0.muscache.com/im/pictures/d06a0b9f-d76c-4e30-9f88-6eb4bef10d8b.jpg?im_w=720',251);
INSERT INTO image (type, url, room) VALUES ('detail','https://a0.muscache.com/im/pictures/1719006a-8e5e-48a9-80dc-f53c3a686ce4.jpg?im_w=720',251);
INSERT INTO image (type, url, room) VALUES ('detail','https://a0.muscache.com/im/pictures/e42e5478-6446-415b-a455-6cb8baf1196d.jpg?im_w=720',251);
INSERT INTO image (type, url, room) VALUES ('detail','https://a0.muscache.com/im/pictures/4afe66c9-32a5-441e-97dc-49eb568cf2da.jpg?im_w=720',251);
INSERT INTO image (type, url, room) VALUES ('detail','https://a0.muscache.com/im/pictures/6e1d7fde-6099-4bdf-b528-b981b93c4eda.jpg?im_w=720',251);
INSERT INTO image (type, url, room) VALUES ('detail','https://a0.muscache.com/im/pictures/c9518765-f0c3-43bb-8945-f0926b5554eb.jpg?im_w=720',251);
INSERT INTO image (type, url, room) VALUES ('detail','https://a0.muscache.com/im/pictures/041dd17c-1240-4182-8f40-9667493ab2a6.jpg?im_w=720',251);
INSERT INTO image (type, url, room) VALUES ('detail','https://a0.muscache.com/im/pictures/960f6737-1f1b-429b-b28f-194159c5f9cc.jpg?im_w=720',251);
INSERT INTO image (type, url, room) VALUES ('detail','https://a0.muscache.com/im/pictures/b440ce43-dbf7-4e85-b49d-dfe9bc873d13.jpg?im_w=720',251);
INSERT INTO image (type, url, room) VALUES ('detail','https://a0.muscache.com/im/pictures/34def1b3-26d9-48fe-8545-711121129854.jpg?im_w=720',251);
INSERT INTO image (type, url, room) VALUES ('detail','https://a0.muscache.com/im/pictures/01ba8719-5593-491a-9522-fadf62cdd967.jpg?im_w=720',251);
INSERT INTO image (type, url, room) VALUES ('detail','https://a0.muscache.com/im/pictures/2f551176-fdb8-472b-b2fb-ba23c05c02cb.jpg?im_w=720',251);
INSERT INTO image (type, url, room) VALUES ('detail','https://a0.muscache.com/im/pictures/f44f6399-3849-40da-9531-27a3a97f7d54.jpg?im_w=720',251);
INSERT INTO image (type, url, room) VALUES ('detail','https://a0.muscache.com/im/pictures/63b2515f-b148-4d7c-b03b-fa4795b3c457.jpg?im_w=720',251);
insert into location(id,latitude,longitude,city) values (252,35.153,126.852,'광주');
INSERT INTO room (id, title, description, price_per_day, room_type, bed, max_guest, bathroom, location) VALUES (252,'화이트 우드의 웜톤 아늑한공간( Netflix)','Chipyeong-dong, Seo-gu의 아파트 전체',78000,'집 전체',1,2,1,252);
INSERT INTO image (type, url, room) VALUES ('thumb','https://a0.muscache.com/im/pictures/f474b100-ccfd-497b-90ea-89be1a1331a3.jpg?im_w=720',252);
INSERT INTO image (type, url, room) VALUES ('detail','https://a0.muscache.com/im/pictures/fa76b94f-a380-4c9d-b1a5-73a672a4117b.jpg?im_w=720',252);
INSERT INTO image (type, url, room) VALUES ('detail','https://a0.muscache.com/im/pictures/a50617fb-eb92-4bcd-b2a6-d80d3ab6806f.jpg?im_w=720',252);
INSERT INTO image (type, url, room) VALUES ('detail','https://a0.muscache.com/im/pictures/3daa0e41-2d5d-435c-bd1f-775fbeae9d13.jpg?im_w=720',252);
INSERT INTO image (type, url, room) VALUES ('detail','https://a0.muscache.com/im/pictures/8b110562-6548-460c-a0ff-05751a3f9700.jpg?im_w=720',252);
INSERT INTO image (type, url, room) VALUES ('detail','https://a0.muscache.com/im/pictures/a80b5dfa-8c8f-4440-a79d-ca98c133b54b.jpg?im_w=720',252);
INSERT INTO image (type, url, room) VALUES ('detail','https://a0.muscache.com/im/pictures/c89fc743-d240-49d5-a6f6-c3e6fd98217b.jpg?im_w=720',252);
INSERT INTO image (type, url, room) VALUES ('detail','https://a0.muscache.com/im/pictures/5e106fae-a6a2-4d00-bf97-9e30f0b095f8.jpg?im_w=720',252);
INSERT INTO image (type, url, room) VALUES ('detail','https://a0.muscache.com/im/pictures/0bde9221-7a1d-401c-9361-cbc4501dc239.jpg?im_w=720',252);
INSERT INTO image (type, url, room) VALUES ('detail','https://a0.muscache.com/im/pictures/70eb1465-b875-498a-ad46-ca0c54c7754f.jpg?im_w=720',252);
INSERT INTO image (type, url, room) VALUES ('detail','https://a0.muscache.com/im/pictures/bd9122a7-5277-4a76-9190-bd4a5c1cc518.jpg?im_w=720',252);
INSERT INTO image (type, url, room) VALUES ('detail','https://a0.muscache.com/im/pictures/91e7c952-a273-41ff-b179-91e04d1998a6.jpg?im_w=720',252);
INSERT INTO image (type, url, room) VALUES ('detail','https://a0.muscache.com/im/pictures/1a495999-f573-4b28-8ce6-7aed265432d9.jpg?im_w=720',252);
INSERT INTO image (type, url, room) VALUES ('detail','https://a0.muscache.com/im/pictures/37a6cb61-7b1f-4af1-b7b2-1cf94b419856.jpg?im_w=720',252);
INSERT INTO image (type, url, room) VALUES ('detail','https://a0.muscache.com/im/pictures/1e08d600-f254-4494-afc6-18ce5c5e857b.jpg?im_w=720',252);
INSERT INTO image (type, url, room) VALUES ('detail','https://a0.muscache.com/im/pictures/62d16c62-5d6d-462b-82e6-3c0c5f9952df.jpg?im_w=720',252);
INSERT INTO image (type, url, room) VALUES ('detail','https://a0.muscache.com/im/pictures/a979682c-0d07-4f39-8eec-11811a8ebb33.jpg?im_w=720',252);
INSERT INTO image (type, url, room) VALUES ('detail','https://a0.muscache.com/im/pictures/83b690b5-b061-4a3b-813c-af3f9f858f17.jpg?im_w=720',252);
INSERT INTO image (type, url, room) VALUES ('detail','https://a0.muscache.com/im/pictures/851a51b9-3eaa-481c-90e8-8c2ffd5bfb04.jpg?im_w=720',252);
insert into location(id,latitude,longitude,city) values (253,35.155,126.851,'광주');
INSERT INTO room (id, title, description, price_per_day, room_type, bed, max_guest, bathroom, location) VALUES (253,'미니미HOUSE 4🧡광주 도심속 나만의 힐링공간/매일침구교체🧡','Seo-gu의 아파트 전체',95000,'집 전체',1,2,1,253);
INSERT INTO image (type, url, room) VALUES ('thumb','https://a0.muscache.com/im/pictures/3b791e7a-835f-4651-a128-8ee97ee7cdd1.jpg?im_w=720',253);
INSERT INTO image (type, url, room) VALUES ('detail','https://a0.muscache.com/im/pictures/fca170ea-8c6c-41cc-9a99-742d9934bc48.jpg?im_w=720',253);
INSERT INTO image (type, url, room) VALUES ('detail','https://a0.muscache.com/im/pictures/a3cf8adb-94cb-4d94-ba49-85d19eff2553.jpg?im_w=720',253);
INSERT INTO image (type, url, room) VALUES ('detail','https://a0.muscache.com/im/pictures/84b10937-cb87-4078-ac66-47c2f55bda97.jpg?im_w=720',253);
INSERT INTO image (type, url, room) VALUES ('detail','https://a0.muscache.com/im/pictures/457ae1e6-57a9-41e7-b809-a09cbbe6b8c2.jpg?im_w=720',253);
INSERT INTO image (type, url, room) VALUES ('detail','https://a0.muscache.com/im/pictures/91c5aecb-c0e7-4a85-ba6d-3e8e1a81ae43.jpg?im_w=720',253);
INSERT INTO image (type, url, room) VALUES ('detail','https://a0.muscache.com/im/pictures/344f5a28-da9d-47a0-9897-3e3fbf14204a.jpg?im_w=720',253);
INSERT INTO image (type, url, room) VALUES ('detail','https://a0.muscache.com/im/pictures/8805f57a-c6c6-4032-a24c-f2122c995c3c.jpg?im_w=720',253);
INSERT INTO image (type, url, room) VALUES ('detail','https://a0.muscache.com/im/pictures/bef21a7d-6a0e-4128-a0e0-d600ef19ff9b.jpg?im_w=720',253);
INSERT INTO image (type, url, room) VALUES ('detail','https://a0.muscache.com/im/pictures/4fa32b59-d0f5-4338-b815-511ee6e4fae4.jpg?im_w=720',253);
INSERT INTO image (type, url, room) VALUES ('detail','https://a0.muscache.com/im/pictures/b072f152-04c8-4124-916c-5aaae4de2178.jpg?im_w=720',253);
INSERT INTO image (type, url, room) VALUES ('detail','https://a0.muscache.com/im/pictures/97125d70-fe24-43dc-82ec-13f6d83fe8b8.jpg?im_w=720',253);
INSERT INTO image (type, url, room) VALUES ('detail','https://a0.muscache.com/im/pictures/bfb6632a-d410-48a4-ab50-1e9fff4d5c17.jpg?im_w=720',253);
INSERT INTO image (type, url, room) VALUES ('detail','https://a0.muscache.com/im/pictures/1ab03f10-c439-4382-9ee9-304a31638fbe.jpg?im_w=720',253);
INSERT INTO image (type, url, room) VALUES ('detail','https://a0.muscache.com/im/pictures/aa03cb41-342e-432c-a693-c837f5dccc84.jpg?im_w=720',253);
INSERT INTO image (type, url, room) VALUES ('detail','https://a0.muscache.com/im/pictures/f2beb028-bcbe-40d5-b106-709d9652db79.jpg?im_w=720',253);
INSERT INTO image (type, url, room) VALUES ('detail','https://a0.muscache.com/im/pictures/aa1f39cd-4cff-4e3a-b9a1-357c8c88af5d.jpg?im_w=720',253);
INSERT INTO image (type, url, room) VALUES ('detail','https://a0.muscache.com/im/pictures/1ed0f565-f8b1-49f7-a827-82ca0325ed04.jpg?im_w=720',253);
INSERT INTO image (type, url, room) VALUES ('detail','https://a0.muscache.com/im/pictures/24916461-03a6-42d9-9f87-9ee5d9e334c9.jpg?im_w=720',253);
INSERT INTO image (type, url, room) VALUES ('detail','https://a0.muscache.com/im/pictures/5c06317d-fdc7-4eae-a4ab-d84b496f91be.jpg?im_w=720',253);
INSERT INTO image (type, url, room) VALUES ('detail','https://a0.muscache.com/im/pictures/cf1dde9f-fd5a-4eba-b5e9-5fdb6985b2f6.jpg?im_w=720',253);
INSERT INTO image (type, url, room) VALUES ('detail','https://a0.muscache.com/im/pictures/0208f91f-2220-4974-ae47-4a750a6c0895.jpg?im_w=720',253);
INSERT INTO image (type, url, room) VALUES ('detail','https://a0.muscache.com/im/pictures/6fa9dd34-641b-4b3e-8267-53d0b592471b.jpg?im_w=720',253);
INSERT INTO image (type, url, room) VALUES ('detail','https://a0.muscache.com/im/pictures/53479341-f021-4a07-8b65-19708b308d79.jpg?im_w=720',253);
INSERT INTO image (type, url, room) VALUES ('detail','https://a0.muscache.com/im/pictures/949b3e9e-fe09-42fb-a721-73443cf946c3.jpg?im_w=720',253);
INSERT INTO image (type, url, room) VALUES ('detail','https://a0.muscache.com/im/pictures/2f6d9938-0c23-4d43-b1a8-d36fc3bcf1fd.jpg?im_w=720',253);
INSERT INTO image (type, url, room) VALUES ('detail','https://a0.muscache.com/im/pictures/17faaa8e-bfa0-46b6-bf29-41439d5b45a5.jpg?im_w=720',253);
INSERT INTO image (type, url, room) VALUES ('detail','https://a0.muscache.com/im/pictures/239f6ad6-5043-4515-abae-a1c733af5367.jpg?im_w=720',253);
INSERT INTO image (type, url, room) VALUES ('detail','https://a0.muscache.com/im/pictures/86b110f3-1c7c-4bd6-a6ab-bd1575435ccd.jpg?im_w=720',253);
INSERT INTO image (type, url, room) VALUES ('detail','https://a0.muscache.com/im/pictures/1ddac73d-35dc-4898-ade0-c299b14a8581.jpg?im_w=720',253);
insert into location(id,latitude,longitude,city) values (254,35.16,126.883,'광주');
INSERT INTO room (id, title, description, price_per_day, room_type, bed, max_guest, bathroom, location) VALUES (254,'켈리 하우스,  유스퀘어 버스터미널 인근(near bus terminal)**','Nongseong-dong, Seo-gu의 콘도(아파트) 전체',97000,'집 전체',1,2,1,254);
INSERT INTO image (type, url, room) VALUES ('thumb','https://a0.muscache.com/im/pictures/9ebf9b60-d03a-437a-8463-3dd052890af3.jpg?im_w=720',254);
INSERT INTO image (type, url, room) VALUES ('detail','https://a0.muscache.com/im/pictures/f7aff7fa-31e8-4037-8850-12e72eadf8fe.jpg?im_w=720',254);
INSERT INTO image (type, url, room) VALUES ('detail','https://a0.muscache.com/im/pictures/afa3b46f-78df-47a2-aad3-5ff5d8aadf5a.jpg?im_w=720',254);
INSERT INTO image (type, url, room) VALUES ('detail','https://a0.muscache.com/im/pictures/aec0628b-e042-4c60-a6b2-345124d098fc.jpg?im_w=720',254);
INSERT INTO image (type, url, room) VALUES ('detail','https://a0.muscache.com/im/pictures/d86a4bc7-9684-4332-8bfe-b63d15b07518.jpg?im_w=720',254);
INSERT INTO image (type, url, room) VALUES ('detail','https://a0.muscache.com/im/pictures/94f6f892-8411-4b49-8ee6-48ea327c5a9c.jpg?im_w=720',254);
INSERT INTO image (type, url, room) VALUES ('detail','https://a0.muscache.com/im/pictures/36bf3351-babf-4fc1-90f1-b60810088e6a.jpg?im_w=720',254);
INSERT INTO image (type, url, room) VALUES ('detail','https://a0.muscache.com/im/pictures/9807897e-728d-45a0-96eb-c838f6799211.jpg?im_w=720',254);
INSERT INTO image (type, url, room) VALUES ('detail','https://a0.muscache.com/im/pictures/946fbd50-a410-4000-95cc-e4895f62933f.jpg?im_w=720',254);
INSERT INTO image (type, url, room) VALUES ('detail','https://a0.muscache.com/im/pictures/b8395114-f576-44e5-927a-f4640d0c0279.jpg?im_w=720',254);
INSERT INTO image (type, url, room) VALUES ('detail','https://a0.muscache.com/im/pictures/5d25f23b-627a-47b4-9cf1-641abdb9d5ca.jpg?im_w=720',254);
INSERT INTO image (type, url, room) VALUES ('detail','https://a0.muscache.com/im/pictures/54b5e63e-b70f-4039-bb71-8deb3b75ba19.jpg?im_w=720',254);
INSERT INTO image (type, url, room) VALUES ('detail','https://a0.muscache.com/im/pictures/9cd2fae0-27e8-4f39-92b8-03da1b92eb05.jpg?im_w=720',254);
INSERT INTO image (type, url, room) VALUES ('detail','https://a0.muscache.com/im/pictures/aa2d2066-7e50-4969-920c-fe878742cc80.jpg?im_w=720',254);
INSERT INTO image (type, url, room) VALUES ('detail','https://a0.muscache.com/im/pictures/e04d4d0b-50a2-4faa-a7e8-9417308ddba8.jpg?im_w=720',254);
INSERT INTO image (type, url, room) VALUES ('detail','https://a0.muscache.com/im/pictures/888ed95c-aa03-4d5c-bee6-cf4be52862f5.jpg?im_w=720',254);
INSERT INTO image (type, url, room) VALUES ('detail','https://a0.muscache.com/im/pictures/b1e95411-5408-4eb6-a3c7-50023a9cb31f.jpg?im_w=720',254);
INSERT INTO image (type, url, room) VALUES ('detail','https://a0.muscache.com/im/pictures/187b8c10-0c2d-4571-98ce-705ece92f2a5.jpg?im_w=720',254);
INSERT INTO image (type, url, room) VALUES ('detail','https://a0.muscache.com/im/pictures/6948246f-1322-4bf2-9070-8cefc8b95060.jpg?im_w=720',254);
INSERT INTO image (type, url, room) VALUES ('detail','https://a0.muscache.com/im/pictures/38a28606-09ca-4ac0-9935-9f4eccbf3360.jpg?im_w=720',254);
INSERT INTO image (type, url, room) VALUES ('detail','https://a0.muscache.com/im/pictures/5a0b2d15-004d-49a0-9c27-884a750ec465.jpg?im_w=720',254);
INSERT INTO image (type, url, room) VALUES ('detail','https://a0.muscache.com/im/pictures/12950201-daa6-4d8a-857c-29a6d0ebca7e.jpg?im_w=720',254);
INSERT INTO image (type, url, room) VALUES ('detail','https://a0.muscache.com/im/pictures/d72578ea-20ba-44d8-a44c-7061ac095716.jpg?im_w=720',254);
INSERT INTO image (type, url, room) VALUES ('detail','https://a0.muscache.com/im/pictures/cc5f3866-9744-411d-aebd-992605cad65c.jpg?im_w=720',254);
INSERT INTO image (type, url, room) VALUES ('detail','https://a0.muscache.com/im/pictures/adc2feb3-57dc-4b59-82da-e3d92d5ae9c9.jpg?im_w=720',254);
INSERT INTO image (type, url, room) VALUES ('detail','https://a0.muscache.com/im/pictures/miso/Hosting-33890586/original/b654226e-0487-4078-a972-94e86a6690a9.jpeg?im_w=720',254);
INSERT INTO image (type, url, room) VALUES ('detail','https://a0.muscache.com/im/pictures/miso/Hosting-33890586/original/255fadce-f65d-481d-ba3c-17594ae2f1db.jpeg?im_w=720',254);
insert into location(id,latitude,longitude,city) values (255,35.148,126.854,'광주');
INSERT INTO room (id, title, description, price_per_day, room_type, bed, max_guest, bathroom, location) VALUES (255,'미니미HOUSE 1🌸주차장무료/넷플릭스/매일침구교체','Chipyeong-dong, Seo-gu의 아파트 전체',95000,'집 전체',1,2,1,255);
INSERT INTO image (type, url, room) VALUES ('thumb','https://a0.muscache.com/im/pictures/c79aa411-e99d-4890-821d-a09a3f9a9361.jpg?im_w=720',255);
INSERT INTO image (type, url, room) VALUES ('detail','https://a0.muscache.com/im/pictures/514f985a-181a-4a26-bc9d-bfce47329447.jpg?im_w=720',255);
INSERT INTO image (type, url, room) VALUES ('detail','https://a0.muscache.com/im/pictures/e9b62670-be4d-4756-8e5c-63adfc58168b.jpg?im_w=720',255);
INSERT INTO image (type, url, room) VALUES ('detail','https://a0.muscache.com/im/pictures/93779bf7-37de-46f7-bf25-67ae9204ee6e.jpg?im_w=720',255);
INSERT INTO image (type, url, room) VALUES ('detail','https://a0.muscache.com/im/pictures/211de42c-72f5-482b-9f6c-97ebbf3517f0.jpg?im_w=720',255);
INSERT INTO image (type, url, room) VALUES ('detail','https://a0.muscache.com/im/pictures/efb0ca71-5599-496b-a391-92b546ed5ee9.jpg?im_w=720',255);
INSERT INTO image (type, url, room) VALUES ('detail','https://a0.muscache.com/im/pictures/2380f13a-3f4a-4ed0-88fc-5c68c5a57b0e.jpg?im_w=720',255);
INSERT INTO image (type, url, room) VALUES ('detail','https://a0.muscache.com/im/pictures/30a9b91b-aac2-4e23-bae7-543f452398d1.jpg?im_w=720',255);
INSERT INTO image (type, url, room) VALUES ('detail','https://a0.muscache.com/im/pictures/be6468e2-3b36-40e1-aef2-1e34b44eaf38.jpg?im_w=720',255);
INSERT INTO image (type, url, room) VALUES ('detail','https://a0.muscache.com/im/pictures/f24a86c3-5a4d-4eee-a33f-0ddacfff6855.jpg?im_w=720',255);
INSERT INTO image (type, url, room) VALUES ('detail','https://a0.muscache.com/im/pictures/d2c55e28-261f-48b9-b4c4-62d3b9f40373.jpg?im_w=720',255);
INSERT INTO image (type, url, room) VALUES ('detail','https://a0.muscache.com/im/pictures/f0b00f07-d8f2-480b-876c-0801a44a32bb.jpg?im_w=720',255);
INSERT INTO image (type, url, room) VALUES ('detail','https://a0.muscache.com/im/pictures/4db91f8f-8fd0-4152-8b87-a00dcff2cb6a.jpg?im_w=720',255);
INSERT INTO image (type, url, room) VALUES ('detail','https://a0.muscache.com/im/pictures/bf6ab2ad-77c5-435f-a728-65b22190a231.jpg?im_w=720',255);
INSERT INTO image (type, url, room) VALUES ('detail','https://a0.muscache.com/im/pictures/6a504f33-242f-4c5f-9215-15adaca8e751.jpg?im_w=720',255);
INSERT INTO image (type, url, room) VALUES ('detail','https://a0.muscache.com/im/pictures/6aa334f3-0df9-40f5-b37b-4b5d921e572c.jpg?im_w=720',255);
INSERT INTO image (type, url, room) VALUES ('detail','https://a0.muscache.com/im/pictures/7c48641a-1d5a-495b-b8ee-f5ff974e53b5.jpg?im_w=720',255);
INSERT INTO image (type, url, room) VALUES ('detail','https://a0.muscache.com/im/pictures/48d7a6c9-d256-48cd-be93-64cf94818de1.jpg?im_w=720',255);
INSERT INTO image (type, url, room) VALUES ('detail','https://a0.muscache.com/im/pictures/89d77b0d-2f9d-4066-b92c-782e8a389b72.jpg?im_w=720',255);
INSERT INTO image (type, url, room) VALUES ('detail','https://a0.muscache.com/im/pictures/ea5feba8-ca46-4a80-8d9a-190891947047.jpg?im_w=720',255);
INSERT INTO image (type, url, room) VALUES ('detail','https://a0.muscache.com/im/pictures/c3ebed38-dbb1-4ac7-a2a8-66ff83508ab9.jpg?im_w=720',255);
INSERT INTO image (type, url, room) VALUES ('detail','https://a0.muscache.com/im/pictures/280bd328-8f34-4c07-9c74-b0077dee716c.jpg?im_w=720',255);
INSERT INTO image (type, url, room) VALUES ('detail','https://a0.muscache.com/im/pictures/ca044db3-7ca9-4945-a9e2-9e89b94bf9bf.jpg?im_w=720',255);
INSERT INTO image (type, url, room) VALUES ('detail','https://a0.muscache.com/im/pictures/7b6d91e2-7dac-4be7-8037-86cd98a60c43.jpg?im_w=720',255);
INSERT INTO image (type, url, room) VALUES ('detail','https://a0.muscache.com/im/pictures/acbde268-45fb-4954-839f-ab0ebe53ebba.jpg?im_w=720',255);
INSERT INTO image (type, url, room) VALUES ('detail','https://a0.muscache.com/im/pictures/338322f8-1485-4e5e-a8c3-edea77054f50.jpg?im_w=720',255);
INSERT INTO image (type, url, room) VALUES ('detail','https://a0.muscache.com/im/pictures/3f9c436f-c7b3-426e-881c-db16d2490627.jpg?im_w=720',255);
INSERT INTO image (type, url, room) VALUES ('detail','https://a0.muscache.com/im/pictures/1671b339-7056-407a-bbb8-ba7fe3641e32.jpg?im_w=720',255);
INSERT INTO image (type, url, room) VALUES ('detail','https://a0.muscache.com/im/pictures/46a9e007-a10f-4bb1-8615-e2dbe03f2cb9.jpg?im_w=720',255);
INSERT INTO image (type, url, room) VALUES ('detail','https://a0.muscache.com/im/pictures/b5b944d2-6762-4bb3-b320-d0dfe84a68be.jpg?im_w=720',255);
insert into location(id,latitude,longitude,city) values (256,35.157,126.852,'광주');
INSERT INTO room (id, title, description, price_per_day, room_type, bed, max_guest, bathroom, location) VALUES (256,'♥광주 최고 번화가에 위치한 숙소
♥대형65"TV 넷플릭스 영화관
♥뷰맛집 , 기가인터넷','Chipyeong-dong, Seo-gu의 아파트 전체',90000,'집 전체',1,2,1,256);
INSERT INTO image (type, url, room) VALUES ('thumb','https://a0.muscache.com/im/pictures/d8a50b42-c6f9-4032-a353-30b53a76f0ce.jpg?im_w=720',256);
INSERT INTO image (type, url, room) VALUES ('detail','https://a0.muscache.com/im/pictures/49cc4e4e-fbf7-4c33-9ba0-8b8a12fa21bd.jpg?im_w=720',256);
INSERT INTO image (type, url, room) VALUES ('detail','https://a0.muscache.com/im/pictures/5e2c3079-9984-48a6-af4f-67caeccf0891.jpg?im_w=720',256);
INSERT INTO image (type, url, room) VALUES ('detail','https://a0.muscache.com/im/pictures/9b4a7c15-aa7e-4281-bf75-a7f8d34806ad.jpg?im_w=720',256);
INSERT INTO image (type, url, room) VALUES ('detail','https://a0.muscache.com/im/pictures/e49b1856-9b45-4bda-b5f1-c41f06843dae.jpg?im_w=720',256);
INSERT INTO image (type, url, room) VALUES ('detail','https://a0.muscache.com/im/pictures/a3750d5f-a264-4ce0-9acb-045c0ea5159a.jpg?im_w=720',256);
INSERT INTO image (type, url, room) VALUES ('detail','https://a0.muscache.com/im/pictures/37e01550-5ccc-405a-9795-0b07b6b2ee3f.jpg?im_w=720',256);
INSERT INTO image (type, url, room) VALUES ('detail','https://a0.muscache.com/im/pictures/eeed9f5b-1627-4de9-a338-74661dc1290f.jpg?im_w=720',256);
INSERT INTO image (type, url, room) VALUES ('detail','https://a0.muscache.com/im/pictures/cdfd6611-43d1-4d4e-b481-a4dff3335205.jpg?im_w=720',256);
INSERT INTO image (type, url, room) VALUES ('detail','https://a0.muscache.com/im/pictures/2f8efc2b-48b0-464c-8396-770ec43e50b1.jpg?im_w=720',256);
INSERT INTO image (type, url, room) VALUES ('detail','https://a0.muscache.com/im/pictures/8735f079-4a62-485d-8e3e-a800e06b9cae.jpg?im_w=720',256);
INSERT INTO image (type, url, room) VALUES ('detail','https://a0.muscache.com/im/pictures/d9645dfa-b941-4a04-b464-d13de569da05.jpg?im_w=720',256);
INSERT INTO image (type, url, room) VALUES ('detail','https://a0.muscache.com/im/pictures/2adbb669-c009-4223-a9ed-8ee4c8e184f3.jpg?im_w=720',256);
INSERT INTO image (type, url, room) VALUES ('detail','https://a0.muscache.com/im/pictures/03b3538e-6575-4ff5-98d2-33b2de879da9.jpg?im_w=720',256);
INSERT INTO image (type, url, room) VALUES ('detail','https://a0.muscache.com/im/pictures/5e1fd884-99a3-4f53-9c82-e309d8bf33b9.jpg?im_w=720',256);
INSERT INTO image (type, url, room) VALUES ('detail','https://a0.muscache.com/im/pictures/df8e6891-33e2-4024-bed5-56633fadf8d3.jpg?im_w=720',256);
INSERT INTO image (type, url, room) VALUES ('detail','https://a0.muscache.com/im/pictures/e1ce172d-1e0b-46b5-9e8c-6e1d6b41f283.jpg?im_w=720',256);
INSERT INTO image (type, url, room) VALUES ('detail','https://a0.muscache.com/im/pictures/e0e712d2-3629-4971-a2eb-ee132169096c.jpg?im_w=720',256);
INSERT INTO image (type, url, room) VALUES ('detail','https://a0.muscache.com/im/pictures/3bf92b18-aa59-44c8-8b20-efb861e62530.jpg?im_w=720',256);
INSERT INTO image (type, url, room) VALUES ('detail','https://a0.muscache.com/im/pictures/98a94cd7-5ead-4e57-b104-2632b157cdf2.jpg?im_w=720',256);
INSERT INTO image (type, url, room) VALUES ('detail','https://a0.muscache.com/im/pictures/08f2978a-3f4b-4dae-849b-5ca851f32228.jpg?im_w=720',256);
INSERT INTO image (type, url, room) VALUES ('detail','https://a0.muscache.com/im/pictures/d8f47559-931a-48c4-bc58-51063c656482.jpg?im_w=720',256);
INSERT INTO image (type, url, room) VALUES ('detail','https://a0.muscache.com/im/pictures/8e469fad-19c5-4353-bdee-9c366ca49abb.jpg?im_w=720',256);
INSERT INTO image (type, url, room) VALUES ('detail','https://a0.muscache.com/im/pictures/5232ece1-e196-4c3e-a78d-14bc566254ec.jpg?im_w=720',256);
INSERT INTO image (type, url, room) VALUES ('detail','https://a0.muscache.com/im/pictures/fc24fd77-4efc-4955-950b-bd94c6f8d96c.jpg?im_w=720',256);
insert into location(id,latitude,longitude,city) values (257,35.152,126.852,'광주');
INSERT INTO room (id, title, description, price_per_day, room_type, bed, max_guest, bathroom, location) VALUES (257,'★넷플릭스 55인치TV★복층 영화관 숙소★청소비 없는 숙소★장기 숙박 건물내 주차 무료★','Seo-gu의 아파트 전체',97000,'집 전체',1,2,1,257);
INSERT INTO image (type, url, room) VALUES ('thumb','https://a0.muscache.com/im/pictures/62b79cfc-39be-40bc-9dab-a495fede62ca.jpg?im_w=720',257);
INSERT INTO image (type, url, room) VALUES ('detail','https://a0.muscache.com/im/pictures/0d64aff1-d851-4801-a62d-88c453ba4487.jpg?im_w=720',257);
INSERT INTO image (type, url, room) VALUES ('detail','https://a0.muscache.com/im/pictures/0653c9a1-6dac-4e30-b7bf-17e8d466e1d3.jpg?im_w=720',257);
INSERT INTO image (type, url, room) VALUES ('detail','https://a0.muscache.com/im/pictures/10bea5dd-e735-4ad5-a561-637b4ed455fe.jpg?im_w=720',257);
INSERT INTO image (type, url, room) VALUES ('detail','https://a0.muscache.com/im/pictures/6113bccc-4fe3-4b8d-82d0-2989bc45b224.jpg?im_w=720',257);
INSERT INTO image (type, url, room) VALUES ('detail','https://a0.muscache.com/im/pictures/66cea85a-9dcb-48b3-833c-8dd44d4ef145.jpg?im_w=720',257);
INSERT INTO image (type, url, room) VALUES ('detail','https://a0.muscache.com/im/pictures/8ca4d46e-1bb3-4d22-8ea1-1596ba551da8.jpg?im_w=720',257);
INSERT INTO image (type, url, room) VALUES ('detail','https://a0.muscache.com/im/pictures/c724eac8-19c7-4691-b069-86d14480f1e8.jpg?im_w=720',257);
INSERT INTO image (type, url, room) VALUES ('detail','https://a0.muscache.com/im/pictures/f9c8d738-25c0-470e-af0c-c2ebdde791e3.jpg?im_w=720',257);
INSERT INTO image (type, url, room) VALUES ('detail','https://a0.muscache.com/im/pictures/f5a32d26-4ed4-4406-8caa-03607c963b4f.jpg?im_w=720',257);
INSERT INTO image (type, url, room) VALUES ('detail','https://a0.muscache.com/im/pictures/0deb042f-57ef-4c08-b3d7-33c27b3ec2f7.jpg?im_w=720',257);
INSERT INTO image (type, url, room) VALUES ('detail','https://a0.muscache.com/im/pictures/232fa128-5abd-480c-bb14-91e03e645fda.jpg?im_w=720',257);
INSERT INTO image (type, url, room) VALUES ('detail','https://a0.muscache.com/im/pictures/21bebab5-c34e-4f6c-b663-954a57ada44b.jpg?im_w=720',257);
INSERT INTO image (type, url, room) VALUES ('detail','https://a0.muscache.com/im/pictures/6ff8b460-e5a4-48a5-ad2d-986a9abae011.jpg?im_w=720',257);
INSERT INTO image (type, url, room) VALUES ('detail','https://a0.muscache.com/im/pictures/6909f814-86c0-4fbb-a5cf-6bf039533576.jpg?im_w=720',257);
INSERT INTO image (type, url, room) VALUES ('detail','https://a0.muscache.com/im/pictures/3f5c664d-a106-4259-9c66-1afb62dbb877.jpg?im_w=720',257);
INSERT INTO image (type, url, room) VALUES ('detail','https://a0.muscache.com/im/pictures/566892ba-d55b-437e-9654-1e648ab76f0b.jpg?im_w=720',257);
INSERT INTO image (type, url, room) VALUES ('detail','https://a0.muscache.com/im/pictures/227036ff-ee4b-4f3f-856b-e0bcfa5288c6.jpg?im_w=720',257);
INSERT INTO image (type, url, room) VALUES ('detail','https://a0.muscache.com/im/pictures/f08315ca-2c62-4377-b9bf-f0ebb51cf107.jpg?im_w=720',257);
insert into location(id,latitude,longitude,city) values (258,35.157,126.85,'광주');
INSERT INTO room (id, title, description, price_per_day, room_type, bed, max_guest, bathroom, location) VALUES (258,'[NEW OPEN] 낮에는 감성맛집, 밤에는 야경맛집','Seo-gu의 아파트 전체',80000,'집 전체',1,2,1,258);
INSERT INTO image (type, url, room) VALUES ('thumb','https://a0.muscache.com/im/pictures/5e4deb8a-b7f1-4791-9dc0-5f76d469f8a2.jpg?im_w=720',258);
INSERT INTO image (type, url, room) VALUES ('detail','https://a0.muscache.com/im/pictures/47b351fe-f91f-43d2-be4e-ebc6f6eaa583.jpg?im_w=720',258);
INSERT INTO image (type, url, room) VALUES ('detail','https://a0.muscache.com/im/pictures/607e5c82-d6a5-48b3-8441-3af92b828d57.jpg?im_w=720',258);
INSERT INTO image (type, url, room) VALUES ('detail','https://a0.muscache.com/im/pictures/76f392a0-eb67-4a0e-b52a-d68bedbd2fef.jpg?im_w=720',258);
INSERT INTO image (type, url, room) VALUES ('detail','https://a0.muscache.com/im/pictures/e2f9f1d0-2f00-4835-814f-23b67f579eeb.jpg?im_w=720',258);
INSERT INTO image (type, url, room) VALUES ('detail','https://a0.muscache.com/im/pictures/39fcd67c-0779-4efb-8b16-c08b666e479e.jpg?im_w=720',258);
INSERT INTO image (type, url, room) VALUES ('detail','https://a0.muscache.com/im/pictures/1687974c-5fda-46f6-9c40-61d3ee4dfd0f.jpg?im_w=720',258);
INSERT INTO image (type, url, room) VALUES ('detail','https://a0.muscache.com/im/pictures/eeaadf0a-a0b9-45fe-a6b5-3e3955e3476c.jpg?im_w=720',258);
INSERT INTO image (type, url, room) VALUES ('detail','https://a0.muscache.com/im/pictures/1a7d53ec-79b1-4292-b50e-4313f677b3d9.jpg?im_w=720',258);
INSERT INTO image (type, url, room) VALUES ('detail','https://a0.muscache.com/im/pictures/cf0fd22e-3285-4773-b213-3c79706c8050.jpg?im_w=720',258);
INSERT INTO image (type, url, room) VALUES ('detail','https://a0.muscache.com/im/pictures/d76836a7-a60f-4077-923e-a2ac4726b0b4.jpg?im_w=720',258);
INSERT INTO image (type, url, room) VALUES ('detail','https://a0.muscache.com/im/pictures/6654ca6d-de6c-4262-a917-eae071b20439.jpg?im_w=720',258);
INSERT INTO image (type, url, room) VALUES ('detail','https://a0.muscache.com/im/pictures/04400fd9-4519-49de-b8c8-da366204056d.jpg?im_w=720',258);
INSERT INTO image (type, url, room) VALUES ('detail','https://a0.muscache.com/im/pictures/40890998-e0cc-4847-8059-b2e864ab44ba.jpg?im_w=720',258);
INSERT INTO image (type, url, room) VALUES ('detail','https://a0.muscache.com/im/pictures/d0d37b3f-4ffa-42c4-a066-fbb3844d319a.jpg?im_w=720',258);
INSERT INTO image (type, url, room) VALUES ('detail','https://a0.muscache.com/im/pictures/c1e565b8-678b-495a-9485-f817fb4ef9e4.jpg?im_w=720',258);
INSERT INTO image (type, url, room) VALUES ('detail','https://a0.muscache.com/im/pictures/19fc41ec-47a8-4828-8faa-2bd6213ad049.jpg?im_w=720',258);
INSERT INTO image (type, url, room) VALUES ('detail','https://a0.muscache.com/im/pictures/3e228295-95ab-4cfe-be6d-8e99cf0f09d9.jpg?im_w=720',258);
INSERT INTO image (type, url, room) VALUES ('detail','https://a0.muscache.com/im/pictures/581d08bf-6aa1-4886-a412-6d751a545b83.jpg?im_w=720',258);
INSERT INTO image (type, url, room) VALUES ('detail','https://a0.muscache.com/im/pictures/672bb028-c80a-4270-8be0-bec1b8f746ef.jpg?im_w=720',258);
INSERT INTO image (type, url, room) VALUES ('detail','https://a0.muscache.com/im/pictures/1722f269-6a58-4ea2-b89a-f470da61f7eb.jpg?im_w=720',258);
INSERT INTO image (type, url, room) VALUES ('detail','https://a0.muscache.com/im/pictures/ae2a1a23-e026-4de0-80df-40148122b871.jpg?im_w=720',258);
INSERT INTO image (type, url, room) VALUES ('detail','https://a0.muscache.com/im/pictures/10326569-d3c2-46d9-96cf-55b193edc240.jpg?im_w=720',258);
INSERT INTO image (type, url, room) VALUES ('detail','https://a0.muscache.com/im/pictures/fba7f02c-a387-405d-a7a8-9e28ef5d5758.jpg?im_w=720',258);
INSERT INTO image (type, url, room) VALUES ('detail','https://a0.muscache.com/im/pictures/7eb0c7de-5758-4d86-890c-dae23e10ec6f.jpg?im_w=720',258);
INSERT INTO image (type, url, room) VALUES ('detail','https://a0.muscache.com/im/pictures/5becff3f-cbf9-4d79-b588-901ab5f4eaef.jpg?im_w=720',258);
INSERT INTO image (type, url, room) VALUES ('detail','https://a0.muscache.com/im/pictures/9a250b30-bd36-47a0-b20b-0bb323ee60ee.jpg?im_w=720',258);
INSERT INTO image (type, url, room) VALUES ('detail','https://a0.muscache.com/im/pictures/f0318e4f-2196-4176-b2c6-8f4f860e02c2.jpg?im_w=720',258);
INSERT INTO image (type, url, room) VALUES ('detail','https://a0.muscache.com/im/pictures/79bfc572-562c-4744-a798-40f1b3bacfa2.jpg?im_w=720',258);
INSERT INTO image (type, url, room) VALUES ('detail','https://a0.muscache.com/im/pictures/a1968426-ca44-42ad-a0ab-92c1d84bf2aa.jpg?im_w=720',258);
insert into location(id,latitude,longitude,city) values (259,35.152,126.851,'광주');
INSERT INTO room (id, title, description, price_per_day, room_type, bed, max_guest, bathroom, location) VALUES (259,'[노을뷰❤️데이트맛집]복층,빔프로젝트,50인치TV,조리도구 풀세트, 매일소독!','Chipyeong-dong, Seo-gu의 아파트 전체',90000,'집 전체',1,3,1,259);
INSERT INTO image (type, url, room) VALUES ('thumb','https://a0.muscache.com/im/pictures/dec37425-e271-4df2-9de9-f378be43c44d.jpg?im_w=720',259);
INSERT INTO image (type, url, room) VALUES ('detail','https://a0.muscache.com/im/pictures/98d5690f-2dba-4ab4-9ff8-eb1b03a04b09.jpg?im_w=720',259);
INSERT INTO image (type, url, room) VALUES ('detail','https://a0.muscache.com/im/pictures/c5db6a98-bf3c-4261-9e86-9944ed74d0c2.jpg?im_w=720',259);
INSERT INTO image (type, url, room) VALUES ('detail','https://a0.muscache.com/im/pictures/9d5c1507-f362-4b8a-9920-0aced2a3b4d0.jpg?im_w=720',259);
INSERT INTO image (type, url, room) VALUES ('detail','https://a0.muscache.com/im/pictures/e79368b1-15cb-4357-9bad-e6c0f641aebf.jpg?im_w=720',259);
INSERT INTO image (type, url, room) VALUES ('detail','https://a0.muscache.com/im/pictures/6553535a-84d4-4ab0-b772-dc3b9f6cd6dc.jpg?im_w=720',259);
INSERT INTO image (type, url, room) VALUES ('detail','https://a0.muscache.com/im/pictures/47d81969-5c4b-41e8-8dfd-ed879dc232bc.jpg?im_w=720',259);
INSERT INTO image (type, url, room) VALUES ('detail','https://a0.muscache.com/im/pictures/0b3d7d06-53e4-4615-bc4d-d68a5ca633f3.jpg?im_w=720',259);
INSERT INTO image (type, url, room) VALUES ('detail','https://a0.muscache.com/im/pictures/30ce6e0c-a75f-4d4f-a9da-ac4173fde0eb.jpg?im_w=720',259);
INSERT INTO image (type, url, room) VALUES ('detail','https://a0.muscache.com/im/pictures/3f10d07d-c2b1-47c4-983f-940b551bba0c.jpg?im_w=720',259);
INSERT INTO image (type, url, room) VALUES ('detail','https://a0.muscache.com/im/pictures/b0ebba23-1f67-453b-8dfd-194019b3c3bc.jpg?im_w=720',259);
INSERT INTO image (type, url, room) VALUES ('detail','https://a0.muscache.com/im/pictures/c26c2133-18b0-4902-a363-38bc939b213f.jpg?im_w=720',259);
INSERT INTO image (type, url, room) VALUES ('detail','https://a0.muscache.com/im/pictures/fb4919fe-c3a3-414e-a1ee-6160d2b36d9f.jpg?im_w=720',259);
INSERT INTO image (type, url, room) VALUES ('detail','https://a0.muscache.com/im/pictures/dbc7cd04-7737-4d1d-9038-080091c9fa6b.jpg?im_w=720',259);
INSERT INTO image (type, url, room) VALUES ('detail','https://a0.muscache.com/im/pictures/b2a4208c-9ecb-4c4d-a166-697a0d3d67a1.jpg?im_w=720',259);
INSERT INTO image (type, url, room) VALUES ('detail','https://a0.muscache.com/im/pictures/458b7a3f-cd20-4c27-af91-78362f0112b6.jpg?im_w=720',259);
INSERT INTO image (type, url, room) VALUES ('detail','https://a0.muscache.com/im/pictures/ce07b4f6-cfa4-4376-9d1e-cd9f510b2f92.jpg?im_w=720',259);
INSERT INTO image (type, url, room) VALUES ('detail','https://a0.muscache.com/im/pictures/b16c31af-afd8-4a26-937a-7eb3c3b91eae.jpg?im_w=720',259);
INSERT INTO image (type, url, room) VALUES ('detail','https://a0.muscache.com/im/pictures/7406e9b7-8e6a-4870-ad6b-826b7f012dc4.jpg?im_w=720',259);
INSERT INTO image (type, url, room) VALUES ('detail','https://a0.muscache.com/im/pictures/e5966f09-02db-46b8-8919-fffb9193571c.jpg?im_w=720',259);
INSERT INTO image (type, url, room) VALUES ('detail','https://a0.muscache.com/im/pictures/422e58f4-d615-4c7f-9948-db602beaa944.jpg?im_w=720',259);
INSERT INTO image (type, url, room) VALUES ('detail','https://a0.muscache.com/im/pictures/miso/Hosting-45388939/original/04aa648e-f2c1-401d-ace1-22cb615becbe.jpeg?im_w=720',259);
INSERT INTO image (type, url, room) VALUES ('detail','https://a0.muscache.com/im/pictures/8d68c944-56da-4351-9d68-10f6dc129d2c.jpg?im_w=720',259);
INSERT INTO image (type, url, room) VALUES ('detail','https://a0.muscache.com/im/pictures/miso/Hosting-45388939/original/34186d37-b531-428d-9e2c-5bbf720e2937.jpeg?im_w=720',259);
INSERT INTO image (type, url, room) VALUES ('detail','https://a0.muscache.com/im/pictures/f74ac8f8-8817-4203-9269-046f1a30400c.jpg?im_w=720',259);
INSERT INTO image (type, url, room) VALUES ('detail','https://a0.muscache.com/im/pictures/e4326f28-59cf-4641-a7a6-cd90b5ed7b90.jpg?im_w=720',259);
INSERT INTO image (type, url, room) VALUES ('detail','https://a0.muscache.com/im/pictures/8cfab08a-f1ec-4ab9-a8e2-62a43f05530c.jpg?im_w=720',259);
INSERT INTO image (type, url, room) VALUES ('detail','https://a0.muscache.com/im/pictures/b45ede73-6c65-431e-bcdd-6174ef9dcb45.jpg?im_w=720',259);
INSERT INTO image (type, url, room) VALUES ('detail','https://a0.muscache.com/im/pictures/1342922e-ea19-4878-a924-ecbc59dd477f.jpg?im_w=720',259);
INSERT INTO image (type, url, room) VALUES ('detail','https://a0.muscache.com/im/pictures/203664c1-27ac-40d2-801b-02691ca8a258.jpg?im_w=720',259);
insert into location(id,latitude,longitude,city) values (260,35.153,126.851,'광주');
INSERT INTO room (id, title, description, price_per_day, room_type, bed, max_guest, bathroom, location) VALUES (260,'[할인중] 빔프로젝터I넷플릭스I대형TV I 상무지구I대형마트I매일소독I지하철10분I번화가','Chipyeong-dong, Seo-gu의 콘도(아파트) 전체',90000,'집 전체',1,2,1,260);
INSERT INTO image (type, url, room) VALUES ('thumb','https://a0.muscache.com/im/pictures/miso/Hosting-49455369/original/57184bd2-3993-4a8b-a4fd-2a9fec31802e.jpeg?im_w=720',260);
INSERT INTO image (type, url, room) VALUES ('detail','https://a0.muscache.com/im/pictures/1310d8f3-6caf-4560-9724-309ef8b4939d.jpg?im_w=720',260);
INSERT INTO image (type, url, room) VALUES ('detail','https://a0.muscache.com/im/pictures/miso/Hosting-49455369/original/2d6f3a45-d035-4a12-b4d7-2f56d7baa9f4.jpeg?im_w=720',260);
INSERT INTO image (type, url, room) VALUES ('detail','https://a0.muscache.com/im/pictures/miso/Hosting-49455369/original/885642c9-cb6b-4519-8d4f-461713007af9.jpeg?im_w=720',260);
INSERT INTO image (type, url, room) VALUES ('detail','https://a0.muscache.com/im/pictures/miso/Hosting-49455369/original/f78c811e-be92-41e7-8547-8836af7f6108.jpeg?im_w=720',260);
INSERT INTO image (type, url, room) VALUES ('detail','https://a0.muscache.com/im/pictures/miso/Hosting-49455369/original/22a5c959-c0e8-4529-8b00-b22b124f3974.jpeg?im_w=720',260);
INSERT INTO image (type, url, room) VALUES ('detail','https://a0.muscache.com/im/pictures/miso/Hosting-49455369/original/fc831697-a1b7-46aa-a93c-80d69160dc43.jpeg?im_w=720',260);
INSERT INTO image (type, url, room) VALUES ('detail','https://a0.muscache.com/im/pictures/miso/Hosting-49455369/original/6f963f41-dc4a-444c-a369-eddeabf9d9c3.jpeg?im_w=720',260);
INSERT INTO image (type, url, room) VALUES ('detail','https://a0.muscache.com/im/pictures/miso/Hosting-49455369/original/19ac8ad2-0400-4547-af7e-766e71389fd9.jpeg?im_w=720',260);
INSERT INTO image (type, url, room) VALUES ('detail','https://a0.muscache.com/im/pictures/miso/Hosting-49455369/original/6cc4095a-1ce6-480b-b36a-d54e58954fa6.jpeg?im_w=720',260);
INSERT INTO image (type, url, room) VALUES ('detail','https://a0.muscache.com/im/pictures/miso/Hosting-49455369/original/7d7d257c-38bc-41bb-99ed-9818b04cb68d.jpeg?im_w=720',260);
INSERT INTO image (type, url, room) VALUES ('detail','https://a0.muscache.com/im/pictures/miso/Hosting-49455369/original/f7a1b75d-e9de-4867-9713-717fdfa45070.jpeg?im_w=720',260);
INSERT INTO image (type, url, room) VALUES ('detail','https://a0.muscache.com/im/pictures/miso/Hosting-49455369/original/0bd738b0-bc64-4d4d-951f-860833db3b17.jpeg?im_w=720',260);
INSERT INTO image (type, url, room) VALUES ('detail','https://a0.muscache.com/im/pictures/miso/Hosting-49455369/original/0d539429-2fcd-4138-b8e2-e40ed4f76a1c.jpeg?im_w=720',260);
INSERT INTO image (type, url, room) VALUES ('detail','https://a0.muscache.com/im/pictures/miso/Hosting-49455369/original/53ad3018-7b63-4a7c-a5f5-c74dbde16efc.jpeg?im_w=720',260);
INSERT INTO image (type, url, room) VALUES ('detail','https://a0.muscache.com/im/pictures/miso/Hosting-49455369/original/3a93a66b-a0e2-433d-a0e8-62da9bd61c35.jpeg?im_w=720',260);
INSERT INTO image (type, url, room) VALUES ('detail','https://a0.muscache.com/im/pictures/miso/Hosting-49455369/original/7a9ea61a-a12c-4d93-acd9-a0c4dfdc97d5.jpeg?im_w=720',260);
INSERT INTO image (type, url, room) VALUES ('detail','https://a0.muscache.com/im/pictures/miso/Hosting-49455369/original/ae3fde32-6bc1-4efc-9cba-089ad3de5bb5.jpeg?im_w=720',260);
INSERT INTO image (type, url, room) VALUES ('detail','https://a0.muscache.com/im/pictures/miso/Hosting-49455369/original/f39e4efd-51d1-4356-9b37-efa4bfb06775.jpeg?im_w=720',260);
INSERT INTO image (type, url, room) VALUES ('detail','https://a0.muscache.com/im/pictures/miso/Hosting-49455369/original/d1fecadf-3bba-4985-8fb4-ad05583edaa2.jpeg?im_w=720',260);
INSERT INTO image (type, url, room) VALUES ('detail','https://a0.muscache.com/im/pictures/miso/Hosting-49455369/original/a28803ab-ce84-4c94-bf2f-de46329f0a33.jpeg?im_w=720',260);
INSERT INTO image (type, url, room) VALUES ('detail','https://a0.muscache.com/im/pictures/miso/Hosting-49455369/original/1e24fbbe-ad00-4cc6-baa0-e77764fc49dc.jpeg?im_w=720',260);
INSERT INTO image (type, url, room) VALUES ('detail','https://a0.muscache.com/im/pictures/miso/Hosting-49455369/original/09a09ff6-28f7-4aa4-9f8d-cb2e2b20a1ad.jpeg?im_w=720',260);
INSERT INTO image (type, url, room) VALUES ('detail','https://a0.muscache.com/im/pictures/miso/Hosting-49455369/original/8d435b41-4405-43d9-8b21-6a26a63ddb9d.jpeg?im_w=720',260);
INSERT INTO image (type, url, room) VALUES ('detail','https://a0.muscache.com/im/pictures/miso/Hosting-49455369/original/c1eb7452-571a-4649-89ce-a5f4d7ea311d.jpeg?im_w=720',260);
INSERT INTO image (type, url, room) VALUES ('detail','https://a0.muscache.com/im/pictures/miso/Hosting-49455369/original/6f8300ae-a2e4-4a8a-8a7c-76de955c9f48.jpeg?im_w=720',260);
INSERT INTO image (type, url, room) VALUES ('detail','https://a0.muscache.com/im/pictures/miso/Hosting-49455369/original/64e04f7a-6a1f-4aff-89b4-78995e1c8373.jpeg?im_w=720',260);
INSERT INTO image (type, url, room) VALUES ('detail','https://a0.muscache.com/im/pictures/miso/Hosting-49455369/original/73102e4e-0076-4987-b95a-75e0bc318836.jpeg?im_w=720',260);
INSERT INTO image (type, url, room) VALUES ('detail','https://a0.muscache.com/im/pictures/miso/Hosting-49455369/original/ce74c96f-84a2-4761-8469-9b199497165c.jpeg?im_w=720',260);
INSERT INTO image (type, url, room) VALUES ('detail','https://a0.muscache.com/im/pictures/miso/Hosting-49455369/original/2af6713c-d33a-4eb9-9af1-e424be1a65bb.jpeg?im_w=720',260);
insert into location(id,latitude,longitude,city) values (261,35.156,126.85,'광주');
INSERT INTO room (id, title, description, price_per_day, room_type, bed, max_guest, bathroom, location) VALUES (261,'★ 광주최고중심가숙소
★개인테라스
★넷플릭스(무료)영화관
★65"QLED TV나만의 영화관','Chipyeong-dong, Seo-gu의 콘도(아파트) 전체',100000,'집 전체',1,2,1,261);
INSERT INTO image (type, url, room) VALUES ('thumb','https://a0.muscache.com/im/pictures/96255050-d4b9-466a-a287-786db0458129.jpg?im_w=720',261);
INSERT INTO image (type, url, room) VALUES ('detail','https://a0.muscache.com/im/pictures/4a28a04f-8f89-4d7e-8733-56b5029f2688.jpg?im_w=720',261);
INSERT INTO image (type, url, room) VALUES ('detail','https://a0.muscache.com/im/pictures/090c2df6-f930-48b5-803d-b953d5abe45e.jpg?im_w=720',261);
INSERT INTO image (type, url, room) VALUES ('detail','https://a0.muscache.com/im/pictures/75f00e55-1d77-401a-b5b1-bfab590fd829.jpg?im_w=720',261);
INSERT INTO image (type, url, room) VALUES ('detail','https://a0.muscache.com/im/pictures/31f13609-ce54-4c01-bfcf-6835139b9c15.jpg?im_w=720',261);
INSERT INTO image (type, url, room) VALUES ('detail','https://a0.muscache.com/im/pictures/a4f2042e-9dec-47b0-8a9e-67a57c5cc7e9.jpg?im_w=720',261);
INSERT INTO image (type, url, room) VALUES ('detail','https://a0.muscache.com/im/pictures/ac496e0a-3a68-4547-8678-7204cdffc79e.jpg?im_w=720',261);
INSERT INTO image (type, url, room) VALUES ('detail','https://a0.muscache.com/im/pictures/974ae7a5-d66d-41d3-9ebd-4ec191b655f9.jpg?im_w=720',261);
INSERT INTO image (type, url, room) VALUES ('detail','https://a0.muscache.com/im/pictures/f39f428d-9e08-491d-95ba-ac5e3208d6e9.jpg?im_w=720',261);
INSERT INTO image (type, url, room) VALUES ('detail','https://a0.muscache.com/im/pictures/d0a8f784-cb73-4e83-9db4-d4c7a7a0e8b0.jpg?im_w=720',261);
INSERT INTO image (type, url, room) VALUES ('detail','https://a0.muscache.com/im/pictures/f4335bdf-2e63-4b3e-b1e4-4687d79a3251.jpg?im_w=720',261);
INSERT INTO image (type, url, room) VALUES ('detail','https://a0.muscache.com/im/pictures/ac7017df-2ec6-4eda-8855-21c841ca8516.jpg?im_w=720',261);
INSERT INTO image (type, url, room) VALUES ('detail','https://a0.muscache.com/im/pictures/703c979e-3a00-4c2f-8ac1-7bebe6a930f6.jpg?im_w=720',261);
INSERT INTO image (type, url, room) VALUES ('detail','https://a0.muscache.com/im/pictures/f13f2d2c-bcc0-4251-a254-2a8ce3d99bfc.jpg?im_w=720',261);
INSERT INTO image (type, url, room) VALUES ('detail','https://a0.muscache.com/im/pictures/050968fa-a61f-475a-b024-e7f3ada65414.jpg?im_w=720',261);
INSERT INTO image (type, url, room) VALUES ('detail','https://a0.muscache.com/im/pictures/44f7f59e-5819-47ea-8ace-86123c2e66f4.jpg?im_w=720',261);
INSERT INTO image (type, url, room) VALUES ('detail','https://a0.muscache.com/im/pictures/876ae43c-a595-4526-baf9-80d818af8005.jpg?im_w=720',261);
INSERT INTO image (type, url, room) VALUES ('detail','https://a0.muscache.com/im/pictures/f5e85219-7c6a-471a-aec0-d33955e482da.jpg?im_w=720',261);
INSERT INTO image (type, url, room) VALUES ('detail','https://a0.muscache.com/im/pictures/e328dbe7-5732-4e41-81cd-74ca872f4e45.jpg?im_w=720',261);
INSERT INTO image (type, url, room) VALUES ('detail','https://a0.muscache.com/im/pictures/7df99ac5-9cfe-4d54-a4df-169c3cf3b937.jpg?im_w=720',261);
INSERT INTO image (type, url, room) VALUES ('detail','https://a0.muscache.com/im/pictures/fdd791c0-c3c3-49f0-b1a1-52610fb0b516.jpg?im_w=720',261);
INSERT INTO image (type, url, room) VALUES ('detail','https://a0.muscache.com/im/pictures/5ea0cd26-1533-43af-bd4d-95a5cb07c02c.jpg?im_w=720',261);
INSERT INTO image (type, url, room) VALUES ('detail','https://a0.muscache.com/im/pictures/fc0f31d6-5b98-43e0-972c-db169967f5d8.jpg?im_w=720',261);
INSERT INTO image (type, url, room) VALUES ('detail','https://a0.muscache.com/im/pictures/2dfc5ede-2b39-4b4a-a452-f95d060400be.jpg?im_w=720',261);
INSERT INTO image (type, url, room) VALUES ('detail','https://a0.muscache.com/im/pictures/64715dd7-0618-4f1e-90cc-85c44f7ae4dc.jpg?im_w=720',261);
INSERT INTO image (type, url, room) VALUES ('detail','https://a0.muscache.com/im/pictures/5937ab65-f6e0-4592-9edb-3496fdf9c26d.jpg?im_w=720',261);
insert into location(id,latitude,longitude,city) values (262,35.156,126.851,'광주');
INSERT INTO room (id, title, description, price_per_day, room_type, bed, max_guest, bathroom, location) VALUES (262,'[mood] 편안하게 해줄께요, 휴식을 위한 따뜻한 감성 공간ᯅ̈','Chipyeong-dong, Seo-gu의 아파트 전체',85000,'집 전체',1,2,1,262);
INSERT INTO image (type, url, room) VALUES ('thumb','https://a0.muscache.com/im/pictures/miso/Hosting-46702276/original/723edf19-491c-482c-a179-682c0430ab84.png?im_w=720',262);
INSERT INTO image (type, url, room) VALUES ('detail','https://a0.muscache.com/im/pictures/e946ce95-5cb0-45b0-89b3-b7cfff9e08ec.jpg?im_w=720',262);
INSERT INTO image (type, url, room) VALUES ('detail','https://a0.muscache.com/im/pictures/11b2bb85-4f1e-46ff-9ce7-a7bac77206fd.jpg?im_w=720',262);
INSERT INTO image (type, url, room) VALUES ('detail','https://a0.muscache.com/im/pictures/d476945e-f5e6-4b82-a64b-8acf7567fdf5.jpg?im_w=720',262);
INSERT INTO image (type, url, room) VALUES ('detail','https://a0.muscache.com/im/pictures/miso/Hosting-46702276/original/c08809bf-90e4-4bfb-91e1-6863f83dcc87.jpeg?im_w=720',262);
INSERT INTO image (type, url, room) VALUES ('detail','https://a0.muscache.com/im/pictures/bbb6e4f7-4075-4fe5-a9cd-f2e9a04f31ab.jpg?im_w=720',262);
INSERT INTO image (type, url, room) VALUES ('detail','https://a0.muscache.com/im/pictures/91dae6c2-f943-4580-b336-94f76345fc16.jpg?im_w=720',262);
INSERT INTO image (type, url, room) VALUES ('detail','https://a0.muscache.com/im/pictures/6aadf808-76c9-426e-a542-3c38ea88741f.jpg?im_w=720',262);
INSERT INTO image (type, url, room) VALUES ('detail','https://a0.muscache.com/im/pictures/daafbd7d-f7dc-405e-980b-94d9bf2377df.jpg?im_w=720',262);
INSERT INTO image (type, url, room) VALUES ('detail','https://a0.muscache.com/im/pictures/272f79ea-b66f-4a06-b4d7-b3a169a7b1eb.jpg?im_w=720',262);
INSERT INTO image (type, url, room) VALUES ('detail','https://a0.muscache.com/im/pictures/miso/Hosting-46702276/original/8f9b6c09-97c5-4158-ab36-1872e43c4b39.jpeg?im_w=720',262);
INSERT INTO image (type, url, room) VALUES ('detail','https://a0.muscache.com/im/pictures/miso/Hosting-46702276/original/58d258f4-3008-4a64-85bc-075170e27b75.jpeg?im_w=720',262);
INSERT INTO image (type, url, room) VALUES ('detail','https://a0.muscache.com/im/pictures/miso/Hosting-46702276/original/5de1b49d-7e44-42db-bd0f-87f89fcf72f2.jpeg?im_w=720',262);
INSERT INTO image (type, url, room) VALUES ('detail','https://a0.muscache.com/im/pictures/miso/Hosting-46702276/original/9a7223d6-d978-4528-a0c8-9451ecefae4d.jpeg?im_w=720',262);
INSERT INTO image (type, url, room) VALUES ('detail','https://a0.muscache.com/im/pictures/d16fd027-cb52-42bc-8c79-4ff6ffc65e64.jpg?im_w=720',262);
INSERT INTO image (type, url, room) VALUES ('detail','https://a0.muscache.com/im/pictures/miso/Hosting-46702276/original/4313db61-507e-41ff-9b23-8cea9709da42.jpeg?im_w=720',262);
INSERT INTO image (type, url, room) VALUES ('detail','https://a0.muscache.com/im/pictures/miso/Hosting-46702276/original/0304cc6a-81ed-44b4-bddc-53747858ddd2.jpeg?im_w=720',262);
INSERT INTO image (type, url, room) VALUES ('detail','https://a0.muscache.com/im/pictures/miso/Hosting-46702276/original/abbfb1d0-a4fb-4c0b-91ae-da3148f3cfdb.jpeg?im_w=720',262);
INSERT INTO image (type, url, room) VALUES ('detail','https://a0.muscache.com/im/pictures/miso/Hosting-46702276/original/13bd6fd4-fa79-4d3d-a584-ac4bb92ade20.jpeg?im_w=720',262);
INSERT INTO image (type, url, room) VALUES ('detail','https://a0.muscache.com/im/pictures/c4ea1d9e-9a07-495d-a3e3-236352192b35.jpg?im_w=720',262);
INSERT INTO image (type, url, room) VALUES ('detail','https://a0.muscache.com/im/pictures/miso/Hosting-46702276/original/5124d1e7-2ae4-4737-ba53-d3f7500b8638.jpeg?im_w=720',262);
INSERT INTO image (type, url, room) VALUES ('detail','https://a0.muscache.com/im/pictures/miso/Hosting-46702276/original/66aae888-d2aa-48f8-b710-4db946970a00.jpeg?im_w=720',262);
INSERT INTO image (type, url, room) VALUES ('detail','https://a0.muscache.com/im/pictures/59d26a36-f508-44fc-b32a-cb719e2625f8.jpg?im_w=720',262);
INSERT INTO image (type, url, room) VALUES ('detail','https://a0.muscache.com/im/pictures/miso/Hosting-46702276/original/abd6e230-4b10-49da-bedb-62dbf01a44e9.jpeg?im_w=720',262);
INSERT INTO image (type, url, room) VALUES ('detail','https://a0.muscache.com/im/pictures/miso/Hosting-46702276/original/2ba02a42-4442-4549-b9bc-24acd58a4044.jpeg?im_w=720',262);
INSERT INTO image (type, url, room) VALUES ('detail','https://a0.muscache.com/im/pictures/miso/Hosting-46702276/original/1b20f7f8-883e-42ea-bd37-4e7164e95dc3.jpeg?im_w=720',262);
INSERT INTO image (type, url, room) VALUES ('detail','https://a0.muscache.com/im/pictures/miso/Hosting-46702276/original/98dc0e25-ba25-4f7a-9d75-3aa9e83053f3.jpeg?im_w=720',262);
INSERT INTO image (type, url, room) VALUES ('detail','https://a0.muscache.com/im/pictures/miso/Hosting-46702276/original/3da21b88-833a-4277-a592-cad9377f9e8d.jpeg?im_w=720',262);
INSERT INTO image (type, url, room) VALUES ('detail','https://a0.muscache.com/im/pictures/miso/Hosting-46702276/original/ef3274e0-7c9d-4d41-94ee-14ce23397c67.jpeg?im_w=720',262);
INSERT INTO image (type, url, room) VALUES ('detail','https://a0.muscache.com/im/pictures/miso/Hosting-46702276/original/f5675912-7100-4575-af9e-5ac3028f7c03.jpeg?im_w=720',262);
insert into location(id,latitude,longitude,city) values (263,35.151,126.851,'광주');
INSERT INTO room (id, title, description, price_per_day, room_type, bed, max_guest, bathroom, location) VALUES (263,'美친뷰~❤청결하고 예쁜 복층숙소~
(넷플릭스,유튜브,대형TV,각종보드게임)
장기숙박환영!','Chipyeong-dong, Seo-gu의 아파트 전체',100000,'집 전체',1,2,1,263);
INSERT INTO image (type, url, room) VALUES ('thumb','https://a0.muscache.com/im/pictures/a77f1e31-0812-45fd-949d-f0482dc00c75.jpg?im_w=720',263);
INSERT INTO image (type, url, room) VALUES ('detail','https://a0.muscache.com/im/pictures/4b0a28fc-00c9-44c5-a0c4-f0e4b790b069.jpg?im_w=720',263);
INSERT INTO image (type, url, room) VALUES ('detail','https://a0.muscache.com/im/pictures/05a5bd65-8054-41c2-b358-0a0304b0a3c8.jpg?im_w=720',263);
INSERT INTO image (type, url, room) VALUES ('detail','https://a0.muscache.com/im/pictures/a69d6d63-4125-4b0e-bd72-9b944e30b2bd.jpg?im_w=720',263);
INSERT INTO image (type, url, room) VALUES ('detail','https://a0.muscache.com/im/pictures/daed112c-8797-49af-80b3-ece43cbf07a4.jpg?im_w=720',263);
INSERT INTO image (type, url, room) VALUES ('detail','https://a0.muscache.com/im/pictures/7ce485a6-3e1d-4261-971a-a4d5477d29ee.jpg?im_w=720',263);
INSERT INTO image (type, url, room) VALUES ('detail','https://a0.muscache.com/im/pictures/94ecf4f4-7102-4a27-a80e-ae70de11b1ed.jpg?im_w=720',263);
INSERT INTO image (type, url, room) VALUES ('detail','https://a0.muscache.com/im/pictures/ba05e149-7f42-413d-9350-c0851b1f0a40.jpg?im_w=720',263);
INSERT INTO image (type, url, room) VALUES ('detail','https://a0.muscache.com/im/pictures/d08134f1-5ff5-4647-b78f-1df6088accc2.jpg?im_w=720',263);
INSERT INTO image (type, url, room) VALUES ('detail','https://a0.muscache.com/im/pictures/c0e66fe0-a6f8-4c1e-aacb-014efc905364.jpg?im_w=720',263);
INSERT INTO image (type, url, room) VALUES ('detail','https://a0.muscache.com/im/pictures/596b6e10-c1a4-47ab-9129-cdac0b0d8df2.jpg?im_w=720',263);
INSERT INTO image (type, url, room) VALUES ('detail','https://a0.muscache.com/im/pictures/e007a759-ffca-4576-a5bc-f1638d48c078.jpg?im_w=720',263);
INSERT INTO image (type, url, room) VALUES ('detail','https://a0.muscache.com/im/pictures/77384fa9-c691-44cc-b884-845dd1180854.jpg?im_w=720',263);
INSERT INTO image (type, url, room) VALUES ('detail','https://a0.muscache.com/im/pictures/efc0ae14-0326-4ca2-9f59-6d59a3a0edfe.jpg?im_w=720',263);
INSERT INTO image (type, url, room) VALUES ('detail','https://a0.muscache.com/im/pictures/a0fbf905-10ab-4189-8ea2-7a7393620a1b.jpg?im_w=720',263);
INSERT INTO image (type, url, room) VALUES ('detail','https://a0.muscache.com/im/pictures/361f8a14-1fb8-40fe-a928-6cd461835366.jpg?im_w=720',263);
INSERT INTO image (type, url, room) VALUES ('detail','https://a0.muscache.com/im/pictures/a2c307c7-ed21-4aec-8756-3b8d8c712c21.jpg?im_w=720',263);
INSERT INTO image (type, url, room) VALUES ('detail','https://a0.muscache.com/im/pictures/e1099051-677c-4951-9b79-a9aa7d417e51.jpg?im_w=720',263);
INSERT INTO image (type, url, room) VALUES ('detail','https://a0.muscache.com/im/pictures/523d1478-a54b-4f28-937f-c4f2f424bb27.jpg?im_w=720',263);
INSERT INTO image (type, url, room) VALUES ('detail','https://a0.muscache.com/im/pictures/6cbe41dc-be30-4178-a8ab-4b54c28ddc24.jpg?im_w=720',263);
INSERT INTO image (type, url, room) VALUES ('detail','https://a0.muscache.com/im/pictures/8e2db98e-3f58-4ee4-8c8a-56a29edd7576.jpg?im_w=720',263);
INSERT INTO image (type, url, room) VALUES ('detail','https://a0.muscache.com/im/pictures/dfe25f71-44fe-4f83-b9a4-88b29f7c72bb.jpg?im_w=720',263);
INSERT INTO image (type, url, room) VALUES ('detail','https://a0.muscache.com/im/pictures/885e4f7e-d200-4470-8008-d4d3583a5cc7.jpg?im_w=720',263);
INSERT INTO image (type, url, room) VALUES ('detail','https://a0.muscache.com/im/pictures/c5533e71-8d4a-4cee-b2c2-c1408c92ec65.jpg?im_w=720',263);
INSERT INTO image (type, url, room) VALUES ('detail','https://a0.muscache.com/im/pictures/ff936c2b-57c2-48fa-ac70-8e374685c525.jpg?im_w=720',263);
INSERT INTO image (type, url, room) VALUES ('detail','https://a0.muscache.com/im/pictures/109da05a-b89d-4e68-acb6-1e521df2410b.jpg?im_w=720',263);
INSERT INTO image (type, url, room) VALUES ('detail','https://a0.muscache.com/im/pictures/752bb8f1-b915-4ed4-8208-d6b4d97e40a0.jpg?im_w=720',263);
INSERT INTO image (type, url, room) VALUES ('detail','https://a0.muscache.com/im/pictures/9800f399-02d7-4eba-a741-bdc9f0db73cf.jpg?im_w=720',263);
INSERT INTO image (type, url, room) VALUES ('detail','https://a0.muscache.com/im/pictures/dbd70bfc-b3ed-4479-a8a9-c6a9a547b2cc.jpg?im_w=720',263);
INSERT INTO image (type, url, room) VALUES ('detail','https://a0.muscache.com/im/pictures/e427809d-7228-4e6f-8e0c-696a6f4a7ed7.jpg?im_w=720',263);
insert into location(id,latitude,longitude,city) values (264,35.148,126.854,'광주');
INSERT INTO room (id, title, description, price_per_day, room_type, bed, max_guest, bathroom, location) VALUES (264,'화이트/주차무료/산책로#호수공원뷰#파티(요리가능)#와인바🍸#넷플릭스#65인치티비',' Seo-gu의 아파트 전체',98000,'집 전체',2,3,1,264);
INSERT INTO image (type, url, room) VALUES ('thumb','https://a0.muscache.com/im/pictures/1e3b1170-3e75-422d-b8df-8271c3616f0e.jpg?im_w=720',264);
INSERT INTO image (type, url, room) VALUES ('detail','https://a0.muscache.com/im/pictures/77390583-baa9-42c9-ae58-dcb3c94e0566.jpg?im_w=720',264);
INSERT INTO image (type, url, room) VALUES ('detail','https://a0.muscache.com/im/pictures/315e39b7-48a4-4c50-86b2-6509577dba14.jpg?im_w=720',264);
INSERT INTO image (type, url, room) VALUES ('detail','https://a0.muscache.com/im/pictures/0f7301b0-de50-4038-a862-f71ca954a853.jpg?im_w=720',264);
INSERT INTO image (type, url, room) VALUES ('detail','https://a0.muscache.com/im/pictures/2c9e535e-7c33-49a1-853f-138e08824cf3.jpg?im_w=720',264);
INSERT INTO image (type, url, room) VALUES ('detail','https://a0.muscache.com/im/pictures/49fb0828-6a02-4098-b309-0359463f6f97.jpg?im_w=720',264);
INSERT INTO image (type, url, room) VALUES ('detail','https://a0.muscache.com/im/pictures/73955895-9dee-49ad-a2f9-67b4fb8b31eb.jpg?im_w=720',264);
INSERT INTO image (type, url, room) VALUES ('detail','https://a0.muscache.com/im/pictures/a337e2b8-7b06-4a6d-91d9-c5e5d7d70cce.jpg?im_w=720',264);
INSERT INTO image (type, url, room) VALUES ('detail','https://a0.muscache.com/im/pictures/03709b00-b82c-418a-b17a-efe7f30ca067.jpg?im_w=720',264);
INSERT INTO image (type, url, room) VALUES ('detail','https://a0.muscache.com/im/pictures/26bd11a4-9345-423a-89ef-985ccee2b264.jpg?im_w=720',264);
INSERT INTO image (type, url, room) VALUES ('detail','https://a0.muscache.com/im/pictures/14523c02-09ae-4545-8c2e-4c9fafb59def.jpg?im_w=720',264);
INSERT INTO image (type, url, room) VALUES ('detail','https://a0.muscache.com/im/pictures/4fae5f75-b112-4796-84ff-5550273ebbb8.jpg?im_w=720',264);
INSERT INTO image (type, url, room) VALUES ('detail','https://a0.muscache.com/im/pictures/67383b40-fd0c-497f-a852-59f2276ba37b.jpg?im_w=720',264);
INSERT INTO image (type, url, room) VALUES ('detail','https://a0.muscache.com/im/pictures/c20cc630-6916-42d8-809f-53e16532ff7e.jpg?im_w=720',264);
INSERT INTO image (type, url, room) VALUES ('detail','https://a0.muscache.com/im/pictures/78cd99d9-3a2d-4bfa-a90b-8d4c3975fcae.jpg?im_w=720',264);
INSERT INTO image (type, url, room) VALUES ('detail','https://a0.muscache.com/im/pictures/a45b0d92-b01b-4aa3-bd95-54ff3110e424.jpg?im_w=720',264);
INSERT INTO image (type, url, room) VALUES ('detail','https://a0.muscache.com/im/pictures/37af2341-c552-4a44-8efb-648cd939f9b8.jpg?im_w=720',264);
INSERT INTO image (type, url, room) VALUES ('detail','https://a0.muscache.com/im/pictures/5c9169b4-045d-4d4a-b204-6ab944acf85e.jpg?im_w=720',264);
INSERT INTO image (type, url, room) VALUES ('detail','https://a0.muscache.com/im/pictures/2985abf5-6c5a-4bd7-a4e5-7325c6f64ce0.jpg?im_w=720',264);
INSERT INTO image (type, url, room) VALUES ('detail','https://a0.muscache.com/im/pictures/aac35f27-e7fb-4bc0-98a6-a363bf299fd3.jpg?im_w=720',264);
INSERT INTO image (type, url, room) VALUES ('detail','https://a0.muscache.com/im/pictures/0edd3192-a215-4448-8b03-8feda8a43d64.jpg?im_w=720',264);
INSERT INTO image (type, url, room) VALUES ('detail','https://a0.muscache.com/im/pictures/33bab496-078d-49a1-a147-8d85e8a19cb5.jpg?im_w=720',264);
INSERT INTO image (type, url, room) VALUES ('detail','https://a0.muscache.com/im/pictures/0ad613f9-9262-4fe8-8e69-1782f89899e9.jpg?im_w=720',264);
INSERT INTO image (type, url, room) VALUES ('detail','https://a0.muscache.com/im/pictures/1c70e081-7035-4305-885e-9e2fd8f0dc3b.jpg?im_w=720',264);
INSERT INTO image (type, url, room) VALUES ('detail','https://a0.muscache.com/im/pictures/ba94cd85-6f86-4931-ba60-290dcf513ee1.jpg?im_w=720',264);
INSERT INTO image (type, url, room) VALUES ('detail','https://a0.muscache.com/im/pictures/8d2f2648-7574-4e5c-8a84-76ec2092e755.jpg?im_w=720',264);
INSERT INTO image (type, url, room) VALUES ('detail','https://a0.muscache.com/im/pictures/7d35938d-b179-437f-9411-96f37693639e.jpg?im_w=720',264);
INSERT INTO image (type, url, room) VALUES ('detail','https://a0.muscache.com/im/pictures/a3f719b9-9433-4c91-96d5-8acfb87be8b1.jpg?im_w=720',264);
INSERT INTO image (type, url, room) VALUES ('detail','https://a0.muscache.com/im/pictures/14cfdf1b-d269-430f-99c4-c463d35af87f.jpg?im_w=720',264);
INSERT INTO image (type, url, room) VALUES ('detail','https://a0.muscache.com/im/pictures/f818dd50-3ec4-48dc-b0db-c7232ace7bae.jpg?im_w=720',264);
insert into location(id,latitude,longitude,city) values (265,35.152,126.859,'광주');
INSERT INTO room (id, title, description, price_per_day, room_type, bed, max_guest, bathroom, location) VALUES (265,'감성공간_쉼 2 ‘아름다운 공간에서 진정한 의미의 쉼. 을 경험하세요~!','Sangmu 1(il)-dong, Seo-gu의 아파트 전체',90000,'집 전체',1,2,1,265);
INSERT INTO image (type, url, room) VALUES ('thumb','https://a0.muscache.com/im/pictures/fde76862-5fc6-43d4-bccf-f06650aa78c6.jpg?im_w=720',265);
INSERT INTO image (type, url, room) VALUES ('detail','https://a0.muscache.com/im/pictures/a9377ed9-90fb-4fd4-bbf3-0906d90bc9f3.jpg?im_w=720',265);
INSERT INTO image (type, url, room) VALUES ('detail','https://a0.muscache.com/im/pictures/e8fade29-a95a-47f9-bbe8-d0790becb122.jpg?im_w=720',265);
INSERT INTO image (type, url, room) VALUES ('detail','https://a0.muscache.com/im/pictures/50a1d40d-5867-4755-8c9b-aecab2aace39.jpg?im_w=720',265);
INSERT INTO image (type, url, room) VALUES ('detail','https://a0.muscache.com/im/pictures/74fed4eb-56ea-43fc-a13d-027d374f7f6e.jpg?im_w=720',265);
INSERT INTO image (type, url, room) VALUES ('detail','https://a0.muscache.com/im/pictures/722e6f9f-c62b-4886-a878-73a76bb5e3c7.jpg?im_w=720',265);
INSERT INTO image (type, url, room) VALUES ('detail','https://a0.muscache.com/im/pictures/3925e1ed-5c1b-4c97-b38b-549d27df7733.jpg?im_w=720',265);
INSERT INTO image (type, url, room) VALUES ('detail','https://a0.muscache.com/im/pictures/582e900e-f98b-4620-955d-c8fd417eaec3.jpg?im_w=720',265);
INSERT INTO image (type, url, room) VALUES ('detail','https://a0.muscache.com/im/pictures/1bf186ee-2e25-45f3-a30c-16d522791865.jpg?im_w=720',265);
INSERT INTO image (type, url, room) VALUES ('detail','https://a0.muscache.com/im/pictures/c7369b91-6ce3-48d5-96a3-289f89242f5c.jpg?im_w=720',265);
INSERT INTO image (type, url, room) VALUES ('detail','https://a0.muscache.com/im/pictures/5b6e64c3-ca05-4350-b952-5a61d1795721.jpg?im_w=720',265);
INSERT INTO image (type, url, room) VALUES ('detail','https://a0.muscache.com/im/pictures/23fbe094-466b-427f-99f6-9c6aeb9309e1.jpg?im_w=720',265);
INSERT INTO image (type, url, room) VALUES ('detail','https://a0.muscache.com/im/pictures/12cc233d-d670-4f3e-8694-5b27cf3d4bdf.jpg?im_w=720',265);
INSERT INTO image (type, url, room) VALUES ('detail','https://a0.muscache.com/im/pictures/edf83f53-5b84-4f27-adba-150fe62af189.jpg?im_w=720',265);
INSERT INTO image (type, url, room) VALUES ('detail','https://a0.muscache.com/im/pictures/1af9e4c5-6858-4daa-86ab-d374fb98f2c7.jpg?im_w=720',265);
INSERT INTO image (type, url, room) VALUES ('detail','https://a0.muscache.com/im/pictures/988f356c-d086-42eb-a8bb-0e7225e73ded.jpg?im_w=720',265);
INSERT INTO image (type, url, room) VALUES ('detail','https://a0.muscache.com/im/pictures/cbf30a8b-02e0-4bdb-8bad-083d5bbc77b8.jpg?im_w=720',265);
INSERT INTO image (type, url, room) VALUES ('detail','https://a0.muscache.com/im/pictures/98184d1e-b6e7-4272-8bb7-d18ee5d119d9.jpg?im_w=720',265);
INSERT INTO image (type, url, room) VALUES ('detail','https://a0.muscache.com/im/pictures/bceae272-c0e2-4dd6-a6a5-59578c5b04ec.jpg?im_w=720',265);
INSERT INTO image (type, url, room) VALUES ('detail','https://a0.muscache.com/im/pictures/9475334c-7f2c-4f93-8543-8b950f88336e.jpg?im_w=720',265);
INSERT INTO image (type, url, room) VALUES ('detail','https://a0.muscache.com/im/pictures/7c2a96f3-e45a-46a2-9ca5-dba3a13d9968.jpg?im_w=720',265);
INSERT INTO image (type, url, room) VALUES ('detail','https://a0.muscache.com/im/pictures/0eac343c-cd0d-4dd7-ac50-64695ab5b879.jpg?im_w=720',265);
INSERT INTO image (type, url, room) VALUES ('detail','https://a0.muscache.com/im/pictures/3d92044e-3eba-4328-aed9-408a3738d256.jpg?im_w=720',265);
insert into location(id,latitude,longitude,city) values (266,35.164,126.858,'광주');
INSERT INTO room (id, title, description, price_per_day, room_type, bed, max_guest, bathroom, location) VALUES (266,'(조용한숙소)기아광주공장서문ㆍ상무호반2차APT/광주광역시청 걸어7분/청소비없음','Seo-gu의 집 전체',100000,'집 전체',1,3,1,266);
INSERT INTO image (type, url, room) VALUES ('thumb','https://a0.muscache.com/im/pictures/a7d70187-d029-4c3e-bdc2-a6a8f7733542.jpg?im_w=720',266);
INSERT INTO image (type, url, room) VALUES ('detail','https://a0.muscache.com/im/pictures/756d005b-0405-416c-a6fd-92f37216f6e6.jpg?im_w=720',266);
INSERT INTO image (type, url, room) VALUES ('detail','https://a0.muscache.com/im/pictures/58902cfd-48c0-4737-97fd-8e86ceadf272.jpg?im_w=720',266);
INSERT INTO image (type, url, room) VALUES ('detail','https://a0.muscache.com/im/pictures/e1ecf74e-8c92-4250-bc8a-bda89fbf85ce.jpg?im_w=720',266);
INSERT INTO image (type, url, room) VALUES ('detail','https://a0.muscache.com/im/pictures/8956afa5-c1c6-489e-b903-7180531d3530.jpg?im_w=720',266);
INSERT INTO image (type, url, room) VALUES ('detail','https://a0.muscache.com/im/pictures/8f0e5608-b1ed-41b5-b721-fc4ec640e5a5.jpg?im_w=720',266);
INSERT INTO image (type, url, room) VALUES ('detail','https://a0.muscache.com/im/pictures/f338d559-723d-4b2b-a1f3-bed05a5d8385.jpg?im_w=720',266);
INSERT INTO image (type, url, room) VALUES ('detail','https://a0.muscache.com/im/pictures/a65d681a-4c8a-463b-82e5-e5ac99c38814.jpg?im_w=720',266);
INSERT INTO image (type, url, room) VALUES ('detail','https://a0.muscache.com/im/pictures/7bfdf3be-ce09-4617-a34a-41fd883352ba.jpg?im_w=720',266);
INSERT INTO image (type, url, room) VALUES ('detail','https://a0.muscache.com/im/pictures/16af7f07-9b1b-4e06-8cb7-38fe3fb88f23.jpg?im_w=720',266);
INSERT INTO image (type, url, room) VALUES ('detail','https://a0.muscache.com/im/pictures/33ca959f-bfcf-45a3-970b-ea27657b3ba4.jpg?im_w=720',266);
INSERT INTO image (type, url, room) VALUES ('detail','https://a0.muscache.com/im/pictures/3ac41743-0c35-4ce8-8c56-1c24e88ea05b.jpg?im_w=720',266);
INSERT INTO image (type, url, room) VALUES ('detail','https://a0.muscache.com/im/pictures/ce037d7e-182c-4f95-b665-79505afd0f19.jpg?im_w=720',266);
INSERT INTO image (type, url, room) VALUES ('detail','https://a0.muscache.com/im/pictures/d5ddbe8e-01a9-4dd9-b1e3-e3d3817c22e1.jpg?im_w=720',266);
INSERT INTO image (type, url, room) VALUES ('detail','https://a0.muscache.com/im/pictures/3255673c-2170-4ca9-9b38-a55235ce4424.jpg?im_w=720',266);
INSERT INTO image (type, url, room) VALUES ('detail','https://a0.muscache.com/im/pictures/510cf71a-4d4d-4cd2-936d-d4e0ffecd76b.jpg?im_w=720',266);
insert into location(id,latitude,longitude,city) values (267,35.151,126.851,'광주');
INSERT INTO room (id, title, description, price_per_day, room_type, bed, max_guest, bathroom, location) VALUES (267,'[SALE]빔프로젝트♥넷플릭스♥도심속 자연♥상무지구♥대형마트앞♥지하철10분♥매일소독♥','Gwangju의 콘도(아파트) 전체',95000,'집 전체',1,2,1,267);
INSERT INTO image (type, url, room) VALUES ('thumb','https://a0.muscache.com/im/pictures/0f2ac1d7-4bc0-4dbf-a5a8-8c0b5cb32f4a.jpg?im_w=720',267);
INSERT INTO image (type, url, room) VALUES ('detail','https://a0.muscache.com/im/pictures/c066b22e-3942-4827-9867-b66e45ed784c.jpg?im_w=720',267);
INSERT INTO image (type, url, room) VALUES ('detail','https://a0.muscache.com/im/pictures/8141fa6c-fda6-4dcd-be60-d0cae8076249.jpg?im_w=720',267);
INSERT INTO image (type, url, room) VALUES ('detail','https://a0.muscache.com/im/pictures/f0c8131d-b1a0-49eb-ac39-f4d727ff272d.jpg?im_w=720',267);
INSERT INTO image (type, url, room) VALUES ('detail','https://a0.muscache.com/im/pictures/b688377b-c14f-45b3-892a-4f1576d37c44.jpg?im_w=720',267);
INSERT INTO image (type, url, room) VALUES ('detail','https://a0.muscache.com/im/pictures/aac68bc6-4e97-443a-b326-ffe69fcc58ae.jpg?im_w=720',267);
INSERT INTO image (type, url, room) VALUES ('detail','https://a0.muscache.com/im/pictures/7a493861-4b23-4c49-8151-8530eeb993f0.jpg?im_w=720',267);
INSERT INTO image (type, url, room) VALUES ('detail','https://a0.muscache.com/im/pictures/23b314c3-0864-4dba-869d-f97884b54262.jpg?im_w=720',267);
INSERT INTO image (type, url, room) VALUES ('detail','https://a0.muscache.com/im/pictures/428508a2-8f71-4821-9997-9fe8d8407540.jpg?im_w=720',267);
INSERT INTO image (type, url, room) VALUES ('detail','https://a0.muscache.com/im/pictures/bc268463-e714-4f3a-9680-c74cbc5f92b4.jpg?im_w=720',267);
INSERT INTO image (type, url, room) VALUES ('detail','https://a0.muscache.com/im/pictures/9671efea-8b3f-4034-9b2d-540ae8554eeb.jpg?im_w=720',267);
INSERT INTO image (type, url, room) VALUES ('detail','https://a0.muscache.com/im/pictures/507e434c-9eec-4754-8ac3-eaf94dff59a0.jpg?im_w=720',267);
INSERT INTO image (type, url, room) VALUES ('detail','https://a0.muscache.com/im/pictures/9de94282-ab91-4392-b7f5-56aaa7c897d8.jpg?im_w=720',267);
INSERT INTO image (type, url, room) VALUES ('detail','https://a0.muscache.com/im/pictures/14003247-f067-424c-b44d-110c701b5a7d.jpg?im_w=720',267);
INSERT INTO image (type, url, room) VALUES ('detail','https://a0.muscache.com/im/pictures/89e32ca4-ce22-42ff-9e7a-870656d07b9d.jpg?im_w=720',267);
INSERT INTO image (type, url, room) VALUES ('detail','https://a0.muscache.com/im/pictures/10033bb4-3767-4dd9-bfb4-27958319b3a1.jpg?im_w=720',267);
INSERT INTO image (type, url, room) VALUES ('detail','https://a0.muscache.com/im/pictures/44d8fc81-1af0-4d56-b920-7333ee8af3d1.jpg?im_w=720',267);
INSERT INTO image (type, url, room) VALUES ('detail','https://a0.muscache.com/im/pictures/bd2b16b2-66a6-4061-83a2-3d88ea2a45da.jpg?im_w=720',267);
INSERT INTO image (type, url, room) VALUES ('detail','https://a0.muscache.com/im/pictures/df13202e-d10d-4dc0-994b-d725849857ca.jpg?im_w=720',267);
INSERT INTO image (type, url, room) VALUES ('detail','https://a0.muscache.com/im/pictures/41728377-44a3-400b-98ea-677c1bf6f4b9.jpg?im_w=720',267);
INSERT INTO image (type, url, room) VALUES ('detail','https://a0.muscache.com/im/pictures/ddc225b7-7d83-4e19-8241-fc923cf68a57.jpg?im_w=720',267);
INSERT INTO image (type, url, room) VALUES ('detail','https://a0.muscache.com/im/pictures/b8bb63a7-f8a6-4374-b224-8bbc08126b4f.jpg?im_w=720',267);
INSERT INTO image (type, url, room) VALUES ('detail','https://a0.muscache.com/im/pictures/c7749906-4eed-4f67-bcd3-df239d6775b5.jpg?im_w=720',267);
INSERT INTO image (type, url, room) VALUES ('detail','https://a0.muscache.com/im/pictures/7aa4783f-9879-4efa-863b-4a28139b64bb.jpg?im_w=720',267);
INSERT INTO image (type, url, room) VALUES ('detail','https://a0.muscache.com/im/pictures/7331afc4-927f-4ff9-a70a-e7800ae2d7d5.jpg?im_w=720',267);
INSERT INTO image (type, url, room) VALUES ('detail','https://a0.muscache.com/im/pictures/c99172f1-7508-4f5e-9cbd-4b69934a7198.jpg?im_w=720',267);
INSERT INTO image (type, url, room) VALUES ('detail','https://a0.muscache.com/im/pictures/4d2596b1-f461-460f-a334-f064d234ebac.jpg?im_w=720',267);
INSERT INTO image (type, url, room) VALUES ('detail','https://a0.muscache.com/im/pictures/a3199497-105a-4cce-b8f1-35f5d1faa315.jpg?im_w=720',267);
INSERT INTO image (type, url, room) VALUES ('detail','https://a0.muscache.com/im/pictures/ccfa24b9-53ad-43c4-a58b-210b5692547e.jpg?im_w=720',267);
INSERT INTO image (type, url, room) VALUES ('detail','https://a0.muscache.com/im/pictures/ad252f4d-e6fc-40e5-a796-5c6fd06995eb.jpg?im_w=720',267);
insert into location(id,latitude,longitude,city) values (268,35.158,126.851,'광주');
INSERT INTO room (id, title, description, price_per_day, room_type, bed, max_guest, bathroom, location) VALUES (268,'[최대 번화가 숙소]⭐전망뷰(VIEW)⭐65"대형TV.넷플릭스⭐','Chipyeong-dong, Seo-gu의 아파트 전체',100000,'집 전체',1,2,1,268);
INSERT INTO image (type, url, room) VALUES ('thumb','https://a0.muscache.com/im/pictures/miso/Hosting-44608946/original/e04eb03c-141b-4abd-893e-187b8987e555.jpeg?im_w=720',268);
INSERT INTO image (type, url, room) VALUES ('detail','https://a0.muscache.com/im/pictures/beab5a6b-d9e1-4f6d-b6b4-98cce2f096ca.jpg?im_w=720',268);
INSERT INTO image (type, url, room) VALUES ('detail','https://a0.muscache.com/im/pictures/8e23af42-126d-432e-92ec-7645821fccb6.jpg?im_w=720',268);
INSERT INTO image (type, url, room) VALUES ('detail','https://a0.muscache.com/im/pictures/bac6751c-c3cf-4217-b8e4-637c5da1d64f.jpg?im_w=720',268);
INSERT INTO image (type, url, room) VALUES ('detail','https://a0.muscache.com/im/pictures/miso/Hosting-44608946/original/bee43ecc-5e69-4b3c-bc91-322408078aca.jpeg?im_w=720',268);
INSERT INTO image (type, url, room) VALUES ('detail','https://a0.muscache.com/im/pictures/miso/Hosting-44608946/original/fb665519-a60d-45d4-93b6-211578a19410.jpeg?im_w=720',268);
INSERT INTO image (type, url, room) VALUES ('detail','https://a0.muscache.com/im/pictures/2a4166c9-d71c-41a7-948a-17c7bafa304d.jpg?im_w=720',268);
INSERT INTO image (type, url, room) VALUES ('detail','https://a0.muscache.com/im/pictures/ffa16e21-da1a-49fb-ab48-c76ed4085651.jpg?im_w=720',268);
INSERT INTO image (type, url, room) VALUES ('detail','https://a0.muscache.com/im/pictures/1ee3becc-4562-4ccb-8e7f-2ea826b1f7c5.jpg?im_w=720',268);
INSERT INTO image (type, url, room) VALUES ('detail','https://a0.muscache.com/im/pictures/878e8740-2e7f-4fbe-8600-a5fdb7b3b926.jpg?im_w=720',268);
INSERT INTO image (type, url, room) VALUES ('detail','https://a0.muscache.com/im/pictures/08e2df91-70e8-4ba6-947e-aed91b7c4794.jpg?im_w=720',268);
INSERT INTO image (type, url, room) VALUES ('detail','https://a0.muscache.com/im/pictures/606d9060-8bd8-4ff7-b84a-c63ce5af3bee.jpg?im_w=720',268);
INSERT INTO image (type, url, room) VALUES ('detail','https://a0.muscache.com/im/pictures/fd091fda-1346-42fa-8027-6d394c42ffeb.jpg?im_w=720',268);
INSERT INTO image (type, url, room) VALUES ('detail','https://a0.muscache.com/im/pictures/008392d8-e531-487b-8111-38a6ee24b649.jpg?im_w=720',268);
INSERT INTO image (type, url, room) VALUES ('detail','https://a0.muscache.com/im/pictures/0d018080-24a0-4c85-8739-e867cc6f8d03.jpg?im_w=720',268);
INSERT INTO image (type, url, room) VALUES ('detail','https://a0.muscache.com/im/pictures/miso/Hosting-44608946/original/6151f679-eae3-457f-958b-ec33226f02f6.jpeg?im_w=720',268);
INSERT INTO image (type, url, room) VALUES ('detail','https://a0.muscache.com/im/pictures/miso/Hosting-44608946/original/dee94f59-e8ac-4454-b597-aef59e1beb58.jpeg?im_w=720',268);
INSERT INTO image (type, url, room) VALUES ('detail','https://a0.muscache.com/im/pictures/miso/Hosting-44608946/original/9b48458b-2dff-4162-afcd-89ffa8056d64.jpeg?im_w=720',268);
INSERT INTO image (type, url, room) VALUES ('detail','https://a0.muscache.com/im/pictures/3664af4d-95e1-4a31-9ad7-271a68f9ba9e.jpg?im_w=720',268);
INSERT INTO image (type, url, room) VALUES ('detail','https://a0.muscache.com/im/pictures/085c8d05-9bea-4335-a9c2-49087ce98df9.jpg?im_w=720',268);
INSERT INTO image (type, url, room) VALUES ('detail','https://a0.muscache.com/im/pictures/44632cf3-0897-42e7-9b0c-96868970cde2.jpg?im_w=720',268);
INSERT INTO image (type, url, room) VALUES ('detail','https://a0.muscache.com/im/pictures/3596b587-2feb-4960-b839-be01f582ecd0.jpg?im_w=720',268);
INSERT INTO image (type, url, room) VALUES ('detail','https://a0.muscache.com/im/pictures/77a4e327-69a6-40a6-a5c0-263766113572.jpg?im_w=720',268);
INSERT INTO image (type, url, room) VALUES ('detail','https://a0.muscache.com/im/pictures/81d8df50-6bb1-46c6-969b-12b6a2210913.jpg?im_w=720',268);
INSERT INTO image (type, url, room) VALUES ('detail','https://a0.muscache.com/im/pictures/55796e1e-b2c9-45b2-88fd-b912cec217c0.jpg?im_w=720',268);
INSERT INTO image (type, url, room) VALUES ('detail','https://a0.muscache.com/im/pictures/3cb933a3-f494-4afd-a41b-2039209e34fe.jpg?im_w=720',268);
INSERT INTO image (type, url, room) VALUES ('detail','https://a0.muscache.com/im/pictures/b809b14e-e1ca-4177-adfd-b4b91c457f02.jpg?im_w=720',268);
INSERT INTO image (type, url, room) VALUES ('detail','https://a0.muscache.com/im/pictures/8130a16f-920d-4505-a51b-aeccade5c68a.jpg?im_w=720',268);
INSERT INTO image (type, url, room) VALUES ('detail','https://a0.muscache.com/im/pictures/a13a9c98-a43a-480c-9b9d-e246c2508445.jpg?im_w=720',268);
INSERT INTO image (type, url, room) VALUES ('detail','https://a0.muscache.com/im/pictures/30d22fb8-5cd1-4f18-bd22-b48a7731ceb4.jpg?im_w=720',268);
insert into location(id,latitude,longitude,city) values (269,35.152,126.852,'광주');
INSERT INTO room (id, title, description, price_per_day, room_type, bed, max_guest, bathroom, location) VALUES (269,'★마이로프트 My loft★상무지구 시티뷰 Cozy House','Chipyeong-dong, Seo-gu의 콘도(아파트) 전체',87000,'집 전체',1,2,1,269);
INSERT INTO image (type, url, room) VALUES ('thumb','https://a0.muscache.com/im/pictures/6d63bef3-0c6a-4c56-b464-5b757703dee6.jpg?im_w=720',269);
INSERT INTO image (type, url, room) VALUES ('detail','https://a0.muscache.com/im/pictures/4e85953f-8078-4731-ade0-a7637ee71df2.jpg?im_w=720',269);
INSERT INTO image (type, url, room) VALUES ('detail','https://a0.muscache.com/im/pictures/d556161a-708d-4b3d-9793-78ebaee9b58d.jpg?im_w=720',269);
INSERT INTO image (type, url, room) VALUES ('detail','https://a0.muscache.com/im/pictures/miso/Hosting-47100995/original/d9e141c5-ecb8-46b3-b6bd-e5ea12b02500.jpeg?im_w=720',269);
INSERT INTO image (type, url, room) VALUES ('detail','https://a0.muscache.com/im/pictures/miso/Hosting-47100995/original/e278de50-152d-45d7-89b9-03cda657d5c0.jpeg?im_w=720',269);
INSERT INTO image (type, url, room) VALUES ('detail','https://a0.muscache.com/im/pictures/miso/Hosting-47100995/original/1df2e020-bc89-4e2a-a8eb-916ca296c920.jpeg?im_w=720',269);
INSERT INTO image (type, url, room) VALUES ('detail','https://a0.muscache.com/im/pictures/miso/Hosting-47100995/original/0c90bf0a-4194-45a7-b96d-0d943ec7061a.jpeg?im_w=720',269);
INSERT INTO image (type, url, room) VALUES ('detail','https://a0.muscache.com/im/pictures/756b26bb-ce19-45f7-8c1f-6e14b4042133.jpg?im_w=720',269);
INSERT INTO image (type, url, room) VALUES ('detail','https://a0.muscache.com/im/pictures/b4c2f318-8253-4d30-bc9b-39d009398ade.jpg?im_w=720',269);
INSERT INTO image (type, url, room) VALUES ('detail','https://a0.muscache.com/im/pictures/miso/Hosting-47100995/original/5780fb28-2dae-474b-adb1-4dee67a5e741.jpeg?im_w=720',269);
INSERT INTO image (type, url, room) VALUES ('detail','https://a0.muscache.com/im/pictures/miso/Hosting-47100995/original/970bfb98-7eb9-4938-8cda-ad21c280ab53.jpeg?im_w=720',269);
INSERT INTO image (type, url, room) VALUES ('detail','https://a0.muscache.com/im/pictures/miso/Hosting-47100995/original/6a4a1f5c-381d-4eb6-b7de-90753ae3998b.jpeg?im_w=720',269);
INSERT INTO image (type, url, room) VALUES ('detail','https://a0.muscache.com/im/pictures/miso/Hosting-47100995/original/8f3ab78f-3761-4347-99a2-9cd1f507c90c.jpeg?im_w=720',269);
INSERT INTO image (type, url, room) VALUES ('detail','https://a0.muscache.com/im/pictures/miso/Hosting-47100995/original/a6e92af0-56a7-478c-bc25-81ff7e6dfde7.jpeg?im_w=720',269);
INSERT INTO image (type, url, room) VALUES ('detail','https://a0.muscache.com/im/pictures/miso/Hosting-47100995/original/6fac2c44-c612-43d0-ae55-56dba5406958.jpeg?im_w=720',269);
INSERT INTO image (type, url, room) VALUES ('detail','https://a0.muscache.com/im/pictures/miso/Hosting-47100995/original/3ab12ae2-e377-4038-b6f0-381da2a181da.jpeg?im_w=720',269);
INSERT INTO image (type, url, room) VALUES ('detail','https://a0.muscache.com/im/pictures/miso/Hosting-47100995/original/1751fe8b-5a46-4b65-8bd4-cf94279c5909.jpeg?im_w=720',269);
INSERT INTO image (type, url, room) VALUES ('detail','https://a0.muscache.com/im/pictures/miso/Hosting-47100995/original/ec891152-98c6-4cab-ac06-5aab249f28e1.jpeg?im_w=720',269);
INSERT INTO image (type, url, room) VALUES ('detail','https://a0.muscache.com/im/pictures/miso/Hosting-47100995/original/5ab2bb0e-3c70-4fee-8ba7-45282eca5996.jpeg?im_w=720',269);
INSERT INTO image (type, url, room) VALUES ('detail','https://a0.muscache.com/im/pictures/miso/Hosting-47100995/original/4e4636d9-be80-4ec7-93e4-64f9eacab784.jpeg?im_w=720',269);
INSERT INTO image (type, url, room) VALUES ('detail','https://a0.muscache.com/im/pictures/miso/Hosting-47100995/original/c7dc0e36-8e4e-48fb-aaed-b426317fee66.jpeg?im_w=720',269);
INSERT INTO image (type, url, room) VALUES ('detail','https://a0.muscache.com/im/pictures/miso/Hosting-47100995/original/57f43d6e-c851-4139-b1ed-a395a3244556.jpeg?im_w=720',269);
insert into location(id,latitude,longitude,city) values (270,35.153,126.851,'광주');
INSERT INTO room (id, title, description, price_per_day, room_type, bed, max_guest, bathroom, location) VALUES (270,'😃올라하우스😃 location clean comfort  상무지구 최고의 숙소','Chipyeong-dong, Seo-gu의 아파트 전체',90000,'집 전체',1,2,1,270);
INSERT INTO image (type, url, room) VALUES ('thumb','https://a0.muscache.com/im/pictures/368e2540-717b-4cfe-8d95-587882d5e9cd.jpg?im_w=720',270);
INSERT INTO image (type, url, room) VALUES ('detail','https://a0.muscache.com/im/pictures/0b56e71b-0bbe-4674-af82-34f8ed10c40b.jpg?im_w=720',270);
INSERT INTO image (type, url, room) VALUES ('detail','https://a0.muscache.com/im/pictures/e6a991ab-87b1-49c5-a4e5-1e826865a5bd.jpg?im_w=720',270);
INSERT INTO image (type, url, room) VALUES ('detail','https://a0.muscache.com/im/pictures/8641da94-ad3e-4d16-9750-6dc511ac545d.jpg?im_w=720',270);
INSERT INTO image (type, url, room) VALUES ('detail','https://a0.muscache.com/im/pictures/bd88801c-a902-4ae1-b41c-a4c8ab206091.jpg?im_w=720',270);
INSERT INTO image (type, url, room) VALUES ('detail','https://a0.muscache.com/im/pictures/57226dae-749a-47f2-959b-a76a63d4f2ad.jpg?im_w=720',270);
INSERT INTO image (type, url, room) VALUES ('detail','https://a0.muscache.com/im/pictures/dd5263bf-29bc-4195-89de-e2380e37945d.jpg?im_w=720',270);
INSERT INTO image (type, url, room) VALUES ('detail','https://a0.muscache.com/im/pictures/4dab7e74-11c2-42db-b37d-0970673fdda3.jpg?im_w=720',270);
INSERT INTO image (type, url, room) VALUES ('detail','https://a0.muscache.com/im/pictures/5daca683-86d1-4f9c-b778-b537f248cad8.jpg?im_w=720',270);
INSERT INTO image (type, url, room) VALUES ('detail','https://a0.muscache.com/im/pictures/11360cd7-2ea8-48fe-8415-a1dcd6916938.jpg?im_w=720',270);
INSERT INTO image (type, url, room) VALUES ('detail','https://a0.muscache.com/im/pictures/54634de6-eb93-4bf9-b8f3-706f0b092f72.jpg?im_w=720',270);
INSERT INTO image (type, url, room) VALUES ('detail','https://a0.muscache.com/im/pictures/753bd77f-7508-4d91-8013-2efa9eff3c27.jpg?im_w=720',270);
INSERT INTO image (type, url, room) VALUES ('detail','https://a0.muscache.com/im/pictures/13e1075d-c827-4cf6-8645-b216c600546c.jpg?im_w=720',270);
INSERT INTO image (type, url, room) VALUES ('detail','https://a0.muscache.com/im/pictures/98f75fce-d3e2-4772-8c7b-5721e6480267.jpg?im_w=720',270);
INSERT INTO image (type, url, room) VALUES ('detail','https://a0.muscache.com/im/pictures/ba197541-bf0e-4f84-acf7-8041cc3527d7.jpg?im_w=720',270);
INSERT INTO image (type, url, room) VALUES ('detail','https://a0.muscache.com/im/pictures/5d1a093a-0621-468e-938f-1f0da7e56b31.jpg?im_w=720',270);
insert into location(id,latitude,longitude,city) values (271,35.161,126.885,'광주');
INSERT INTO room (id, title, description, price_per_day, room_type, bed, max_guest, bathroom, location) VALUES (271,'켈리 하우스, *유스퀘어 버스터미널 인근(near bus terminal)','Seo-gu의 콘도(아파트) 전체',100000,'집 전체',1,3,1,271);
INSERT INTO image (type, url, room) VALUES ('thumb','https://a0.muscache.com/im/pictures/miso/Hosting-27148949/original/0b7caf1b-f1d8-4816-805d-e142745ce2cb.jpeg?im_w=720',271);
INSERT INTO image (type, url, room) VALUES ('detail','https://a0.muscache.com/im/pictures/miso/Hosting-27148949/original/5b4cc78d-8124-48aa-863f-0ba5b4a0a06a.jpeg?im_w=720',271);
INSERT INTO image (type, url, room) VALUES ('detail','https://a0.muscache.com/im/pictures/f9d537aa-e5c9-4998-8a80-1270dff01c8c.jpg?im_w=720',271);
INSERT INTO image (type, url, room) VALUES ('detail','https://a0.muscache.com/im/pictures/miso/Hosting-27148949/original/c31e1238-b375-4232-b7ac-7bd6697896e1.jpeg?im_w=720',271);
INSERT INTO image (type, url, room) VALUES ('detail','https://a0.muscache.com/im/pictures/miso/Hosting-27148949/original/45974e96-8619-4e79-9af6-4477575883b9.jpeg?im_w=720',271);
INSERT INTO image (type, url, room) VALUES ('detail','https://a0.muscache.com/im/pictures/f51caa9e-e3c0-491c-b626-6c38f987be3f.jpg?im_w=720',271);
INSERT INTO image (type, url, room) VALUES ('detail','https://a0.muscache.com/im/pictures/23f70448-7d11-422d-976d-562c9256b456.jpg?im_w=720',271);
INSERT INTO image (type, url, room) VALUES ('detail','https://a0.muscache.com/im/pictures/cb7ec619-87ef-40ed-8d60-71db88f27ef1.jpg?im_w=720',271);
INSERT INTO image (type, url, room) VALUES ('detail','https://a0.muscache.com/im/pictures/747d99ea-6f99-466e-9093-eb8f6a6d24c8.jpg?im_w=720',271);
INSERT INTO image (type, url, room) VALUES ('detail','https://a0.muscache.com/im/pictures/2165a38c-44b4-4006-944f-558aff093525.jpg?im_w=720',271);
INSERT INTO image (type, url, room) VALUES ('detail','https://a0.muscache.com/im/pictures/115a3e78-d310-472e-b801-8a6cc5464764.jpg?im_w=720',271);
INSERT INTO image (type, url, room) VALUES ('detail','https://a0.muscache.com/im/pictures/db8af2c6-8a20-4cfd-b06a-a7cdacaab235.jpg?im_w=720',271);
INSERT INTO image (type, url, room) VALUES ('detail','https://a0.muscache.com/im/pictures/4cdb322f-a2e3-431e-b684-995b963ea148.jpg?im_w=720',271);
INSERT INTO image (type, url, room) VALUES ('detail','https://a0.muscache.com/im/pictures/383b99fe-087a-436a-b4f9-cdc3179e866c.jpg?im_w=720',271);
INSERT INTO image (type, url, room) VALUES ('detail','https://a0.muscache.com/im/pictures/8c21af23-d63c-4581-9ef4-2f02babb4f8f.jpg?im_w=720',271);
INSERT INTO image (type, url, room) VALUES ('detail','https://a0.muscache.com/im/pictures/727f15c4-cb7f-450e-b00c-26e46f243235.jpg?im_w=720',271);
INSERT INTO image (type, url, room) VALUES ('detail','https://a0.muscache.com/im/pictures/0d500eff-ca50-48e3-b200-3b2303580b36.jpg?im_w=720',271);
INSERT INTO image (type, url, room) VALUES ('detail','https://a0.muscache.com/im/pictures/d044b4b6-e5f1-4f65-b17c-128450cddf6c.jpg?im_w=720',271);
INSERT INTO image (type, url, room) VALUES ('detail','https://a0.muscache.com/im/pictures/40bd86ad-774f-4188-834e-62e05be40966.jpg?im_w=720',271);
INSERT INTO image (type, url, room) VALUES ('detail','https://a0.muscache.com/im/pictures/7641bfbc-0b44-4c1d-8676-8907ee599abb.jpg?im_w=720',271);
INSERT INTO image (type, url, room) VALUES ('detail','https://a0.muscache.com/im/pictures/f1c473b8-9ad6-408b-beed-f522b2ee4abe.jpg?im_w=720',271);
INSERT INTO image (type, url, room) VALUES ('detail','https://a0.muscache.com/im/pictures/76e9e901-4607-41f4-a836-bf408f5cef29.jpg?im_w=720',271);
INSERT INTO image (type, url, room) VALUES ('detail','https://a0.muscache.com/im/pictures/3cbd5d81-600b-4f16-a542-7de7c4bbc721.jpg?im_w=720',271);
INSERT INTO image (type, url, room) VALUES ('detail','https://a0.muscache.com/im/pictures/4f1deaca-071d-43d2-85d3-b0096eacffd1.jpg?im_w=720',271);
INSERT INTO image (type, url, room) VALUES ('detail','https://a0.muscache.com/im/pictures/0a53594e-ef5f-4f19-b9ad-f57fc63bc4a7.jpg?im_w=720',271);
INSERT INTO image (type, url, room) VALUES ('detail','https://a0.muscache.com/im/pictures/972f8794-a874-4e6d-aec4-669fdf745dcb.jpg?im_w=720',271);
INSERT INTO image (type, url, room) VALUES ('detail','https://a0.muscache.com/im/pictures/miso/Hosting-27148949/original/7445dcff-79b1-4f4b-90af-6c0727ed875d.jpeg?im_w=720',271);
INSERT INTO image (type, url, room) VALUES ('detail','https://a0.muscache.com/im/pictures/miso/Hosting-27148949/original/a2b0bd57-6c4f-4d32-9f9d-70ba80e0521b.jpeg?im_w=720',271);
insert into location(id,latitude,longitude,city) values (272,35.161,126.884,'광주');
INSERT INTO room (id, title, description, price_per_day, room_type, bed, max_guest, bathroom, location) VALUES (272,'Lime house in Gwangju Guesthouse 8#, 유스퀘어터미널 인근','Seo-gu의 아파트 전체',95000,'집 전체',1,3,1,272);
INSERT INTO image (type, url, room) VALUES ('thumb','https://a0.muscache.com/im/pictures/b8e73d92-c5fe-4dda-91f1-76e62c5708fb.jpg?im_w=720',272);
INSERT INTO image (type, url, room) VALUES ('detail','https://a0.muscache.com/im/pictures/840744eb-1db8-4a0e-96ea-e34d48d0c6fb.jpg?im_w=720',272);
INSERT INTO image (type, url, room) VALUES ('detail','https://a0.muscache.com/im/pictures/1e682978-0ed1-46a3-ba0b-4c28b63dff77.jpg?im_w=720',272);
INSERT INTO image (type, url, room) VALUES ('detail','https://a0.muscache.com/im/pictures/40c54154-3655-4286-b10d-617c98195655.jpg?im_w=720',272);
INSERT INTO image (type, url, room) VALUES ('detail','https://a0.muscache.com/im/pictures/1ff5cddd-2f72-4501-92d1-6c247c71dd02.jpg?im_w=720',272);
INSERT INTO image (type, url, room) VALUES ('detail','https://a0.muscache.com/im/pictures/48c2459a-0df8-4377-a749-4463664e240c.jpg?im_w=720',272);
INSERT INTO image (type, url, room) VALUES ('detail','https://a0.muscache.com/im/pictures/2ece4710-7915-4347-bcfa-dd9d6ec61873.jpg?im_w=720',272);
INSERT INTO image (type, url, room) VALUES ('detail','https://a0.muscache.com/im/pictures/7e67484a-6285-401d-94c5-1c55d967a315.jpg?im_w=720',272);
INSERT INTO image (type, url, room) VALUES ('detail','https://a0.muscache.com/im/pictures/9664acd1-c40d-42f2-9fc8-6bd40ef878ea.jpg?im_w=720',272);
INSERT INTO image (type, url, room) VALUES ('detail','https://a0.muscache.com/im/pictures/5bc8d2ab-747a-4f4f-bcdf-c2e6cedea071.jpg?im_w=720',272);
INSERT INTO image (type, url, room) VALUES ('detail','https://a0.muscache.com/im/pictures/01b21aef-5b81-4040-90b3-40a9743b63ab.jpg?im_w=720',272);
INSERT INTO image (type, url, room) VALUES ('detail','https://a0.muscache.com/im/pictures/9e5b1f87-df3f-489f-a572-1de2d422c490.jpg?im_w=720',272);
INSERT INTO image (type, url, room) VALUES ('detail','https://a0.muscache.com/im/pictures/6112065a-6669-48a6-bcfc-3f7e269a3944.jpg?im_w=720',272);
INSERT INTO image (type, url, room) VALUES ('detail','https://a0.muscache.com/im/pictures/d06a0b9f-d76c-4e30-9f88-6eb4bef10d8b.jpg?im_w=720',272);
INSERT INTO image (type, url, room) VALUES ('detail','https://a0.muscache.com/im/pictures/1719006a-8e5e-48a9-80dc-f53c3a686ce4.jpg?im_w=720',272);
INSERT INTO image (type, url, room) VALUES ('detail','https://a0.muscache.com/im/pictures/e42e5478-6446-415b-a455-6cb8baf1196d.jpg?im_w=720',272);
INSERT INTO image (type, url, room) VALUES ('detail','https://a0.muscache.com/im/pictures/4afe66c9-32a5-441e-97dc-49eb568cf2da.jpg?im_w=720',272);
INSERT INTO image (type, url, room) VALUES ('detail','https://a0.muscache.com/im/pictures/6e1d7fde-6099-4bdf-b528-b981b93c4eda.jpg?im_w=720',272);
INSERT INTO image (type, url, room) VALUES ('detail','https://a0.muscache.com/im/pictures/c9518765-f0c3-43bb-8945-f0926b5554eb.jpg?im_w=720',272);
INSERT INTO image (type, url, room) VALUES ('detail','https://a0.muscache.com/im/pictures/041dd17c-1240-4182-8f40-9667493ab2a6.jpg?im_w=720',272);
INSERT INTO image (type, url, room) VALUES ('detail','https://a0.muscache.com/im/pictures/960f6737-1f1b-429b-b28f-194159c5f9cc.jpg?im_w=720',272);
INSERT INTO image (type, url, room) VALUES ('detail','https://a0.muscache.com/im/pictures/b440ce43-dbf7-4e85-b49d-dfe9bc873d13.jpg?im_w=720',272);
INSERT INTO image (type, url, room) VALUES ('detail','https://a0.muscache.com/im/pictures/34def1b3-26d9-48fe-8545-711121129854.jpg?im_w=720',272);
INSERT INTO image (type, url, room) VALUES ('detail','https://a0.muscache.com/im/pictures/01ba8719-5593-491a-9522-fadf62cdd967.jpg?im_w=720',272);
INSERT INTO image (type, url, room) VALUES ('detail','https://a0.muscache.com/im/pictures/2f551176-fdb8-472b-b2fb-ba23c05c02cb.jpg?im_w=720',272);
INSERT INTO image (type, url, room) VALUES ('detail','https://a0.muscache.com/im/pictures/f44f6399-3849-40da-9531-27a3a97f7d54.jpg?im_w=720',272);
INSERT INTO image (type, url, room) VALUES ('detail','https://a0.muscache.com/im/pictures/63b2515f-b148-4d7c-b03b-fa4795b3c457.jpg?im_w=720',272);
insert into location(id,latitude,longitude,city) values (273,35.148,126.855,'광주');
INSERT INTO room (id, title, description, price_per_day, room_type, bed, max_guest, bathroom, location) VALUES (273,'미니미HOUSE 2🌿광주 🌿주차장무료/넷플릭스/매일침구교체💚','Chipyeong-dong, Seo-gu의 아파트 전체',95000,'집 전체',1,2,1,273);
INSERT INTO image (type, url, room) VALUES ('thumb','https://a0.muscache.com/im/pictures/27c4ea6a-bac9-4148-a9b8-8a612f037858.jpg?im_w=720',273);
INSERT INTO image (type, url, room) VALUES ('detail','https://a0.muscache.com/im/pictures/0732ce54-dd84-4540-84fb-f79f86adff85.jpg?im_w=720',273);
INSERT INTO image (type, url, room) VALUES ('detail','https://a0.muscache.com/im/pictures/5ac3253c-3581-472d-8c3c-eef1ee8d28c2.jpg?im_w=720',273);
INSERT INTO image (type, url, room) VALUES ('detail','https://a0.muscache.com/im/pictures/26bb70d8-4692-4162-ae78-5505c7df746a.jpg?im_w=720',273);
INSERT INTO image (type, url, room) VALUES ('detail','https://a0.muscache.com/im/pictures/f225deeb-45b4-48f6-bdd4-5dd0636c9e23.jpg?im_w=720',273);
INSERT INTO image (type, url, room) VALUES ('detail','https://a0.muscache.com/im/pictures/0da62dc1-9a1a-45df-bada-3a6ef6df0b88.jpg?im_w=720',273);
INSERT INTO image (type, url, room) VALUES ('detail','https://a0.muscache.com/im/pictures/fc5e96ca-8fd6-460a-930b-e7acb25cfbe4.jpg?im_w=720',273);
INSERT INTO image (type, url, room) VALUES ('detail','https://a0.muscache.com/im/pictures/4070ff0f-a17d-41a2-9bb5-2d2e91ce949b.jpg?im_w=720',273);
INSERT INTO image (type, url, room) VALUES ('detail','https://a0.muscache.com/im/pictures/3cf01560-dfbb-4b71-951a-ca1ca5764729.jpg?im_w=720',273);
INSERT INTO image (type, url, room) VALUES ('detail','https://a0.muscache.com/im/pictures/f69b86bf-d34f-4679-9a2b-fb2f02ab3de2.jpg?im_w=720',273);
INSERT INTO image (type, url, room) VALUES ('detail','https://a0.muscache.com/im/pictures/e28b8dc5-d119-4366-a024-e2160728eb8b.jpg?im_w=720',273);
INSERT INTO image (type, url, room) VALUES ('detail','https://a0.muscache.com/im/pictures/1d89bb13-6a63-406e-b813-b533b01bc541.jpg?im_w=720',273);
INSERT INTO image (type, url, room) VALUES ('detail','https://a0.muscache.com/im/pictures/7bc12871-7ea1-4fcb-b6e5-b739a0c4bc12.jpg?im_w=720',273);
INSERT INTO image (type, url, room) VALUES ('detail','https://a0.muscache.com/im/pictures/b3671f07-ca68-4adc-8638-c3db3935e9b0.jpg?im_w=720',273);
INSERT INTO image (type, url, room) VALUES ('detail','https://a0.muscache.com/im/pictures/5b4a8d3d-b016-4581-a4be-a0f19af559ff.jpg?im_w=720',273);
INSERT INTO image (type, url, room) VALUES ('detail','https://a0.muscache.com/im/pictures/4ed06556-f6ca-4377-8edd-80f4a4527707.jpg?im_w=720',273);
INSERT INTO image (type, url, room) VALUES ('detail','https://a0.muscache.com/im/pictures/8ddb1621-d1e6-4418-b8bb-56ec177c92db.jpg?im_w=720',273);
INSERT INTO image (type, url, room) VALUES ('detail','https://a0.muscache.com/im/pictures/ce2e2cf7-12d6-4be3-8da7-27ea75e2a80d.jpg?im_w=720',273);
INSERT INTO image (type, url, room) VALUES ('detail','https://a0.muscache.com/im/pictures/fbdfcd20-24e1-4310-8d4c-e0ca680ce3aa.jpg?im_w=720',273);
INSERT INTO image (type, url, room) VALUES ('detail','https://a0.muscache.com/im/pictures/167ef151-27b3-4887-a4f6-c3112b957d05.jpg?im_w=720',273);
INSERT INTO image (type, url, room) VALUES ('detail','https://a0.muscache.com/im/pictures/2c418f85-9d87-43d2-a0e3-01f5c15d0989.jpg?im_w=720',273);
INSERT INTO image (type, url, room) VALUES ('detail','https://a0.muscache.com/im/pictures/9657d3c4-c450-40e3-9779-409288328e51.jpg?im_w=720',273);
INSERT INTO image (type, url, room) VALUES ('detail','https://a0.muscache.com/im/pictures/43a03fc5-f6d4-4ab1-8f62-1476fc7fb54d.jpg?im_w=720',273);
INSERT INTO image (type, url, room) VALUES ('detail','https://a0.muscache.com/im/pictures/81f37a72-75a7-454b-8254-488e1bb62653.jpg?im_w=720',273);
INSERT INTO image (type, url, room) VALUES ('detail','https://a0.muscache.com/im/pictures/1c7356be-53fb-4275-8508-b846cb7dfd9c.jpg?im_w=720',273);
INSERT INTO image (type, url, room) VALUES ('detail','https://a0.muscache.com/im/pictures/c5093356-0383-49c7-b38f-3ce7d1d7c9fc.jpg?im_w=720',273);
INSERT INTO image (type, url, room) VALUES ('detail','https://a0.muscache.com/im/pictures/0f44ac2c-4312-4709-ada9-50baf29ea9f6.jpg?im_w=720',273);
INSERT INTO image (type, url, room) VALUES ('detail','https://a0.muscache.com/im/pictures/8a5e43bd-dad0-4d55-93c2-730703920c00.jpg?im_w=720',273);
INSERT INTO image (type, url, room) VALUES ('detail','https://a0.muscache.com/im/pictures/3231fad1-5960-46ca-95d5-319fb31df3be.jpg?im_w=720',273);
INSERT INTO image (type, url, room) VALUES ('detail','https://a0.muscache.com/im/pictures/88c36ac1-7027-4aeb-9459-9adeae2a06b2.jpg?im_w=720',273);
insert into location(id,latitude,longitude,city) values (274,35.159,126.884,'광주');
INSERT INTO room (id, title, description, price_per_day, room_type, bed, max_guest, bathroom, location) VALUES (274,'켈리 하우스, ***유스퀘어 버스터미널 인근(near bus terminal)','Nongseong-dong, Seo-gu의 콘도(아파트) 전체',100000,'집 전체',1,2,1,274);
INSERT INTO image (type, url, room) VALUES ('thumb','https://a0.muscache.com/im/pictures/c7c9952d-ddb8-4745-89c8-b0249d2390d2.jpg?im_w=720',274);
INSERT INTO image (type, url, room) VALUES ('detail','https://a0.muscache.com/im/pictures/0beb5880-0e54-4399-b07a-b7b3e3207b28.jpg?im_w=720',274);
INSERT INTO image (type, url, room) VALUES ('detail','https://a0.muscache.com/im/pictures/afa3b46f-78df-47a2-aad3-5ff5d8aadf5a.jpg?im_w=720',274);
INSERT INTO image (type, url, room) VALUES ('detail','https://a0.muscache.com/im/pictures/aec0628b-e042-4c60-a6b2-345124d098fc.jpg?im_w=720',274);
INSERT INTO image (type, url, room) VALUES ('detail','https://a0.muscache.com/im/pictures/d86a4bc7-9684-4332-8bfe-b63d15b07518.jpg?im_w=720',274);
INSERT INTO image (type, url, room) VALUES ('detail','https://a0.muscache.com/im/pictures/94f6f892-8411-4b49-8ee6-48ea327c5a9c.jpg?im_w=720',274);
INSERT INTO image (type, url, room) VALUES ('detail','https://a0.muscache.com/im/pictures/36bf3351-babf-4fc1-90f1-b60810088e6a.jpg?im_w=720',274);
INSERT INTO image (type, url, room) VALUES ('detail','https://a0.muscache.com/im/pictures/9807897e-728d-45a0-96eb-c838f6799211.jpg?im_w=720',274);
INSERT INTO image (type, url, room) VALUES ('detail','https://a0.muscache.com/im/pictures/946fbd50-a410-4000-95cc-e4895f62933f.jpg?im_w=720',274);
INSERT INTO image (type, url, room) VALUES ('detail','https://a0.muscache.com/im/pictures/b8395114-f576-44e5-927a-f4640d0c0279.jpg?im_w=720',274);
INSERT INTO image (type, url, room) VALUES ('detail','https://a0.muscache.com/im/pictures/5d25f23b-627a-47b4-9cf1-641abdb9d5ca.jpg?im_w=720',274);
INSERT INTO image (type, url, room) VALUES ('detail','https://a0.muscache.com/im/pictures/54b5e63e-b70f-4039-bb71-8deb3b75ba19.jpg?im_w=720',274);
INSERT INTO image (type, url, room) VALUES ('detail','https://a0.muscache.com/im/pictures/9cd2fae0-27e8-4f39-92b8-03da1b92eb05.jpg?im_w=720',274);
INSERT INTO image (type, url, room) VALUES ('detail','https://a0.muscache.com/im/pictures/888ed95c-aa03-4d5c-bee6-cf4be52862f5.jpg?im_w=720',274);
INSERT INTO image (type, url, room) VALUES ('detail','https://a0.muscache.com/im/pictures/b1e95411-5408-4eb6-a3c7-50023a9cb31f.jpg?im_w=720',274);
INSERT INTO image (type, url, room) VALUES ('detail','https://a0.muscache.com/im/pictures/cc5f3866-9744-411d-aebd-992605cad65c.jpg?im_w=720',274);
INSERT INTO image (type, url, room) VALUES ('detail','https://a0.muscache.com/im/pictures/miso/Hosting-33890586/original/b654226e-0487-4078-a972-94e86a6690a9.jpeg?im_w=720',274);
INSERT INTO image (type, url, room) VALUES ('detail','https://a0.muscache.com/im/pictures/72b67183-92d9-4844-96eb-ace554d74e93.jpg?im_w=720',274);
INSERT INTO image (type, url, room) VALUES ('detail','https://a0.muscache.com/im/pictures/d6973c11-fa36-46cb-aedb-6e73299d0c6a.jpg?im_w=720',274);
INSERT INTO image (type, url, room) VALUES ('detail','https://a0.muscache.com/im/pictures/dc2f0d97-e56c-495b-8b1f-9fc068a62446.jpg?im_w=720',274);
INSERT INTO image (type, url, room) VALUES ('detail','https://a0.muscache.com/im/pictures/e1b86b59-4b79-4838-987b-8ed1894051b8.jpg?im_w=720',274);
INSERT INTO image (type, url, room) VALUES ('detail','https://a0.muscache.com/im/pictures/93f1133f-dbfd-432f-8855-9d6e9b4ded2b.jpg?im_w=720',274);
INSERT INTO image (type, url, room) VALUES ('detail','https://a0.muscache.com/im/pictures/9fc3868b-d515-4e54-a742-b11f68c431ac.jpg?im_w=720',274);
insert into location(id,latitude,longitude,city) values (275,35.153,126.851,'광주');
INSERT INTO room (id, title, description, price_per_day, room_type, bed, max_guest, bathroom, location) VALUES (275,'White mood place (Netflix,빔프로젝터)','Chipyeong-dong, Seo-gu의 아파트 전체',90000,'집 전체',1,2,1,275);
INSERT INTO image (type, url, room) VALUES ('thumb','https://a0.muscache.com/im/pictures/miso/Hosting-47022663/original/da3d5dc5-9b1e-4168-bfa3-f9a029fca783.jpeg?im_w=720',275);
INSERT INTO image (type, url, room) VALUES ('detail','https://a0.muscache.com/im/pictures/2336c4b3-ae94-4a56-86bc-e7a1784cddf0.jpg?im_w=720',275);
INSERT INTO image (type, url, room) VALUES ('detail','https://a0.muscache.com/im/pictures/miso/Hosting-47022663/original/5da499c1-eb6a-4690-9afe-51e06302e11b.jpeg?im_w=720',275);
INSERT INTO image (type, url, room) VALUES ('detail','https://a0.muscache.com/im/pictures/96b4700d-7085-4eef-89cb-6bc03e19cbb1.jpg?im_w=720',275);
INSERT INTO image (type, url, room) VALUES ('detail','https://a0.muscache.com/im/pictures/7dcf03b7-abe6-4b15-9275-6fbf7c497277.jpg?im_w=720',275);
INSERT INTO image (type, url, room) VALUES ('detail','https://a0.muscache.com/im/pictures/a135aab5-79f7-438a-9aed-d0cadf4c19b7.jpg?im_w=720',275);
INSERT INTO image (type, url, room) VALUES ('detail','https://a0.muscache.com/im/pictures/miso/Hosting-47022663/original/d7dd4a24-54a2-4e24-aeee-1fdfcb060858.jpeg?im_w=720',275);
INSERT INTO image (type, url, room) VALUES ('detail','https://a0.muscache.com/im/pictures/52581866-3f7d-4b0d-aa60-62e366195d68.jpg?im_w=720',275);
INSERT INTO image (type, url, room) VALUES ('detail','https://a0.muscache.com/im/pictures/f5d0dbef-44e7-418a-a314-7f10a324c4c5.jpg?im_w=720',275);
INSERT INTO image (type, url, room) VALUES ('detail','https://a0.muscache.com/im/pictures/fe3ca4af-03bb-4c90-b822-fe9aae54e0d5.jpg?im_w=720',275);
INSERT INTO image (type, url, room) VALUES ('detail','https://a0.muscache.com/im/pictures/849d6859-8c61-4537-9fdd-54d4160285c1.jpg?im_w=720',275);
INSERT INTO image (type, url, room) VALUES ('detail','https://a0.muscache.com/im/pictures/487700c1-0388-4d37-8d05-f09264f25b14.jpg?im_w=720',275);
INSERT INTO image (type, url, room) VALUES ('detail','https://a0.muscache.com/im/pictures/miso/Hosting-47022663/original/18e1e736-3162-4089-a60f-9f8c575f3f65.jpeg?im_w=720',275);
INSERT INTO image (type, url, room) VALUES ('detail','https://a0.muscache.com/im/pictures/miso/Hosting-47022663/original/5530594b-3297-4c87-964b-840c9cdf3c67.jpeg?im_w=720',275);
INSERT INTO image (type, url, room) VALUES ('detail','https://a0.muscache.com/im/pictures/41e64742-17a9-4634-bac3-46f8fa3dc24f.jpg?im_w=720',275);
INSERT INTO image (type, url, room) VALUES ('detail','https://a0.muscache.com/im/pictures/4da26af1-0ee5-413a-899a-127acd12c608.jpg?im_w=720',275);
INSERT INTO image (type, url, room) VALUES ('detail','https://a0.muscache.com/im/pictures/3467909e-4364-45e6-83f3-7efcd0cf7399.jpg?im_w=720',275);
INSERT INTO image (type, url, room) VALUES ('detail','https://a0.muscache.com/im/pictures/cd90b18e-6650-4b28-afda-2718c58375e0.jpg?im_w=720',275);
INSERT INTO image (type, url, room) VALUES ('detail','https://a0.muscache.com/im/pictures/398a23b9-82e0-4510-8cfc-184eb9750221.jpg?im_w=720',275);
INSERT INTO image (type, url, room) VALUES ('detail','https://a0.muscache.com/im/pictures/ff08f52f-bac6-4061-bb85-ced199fab3e1.jpg?im_w=720',275);
INSERT INTO image (type, url, room) VALUES ('detail','https://a0.muscache.com/im/pictures/ec324208-aed8-46c6-a5ac-f97fd1d8841d.jpg?im_w=720',275);
INSERT INTO image (type, url, room) VALUES ('detail','https://a0.muscache.com/im/pictures/038a4e31-f627-4e77-a467-fa4a4f12f1e8.jpg?im_w=720',275);
INSERT INTO image (type, url, room) VALUES ('detail','https://a0.muscache.com/im/pictures/17ab78a7-a18c-4136-9308-799b2feeb882.jpg?im_w=720',275);
INSERT INTO image (type, url, room) VALUES ('detail','https://a0.muscache.com/im/pictures/caea735e-bcbb-4ea6-a059-fcc0298acb37.jpg?im_w=720',275);
INSERT INTO image (type, url, room) VALUES ('detail','https://a0.muscache.com/im/pictures/b365926f-f319-47ef-9fbf-6117ddc8a35c.jpg?im_w=720',275);
INSERT INTO image (type, url, room) VALUES ('detail','https://a0.muscache.com/im/pictures/f70c0f70-d71b-4f6a-81ea-fb1e50943fe0.jpg?im_w=720',275);
INSERT INTO image (type, url, room) VALUES ('detail','https://a0.muscache.com/im/pictures/007d69e5-035f-4f29-a8ed-0496bcc4f4df.jpg?im_w=720',275);
INSERT INTO image (type, url, room) VALUES ('detail','https://a0.muscache.com/im/pictures/9f544ada-53f3-4623-9fb1-43bd5f468ccd.jpg?im_w=720',275);
INSERT INTO image (type, url, room) VALUES ('detail','https://a0.muscache.com/im/pictures/d31b8762-f2f1-45a5-8c6e-6d42df6f3a68.jpg?im_w=720',275);
INSERT INTO image (type, url, room) VALUES ('detail','https://a0.muscache.com/im/pictures/c235a77b-8fc6-42be-bd68-0148afdc1658.jpg?im_w=720',275);
insert into location(id,latitude,longitude,city) values (276,35.153,126.852,'광주');
INSERT INTO room (id, title, description, price_per_day, room_type, bed, max_guest, bathroom, location) VALUES (276,'FUN&JOY ❤ 즐겁고 재밌는 갬성물씬 깨끗한 숙소^^대형TV NETFLIX 오락기~','Chipyeong-dong, Seo-gu의 아파트 전체',95000,'집 전체',1,2,1,276);
INSERT INTO image (type, url, room) VALUES ('thumb','https://a0.muscache.com/im/pictures/940e1aab-9031-470e-95f3-09ecba8fd685.jpg?im_w=720',276);
INSERT INTO image (type, url, room) VALUES ('detail','https://a0.muscache.com/im/pictures/51318ca5-9bfd-493c-a5eb-c4bf16fe4cd1.jpg?im_w=720',276);
INSERT INTO image (type, url, room) VALUES ('detail','https://a0.muscache.com/im/pictures/a8d287c8-c921-48f4-8ec1-e5aa9c2f1f9c.jpg?im_w=720',276);
INSERT INTO image (type, url, room) VALUES ('detail','https://a0.muscache.com/im/pictures/33a656f7-7b39-4c15-aeb5-f8441b434c00.jpg?im_w=720',276);
INSERT INTO image (type, url, room) VALUES ('detail','https://a0.muscache.com/im/pictures/e672706f-cb9b-4c12-8fdd-c1c3d287522a.jpg?im_w=720',276);
INSERT INTO image (type, url, room) VALUES ('detail','https://a0.muscache.com/im/pictures/745e7e04-1785-4ac0-ba66-ae162e13091d.jpg?im_w=720',276);
INSERT INTO image (type, url, room) VALUES ('detail','https://a0.muscache.com/im/pictures/4dfa58c2-00f2-445e-a337-37918d1ab2e5.jpg?im_w=720',276);
INSERT INTO image (type, url, room) VALUES ('detail','https://a0.muscache.com/im/pictures/6cccc574-d5d1-4fb8-9d43-9b37912f4bf5.jpg?im_w=720',276);
INSERT INTO image (type, url, room) VALUES ('detail','https://a0.muscache.com/im/pictures/ad6a1f95-40ef-4974-b27c-948555d1ec49.jpg?im_w=720',276);
INSERT INTO image (type, url, room) VALUES ('detail','https://a0.muscache.com/im/pictures/7b16c85c-98b4-45d8-a81e-1aea7ac61e6c.jpg?im_w=720',276);
INSERT INTO image (type, url, room) VALUES ('detail','https://a0.muscache.com/im/pictures/fd62b64b-ebc1-4896-9e93-97f080c30823.jpg?im_w=720',276);
INSERT INTO image (type, url, room) VALUES ('detail','https://a0.muscache.com/im/pictures/b2dcc6ec-caa8-43ff-ba40-8a25b0b51585.jpg?im_w=720',276);
INSERT INTO image (type, url, room) VALUES ('detail','https://a0.muscache.com/im/pictures/8f3cb427-d659-4511-b410-b97863eba01d.jpg?im_w=720',276);
INSERT INTO image (type, url, room) VALUES ('detail','https://a0.muscache.com/im/pictures/da3a1b3b-fc58-4906-b162-87ea84d99610.jpg?im_w=720',276);
INSERT INTO image (type, url, room) VALUES ('detail','https://a0.muscache.com/im/pictures/3e6a1306-11e4-4dfd-af89-b86907f8f138.jpg?im_w=720',276);
INSERT INTO image (type, url, room) VALUES ('detail','https://a0.muscache.com/im/pictures/00b485d4-6e60-4c8c-829f-606b6aacc7a4.jpg?im_w=720',276);
INSERT INTO image (type, url, room) VALUES ('detail','https://a0.muscache.com/im/pictures/c8d8df5f-5e24-4437-a27c-42f64b722128.jpg?im_w=720',276);
INSERT INTO image (type, url, room) VALUES ('detail','https://a0.muscache.com/im/pictures/be7bca0c-c30a-4920-a5ca-a83f2fd294b4.jpg?im_w=720',276);
INSERT INTO image (type, url, room) VALUES ('detail','https://a0.muscache.com/im/pictures/817dfdb4-56d5-43e6-b6d5-50697f0c9a58.jpg?im_w=720',276);
INSERT INTO image (type, url, room) VALUES ('detail','https://a0.muscache.com/im/pictures/c77aac62-0e9d-4124-9acf-c931bc666282.jpg?im_w=720',276);
INSERT INTO image (type, url, room) VALUES ('detail','https://a0.muscache.com/im/pictures/ef3082a0-a977-4640-8bbe-0f4a6889f13d.jpg?im_w=720',276);
INSERT INTO image (type, url, room) VALUES ('detail','https://a0.muscache.com/im/pictures/d14078cf-02dc-44dc-aad7-bfb1ca256a28.jpg?im_w=720',276);
INSERT INTO image (type, url, room) VALUES ('detail','https://a0.muscache.com/im/pictures/180b45f6-4522-4928-8459-d749c339f27e.jpg?im_w=720',276);
INSERT INTO image (type, url, room) VALUES ('detail','https://a0.muscache.com/im/pictures/5b88a110-4ef1-4b43-9e50-0b43c294bb85.jpg?im_w=720',276);
INSERT INTO image (type, url, room) VALUES ('detail','https://a0.muscache.com/im/pictures/1b1990e7-bb09-4a39-b68a-336f2b52398c.jpg?im_w=720',276);
INSERT INTO image (type, url, room) VALUES ('detail','https://a0.muscache.com/im/pictures/59b7a7ff-48e2-43ee-860b-6974d7b75c63.jpg?im_w=720',276);
INSERT INTO image (type, url, room) VALUES ('detail','https://a0.muscache.com/im/pictures/593b080d-27d9-4584-b393-4b87ba169a9b.jpg?im_w=720',276);
INSERT INTO image (type, url, room) VALUES ('detail','https://a0.muscache.com/im/pictures/26e1d343-648f-4072-aed8-9da69c513bd4.jpg?im_w=720',276);
INSERT INTO image (type, url, room) VALUES ('detail','https://a0.muscache.com/im/pictures/ffcc6b06-cc6d-470f-b4a9-ac520eef42a9.jpg?im_w=720',276);
INSERT INTO image (type, url, room) VALUES ('detail','https://a0.muscache.com/im/pictures/814523d7-5c45-49bd-9e44-3b9586e916d5.jpg?im_w=720',276);
insert into location(id,latitude,longitude,city) values (277,35.158,126.849,'광주');
INSERT INTO room (id, title, description, price_per_day, room_type, bed, max_guest, bathroom, location) VALUES (277,'Oasis House ♥︎ 신규오픈/ 복층 / 고층시티뷰 / 상무지구핫플','Chipyeong-dong, Seo-gu의 아파트 전체',80000,'집 전체',1,2,1,277);
INSERT INTO image (type, url, room) VALUES ('thumb','https://a0.muscache.com/im/pictures/e93814d1-8079-494d-a380-07d857bc4243.jpg?im_w=720',277);
INSERT INTO image (type, url, room) VALUES ('detail','https://a0.muscache.com/im/pictures/044010d0-022c-4c22-b6b4-df0c926c1638.jpg?im_w=720',277);
INSERT INTO image (type, url, room) VALUES ('detail','https://a0.muscache.com/im/pictures/de9379d5-b17d-4243-99ae-b1e6f3279dee.jpg?im_w=720',277);
INSERT INTO image (type, url, room) VALUES ('detail','https://a0.muscache.com/im/pictures/ca9a9605-c7da-4008-a798-970bdb06b10f.jpg?im_w=720',277);
INSERT INTO image (type, url, room) VALUES ('detail','https://a0.muscache.com/im/pictures/776c1111-b8e4-4fd8-85d4-6e58562c38e9.jpg?im_w=720',277);
INSERT INTO image (type, url, room) VALUES ('detail','https://a0.muscache.com/im/pictures/88718b2b-40eb-4431-bac4-3b8e3d0fd54f.jpg?im_w=720',277);
INSERT INTO image (type, url, room) VALUES ('detail','https://a0.muscache.com/im/pictures/ed90d7c0-28c0-4d6c-9abd-ea8d25e78d25.jpg?im_w=720',277);
INSERT INTO image (type, url, room) VALUES ('detail','https://a0.muscache.com/im/pictures/89919e15-f87f-4d36-b732-66b278a20e93.jpg?im_w=720',277);
INSERT INTO image (type, url, room) VALUES ('detail','https://a0.muscache.com/im/pictures/bc73c84c-d108-40e2-9c17-5d9ee528cc82.jpg?im_w=720',277);
INSERT INTO image (type, url, room) VALUES ('detail','https://a0.muscache.com/im/pictures/053b53dc-6441-4315-85b9-e0bbf8b13b31.jpg?im_w=720',277);
INSERT INTO image (type, url, room) VALUES ('detail','https://a0.muscache.com/im/pictures/2f3c03b9-05c1-42bb-a4bd-838aa455cf9b.jpg?im_w=720',277);
INSERT INTO image (type, url, room) VALUES ('detail','https://a0.muscache.com/im/pictures/d32414b0-5457-4e10-8f1f-62ee4cd48428.jpg?im_w=720',277);
INSERT INTO image (type, url, room) VALUES ('detail','https://a0.muscache.com/im/pictures/645bec7a-7ab7-458d-ba4d-70fe2a17c2e5.jpg?im_w=720',277);
INSERT INTO image (type, url, room) VALUES ('detail','https://a0.muscache.com/im/pictures/41368cc5-5980-4252-ab49-b1718f5ad83d.jpg?im_w=720',277);
INSERT INTO image (type, url, room) VALUES ('detail','https://a0.muscache.com/im/pictures/1f1cb06c-0133-4f48-a7ea-7c8c60524ea7.jpg?im_w=720',277);
INSERT INTO image (type, url, room) VALUES ('detail','https://a0.muscache.com/im/pictures/da00cd4c-67b0-4263-9978-6971497d19d4.jpg?im_w=720',277);
INSERT INTO image (type, url, room) VALUES ('detail','https://a0.muscache.com/im/pictures/563489b0-0360-4ec1-9920-40f11582b9f8.jpg?im_w=720',277);
INSERT INTO image (type, url, room) VALUES ('detail','https://a0.muscache.com/im/pictures/d54aebef-f608-4ade-8db5-46e0ca85e0cc.jpg?im_w=720',277);
INSERT INTO image (type, url, room) VALUES ('detail','https://a0.muscache.com/im/pictures/554e2213-58d4-4ed2-834a-a91a8f8a629b.jpg?im_w=720',277);
INSERT INTO image (type, url, room) VALUES ('detail','https://a0.muscache.com/im/pictures/b1469970-63b1-4634-be7f-5e7365de17bf.jpg?im_w=720',277);
INSERT INTO image (type, url, room) VALUES ('detail','https://a0.muscache.com/im/pictures/48b6d04f-9187-4600-86a0-289c824e35fd.jpg?im_w=720',277);
INSERT INTO image (type, url, room) VALUES ('detail','https://a0.muscache.com/im/pictures/9484ac6b-f3b2-4f04-b0ba-c93b89408c99.jpg?im_w=720',277);
INSERT INTO image (type, url, room) VALUES ('detail','https://a0.muscache.com/im/pictures/69f38dd8-c9bf-4e2d-966d-8004b94aa5a2.jpg?im_w=720',277);
INSERT INTO image (type, url, room) VALUES ('detail','https://a0.muscache.com/im/pictures/7efa70f4-e3b5-474c-a907-75f08793ec81.jpg?im_w=720',277);
INSERT INTO image (type, url, room) VALUES ('detail','https://a0.muscache.com/im/pictures/bee70c7d-01c5-425b-955d-7275635fc9ed.jpg?im_w=720',277);
INSERT INTO image (type, url, room) VALUES ('detail','https://a0.muscache.com/im/pictures/2d7a7633-8a30-4257-964d-f7986c029622.jpg?im_w=720',277);
INSERT INTO image (type, url, room) VALUES ('detail','https://a0.muscache.com/im/pictures/26592aa1-849c-4792-8df0-e207ef97166b.jpg?im_w=720',277);
INSERT INTO image (type, url, room) VALUES ('detail','https://a0.muscache.com/im/pictures/313492a3-e1b9-4fd1-86e7-33c72f6f0368.jpg?im_w=720',277);
INSERT INTO image (type, url, room) VALUES ('detail','https://a0.muscache.com/im/pictures/85ce8fab-a2ba-44cb-965d-f2bda348bf63.jpg?im_w=720',277);
INSERT INTO image (type, url, room) VALUES ('detail','https://a0.muscache.com/im/pictures/d090f78d-db2f-4819-bc92-8c5b476b8d8c.jpg?im_w=720',277);
insert into location(id,latitude,longitude,city) values (278,35.157,126.85,'광주');
INSERT INTO room (id, title, description, price_per_day, room_type, bed, max_guest, bathroom, location) VALUES (278,'시티뷰를 품은 테라스#
65인치 대형TV#
무료 넷플릭스#
❤아미 하우스❤','Chipyeong-dong, Seo-gu의 아파트 전체',100000,'집 전체',1,2,1,278);
INSERT INTO image (type, url, room) VALUES ('thumb','https://a0.muscache.com/im/pictures/add21809-1894-4b02-94d1-877894572088.jpg?im_w=720',278);
INSERT INTO image (type, url, room) VALUES ('detail','https://a0.muscache.com/im/pictures/96373b14-a405-4a71-9ff7-f544df8e9bcf.jpg?im_w=720',278);
INSERT INTO image (type, url, room) VALUES ('detail','https://a0.muscache.com/im/pictures/8dd36509-af3d-4093-adf0-806abfa86cbc.jpg?im_w=720',278);
INSERT INTO image (type, url, room) VALUES ('detail','https://a0.muscache.com/im/pictures/c535a557-a601-41fb-b990-02095ab58131.jpg?im_w=720',278);
INSERT INTO image (type, url, room) VALUES ('detail','https://a0.muscache.com/im/pictures/640e86ef-ac52-403c-936b-581785acf626.jpg?im_w=720',278);
INSERT INTO image (type, url, room) VALUES ('detail','https://a0.muscache.com/im/pictures/0192c76d-bac1-4db7-8d55-d5613def4833.jpg?im_w=720',278);
INSERT INTO image (type, url, room) VALUES ('detail','https://a0.muscache.com/im/pictures/8b39b659-9d4b-499d-ae06-c347cccd43df.jpg?im_w=720',278);
INSERT INTO image (type, url, room) VALUES ('detail','https://a0.muscache.com/im/pictures/68e66e82-77c4-4eb5-aa1b-339428aaf163.jpg?im_w=720',278);
INSERT INTO image (type, url, room) VALUES ('detail','https://a0.muscache.com/im/pictures/39081a3c-9ea2-4e88-b059-101c6a50a10c.jpg?im_w=720',278);
INSERT INTO image (type, url, room) VALUES ('detail','https://a0.muscache.com/im/pictures/5747aa57-d767-41b3-a06e-0e7b908dc363.jpg?im_w=720',278);
INSERT INTO image (type, url, room) VALUES ('detail','https://a0.muscache.com/im/pictures/fdd18bff-a2dd-4688-b80a-04e883ccdbc1.jpg?im_w=720',278);
INSERT INTO image (type, url, room) VALUES ('detail','https://a0.muscache.com/im/pictures/632c5c83-8f33-4489-a584-ffa2ce704604.jpg?im_w=720',278);
INSERT INTO image (type, url, room) VALUES ('detail','https://a0.muscache.com/im/pictures/144eb9fa-4d20-4473-beea-d92b1e051250.jpg?im_w=720',278);
INSERT INTO image (type, url, room) VALUES ('detail','https://a0.muscache.com/im/pictures/dbb8f214-bd66-4195-aaf4-98145ce26593.jpg?im_w=720',278);
INSERT INTO image (type, url, room) VALUES ('detail','https://a0.muscache.com/im/pictures/be9fc44b-9560-483e-b349-cd008af54860.jpg?im_w=720',278);
INSERT INTO image (type, url, room) VALUES ('detail','https://a0.muscache.com/im/pictures/e449de76-30ca-497d-bd5d-029e40aeaba6.jpg?im_w=720',278);
INSERT INTO image (type, url, room) VALUES ('detail','https://a0.muscache.com/im/pictures/cea46db2-f8ad-4255-8996-3e8c9cce93f4.jpg?im_w=720',278);
INSERT INTO image (type, url, room) VALUES ('detail','https://a0.muscache.com/im/pictures/aaf01a60-a978-4baf-a2c1-4f4c9a22dcca.jpg?im_w=720',278);
INSERT INTO image (type, url, room) VALUES ('detail','https://a0.muscache.com/im/pictures/00790f96-cd74-496f-85ea-d35e95e8f213.jpg?im_w=720',278);
INSERT INTO image (type, url, room) VALUES ('detail','https://a0.muscache.com/im/pictures/e401ae58-6489-4627-8354-17d3d5d08392.jpg?im_w=720',278);
INSERT INTO image (type, url, room) VALUES ('detail','https://a0.muscache.com/im/pictures/94a4abb1-81b9-4432-ae24-e9b93d5369e7.jpg?im_w=720',278);
INSERT INTO image (type, url, room) VALUES ('detail','https://a0.muscache.com/im/pictures/82e2a77a-51fe-4266-a233-2be4f018374d.jpg?im_w=720',278);
INSERT INTO image (type, url, room) VALUES ('detail','https://a0.muscache.com/im/pictures/b280c3a9-8912-448a-a540-dc1f37680aa9.jpg?im_w=720',278);
INSERT INTO image (type, url, room) VALUES ('detail','https://a0.muscache.com/im/pictures/7d96a712-a82f-4e65-ba21-7d57a6a47e35.jpg?im_w=720',278);
INSERT INTO image (type, url, room) VALUES ('detail','https://a0.muscache.com/im/pictures/494340cb-4d0d-4ca9-b69b-91d739092abc.jpg?im_w=720',278);
INSERT INTO image (type, url, room) VALUES ('detail','https://a0.muscache.com/im/pictures/50fbe82e-2457-4f09-a796-d60937876418.jpg?im_w=720',278);
INSERT INTO image (type, url, room) VALUES ('detail','https://a0.muscache.com/im/pictures/43a4a424-be2d-4a44-9a2a-41f53ef65a3d.jpg?im_w=720',278);
INSERT INTO image (type, url, room) VALUES ('detail','https://a0.muscache.com/im/pictures/72c8a370-aff3-4a0b-b920-99338bdf8483.jpg?im_w=720',278);
INSERT INTO image (type, url, room) VALUES ('detail','https://a0.muscache.com/im/pictures/18e704a7-85f7-4831-b088-1f4c3edd911b.jpg?im_w=720',278);
INSERT INTO image (type, url, room) VALUES ('detail','https://a0.muscache.com/im/pictures/5aa02369-5ca0-4402-a4ca-d796dd7697d7.jpg?im_w=720',278);
insert into location(id,latitude,longitude,city) values (279,35.135,126.791,'광주');
INSERT INTO room (id, title, description, price_per_day, room_type, bed, max_guest, bathroom, location) VALUES (279,'K-House no.2 :부티크 :무료Netflix  :KTX1분 :시장 :개인별 비밀번호','Songjeong 2(i)-dong, Gwangsan-gu의 아파트 전체',100000,'집 전체',3,3,1,279);
INSERT INTO image (type, url, room) VALUES ('thumb','https://a0.muscache.com/im/pictures/38193d5f-60a9-4928-8b28-39f11acd33db.jpg?im_w=720',279);
INSERT INTO image (type, url, room) VALUES ('detail','https://a0.muscache.com/im/pictures/5ed7f412-67e3-4fad-bcd3-9dd29202b080.jpg?im_w=720',279);
INSERT INTO image (type, url, room) VALUES ('detail','https://a0.muscache.com/im/pictures/bcba8ef6-cb9b-43ad-8de3-a89200609d35.jpg?im_w=720',279);
INSERT INTO image (type, url, room) VALUES ('detail','https://a0.muscache.com/im/pictures/b55caea0-3aa4-4469-afb3-653283bdc29a.jpg?im_w=720',279);
INSERT INTO image (type, url, room) VALUES ('detail','https://a0.muscache.com/im/pictures/df7ef3a4-0348-4741-a24b-6ac54ab6d8de.jpg?im_w=720',279);
INSERT INTO image (type, url, room) VALUES ('detail','https://a0.muscache.com/im/pictures/d4069cfe-e581-446d-9b93-c5ca942a26bf.jpg?im_w=720',279);
INSERT INTO image (type, url, room) VALUES ('detail','https://a0.muscache.com/im/pictures/85b2f697-31d1-4d82-a39e-16b8ccdcd5a9.jpg?im_w=720',279);
INSERT INTO image (type, url, room) VALUES ('detail','https://a0.muscache.com/im/pictures/1afc411d-1d71-4f45-821d-c4349d553115.jpg?im_w=720',279);
INSERT INTO image (type, url, room) VALUES ('detail','https://a0.muscache.com/im/pictures/8da6be8b-8f9e-4831-9fd7-2308ff91991f.jpg?im_w=720',279);
INSERT INTO image (type, url, room) VALUES ('detail','https://a0.muscache.com/im/pictures/f9a9b212-5f2d-434b-9460-357a66bad415.jpg?im_w=720',279);
INSERT INTO image (type, url, room) VALUES ('detail','https://a0.muscache.com/im/pictures/058660d2-fb45-485c-b850-fc6ba3296ade.jpg?im_w=720',279);
INSERT INTO image (type, url, room) VALUES ('detail','https://a0.muscache.com/im/pictures/f4b961e0-ac1b-44e2-a371-b2cd32f40581.jpg?im_w=720',279);
INSERT INTO image (type, url, room) VALUES ('detail','https://a0.muscache.com/im/pictures/b94bf465-43c2-4182-9e1f-6c3bd983a7d4.jpg?im_w=720',279);
INSERT INTO image (type, url, room) VALUES ('detail','https://a0.muscache.com/im/pictures/6f384bcc-83c6-400b-8a85-735fe4661fd6.jpg?im_w=720',279);
INSERT INTO image (type, url, room) VALUES ('detail','https://a0.muscache.com/im/pictures/1ac5fea0-28e1-45e8-afb2-2f43a9093194.jpg?im_w=720',279);
INSERT INTO image (type, url, room) VALUES ('detail','https://a0.muscache.com/im/pictures/c7aa53ee-11bb-40cb-bb69-4e41bd0da44c.jpg?im_w=720',279);
INSERT INTO image (type, url, room) VALUES ('detail','https://a0.muscache.com/im/pictures/fe124515-4c9f-4ad1-ac9c-6504a94e59f9.jpg?im_w=720',279);
INSERT INTO image (type, url, room) VALUES ('detail','https://a0.muscache.com/im/pictures/7a84fa15-899b-45b6-8437-e4f5b5dfdb05.jpg?im_w=720',279);
INSERT INTO image (type, url, room) VALUES ('detail','https://a0.muscache.com/im/pictures/8bb59c5c-639e-464b-926a-76fdbbb7d599.jpg?im_w=720',279);
INSERT INTO image (type, url, room) VALUES ('detail','https://a0.muscache.com/im/pictures/1fb3c3f5-391b-4d29-a4bb-52721d620876.jpg?im_w=720',279);
INSERT INTO image (type, url, room) VALUES ('detail','https://a0.muscache.com/im/pictures/3d1344d6-e933-46f2-80ee-a2fb3cc6da94.jpg?im_w=720',279);
INSERT INTO image (type, url, room) VALUES ('detail','https://a0.muscache.com/im/pictures/0d54504a-6d4b-41e8-bb11-1e1895731e31.jpg?im_w=720',279);
INSERT INTO image (type, url, room) VALUES ('detail','https://a0.muscache.com/im/pictures/b4d834e9-fc45-43a4-bc46-b1f710db1aa1.jpg?im_w=720',279);
INSERT INTO image (type, url, room) VALUES ('detail','https://a0.muscache.com/im/pictures/8b97f61b-8f1d-4c03-8ce8-088ebb3a04a8.jpg?im_w=720',279);
INSERT INTO image (type, url, room) VALUES ('detail','https://a0.muscache.com/im/pictures/6548e1ae-c869-4764-b1d0-7b1e4cc08a52.jpg?im_w=720',279);
INSERT INTO image (type, url, room) VALUES ('detail','https://a0.muscache.com/im/pictures/0515941b-5972-48aa-a828-9a8a42828508.jpg?im_w=720',279);
insert into location(id,latitude,longitude,city) values (280,35.158,126.848,'광주');
INSERT INTO room (id, title, description, price_per_day, room_type, bed, max_guest, bathroom, location) VALUES (280,'상무지구_깔끔하고 따뜻한 숙소! 셰리프 티비와 프리미엄매트리스로 편안한 하루:)','광주광역시의 콘도(아파트) 전체',90000,'집 전체',1,4,1,280);
INSERT INTO image (type, url, room) VALUES ('thumb','https://a0.muscache.com/im/pictures/c0871368-9e14-41da-b281-f42da2cf59e6.jpg?im_w=720',280);
INSERT INTO image (type, url, room) VALUES ('detail','https://a0.muscache.com/im/pictures/49ddc17b-b81b-4064-94b6-715dabcdced8.jpg?im_w=720',280);
INSERT INTO image (type, url, room) VALUES ('detail','https://a0.muscache.com/im/pictures/66dbb091-9110-4b05-9fe8-a5d55359efff.jpg?im_w=720',280);
INSERT INTO image (type, url, room) VALUES ('detail','https://a0.muscache.com/im/pictures/2f866ed9-fa90-44b7-b15f-8b82ee8f5bc4.jpg?im_w=720',280);
INSERT INTO image (type, url, room) VALUES ('detail','https://a0.muscache.com/im/pictures/79357a69-2a62-4887-b720-d1726a90e47d.jpg?im_w=720',280);
INSERT INTO image (type, url, room) VALUES ('detail','https://a0.muscache.com/im/pictures/c76473b3-c335-4d28-9d13-614f0eb2ea0d.jpg?im_w=720',280);
INSERT INTO image (type, url, room) VALUES ('detail','https://a0.muscache.com/im/pictures/6e7523aa-46ad-47e0-893e-100245adb43b.jpg?im_w=720',280);
INSERT INTO image (type, url, room) VALUES ('detail','https://a0.muscache.com/im/pictures/15cc7f84-3f48-465e-82dc-88506e88108f.jpg?im_w=720',280);
INSERT INTO image (type, url, room) VALUES ('detail','https://a0.muscache.com/im/pictures/5af21601-364a-435b-a801-7ae4906ffd5e.jpg?im_w=720',280);
INSERT INTO image (type, url, room) VALUES ('detail','https://a0.muscache.com/im/pictures/c99ea8ec-1054-44a7-acc2-1c2b03c68d81.jpg?im_w=720',280);
INSERT INTO image (type, url, room) VALUES ('detail','https://a0.muscache.com/im/pictures/a991a558-2047-47da-a370-3384c7eddc8b.jpg?im_w=720',280);
INSERT INTO image (type, url, room) VALUES ('detail','https://a0.muscache.com/im/pictures/a5519abd-7724-470b-b6a8-a11a54a044f4.jpg?im_w=720',280);
INSERT INTO image (type, url, room) VALUES ('detail','https://a0.muscache.com/im/pictures/58aef788-6cf6-4a76-bb08-296af2acfaef.jpg?im_w=720',280);
INSERT INTO image (type, url, room) VALUES ('detail','https://a0.muscache.com/im/pictures/0ce8b72c-d56a-4fee-8514-97f719980511.jpg?im_w=720',280);
INSERT INTO image (type, url, room) VALUES ('detail','https://a0.muscache.com/im/pictures/d8bbd2fe-6324-4162-84c6-64783c33e36d.jpg?im_w=720',280);
INSERT INTO image (type, url, room) VALUES ('detail','https://a0.muscache.com/im/pictures/e0d8fdf7-cfb8-48ef-90c2-d32f746c2db5.jpg?im_w=720',280);
insert into location(id,latitude,longitude,city) values (281,35.153,126.854,'광주');
INSERT INTO room (id, title, description, price_per_day, room_type, bed, max_guest, bathroom, location) VALUES (281,'🏠깨끗하고 아늑한 집🏠 #CLEAN HOUSE# #접근성매우좋은위치# #레트로게임기#','Chipyeong-dong, Seo-gu의 아파트 전체',98000,'집 전체',1,4,1,281);
INSERT INTO image (type, url, room) VALUES ('thumb','https://a0.muscache.com/im/pictures/d0d6a2ac-4365-42d4-a8b9-ce5099fb0870.jpg?im_w=720',281);
INSERT INTO image (type, url, room) VALUES ('detail','https://a0.muscache.com/im/pictures/0c37884b-073f-4787-abdc-9b3d5079aa67.jpg?im_w=720',281);
INSERT INTO image (type, url, room) VALUES ('detail','https://a0.muscache.com/im/pictures/3bbca7c0-f265-476b-a8c2-3f282da362c5.jpg?im_w=720',281);
INSERT INTO image (type, url, room) VALUES ('detail','https://a0.muscache.com/im/pictures/3e9953ac-57a7-452e-99aa-94273e1dbd57.jpg?im_w=720',281);
INSERT INTO image (type, url, room) VALUES ('detail','https://a0.muscache.com/im/pictures/82c2e1a4-073a-47ab-928b-ff325bdcf0b5.jpg?im_w=720',281);
INSERT INTO image (type, url, room) VALUES ('detail','https://a0.muscache.com/im/pictures/05f86b95-1f41-4bd2-84c0-7f57e0311ac6.jpg?im_w=720',281);
INSERT INTO image (type, url, room) VALUES ('detail','https://a0.muscache.com/im/pictures/1a9b56e5-81a5-4715-b673-3f7f5ebe57f2.jpg?im_w=720',281);
INSERT INTO image (type, url, room) VALUES ('detail','https://a0.muscache.com/im/pictures/f0e49a72-176c-42fd-9771-c0681877a5c7.jpg?im_w=720',281);
INSERT INTO image (type, url, room) VALUES ('detail','https://a0.muscache.com/im/pictures/b32273a2-1ad5-4f4d-8df8-702a110c5bfa.jpg?im_w=720',281);
INSERT INTO image (type, url, room) VALUES ('detail','https://a0.muscache.com/im/pictures/027b0271-99c4-49f2-9f25-886bf4ae2407.jpg?im_w=720',281);
INSERT INTO image (type, url, room) VALUES ('detail','https://a0.muscache.com/im/pictures/5d9a5ca3-ab79-4c78-b591-e8ad95912dd6.jpg?im_w=720',281);
INSERT INTO image (type, url, room) VALUES ('detail','https://a0.muscache.com/im/pictures/01b48627-9c15-4961-b422-deeb8040e0cf.jpg?im_w=720',281);
INSERT INTO image (type, url, room) VALUES ('detail','https://a0.muscache.com/im/pictures/4e05c923-355c-480d-baf1-c794f63fd888.jpg?im_w=720',281);
INSERT INTO image (type, url, room) VALUES ('detail','https://a0.muscache.com/im/pictures/c2953a47-a42e-4222-8ae8-807670dbf1a5.jpg?im_w=720',281);
INSERT INTO image (type, url, room) VALUES ('detail','https://a0.muscache.com/im/pictures/7aee3514-bd1d-4a2d-88d5-15515e32017f.jpg?im_w=720',281);
INSERT INTO image (type, url, room) VALUES ('detail','https://a0.muscache.com/im/pictures/0367ad3b-cd5a-4442-ae22-d2b57013c76e.jpg?im_w=720',281);
INSERT INTO image (type, url, room) VALUES ('detail','https://a0.muscache.com/im/pictures/20d4daad-45f6-4140-aecf-c3ba2a4bda5d.jpg?im_w=720',281);
insert into location(id,latitude,longitude,city) values (282,35.154,126.851,'광주');
INSERT INTO room (id, title, description, price_per_day, room_type, bed, max_guest, bathroom, location) VALUES (282,'[감성시티뷰 광주 RAMSTAY◡̈] 매일침구세탁✨연박할인❗️#넷플릭스#빔프로젝터','Chipyeong-dong, Seo-gu의 아파트 전체',85000,'집 전체',1,3,1,282);
INSERT INTO image (type, url, room) VALUES ('thumb','https://a0.muscache.com/im/pictures/miso/Hosting-45706993/original/4b3f5e8d-fd6a-4501-8cb4-aac42375e1b9.jpeg?im_w=720',282);
INSERT INTO image (type, url, room) VALUES ('detail','https://a0.muscache.com/im/pictures/86bee10b-817d-4781-8563-fb555438d1af.jpg?im_w=720',282);
INSERT INTO image (type, url, room) VALUES ('detail','https://a0.muscache.com/im/pictures/25b5d1f4-8a76-489e-a874-0e003c0a7c21.jpg?im_w=720',282);
INSERT INTO image (type, url, room) VALUES ('detail','https://a0.muscache.com/im/pictures/378316a4-ab66-497e-bf5f-87b11cfbcd3b.jpg?im_w=720',282);
INSERT INTO image (type, url, room) VALUES ('detail','https://a0.muscache.com/im/pictures/d54efb9f-fcf8-48c0-8e93-c60867874d5e.jpg?im_w=720',282);
INSERT INTO image (type, url, room) VALUES ('detail','https://a0.muscache.com/im/pictures/bc1c860e-bed5-46fe-b9e6-6a782da85648.jpg?im_w=720',282);
INSERT INTO image (type, url, room) VALUES ('detail','https://a0.muscache.com/im/pictures/ecddcd4c-13e5-42be-81bc-0b986b31d190.jpg?im_w=720',282);
INSERT INTO image (type, url, room) VALUES ('detail','https://a0.muscache.com/im/pictures/f476743e-b645-4a9e-a5a8-8dbb768702fc.jpg?im_w=720',282);
INSERT INTO image (type, url, room) VALUES ('detail','https://a0.muscache.com/im/pictures/a2350faa-f013-4d49-bc2c-8514c94f348e.jpg?im_w=720',282);
INSERT INTO image (type, url, room) VALUES ('detail','https://a0.muscache.com/im/pictures/f62d8f84-f5cc-4a6d-bcd8-ab26b9c333f2.jpg?im_w=720',282);
INSERT INTO image (type, url, room) VALUES ('detail','https://a0.muscache.com/im/pictures/4195582c-98d0-46bd-9b63-70f897756d2c.jpg?im_w=720',282);
INSERT INTO image (type, url, room) VALUES ('detail','https://a0.muscache.com/im/pictures/654af53c-4eb3-4fde-9703-ae9ff077b4aa.jpg?im_w=720',282);
INSERT INTO image (type, url, room) VALUES ('detail','https://a0.muscache.com/im/pictures/44cd40cc-9158-4099-a4b4-3ca847fee817.jpg?im_w=720',282);
INSERT INTO image (type, url, room) VALUES ('detail','https://a0.muscache.com/im/pictures/e909ec7b-3b82-4726-8976-f5876f6ceee0.jpg?im_w=720',282);
INSERT INTO image (type, url, room) VALUES ('detail','https://a0.muscache.com/im/pictures/miso/Hosting-45706993/original/e712ada5-afd9-4866-a3dc-dea2c3e6d7ff.jpeg?im_w=720',282);
INSERT INTO image (type, url, room) VALUES ('detail','https://a0.muscache.com/im/pictures/49e0dc09-8cac-43ac-aa6c-7e0ee7d976c8.jpg?im_w=720',282);
INSERT INTO image (type, url, room) VALUES ('detail','https://a0.muscache.com/im/pictures/e7594311-c82b-4944-8dfa-6b734569af2d.jpg?im_w=720',282);
INSERT INTO image (type, url, room) VALUES ('detail','https://a0.muscache.com/im/pictures/c0f870f6-547d-483f-ba4e-1154cac81e6d.jpg?im_w=720',282);
INSERT INTO image (type, url, room) VALUES ('detail','https://a0.muscache.com/im/pictures/ff0200df-1a5a-4413-af9d-361654e0a3a9.jpg?im_w=720',282);
INSERT INTO image (type, url, room) VALUES ('detail','https://a0.muscache.com/im/pictures/b7f9b180-374f-4bad-a369-bcbd401e8856.jpg?im_w=720',282);
INSERT INTO image (type, url, room) VALUES ('detail','https://a0.muscache.com/im/pictures/235bffce-b6c2-442e-a42d-1401fa3c8a43.jpg?im_w=720',282);
INSERT INTO image (type, url, room) VALUES ('detail','https://a0.muscache.com/im/pictures/95f64bc8-a654-41ee-a70b-8f2930b4ea93.jpg?im_w=720',282);
INSERT INTO image (type, url, room) VALUES ('detail','https://a0.muscache.com/im/pictures/acd867de-ce6f-404a-95f0-bcdbcbf2b171.jpg?im_w=720',282);
INSERT INTO image (type, url, room) VALUES ('detail','https://a0.muscache.com/im/pictures/6f9cc047-85f0-4fc4-ac10-92e45b3bf7ff.jpg?im_w=720',282);
INSERT INTO image (type, url, room) VALUES ('detail','https://a0.muscache.com/im/pictures/b540fb9e-91ed-4995-bb7d-77cde8661c0a.jpg?im_w=720',282);
INSERT INTO image (type, url, room) VALUES ('detail','https://a0.muscache.com/im/pictures/1614a59e-5435-4a2e-a9eb-1b299db64db4.jpg?im_w=720',282);
INSERT INTO image (type, url, room) VALUES ('detail','https://a0.muscache.com/im/pictures/e43eb099-074d-4373-882e-d3d8ba9adcaf.jpg?im_w=720',282);
INSERT INTO image (type, url, room) VALUES ('detail','https://a0.muscache.com/im/pictures/af235957-56ac-426b-8c81-6a2664fce8ac.jpg?im_w=720',282);
INSERT INTO image (type, url, room) VALUES ('detail','https://a0.muscache.com/im/pictures/miso/Hosting-45706993/original/15fbaf87-196c-45a6-b182-de105769138d.jpeg?im_w=720',282);
INSERT INTO image (type, url, room) VALUES ('detail','https://a0.muscache.com/im/pictures/5d03908a-7b93-4577-a5b4-95edb28c58b5.jpg?im_w=720',282);
insert into location(id,latitude,longitude,city) values (283,35.156,126.852,'광주');
INSERT INTO room (id, title, description, price_per_day, room_type, bed, max_guest, bathroom, location) VALUES (283,'햇살 가득 감성 하우스! "마음을 채우다 ᵕᴗᵕ"','Chipyeong-dong, Seo-gu의 아파트 전체',85000,'집 전체',1,2,1,283);
INSERT INTO image (type, url, room) VALUES ('thumb','https://a0.muscache.com/im/pictures/5261cbb1-58b5-421f-9987-15667c0cc90d.jpg?im_w=720',283);
INSERT INTO image (type, url, room) VALUES ('detail','https://a0.muscache.com/im/pictures/ef04d89c-0a3e-4424-8d70-dd31cb919f0e.jpg?im_w=720',283);
INSERT INTO image (type, url, room) VALUES ('detail','https://a0.muscache.com/im/pictures/60c04218-486b-410e-bc74-5f3b532fb1de.jpg?im_w=720',283);
INSERT INTO image (type, url, room) VALUES ('detail','https://a0.muscache.com/im/pictures/4a4972da-2966-4f2b-a95c-bfcb3730e027.jpg?im_w=720',283);
INSERT INTO image (type, url, room) VALUES ('detail','https://a0.muscache.com/im/pictures/86ed775d-e2bf-4207-9e34-17afe7b95180.jpg?im_w=720',283);
INSERT INTO image (type, url, room) VALUES ('detail','https://a0.muscache.com/im/pictures/4f122723-41e1-4afb-9683-dc549f081d0c.jpg?im_w=720',283);
INSERT INTO image (type, url, room) VALUES ('detail','https://a0.muscache.com/im/pictures/14f844d0-0aa9-4e93-b96f-d1ef8ae82259.jpg?im_w=720',283);
INSERT INTO image (type, url, room) VALUES ('detail','https://a0.muscache.com/im/pictures/e87ce917-939e-4de3-aab4-ffb32764aa97.jpg?im_w=720',283);
INSERT INTO image (type, url, room) VALUES ('detail','https://a0.muscache.com/im/pictures/37ab3ab8-fcb7-4fe5-99e4-a5eae3dbb260.jpg?im_w=720',283);
INSERT INTO image (type, url, room) VALUES ('detail','https://a0.muscache.com/im/pictures/f6e60393-6443-461e-abe0-3e09ddd004e8.jpg?im_w=720',283);
INSERT INTO image (type, url, room) VALUES ('detail','https://a0.muscache.com/im/pictures/2d0cadad-02f5-4c55-a337-146e8065a26c.jpg?im_w=720',283);
INSERT INTO image (type, url, room) VALUES ('detail','https://a0.muscache.com/im/pictures/9dac042f-a8cf-4889-ac76-105b07ef5e24.jpg?im_w=720',283);
INSERT INTO image (type, url, room) VALUES ('detail','https://a0.muscache.com/im/pictures/2e72550f-0a50-402a-a11f-e97b993bb2fa.jpg?im_w=720',283);
INSERT INTO image (type, url, room) VALUES ('detail','https://a0.muscache.com/im/pictures/c098a18b-a946-46b4-949c-b284f42b9673.jpg?im_w=720',283);
INSERT INTO image (type, url, room) VALUES ('detail','https://a0.muscache.com/im/pictures/324eac55-1957-46ae-bfd8-54f29ef26baf.jpg?im_w=720',283);
INSERT INTO image (type, url, room) VALUES ('detail','https://a0.muscache.com/im/pictures/2193e61d-bead-4f52-8cce-eba1993c7c21.jpg?im_w=720',283);
INSERT INTO image (type, url, room) VALUES ('detail','https://a0.muscache.com/im/pictures/8438a933-0a99-420a-a345-4758b0f87818.jpg?im_w=720',283);
INSERT INTO image (type, url, room) VALUES ('detail','https://a0.muscache.com/im/pictures/217b23db-9712-407e-b1dc-8e905b1f273f.jpg?im_w=720',283);
INSERT INTO image (type, url, room) VALUES ('detail','https://a0.muscache.com/im/pictures/273b7d03-72f6-4989-8e3f-14b48d95b61d.jpg?im_w=720',283);
INSERT INTO image (type, url, room) VALUES ('detail','https://a0.muscache.com/im/pictures/2a27cabd-5d8e-4cb7-bd61-c832ff17ba39.jpg?im_w=720',283);
INSERT INTO image (type, url, room) VALUES ('detail','https://a0.muscache.com/im/pictures/a5396cd1-8f86-4960-85c5-2f8fba62d74f.jpg?im_w=720',283);
INSERT INTO image (type, url, room) VALUES ('detail','https://a0.muscache.com/im/pictures/c4f1bded-ae24-41af-a636-ed3db5c652dc.jpg?im_w=720',283);
INSERT INTO image (type, url, room) VALUES ('detail','https://a0.muscache.com/im/pictures/fa8d0351-8b6a-4aa1-83e0-c8b832aa1f34.jpg?im_w=720',283);
INSERT INTO image (type, url, room) VALUES ('detail','https://a0.muscache.com/im/pictures/8756aa60-9ee3-4df2-8625-d93ebea9b278.jpg?im_w=720',283);
INSERT INTO image (type, url, room) VALUES ('detail','https://a0.muscache.com/im/pictures/59568c24-6c68-4065-9b59-de1bc5132f09.jpg?im_w=720',283);
INSERT INTO image (type, url, room) VALUES ('detail','https://a0.muscache.com/im/pictures/09d6059d-b64e-42c2-9f95-0494f9bf5d67.jpg?im_w=720',283);
INSERT INTO image (type, url, room) VALUES ('detail','https://a0.muscache.com/im/pictures/694b448e-1792-4350-8653-b3b6de18a363.jpg?im_w=720',283);
INSERT INTO image (type, url, room) VALUES ('detail','https://a0.muscache.com/im/pictures/7332951a-b5c5-4b4f-a4ae-0b8f7fec3236.jpg?im_w=720',283);
INSERT INTO image (type, url, room) VALUES ('detail','https://a0.muscache.com/im/pictures/364b9a7b-673a-42be-b66d-22bd46931328.jpg?im_w=720',283);
INSERT INTO image (type, url, room) VALUES ('detail','https://a0.muscache.com/im/pictures/d3139957-68cd-46a1-8418-1232f7152c19.jpg?im_w=720',283);
insert into location(id,latitude,longitude,city) values (284,35.151,126.852,'광주');
INSERT INTO room (id, title, description, price_per_day, room_type, bed, max_guest, bathroom, location) VALUES (284,'❤️상무지구 아늑한 복층 내방안의 작은영화관
(체크아웃무료연장event)❤️','Chipyeong-dong, Seo-gu의 아파트 전체',90000,'집 전체',1,2,1,284);
INSERT INTO image (type, url, room) VALUES ('thumb','https://a0.muscache.com/im/pictures/349a2c8b-d35d-4745-a9f4-3ac79fffd7b9.jpg?im_w=720',284);
INSERT INTO image (type, url, room) VALUES ('detail','https://a0.muscache.com/im/pictures/9bb308d7-b7e1-4368-b206-801c1a8ca86e.jpg?im_w=720',284);
INSERT INTO image (type, url, room) VALUES ('detail','https://a0.muscache.com/im/pictures/93ba45d1-4aba-43c9-88cb-d4a64ab4a527.jpg?im_w=720',284);
INSERT INTO image (type, url, room) VALUES ('detail','https://a0.muscache.com/im/pictures/e5ee8582-7b6c-445c-8aaf-64f9c6a682c4.jpg?im_w=720',284);
INSERT INTO image (type, url, room) VALUES ('detail','https://a0.muscache.com/im/pictures/9f9e912e-a685-4ace-9c3c-17c58c832691.jpg?im_w=720',284);
INSERT INTO image (type, url, room) VALUES ('detail','https://a0.muscache.com/im/pictures/dd0b19bf-04aa-4bcb-b8d0-cbf01b1b5305.jpg?im_w=720',284);
INSERT INTO image (type, url, room) VALUES ('detail','https://a0.muscache.com/im/pictures/5e743c04-2c2f-4893-85ff-e3bbcec2d7e1.jpg?im_w=720',284);
INSERT INTO image (type, url, room) VALUES ('detail','https://a0.muscache.com/im/pictures/2416557b-816a-445e-ae54-205dc3b88a45.jpg?im_w=720',284);
INSERT INTO image (type, url, room) VALUES ('detail','https://a0.muscache.com/im/pictures/b4ecc040-b111-4cf4-99bd-22ada2c89711.jpg?im_w=720',284);
INSERT INTO image (type, url, room) VALUES ('detail','https://a0.muscache.com/im/pictures/ed2bcb78-8938-450d-99b8-7d00bb7db76a.jpg?im_w=720',284);
INSERT INTO image (type, url, room) VALUES ('detail','https://a0.muscache.com/im/pictures/edcf9ac2-5151-424e-a282-2c36c9497a62.jpg?im_w=720',284);
INSERT INTO image (type, url, room) VALUES ('detail','https://a0.muscache.com/im/pictures/65ee190c-920c-4409-8a21-28db670dfe46.jpg?im_w=720',284);
INSERT INTO image (type, url, room) VALUES ('detail','https://a0.muscache.com/im/pictures/2dc980f9-afc7-4cfd-acea-731009b64023.jpg?im_w=720',284);
INSERT INTO image (type, url, room) VALUES ('detail','https://a0.muscache.com/im/pictures/b45e75f0-dc3f-4ba3-a477-68a27d16d633.jpg?im_w=720',284);
INSERT INTO image (type, url, room) VALUES ('detail','https://a0.muscache.com/im/pictures/3ada74d4-5f9d-4cc9-9b52-a274e6071679.jpg?im_w=720',284);
INSERT INTO image (type, url, room) VALUES ('detail','https://a0.muscache.com/im/pictures/0d6aceb8-f734-4d8d-ab41-e454aa88abb2.jpg?im_w=720',284);
INSERT INTO image (type, url, room) VALUES ('detail','https://a0.muscache.com/im/pictures/d4b2efe2-9d1a-40d1-8a08-64a1fe3e9881.jpg?im_w=720',284);
insert into location(id,latitude,longitude,city) values (285,35.156,126.85,'광주');
INSERT INTO room (id, title, description, price_per_day, room_type, bed, max_guest, bathroom, location) VALUES (285,'[easy] 차분하고 평온한, 미드센츄리 감성 공간','Chipyeong-dong, Seo-gu의 아파트 전체',85000,'집 전체',1,2,1,285);
INSERT INTO image (type, url, room) VALUES ('thumb','https://a0.muscache.com/im/pictures/miso/Hosting-47841940/original/d2503683-8945-4df9-9f9d-b24bc9d18962.png?im_w=720',285);
INSERT INTO image (type, url, room) VALUES ('detail','https://a0.muscache.com/im/pictures/miso/Hosting-47841940/original/02f866f7-980e-4c63-9eb7-88d11a22fde0.jpeg?im_w=720',285);
INSERT INTO image (type, url, room) VALUES ('detail','https://a0.muscache.com/im/pictures/26a25e49-b150-474f-ad6c-e77fc6dee7d4.jpg?im_w=720',285);
INSERT INTO image (type, url, room) VALUES ('detail','https://a0.muscache.com/im/pictures/miso/Hosting-47841940/original/e026c0ed-3bc9-4828-8141-3da522e57901.jpeg?im_w=720',285);
INSERT INTO image (type, url, room) VALUES ('detail','https://a0.muscache.com/im/pictures/miso/Hosting-47841940/original/c6915db7-d8e5-4b80-bf2e-33edc53e5555.jpeg?im_w=720',285);
INSERT INTO image (type, url, room) VALUES ('detail','https://a0.muscache.com/im/pictures/miso/Hosting-47841940/original/e12c5a66-388b-40ce-a105-e6146b30c857.jpeg?im_w=720',285);
INSERT INTO image (type, url, room) VALUES ('detail','https://a0.muscache.com/im/pictures/miso/Hosting-47841940/original/ef9b3eb0-2d2f-455d-9148-da4b313c9234.jpeg?im_w=720',285);
INSERT INTO image (type, url, room) VALUES ('detail','https://a0.muscache.com/im/pictures/miso/Hosting-47841940/original/4480684d-c5d7-4ca4-828c-6063344ccf90.jpeg?im_w=720',285);
INSERT INTO image (type, url, room) VALUES ('detail','https://a0.muscache.com/im/pictures/miso/Hosting-47841940/original/bbe4e1a4-9204-419c-8306-63c56dbbf7a0.jpeg?im_w=720',285);
INSERT INTO image (type, url, room) VALUES ('detail','https://a0.muscache.com/im/pictures/miso/Hosting-47841940/original/12f17427-3c38-4008-95b0-9135c6b4f982.jpeg?im_w=720',285);
INSERT INTO image (type, url, room) VALUES ('detail','https://a0.muscache.com/im/pictures/miso/Hosting-47841940/original/70240dab-20d0-40d0-91a1-7fb6392685e1.jpeg?im_w=720',285);
INSERT INTO image (type, url, room) VALUES ('detail','https://a0.muscache.com/im/pictures/miso/Hosting-47841940/original/f18bf7ad-9602-450e-b12a-73f1080c4b1c.jpeg?im_w=720',285);
INSERT INTO image (type, url, room) VALUES ('detail','https://a0.muscache.com/im/pictures/miso/Hosting-47841940/original/994d9102-3c69-4436-90af-d140fde8b8a1.jpeg?im_w=720',285);
INSERT INTO image (type, url, room) VALUES ('detail','https://a0.muscache.com/im/pictures/miso/Hosting-47841940/original/8209c732-f28f-4f32-a73c-1a0fc79da12a.jpeg?im_w=720',285);
INSERT INTO image (type, url, room) VALUES ('detail','https://a0.muscache.com/im/pictures/miso/Hosting-47841940/original/7c29b983-0f29-4bb8-bbe0-84c0b154be70.jpeg?im_w=720',285);
INSERT INTO image (type, url, room) VALUES ('detail','https://a0.muscache.com/im/pictures/2e9a9a95-c0dc-4282-94fc-be37be98562c.jpg?im_w=720',285);
INSERT INTO image (type, url, room) VALUES ('detail','https://a0.muscache.com/im/pictures/1f748881-9303-4282-93ad-e96120aee3b6.jpg?im_w=720',285);
INSERT INTO image (type, url, room) VALUES ('detail','https://a0.muscache.com/im/pictures/b5ad0035-7221-4992-a725-e57ff00e137d.jpg?im_w=720',285);
INSERT INTO image (type, url, room) VALUES ('detail','https://a0.muscache.com/im/pictures/bd2a5b8d-7fd1-4116-a9a5-b5511b5256f2.jpg?im_w=720',285);
INSERT INTO image (type, url, room) VALUES ('detail','https://a0.muscache.com/im/pictures/a594a4f6-12e2-4ba3-9546-a2cff1d2cbe9.jpg?im_w=720',285);
INSERT INTO image (type, url, room) VALUES ('detail','https://a0.muscache.com/im/pictures/d74885c6-33f4-4153-b40f-1fd0936b2355.jpg?im_w=720',285);
INSERT INTO image (type, url, room) VALUES ('detail','https://a0.muscache.com/im/pictures/07d3ca60-0199-4772-937f-440b5f8e1c05.jpg?im_w=720',285);
INSERT INTO image (type, url, room) VALUES ('detail','https://a0.muscache.com/im/pictures/cca258fb-6da6-40cf-97fe-e55af4379943.jpg?im_w=720',285);
INSERT INTO image (type, url, room) VALUES ('detail','https://a0.muscache.com/im/pictures/d90078b7-45c0-4a8b-8b95-10e87d092084.jpg?im_w=720',285);
INSERT INTO image (type, url, room) VALUES ('detail','https://a0.muscache.com/im/pictures/f51e73b1-aecf-484f-81e5-5400072865c0.jpg?im_w=720',285);
INSERT INTO image (type, url, room) VALUES ('detail','https://a0.muscache.com/im/pictures/364def7a-f267-4822-acea-40829d29647a.jpg?im_w=720',285);
INSERT INTO image (type, url, room) VALUES ('detail','https://a0.muscache.com/im/pictures/9b0f2748-e54e-4ba6-8353-be6194b33886.jpg?im_w=720',285);
INSERT INTO image (type, url, room) VALUES ('detail','https://a0.muscache.com/im/pictures/0c705d7c-29e1-430b-b87c-7c6b02811c96.jpg?im_w=720',285);
INSERT INTO image (type, url, room) VALUES ('detail','https://a0.muscache.com/im/pictures/ed438347-af6f-4840-9ad9-a7ccc49fe221.jpg?im_w=720',285);
INSERT INTO image (type, url, room) VALUES ('detail','https://a0.muscache.com/im/pictures/d1649860-731a-43d0-a6d3-2687607f81a2.jpg?im_w=720',285);
insert into location(id,latitude,longitude,city) values (286,35.144,126.855,'광주');
INSERT INTO room (id, title, description, price_per_day, room_type, bed, max_guest, bathroom, location) VALUES (286,'라탄/주차무료/호수공원/파티(요리)/커피 그라인더☕/와플팬/넷플릭스/에어프라이어/보드게임','Mareuk-dong, Seo-gu의 아파트 전체',98000,'집 전체',2,3,1,286);
INSERT INTO image (type, url, room) VALUES ('thumb','https://a0.muscache.com/im/pictures/a3eb5785-f373-40d8-ae57-0f78195d2cac.jpg?im_w=720',286);
INSERT INTO image (type, url, room) VALUES ('detail','https://a0.muscache.com/im/pictures/66166f45-ca88-4381-bf25-8cc0eba9836a.jpg?im_w=720',286);
INSERT INTO image (type, url, room) VALUES ('detail','https://a0.muscache.com/im/pictures/cb7c80a5-a56d-4ef6-901a-4d2fee89049e.jpg?im_w=720',286);
INSERT INTO image (type, url, room) VALUES ('detail','https://a0.muscache.com/im/pictures/a8337ca5-2984-42f1-b164-c614deae3dce.jpg?im_w=720',286);
INSERT INTO image (type, url, room) VALUES ('detail','https://a0.muscache.com/im/pictures/87eaca6c-f5b8-4fe7-ad32-00d6612e8ebf.jpg?im_w=720',286);
INSERT INTO image (type, url, room) VALUES ('detail','https://a0.muscache.com/im/pictures/c725d63b-43d9-43d6-8331-68c987b62e2d.jpg?im_w=720',286);
INSERT INTO image (type, url, room) VALUES ('detail','https://a0.muscache.com/im/pictures/6a6c1529-db45-44fa-adc3-36218f843559.jpg?im_w=720',286);
INSERT INTO image (type, url, room) VALUES ('detail','https://a0.muscache.com/im/pictures/7af08620-67af-4941-ae0f-a8fc7734f39f.jpg?im_w=720',286);
INSERT INTO image (type, url, room) VALUES ('detail','https://a0.muscache.com/im/pictures/d899f291-e0dc-404b-8649-73de8194f8dc.jpg?im_w=720',286);
INSERT INTO image (type, url, room) VALUES ('detail','https://a0.muscache.com/im/pictures/f5c45891-7410-496c-8926-76b3452d5752.jpg?im_w=720',286);
INSERT INTO image (type, url, room) VALUES ('detail','https://a0.muscache.com/im/pictures/844ebbc3-ada2-40f5-8eac-8e66377daff1.jpg?im_w=720',286);
INSERT INTO image (type, url, room) VALUES ('detail','https://a0.muscache.com/im/pictures/bf312828-7e3b-4752-b0c8-cf2b90f20548.jpg?im_w=720',286);
INSERT INTO image (type, url, room) VALUES ('detail','https://a0.muscache.com/im/pictures/a46dd2b9-7a85-4097-8fb4-8457f779f8eb.jpg?im_w=720',286);
INSERT INTO image (type, url, room) VALUES ('detail','https://a0.muscache.com/im/pictures/e131ed17-5379-49d3-a85e-6db0cc422129.jpg?im_w=720',286);
INSERT INTO image (type, url, room) VALUES ('detail','https://a0.muscache.com/im/pictures/3e868cf9-a0a9-4ce9-b63c-df62a111d406.jpg?im_w=720',286);
INSERT INTO image (type, url, room) VALUES ('detail','https://a0.muscache.com/im/pictures/a6adcd28-3753-4723-956b-c3a1ff048456.jpg?im_w=720',286);
INSERT INTO image (type, url, room) VALUES ('detail','https://a0.muscache.com/im/pictures/1998dfab-6801-491d-aa64-33ee96891364.jpg?im_w=720',286);
INSERT INTO image (type, url, room) VALUES ('detail','https://a0.muscache.com/im/pictures/bffef527-54c7-406a-9d83-7e3adf97ed15.jpg?im_w=720',286);
INSERT INTO image (type, url, room) VALUES ('detail','https://a0.muscache.com/im/pictures/7912f78b-1d80-4f6a-a9b9-03ce75d5eca1.jpg?im_w=720',286);
INSERT INTO image (type, url, room) VALUES ('detail','https://a0.muscache.com/im/pictures/52c0ce1e-af77-4cdd-b6a5-85da164a8a96.jpg?im_w=720',286);
INSERT INTO image (type, url, room) VALUES ('detail','https://a0.muscache.com/im/pictures/03777bd2-954e-48d9-802c-ee9eb3929800.jpg?im_w=720',286);
INSERT INTO image (type, url, room) VALUES ('detail','https://a0.muscache.com/im/pictures/a993a5c3-b2a1-4bc6-b964-1b7b568cd92a.jpg?im_w=720',286);
INSERT INTO image (type, url, room) VALUES ('detail','https://a0.muscache.com/im/pictures/242af4f3-f37e-46fe-aa3f-76d3e57ef3d2.jpg?im_w=720',286);
INSERT INTO image (type, url, room) VALUES ('detail','https://a0.muscache.com/im/pictures/770573e7-abe2-4ad0-a26e-b691249e657c.jpg?im_w=720',286);
INSERT INTO image (type, url, room) VALUES ('detail','https://a0.muscache.com/im/pictures/e78b3778-670a-446e-b3de-ce4b2dfd8b58.jpg?im_w=720',286);
INSERT INTO image (type, url, room) VALUES ('detail','https://a0.muscache.com/im/pictures/2bb8c10d-d1e4-49dc-a7c6-28220d041718.jpg?im_w=720',286);
INSERT INTO image (type, url, room) VALUES ('detail','https://a0.muscache.com/im/pictures/6de4a09d-4773-4cb0-8644-d216eacb3ddf.jpg?im_w=720',286);
INSERT INTO image (type, url, room) VALUES ('detail','https://a0.muscache.com/im/pictures/7682846c-1b2b-465e-9194-a0eb8c98b88c.jpg?im_w=720',286);
INSERT INTO image (type, url, room) VALUES ('detail','https://a0.muscache.com/im/pictures/4b5ec6a8-e04a-486a-a3e0-d954ebd22960.jpg?im_w=720',286);
INSERT INTO image (type, url, room) VALUES ('detail','https://a0.muscache.com/im/pictures/185221e2-3046-4b1c-b899-0530d82d6bd4.jpg?im_w=720',286);
insert into location(id,latitude,longitude,city) values (287,35.153,126.85,'광주');
INSERT INTO room (id, title, description, price_per_day, room_type, bed, max_guest, bathroom, location) VALUES (287,'💜아미하우스2💜
👉오픈 할인👈
65인치 대형TV#무료넷플릭스#','Chipyeong-dong, Seo-gu의 아파트 전체',100000,'집 전체',1,2,1,287);
INSERT INTO image (type, url, room) VALUES ('thumb','https://a0.muscache.com/im/pictures/fd034a6b-e043-49e8-84e7-93593d8e53c7.jpg?im_w=720',287);
INSERT INTO image (type, url, room) VALUES ('detail','https://a0.muscache.com/im/pictures/48cd0d54-a3e4-4ac9-b5a2-cfa21af5879e.jpg?im_w=720',287);
INSERT INTO image (type, url, room) VALUES ('detail','https://a0.muscache.com/im/pictures/3a761dea-2abc-4737-b9d4-528b786f68e8.jpg?im_w=720',287);
INSERT INTO image (type, url, room) VALUES ('detail','https://a0.muscache.com/im/pictures/bd493af0-5a18-47cd-ad4b-8b48e273eb48.jpg?im_w=720',287);
INSERT INTO image (type, url, room) VALUES ('detail','https://a0.muscache.com/im/pictures/cc723974-fa6b-477d-8ad5-596ca44a7b2f.jpg?im_w=720',287);
INSERT INTO image (type, url, room) VALUES ('detail','https://a0.muscache.com/im/pictures/49c59105-aaa0-4d57-9ecd-817d5e86deb1.jpg?im_w=720',287);
INSERT INTO image (type, url, room) VALUES ('detail','https://a0.muscache.com/im/pictures/59621fdd-fbc8-4b37-80ad-8f52a70f0498.jpg?im_w=720',287);
INSERT INTO image (type, url, room) VALUES ('detail','https://a0.muscache.com/im/pictures/ce85c843-4f7f-4909-bf03-0f093a608d65.jpg?im_w=720',287);
INSERT INTO image (type, url, room) VALUES ('detail','https://a0.muscache.com/im/pictures/7c94c1fd-5e73-4beb-ac7e-0865ebe06c3b.jpg?im_w=720',287);
INSERT INTO image (type, url, room) VALUES ('detail','https://a0.muscache.com/im/pictures/985b31ba-6031-4b2e-af4b-0bda209042c4.jpg?im_w=720',287);
INSERT INTO image (type, url, room) VALUES ('detail','https://a0.muscache.com/im/pictures/9a0ac877-05a0-4bca-9480-49d49ebd34d8.jpg?im_w=720',287);
INSERT INTO image (type, url, room) VALUES ('detail','https://a0.muscache.com/im/pictures/597beeba-fcfa-4573-961d-e3b851190282.jpg?im_w=720',287);
INSERT INTO image (type, url, room) VALUES ('detail','https://a0.muscache.com/im/pictures/2be0d9aa-f77c-4309-ad12-f8787527148c.jpg?im_w=720',287);
INSERT INTO image (type, url, room) VALUES ('detail','https://a0.muscache.com/im/pictures/4a3aa6f7-4108-46fa-8a6f-b4b8344f51db.jpg?im_w=720',287);
INSERT INTO image (type, url, room) VALUES ('detail','https://a0.muscache.com/im/pictures/bcdffb44-151f-466d-b996-a39ca375a887.jpg?im_w=720',287);
INSERT INTO image (type, url, room) VALUES ('detail','https://a0.muscache.com/im/pictures/da11b320-710b-481a-9c1e-57a27cb2d4bc.jpg?im_w=720',287);
INSERT INTO image (type, url, room) VALUES ('detail','https://a0.muscache.com/im/pictures/083a96da-5bd6-42d5-a20a-9afc29396f27.jpg?im_w=720',287);
INSERT INTO image (type, url, room) VALUES ('detail','https://a0.muscache.com/im/pictures/89b3f3fd-b421-49b2-ad24-750b97d4314a.jpg?im_w=720',287);
INSERT INTO image (type, url, room) VALUES ('detail','https://a0.muscache.com/im/pictures/09f08ac7-a842-47dc-a81e-4b5c6ddca64e.jpg?im_w=720',287);
INSERT INTO image (type, url, room) VALUES ('detail','https://a0.muscache.com/im/pictures/23818df0-d8cf-482b-81d6-7eac8246662e.jpg?im_w=720',287);
INSERT INTO image (type, url, room) VALUES ('detail','https://a0.muscache.com/im/pictures/48e77e73-096e-4f45-9467-c0c2a0f09919.jpg?im_w=720',287);
INSERT INTO image (type, url, room) VALUES ('detail','https://a0.muscache.com/im/pictures/a9a065cd-15e2-44f3-8232-feeda2ccd636.jpg?im_w=720',287);
INSERT INTO image (type, url, room) VALUES ('detail','https://a0.muscache.com/im/pictures/5a5ae111-a7d9-47a0-b029-311078e3b1c7.jpg?im_w=720',287);
INSERT INTO image (type, url, room) VALUES ('detail','https://a0.muscache.com/im/pictures/594e1e53-0123-43a4-b9c8-ae85a1cc5e34.jpg?im_w=720',287);
INSERT INTO image (type, url, room) VALUES ('detail','https://a0.muscache.com/im/pictures/1e64e243-d54b-41eb-bdbe-67c7b7cc4d8a.jpg?im_w=720',287);
INSERT INTO image (type, url, room) VALUES ('detail','https://a0.muscache.com/im/pictures/e8fb0bb9-476b-4fe9-83a6-73910996b628.jpg?im_w=720',287);
INSERT INTO image (type, url, room) VALUES ('detail','https://a0.muscache.com/im/pictures/df937d31-eb87-4939-ad36-851d8d880e48.jpg?im_w=720',287);
INSERT INTO image (type, url, room) VALUES ('detail','https://a0.muscache.com/im/pictures/30255c45-54ee-408b-9b02-b3449b8e32d6.jpg?im_w=720',287);
INSERT INTO image (type, url, room) VALUES ('detail','https://a0.muscache.com/im/pictures/47ae5e39-88cf-4636-b91b-e3d8abab9648.jpg?im_w=720',287);
INSERT INTO image (type, url, room) VALUES ('detail','https://a0.muscache.com/im/pictures/f079a40d-699c-4431-9ae5-dd0e5631ad1f.jpg?im_w=720',287);
insert into location(id,latitude,longitude,city) values (288,35.158,126.88,'광주');
INSERT INTO room (id, title, description, price_per_day, room_type, bed, max_guest, bathroom, location) VALUES (288,'유스퀘어자차2분|55inch tv 넷플릭스|매일소독,침구교체|🐻푸근한 라라하우스🐻','Hwajeong 1(il)-dong, Seo-gu의 아파트 전체',88000,'집 전체',1,2,1,288);
INSERT INTO image (type, url, room) VALUES ('thumb','https://a0.muscache.com/im/pictures/81bc4b67-0a6f-4c3f-8969-2b9bc43a2355.jpg?im_w=720',288);
INSERT INTO image (type, url, room) VALUES ('detail','https://a0.muscache.com/im/pictures/d944fd4e-6ad6-4a36-b868-f1cfeee43d2e.jpg?im_w=720',288);
INSERT INTO image (type, url, room) VALUES ('detail','https://a0.muscache.com/im/pictures/aef85150-8d5d-4fd9-a52f-17d7e2b33e55.jpg?im_w=720',288);
INSERT INTO image (type, url, room) VALUES ('detail','https://a0.muscache.com/im/pictures/4253ba24-3f50-45f9-a7ee-7c567fa3428e.jpg?im_w=720',288);
INSERT INTO image (type, url, room) VALUES ('detail','https://a0.muscache.com/im/pictures/3aa22ea9-4755-46a2-ac17-68c0a62dcb1f.jpg?im_w=720',288);
INSERT INTO image (type, url, room) VALUES ('detail','https://a0.muscache.com/im/pictures/8580a803-87c5-4ca4-97b9-0885247dc7c1.jpg?im_w=720',288);
INSERT INTO image (type, url, room) VALUES ('detail','https://a0.muscache.com/im/pictures/3f91fd9c-64be-46d5-b178-8a9db4d07c89.jpg?im_w=720',288);
INSERT INTO image (type, url, room) VALUES ('detail','https://a0.muscache.com/im/pictures/a70a0a87-9030-44af-8608-9dd1681fdcb0.jpg?im_w=720',288);
INSERT INTO image (type, url, room) VALUES ('detail','https://a0.muscache.com/im/pictures/18da784e-e234-440e-bf8c-8c7f39313159.jpg?im_w=720',288);
INSERT INTO image (type, url, room) VALUES ('detail','https://a0.muscache.com/im/pictures/e1072f35-5e28-4812-b332-987d7863b0fd.jpg?im_w=720',288);
INSERT INTO image (type, url, room) VALUES ('detail','https://a0.muscache.com/im/pictures/358328c9-3515-43bc-875d-196917396e56.jpg?im_w=720',288);
INSERT INTO image (type, url, room) VALUES ('detail','https://a0.muscache.com/im/pictures/7f6ac174-8e61-4bc5-b37a-9932842c5d87.jpg?im_w=720',288);
INSERT INTO image (type, url, room) VALUES ('detail','https://a0.muscache.com/im/pictures/e70d1eac-2758-4cbf-a680-19ebed607177.jpg?im_w=720',288);
INSERT INTO image (type, url, room) VALUES ('detail','https://a0.muscache.com/im/pictures/5ab604fa-5f5d-4644-ac0f-c5df06e40b50.jpg?im_w=720',288);
INSERT INTO image (type, url, room) VALUES ('detail','https://a0.muscache.com/im/pictures/e031972b-2c05-4642-9bb0-3bbdd8b7fa8b.jpg?im_w=720',288);
INSERT INTO image (type, url, room) VALUES ('detail','https://a0.muscache.com/im/pictures/9b511511-6424-4d9f-8846-77dc4ba6725b.jpg?im_w=720',288);
INSERT INTO image (type, url, room) VALUES ('detail','https://a0.muscache.com/im/pictures/55e7042d-cc0c-4341-90ab-78523d573406.jpg?im_w=720',288);
INSERT INTO image (type, url, room) VALUES ('detail','https://a0.muscache.com/im/pictures/dc98d8e5-566c-4e4c-b234-774ab97d4cad.jpg?im_w=720',288);
INSERT INTO image (type, url, room) VALUES ('detail','https://a0.muscache.com/im/pictures/2573f54c-7356-4a45-bb05-6bc4df3cbca7.jpg?im_w=720',288);
INSERT INTO image (type, url, room) VALUES ('detail','https://a0.muscache.com/im/pictures/4d86ddd5-ed7d-47c8-8ce4-d522966d459c.jpg?im_w=720',288);
INSERT INTO image (type, url, room) VALUES ('detail','https://a0.muscache.com/im/pictures/0d5f4594-a8d8-4519-8dc8-9d7be3fc2dd5.jpg?im_w=720',288);
INSERT INTO image (type, url, room) VALUES ('detail','https://a0.muscache.com/im/pictures/b718af70-05d6-4409-aed4-502cc5e99454.jpg?im_w=720',288);
INSERT INTO image (type, url, room) VALUES ('detail','https://a0.muscache.com/im/pictures/391fa9d0-b65d-4d4f-917d-229106480395.jpg?im_w=720',288);
INSERT INTO image (type, url, room) VALUES ('detail','https://a0.muscache.com/im/pictures/61b401b2-96b0-4c2e-b807-788d538e622d.jpg?im_w=720',288);
INSERT INTO image (type, url, room) VALUES ('detail','https://a0.muscache.com/im/pictures/6a5ef383-b612-499f-8520-6f3b9ab48932.jpg?im_w=720',288);
INSERT INTO image (type, url, room) VALUES ('detail','https://a0.muscache.com/im/pictures/0b0e793d-78f3-4989-bb9c-9cd43110cfc0.jpg?im_w=720',288);
INSERT INTO image (type, url, room) VALUES ('detail','https://a0.muscache.com/im/pictures/955e6795-22b9-476a-95df-efbd91a39407.jpg?im_w=720',288);
INSERT INTO image (type, url, room) VALUES ('detail','https://a0.muscache.com/im/pictures/3a94cba3-5c49-4909-89f3-56556d21f565.jpg?im_w=720',288);
insert into location(id,latitude,longitude,city) values (289,35.153,126.893,'광주');
INSERT INTO room (id, title, description, price_per_day, room_type, bed, max_guest, bathroom, location) VALUES (289,'당신의 안녕을 바라며, 지하철 5분거리, 광천터미널 근처 및 넷플릭스와 식탁준비되었어요:)','Nongseong-dong, Seo-gu의 아파트 전체',90000,'집 전체',1,2,1,289);
INSERT INTO image (type, url, room) VALUES ('thumb','https://a0.muscache.com/im/pictures/miso/Hosting-43208256/original/a540eae7-85c9-49c6-852c-3d8d4280de8c.jpeg?im_w=720',289);
INSERT INTO image (type, url, room) VALUES ('detail','https://a0.muscache.com/im/pictures/miso/Hosting-43208256/original/e2670289-0eae-4839-b536-a5b04a4483a7.jpeg?im_w=720',289);
INSERT INTO image (type, url, room) VALUES ('detail','https://a0.muscache.com/im/pictures/miso/Hosting-43208256/original/a2cbe8bc-cafa-4e1a-907a-c4d506d8ee83.jpeg?im_w=720',289);
INSERT INTO image (type, url, room) VALUES ('detail','https://a0.muscache.com/im/pictures/miso/Hosting-43208256/original/4e88231a-ba11-4c45-93b6-6f1239e9cf5f.jpeg?im_w=720',289);
INSERT INTO image (type, url, room) VALUES ('detail','https://a0.muscache.com/im/pictures/miso/Hosting-43208256/original/a1e56777-e11b-43c8-a179-e924b762b44a.jpeg?im_w=720',289);
INSERT INTO image (type, url, room) VALUES ('detail','https://a0.muscache.com/im/pictures/miso/Hosting-43208256/original/a766d23a-423e-48fe-8b74-dcc8d051f1bc.jpeg?im_w=720',289);
INSERT INTO image (type, url, room) VALUES ('detail','https://a0.muscache.com/im/pictures/miso/Hosting-43208256/original/826a5aed-9d1c-4984-bfa2-99f61b4d6c74.jpeg?im_w=720',289);
INSERT INTO image (type, url, room) VALUES ('detail','https://a0.muscache.com/im/pictures/miso/Hosting-43208256/original/39092b82-7596-4306-b819-29417a26a315.jpeg?im_w=720',289);
INSERT INTO image (type, url, room) VALUES ('detail','https://a0.muscache.com/im/pictures/miso/Hosting-43208256/original/433f7732-5c2a-41b4-8bda-5456873d9e9a.jpeg?im_w=720',289);
INSERT INTO image (type, url, room) VALUES ('detail','https://a0.muscache.com/im/pictures/miso/Hosting-43208256/original/6071cb8e-62d5-4ed8-9d5c-1f5128d6b828.jpeg?im_w=720',289);
INSERT INTO image (type, url, room) VALUES ('detail','https://a0.muscache.com/im/pictures/miso/Hosting-43208256/original/4f2f2224-8d7f-4cd6-96f6-15554d5e6052.jpeg?im_w=720',289);
INSERT INTO image (type, url, room) VALUES ('detail','https://a0.muscache.com/im/pictures/miso/Hosting-43208256/original/dcbd19ca-7334-4a3f-bfe6-a05b3282d780.jpeg?im_w=720',289);
INSERT INTO image (type, url, room) VALUES ('detail','https://a0.muscache.com/im/pictures/miso/Hosting-43208256/original/1528de34-1137-49c7-a9ca-4561dbe71790.jpeg?im_w=720',289);
INSERT INTO image (type, url, room) VALUES ('detail','https://a0.muscache.com/im/pictures/miso/Hosting-43208256/original/52d0a786-d09d-43de-a378-d879fe06ed35.jpeg?im_w=720',289);
INSERT INTO image (type, url, room) VALUES ('detail','https://a0.muscache.com/im/pictures/miso/Hosting-43208256/original/5779e210-87bc-41c2-a45e-2000855946e9.jpeg?im_w=720',289);
INSERT INTO image (type, url, room) VALUES ('detail','https://a0.muscache.com/im/pictures/34ecc633-8659-4d10-a38d-df3cd63e445f.jpg?im_w=720',289);
INSERT INTO image (type, url, room) VALUES ('detail','https://a0.muscache.com/im/pictures/miso/Hosting-43208256/original/2ecc47a3-338f-4cfe-8af2-b2e21c11bf5c.jpeg?im_w=720',289);
INSERT INTO image (type, url, room) VALUES ('detail','https://a0.muscache.com/im/pictures/miso/Hosting-43208256/original/d932d3a6-785b-4da9-a002-693e8e53c09c.jpeg?im_w=720',289);
INSERT INTO image (type, url, room) VALUES ('detail','https://a0.muscache.com/im/pictures/miso/Hosting-43208256/original/064f65a4-9e79-4e27-9a6a-0a6e75483aff.jpeg?im_w=720',289);
INSERT INTO image (type, url, room) VALUES ('detail','https://a0.muscache.com/im/pictures/miso/Hosting-43208256/original/121adff9-5bf4-4da3-8484-805c1a6f1336.jpeg?im_w=720',289);
INSERT INTO image (type, url, room) VALUES ('detail','https://a0.muscache.com/im/pictures/miso/Hosting-43208256/original/aa30ace1-775f-47fc-9579-ff7d398db835.jpeg?im_w=720',289);
INSERT INTO image (type, url, room) VALUES ('detail','https://a0.muscache.com/im/pictures/miso/Hosting-43208256/original/ce0c60ed-83c3-4915-81fa-f2e127efaecc.jpeg?im_w=720',289);
INSERT INTO image (type, url, room) VALUES ('detail','https://a0.muscache.com/im/pictures/miso/Hosting-43208256/original/4f7478bf-5579-46ce-82bd-abdf35a4e72a.jpeg?im_w=720',289);
INSERT INTO image (type, url, room) VALUES ('detail','https://a0.muscache.com/im/pictures/miso/Hosting-43208256/original/8966af94-4f4e-4a4a-ae03-6060466897e0.jpeg?im_w=720',289);
INSERT INTO image (type, url, room) VALUES ('detail','https://a0.muscache.com/im/pictures/miso/Hosting-43208256/original/83ea0610-812a-41ef-8425-6fe6f561da37.jpeg?im_w=720',289);
INSERT INTO image (type, url, room) VALUES ('detail','https://a0.muscache.com/im/pictures/miso/Hosting-43208256/original/e3f5c584-d4a5-4eb6-b722-32fc885dd939.jpeg?im_w=720',289);
INSERT INTO image (type, url, room) VALUES ('detail','https://a0.muscache.com/im/pictures/e7f52b67-0d55-4147-bcf4-b9ff841fa389.jpg?im_w=720',289);
INSERT INTO image (type, url, room) VALUES ('detail','https://a0.muscache.com/im/pictures/599ce42c-8dd2-457a-9f6d-84691fece3d2.jpg?im_w=720',289);
INSERT INTO image (type, url, room) VALUES ('detail','https://a0.muscache.com/im/pictures/b83b0db4-d3d7-455f-a843-d928a1ce8a17.jpg?im_w=720',289);
INSERT INTO image (type, url, room) VALUES ('detail','https://a0.muscache.com/im/pictures/3b587b91-a5c3-4e8d-b845-f97b4ff127e0.jpg?im_w=720',289);
insert into location(id,latitude,longitude,city) values (290,35.153,126.852,'광주');
INSERT INTO room (id, title, description, price_per_day, room_type, bed, max_guest, bathroom, location) VALUES (290,'🌹오픈🌹상무지구 미미스테이🍭','Chipyeong-dong, Seo-gu의 아파트 전체',100000,'집 전체',1,2,1,290);
INSERT INTO image (type, url, room) VALUES ('thumb','https://a0.muscache.com/im/pictures/139c9805-ae81-4f73-8af2-dde3581a63fd.jpg?im_w=720',290);
INSERT INTO image (type, url, room) VALUES ('detail','https://a0.muscache.com/im/pictures/7b6d85ca-04af-4c1c-8aff-aecbf1e642e2.jpg?im_w=720',290);
INSERT INTO image (type, url, room) VALUES ('detail','https://a0.muscache.com/im/pictures/7274828d-2bc2-447a-a1b2-e35288526d3a.jpg?im_w=720',290);
INSERT INTO image (type, url, room) VALUES ('detail','https://a0.muscache.com/im/pictures/628cc760-7a50-45b0-b25f-a9761186c548.jpg?im_w=720',290);
INSERT INTO image (type, url, room) VALUES ('detail','https://a0.muscache.com/im/pictures/295e95de-e0d3-4f3d-a5f0-2a5aee430864.jpg?im_w=720',290);
INSERT INTO image (type, url, room) VALUES ('detail','https://a0.muscache.com/im/pictures/04c5c6e4-253c-4e4a-b2df-d2210c1c386c.jpg?im_w=720',290);
INSERT INTO image (type, url, room) VALUES ('detail','https://a0.muscache.com/im/pictures/542f22ad-9434-4949-9499-11d0233c7d2c.jpg?im_w=720',290);
INSERT INTO image (type, url, room) VALUES ('detail','https://a0.muscache.com/im/pictures/6b4e35bf-94ad-4dd3-a412-be19e73d1ebf.jpg?im_w=720',290);
INSERT INTO image (type, url, room) VALUES ('detail','https://a0.muscache.com/im/pictures/960faa06-5414-4cb8-bbe0-848b9e4506ca.jpg?im_w=720',290);
INSERT INTO image (type, url, room) VALUES ('detail','https://a0.muscache.com/im/pictures/cea14122-b69c-4211-ab66-390888b975a9.jpg?im_w=720',290);
INSERT INTO image (type, url, room) VALUES ('detail','https://a0.muscache.com/im/pictures/78af8287-7b24-4fcc-99f6-6d7d4d3c2ed1.jpg?im_w=720',290);
INSERT INTO image (type, url, room) VALUES ('detail','https://a0.muscache.com/im/pictures/0c8de079-2b7a-40bc-80a3-3fbec5487951.jpg?im_w=720',290);
INSERT INTO image (type, url, room) VALUES ('detail','https://a0.muscache.com/im/pictures/103e70fb-0c6a-423b-abbf-ea6ab9fd5d9d.jpg?im_w=720',290);
INSERT INTO image (type, url, room) VALUES ('detail','https://a0.muscache.com/im/pictures/2ef0cedd-d889-49cb-bfe6-f4a0b832b752.jpg?im_w=720',290);
INSERT INTO image (type, url, room) VALUES ('detail','https://a0.muscache.com/im/pictures/b22805dd-cd22-481a-af67-69f11ea808ba.jpg?im_w=720',290);
INSERT INTO image (type, url, room) VALUES ('detail','https://a0.muscache.com/im/pictures/15e890a1-1208-4125-9f32-dc7048e2d753.jpg?im_w=720',290);
INSERT INTO image (type, url, room) VALUES ('detail','https://a0.muscache.com/im/pictures/ade06b8a-82fe-4d2b-b5ed-dc527167d16e.jpg?im_w=720',290);
INSERT INTO image (type, url, room) VALUES ('detail','https://a0.muscache.com/im/pictures/c7129443-400d-4563-aa5a-79475b738a0a.jpg?im_w=720',290);
INSERT INTO image (type, url, room) VALUES ('detail','https://a0.muscache.com/im/pictures/bb779c3a-13f6-4b9e-a810-a47d29d001e5.jpg?im_w=720',290);
INSERT INTO image (type, url, room) VALUES ('detail','https://a0.muscache.com/im/pictures/a5625f54-adc3-4aa9-ab10-8299c2bbaf2f.jpg?im_w=720',290);
INSERT INTO image (type, url, room) VALUES ('detail','https://a0.muscache.com/im/pictures/a07920eb-56c3-40cb-bda0-03dbe6516e18.jpg?im_w=720',290);
INSERT INTO image (type, url, room) VALUES ('detail','https://a0.muscache.com/im/pictures/3de76556-3a01-4e25-8f66-3b40835e70d9.jpg?im_w=720',290);
INSERT INTO image (type, url, room) VALUES ('detail','https://a0.muscache.com/im/pictures/01e37ae6-35b5-448f-8fe6-c22708309546.jpg?im_w=720',290);
insert into location(id,latitude,longitude,city) values (291,35.166,126.858,'광주');
INSERT INTO room (id, title, description, price_per_day, room_type, bed, max_guest, bathroom, location) VALUES (291,'(아늑한숙소1)기아광주공장서문ㆍ상무호반2차APT/ 광주광역시청 걸어7분/청소비없음/','Seo-gu의 집 전체',100000,'집 전체',1,4,1,291);
INSERT INTO image (type, url, room) VALUES ('thumb','https://a0.muscache.com/im/pictures/00cad54d-4ae6-4837-a02b-714c97b1700b.jpg?im_w=720',291);
INSERT INTO image (type, url, room) VALUES ('detail','https://a0.muscache.com/im/pictures/642368af-f78c-414f-a71e-c3981b8ef598.jpg?im_w=720',291);
INSERT INTO image (type, url, room) VALUES ('detail','https://a0.muscache.com/im/pictures/5ff3a6f4-429f-4d27-96d6-25b78ed3a62b.jpg?im_w=720',291);
INSERT INTO image (type, url, room) VALUES ('detail','https://a0.muscache.com/im/pictures/af1eb5ad-d47c-4177-8a0b-684743a547da.jpg?im_w=720',291);
INSERT INTO image (type, url, room) VALUES ('detail','https://a0.muscache.com/im/pictures/5502f035-de57-456f-ac7c-09c24c3398aa.jpg?im_w=720',291);
INSERT INTO image (type, url, room) VALUES ('detail','https://a0.muscache.com/im/pictures/a6c9108a-d899-4b60-a856-73a1327ec7aa.jpg?im_w=720',291);
INSERT INTO image (type, url, room) VALUES ('detail','https://a0.muscache.com/im/pictures/65f7b71e-cd60-451c-860f-3850d3ae8e02.jpg?im_w=720',291);
INSERT INTO image (type, url, room) VALUES ('detail','https://a0.muscache.com/im/pictures/7fcc9b08-2ac7-45b3-912b-765f4ea0d3dc.jpg?im_w=720',291);
INSERT INTO image (type, url, room) VALUES ('detail','https://a0.muscache.com/im/pictures/dd12e35e-d9ba-44b5-b1b0-5dc3a7d910b2.jpg?im_w=720',291);
INSERT INTO image (type, url, room) VALUES ('detail','https://a0.muscache.com/im/pictures/b23ace4a-de92-412a-8fbf-4cf24790b107.jpg?im_w=720',291);
INSERT INTO image (type, url, room) VALUES ('detail','https://a0.muscache.com/im/pictures/f13c67ce-8a8f-41fa-87ed-2b1ade6a074b.jpg?im_w=720',291);
INSERT INTO image (type, url, room) VALUES ('detail','https://a0.muscache.com/im/pictures/c464087d-4340-4851-8c59-7e40973c770b.jpg?im_w=720',291);
INSERT INTO image (type, url, room) VALUES ('detail','https://a0.muscache.com/im/pictures/1f917390-b71b-423d-8825-7b76a2be2bba.jpg?im_w=720',291);
INSERT INTO image (type, url, room) VALUES ('detail','https://a0.muscache.com/im/pictures/0af43c0a-0647-4843-8308-e1421f9eee8d.jpg?im_w=720',291);
INSERT INTO image (type, url, room) VALUES ('detail','https://a0.muscache.com/im/pictures/200030fb-804c-4e30-b3e8-5a26faf7f98c.jpg?im_w=720',291);
INSERT INTO image (type, url, room) VALUES ('detail','https://a0.muscache.com/im/pictures/9c0faddd-ca45-4ff8-a026-f23b6bb4f938.jpg?im_w=720',291);
insert into location(id,latitude,longitude,city) values (292,35.152,126.852,'광주');
INSERT INTO room (id, title, description, price_per_day, room_type, bed, max_guest, bathroom, location) VALUES (292,'[charming] 디테일이 돋보이는 낮과 밤이 다른 공간','Chipyeong-dong, Seo-gu의 아파트 전체',85000,'집 전체',1,2,1,292);
INSERT INTO image (type, url, room) VALUES ('thumb','https://a0.muscache.com/im/pictures/miso/Hosting-47233283/original/4196d1b4-fe85-4508-b426-c962d695d61f.jpeg?im_w=720',292);
INSERT INTO image (type, url, room) VALUES ('detail','https://a0.muscache.com/im/pictures/d57b7bb5-2380-446c-93fc-aa67d5d310e0.jpg?im_w=720',292);
INSERT INTO image (type, url, room) VALUES ('detail','https://a0.muscache.com/im/pictures/miso/Hosting-47233283/original/b70e4260-3d0a-43e6-b2f0-9fedcbfb6aac.jpeg?im_w=720',292);
INSERT INTO image (type, url, room) VALUES ('detail','https://a0.muscache.com/im/pictures/miso/Hosting-47233283/original/f514a139-09a9-4b3b-ac01-1c969acd59e6.jpeg?im_w=720',292);
INSERT INTO image (type, url, room) VALUES ('detail','https://a0.muscache.com/im/pictures/miso/Hosting-47233283/original/86b79af3-8f5e-46c3-b483-7f5d70345db6.jpeg?im_w=720',292);
INSERT INTO image (type, url, room) VALUES ('detail','https://a0.muscache.com/im/pictures/miso/Hosting-47233283/original/3ab745bf-573b-48e8-872a-c83fa840daf0.jpeg?im_w=720',292);
INSERT INTO image (type, url, room) VALUES ('detail','https://a0.muscache.com/im/pictures/miso/Hosting-47233283/original/d17584d4-15cc-4b8b-aee9-2caf28ee4044.jpeg?im_w=720',292);
INSERT INTO image (type, url, room) VALUES ('detail','https://a0.muscache.com/im/pictures/miso/Hosting-47233283/original/48074a01-f93a-4d6c-9a6a-22def2a9927e.jpeg?im_w=720',292);
INSERT INTO image (type, url, room) VALUES ('detail','https://a0.muscache.com/im/pictures/miso/Hosting-47233283/original/1a63f1a9-2522-4752-aab6-869c6c005ca5.jpeg?im_w=720',292);
INSERT INTO image (type, url, room) VALUES ('detail','https://a0.muscache.com/im/pictures/miso/Hosting-47233283/original/e9644a26-29a7-475d-adf5-15e82af95c85.jpeg?im_w=720',292);
INSERT INTO image (type, url, room) VALUES ('detail','https://a0.muscache.com/im/pictures/miso/Hosting-47233283/original/dacf1bb0-a21b-40cf-aea3-343b360166fd.jpeg?im_w=720',292);
INSERT INTO image (type, url, room) VALUES ('detail','https://a0.muscache.com/im/pictures/miso/Hosting-47233283/original/c1bd6baf-7bcf-432f-9772-e3b5cb5ef447.jpeg?im_w=720',292);
INSERT INTO image (type, url, room) VALUES ('detail','https://a0.muscache.com/im/pictures/miso/Hosting-47233283/original/df974a01-d486-45ed-ab19-413a4f653154.jpeg?im_w=720',292);
INSERT INTO image (type, url, room) VALUES ('detail','https://a0.muscache.com/im/pictures/miso/Hosting-47233283/original/c6a7ed11-db57-4d1a-93f3-df77276e78e9.jpeg?im_w=720',292);
INSERT INTO image (type, url, room) VALUES ('detail','https://a0.muscache.com/im/pictures/8ed5e908-4f77-48d4-8a51-06d8d3be6ffe.jpg?im_w=720',292);
INSERT INTO image (type, url, room) VALUES ('detail','https://a0.muscache.com/im/pictures/04bd28e3-0058-41d1-aefb-549d2acfc06e.jpg?im_w=720',292);
INSERT INTO image (type, url, room) VALUES ('detail','https://a0.muscache.com/im/pictures/miso/Hosting-47233283/original/e68a4bc3-1274-42a3-913d-b3afe5e84e0b.jpeg?im_w=720',292);
INSERT INTO image (type, url, room) VALUES ('detail','https://a0.muscache.com/im/pictures/miso/Hosting-47233283/original/ec1caf7a-8598-4229-8724-783a57c19d76.jpeg?im_w=720',292);
INSERT INTO image (type, url, room) VALUES ('detail','https://a0.muscache.com/im/pictures/miso/Hosting-47233283/original/7eb254f6-4870-4240-bdf9-8da94bb2a212.jpeg?im_w=720',292);
INSERT INTO image (type, url, room) VALUES ('detail','https://a0.muscache.com/im/pictures/miso/Hosting-47233283/original/582078fe-07e1-4c31-ab4d-af03c11446e0.jpeg?im_w=720',292);
INSERT INTO image (type, url, room) VALUES ('detail','https://a0.muscache.com/im/pictures/miso/Hosting-47233283/original/bb008e5d-5c98-48b3-9561-f1273de3dcc6.jpeg?im_w=720',292);
INSERT INTO image (type, url, room) VALUES ('detail','https://a0.muscache.com/im/pictures/miso/Hosting-47233283/original/8c9e94e7-47fa-40f9-b660-5c99605bc017.jpeg?im_w=720',292);
INSERT INTO image (type, url, room) VALUES ('detail','https://a0.muscache.com/im/pictures/miso/Hosting-47233283/original/95757e3b-ad19-4207-b2e9-da193b3123dc.jpeg?im_w=720',292);
INSERT INTO image (type, url, room) VALUES ('detail','https://a0.muscache.com/im/pictures/miso/Hosting-47233283/original/03195dcf-e1c2-4e79-b89d-d533c1b5e3a1.jpeg?im_w=720',292);
INSERT INTO image (type, url, room) VALUES ('detail','https://a0.muscache.com/im/pictures/miso/Hosting-47233283/original/6bcc285e-ab7f-4aa0-a302-61c3efbfa73a.jpeg?im_w=720',292);
INSERT INTO image (type, url, room) VALUES ('detail','https://a0.muscache.com/im/pictures/miso/Hosting-47233283/original/c4f0546f-1db6-4da9-a917-14aaeb3b3f42.jpeg?im_w=720',292);
INSERT INTO image (type, url, room) VALUES ('detail','https://a0.muscache.com/im/pictures/miso/Hosting-47233283/original/fc39e6ce-5076-4db1-842e-b82c6785cb0f.jpeg?im_w=720',292);
INSERT INTO image (type, url, room) VALUES ('detail','https://a0.muscache.com/im/pictures/miso/Hosting-47233283/original/1e721006-89bf-4ce8-a987-18a7d242b049.jpeg?im_w=720',292);
INSERT INTO image (type, url, room) VALUES ('detail','https://a0.muscache.com/im/pictures/miso/Hosting-47233283/original/abdb43a5-5813-4e96-8336-d971d79e3e80.jpeg?im_w=720',292);
INSERT INTO image (type, url, room) VALUES ('detail','https://a0.muscache.com/im/pictures/miso/Hosting-47233283/original/39839018-83ab-4056-9a58-af7d648156ba.jpeg?im_w=720',292);
insert into location(id,latitude,longitude,city) values (293,35.161,126.884,'광주');
INSERT INTO room (id, title, description, price_per_day, room_type, bed, max_guest, bathroom, location) VALUES (293,'Lime house in Gwangju Guesthouse 10#,  유스퀘어터미널 인근','Seo-gu의 아파트 전체',95000,'집 전체',1,3,1,293);
INSERT INTO image (type, url, room) VALUES ('thumb','https://a0.muscache.com/im/pictures/4e433080-6198-426d-b016-bc6b8df180d3.jpg?im_w=720',293);
INSERT INTO image (type, url, room) VALUES ('detail','https://a0.muscache.com/im/pictures/a541fcb8-6d22-4e96-9296-cf949b7d9b98.jpg?im_w=720',293);
INSERT INTO image (type, url, room) VALUES ('detail','https://a0.muscache.com/im/pictures/372d3380-f1d7-4269-b82e-ce17e32fa2a6.jpg?im_w=720',293);
INSERT INTO image (type, url, room) VALUES ('detail','https://a0.muscache.com/im/pictures/efde8f0f-8fac-455a-a94a-9738a26683cb.jpg?im_w=720',293);
INSERT INTO image (type, url, room) VALUES ('detail','https://a0.muscache.com/im/pictures/5353f45f-21a3-440e-a3b1-dfda3cb82692.jpg?im_w=720',293);
INSERT INTO image (type, url, room) VALUES ('detail','https://a0.muscache.com/im/pictures/bf3c2c7f-946f-4a3f-bfb4-3293c7461601.jpg?im_w=720',293);
INSERT INTO image (type, url, room) VALUES ('detail','https://a0.muscache.com/im/pictures/63d2f33a-40fd-49f9-ba5f-4ced0a8aa621.jpg?im_w=720',293);
INSERT INTO image (type, url, room) VALUES ('detail','https://a0.muscache.com/im/pictures/e754ab63-7529-4458-880e-694ad66fd394.jpg?im_w=720',293);
INSERT INTO image (type, url, room) VALUES ('detail','https://a0.muscache.com/im/pictures/d8147302-37d7-408d-823c-ef81e26b6f4a.jpg?im_w=720',293);
INSERT INTO image (type, url, room) VALUES ('detail','https://a0.muscache.com/im/pictures/b8e499b3-d20b-46d8-a240-0a2dcd3c5d7a.jpg?im_w=720',293);
INSERT INTO image (type, url, room) VALUES ('detail','https://a0.muscache.com/im/pictures/9105b4ed-46a7-4515-afd7-5245cc1b386a.jpg?im_w=720',293);
INSERT INTO image (type, url, room) VALUES ('detail','https://a0.muscache.com/im/pictures/d527d6f1-9f4d-4675-bc6b-6df8630d1a37.jpg?im_w=720',293);
INSERT INTO image (type, url, room) VALUES ('detail','https://a0.muscache.com/im/pictures/b3c84fbb-6f02-4114-bc41-7d9b31731406.jpg?im_w=720',293);
INSERT INTO image (type, url, room) VALUES ('detail','https://a0.muscache.com/im/pictures/6b461800-7785-41d1-8ee0-bf240151d153.jpg?im_w=720',293);
INSERT INTO image (type, url, room) VALUES ('detail','https://a0.muscache.com/im/pictures/789c7e7c-050c-497a-a91f-589dbcc0ae16.jpg?im_w=720',293);
INSERT INTO image (type, url, room) VALUES ('detail','https://a0.muscache.com/im/pictures/e51dc53e-d8f8-4841-ab54-7cc105eb3338.jpg?im_w=720',293);
INSERT INTO image (type, url, room) VALUES ('detail','https://a0.muscache.com/im/pictures/94903836-4075-4993-82c4-98c8500f5c92.jpg?im_w=720',293);
INSERT INTO image (type, url, room) VALUES ('detail','https://a0.muscache.com/im/pictures/66bf4b13-1e45-47b1-81c6-5ec4e5ebbf78.jpg?im_w=720',293);
INSERT INTO image (type, url, room) VALUES ('detail','https://a0.muscache.com/im/pictures/ae70145a-6ba0-4bbb-8abf-365e5f2bc8a6.jpg?im_w=720',293);
INSERT INTO image (type, url, room) VALUES ('detail','https://a0.muscache.com/im/pictures/4447de6b-7734-4c22-a0a9-6b2ca60c2431.jpg?im_w=720',293);
INSERT INTO image (type, url, room) VALUES ('detail','https://a0.muscache.com/im/pictures/4d88ac56-7200-4be5-b3f4-f1c3deba9e07.jpg?im_w=720',293);
INSERT INTO image (type, url, room) VALUES ('detail','https://a0.muscache.com/im/pictures/0bad2025-bba6-4ed5-a471-9990297d1f87.jpg?im_w=720',293);
INSERT INTO image (type, url, room) VALUES ('detail','https://a0.muscache.com/im/pictures/4ad9af31-6380-432b-b48d-51288a5d9c9d.jpg?im_w=720',293);
INSERT INTO image (type, url, room) VALUES ('detail','https://a0.muscache.com/im/pictures/578a712c-5cd2-4c9b-9e8b-765a6efe6c91.jpg?im_w=720',293);
INSERT INTO image (type, url, room) VALUES ('detail','https://a0.muscache.com/im/pictures/606c2c39-c50c-49f1-8e93-cbc8bff4b3e2.jpg?im_w=720',293);
INSERT INTO image (type, url, room) VALUES ('detail','https://a0.muscache.com/im/pictures/b446d599-31d4-4c88-9fbf-6f3834c7bbdd.jpg?im_w=720',293);
INSERT INTO image (type, url, room) VALUES ('detail','https://a0.muscache.com/im/pictures/846a4ad1-9be1-40f6-bdb1-b53a3c98f23e.jpg?im_w=720',293);
INSERT INTO image (type, url, room) VALUES ('detail','https://a0.muscache.com/im/pictures/e1f51be7-6120-4fde-8309-7eb4bda3a969.jpg?im_w=720',293);
INSERT INTO image (type, url, room) VALUES ('detail','https://a0.muscache.com/im/pictures/2825a30f-6429-4f8f-9624-2c66482ae53d.jpg?im_w=720',293);
insert into location(id,latitude,longitude,city) values (294,35.152,126.851,'광주');
INSERT INTO room (id, title, description, price_per_day, room_type, bed, max_guest, bathroom, location) VALUES (294,'Stay at Home 편히 쉴 수 있는공간 (넷플릭스,빔프로젝트,보드게임)','Chipyeong-dong, Seo-gu의 아파트 전체',93000,'집 전체',1,2,1,294);
INSERT INTO image (type, url, room) VALUES ('thumb','https://a0.muscache.com/im/pictures/cb973e30-8f12-4ec2-964a-7265ef1eff14.jpg?im_w=720',294);
INSERT INTO image (type, url, room) VALUES ('detail','https://a0.muscache.com/im/pictures/f575e907-65d7-4127-a15b-2e2227101451.jpg?im_w=720',294);
INSERT INTO image (type, url, room) VALUES ('detail','https://a0.muscache.com/im/pictures/dfad9f5d-ec30-45ad-bf44-9f815367b051.jpg?im_w=720',294);
INSERT INTO image (type, url, room) VALUES ('detail','https://a0.muscache.com/im/pictures/6ebb4625-94b9-465c-b34a-72d895f48157.jpg?im_w=720',294);
INSERT INTO image (type, url, room) VALUES ('detail','https://a0.muscache.com/im/pictures/e6e5aad7-ce32-4611-aa05-a9297dd68d71.jpg?im_w=720',294);
INSERT INTO image (type, url, room) VALUES ('detail','https://a0.muscache.com/im/pictures/e59db013-f19a-4772-80aa-ed88c9cd6781.jpg?im_w=720',294);
INSERT INTO image (type, url, room) VALUES ('detail','https://a0.muscache.com/im/pictures/ef887216-3069-4c5f-81b8-84a48ea749a6.jpg?im_w=720',294);
INSERT INTO image (type, url, room) VALUES ('detail','https://a0.muscache.com/im/pictures/f7c5c404-7488-4064-a7be-9dac87224afa.jpg?im_w=720',294);
INSERT INTO image (type, url, room) VALUES ('detail','https://a0.muscache.com/im/pictures/dca41184-a6db-4be0-96a0-948e6b5f9b71.jpg?im_w=720',294);
INSERT INTO image (type, url, room) VALUES ('detail','https://a0.muscache.com/im/pictures/c9d7029f-853e-4fdc-9534-53b625934c39.jpg?im_w=720',294);
INSERT INTO image (type, url, room) VALUES ('detail','https://a0.muscache.com/im/pictures/aadf9d57-18bb-4005-af5b-5bf27d9b0879.jpg?im_w=720',294);
INSERT INTO image (type, url, room) VALUES ('detail','https://a0.muscache.com/im/pictures/4b2f50aa-2527-4a8c-9929-7c6303372871.jpg?im_w=720',294);
INSERT INTO image (type, url, room) VALUES ('detail','https://a0.muscache.com/im/pictures/4322a0e3-a4b3-47d6-89f3-74470feafeb3.jpg?im_w=720',294);
INSERT INTO image (type, url, room) VALUES ('detail','https://a0.muscache.com/im/pictures/e7cb7089-df13-4776-9d37-5d47706ed22d.jpg?im_w=720',294);
INSERT INTO image (type, url, room) VALUES ('detail','https://a0.muscache.com/im/pictures/a8bc20ef-33c8-4631-95aa-2bea4049870b.jpg?im_w=720',294);
INSERT INTO image (type, url, room) VALUES ('detail','https://a0.muscache.com/im/pictures/8fdf15a0-d8a6-4087-a4af-110c49387abe.jpg?im_w=720',294);
INSERT INTO image (type, url, room) VALUES ('detail','https://a0.muscache.com/im/pictures/f65b03c2-48c5-41cf-b26d-6f4c691a37fe.jpg?im_w=720',294);
INSERT INTO image (type, url, room) VALUES ('detail','https://a0.muscache.com/im/pictures/d4523103-affb-4002-adb9-d5f7b4097f78.jpg?im_w=720',294);
INSERT INTO image (type, url, room) VALUES ('detail','https://a0.muscache.com/im/pictures/b03b889a-2163-4017-af0a-c33948fb65a8.jpg?im_w=720',294);
INSERT INTO image (type, url, room) VALUES ('detail','https://a0.muscache.com/im/pictures/ea777a56-30dc-4ef1-a90c-a34b0c0d83a4.jpg?im_w=720',294);
INSERT INTO image (type, url, room) VALUES ('detail','https://a0.muscache.com/im/pictures/d8179d8f-9f1f-4a1d-81b5-8139bd33db25.jpg?im_w=720',294);
INSERT INTO image (type, url, room) VALUES ('detail','https://a0.muscache.com/im/pictures/0b060281-80f5-4e22-9b92-928a697c1d73.jpg?im_w=720',294);
INSERT INTO image (type, url, room) VALUES ('detail','https://a0.muscache.com/im/pictures/deaab943-52c5-40d1-9f86-e238fb09bf74.jpg?im_w=720',294);
INSERT INTO image (type, url, room) VALUES ('detail','https://a0.muscache.com/im/pictures/636d0d86-4d7b-4986-ba83-5065e8e7ea65.jpg?im_w=720',294);
INSERT INTO image (type, url, room) VALUES ('detail','https://a0.muscache.com/im/pictures/dfbfceba-b36b-4cd1-b0e6-1739bebac33e.jpg?im_w=720',294);
INSERT INTO image (type, url, room) VALUES ('detail','https://a0.muscache.com/im/pictures/faa5b0ad-30f0-456f-aed5-82343d0c2848.jpg?im_w=720',294);
INSERT INTO image (type, url, room) VALUES ('detail','https://a0.muscache.com/im/pictures/28199254-647e-48a0-809e-2f306bad40d1.jpg?im_w=720',294);
INSERT INTO image (type, url, room) VALUES ('detail','https://a0.muscache.com/im/pictures/3d37c297-292a-4218-91a5-af7e7131d5db.jpg?im_w=720',294);
INSERT INTO image (type, url, room) VALUES ('detail','https://a0.muscache.com/im/pictures/922f578b-36c1-49b8-b1e6-bf11c8dec5bf.jpg?im_w=720',294);
INSERT INTO image (type, url, room) VALUES ('detail','https://a0.muscache.com/im/pictures/370204d7-9a5d-4daf-bf68-49396791e2fe.jpg?im_w=720',294);
insert into location(id,latitude,longitude,city) values (295,35.155,126.859,'광주');
INSERT INTO room (id, title, description, price_per_day, room_type, bed, max_guest, bathroom, location) VALUES (295,'(아늑한숙소2)기아광주공장서문.상무호반2차APT/광주광역시청걸어7분/청소비없음/풀옵션','Yuchon-dong, Seo-gu의 집 전체',100000,'집 전체',1,4,1,295);
INSERT INTO image (type, url, room) VALUES ('thumb','https://a0.muscache.com/im/pictures/ef07d682-f2ac-48e7-ade8-d614b3428bf6.jpg?im_w=720',295);
INSERT INTO image (type, url, room) VALUES ('detail','https://a0.muscache.com/im/pictures/3dfdcc49-295a-48be-b137-3b69da6eb57b.jpg?im_w=720',295);
INSERT INTO image (type, url, room) VALUES ('detail','https://a0.muscache.com/im/pictures/b49ca6ba-d373-4e67-9644-78ac5f68c15f.jpg?im_w=720',295);
INSERT INTO image (type, url, room) VALUES ('detail','https://a0.muscache.com/im/pictures/eaeb015b-b00e-4a31-b06e-ba44469ddef5.jpg?im_w=720',295);
INSERT INTO image (type, url, room) VALUES ('detail','https://a0.muscache.com/im/pictures/5eeee556-b172-46de-b591-04e1142acd1f.jpg?im_w=720',295);
INSERT INTO image (type, url, room) VALUES ('detail','https://a0.muscache.com/im/pictures/38d4454b-c135-43be-b1c9-86685d9bc68c.jpg?im_w=720',295);
INSERT INTO image (type, url, room) VALUES ('detail','https://a0.muscache.com/im/pictures/9ed6ebfd-35b6-4b4d-9dc6-c26fa6d41b55.jpg?im_w=720',295);
INSERT INTO image (type, url, room) VALUES ('detail','https://a0.muscache.com/im/pictures/722b9eec-533f-4254-b9d1-ae6ceb382011.jpg?im_w=720',295);
INSERT INTO image (type, url, room) VALUES ('detail','https://a0.muscache.com/im/pictures/71f9871f-c3ba-4436-a6db-25269fa0f75b.jpg?im_w=720',295);
INSERT INTO image (type, url, room) VALUES ('detail','https://a0.muscache.com/im/pictures/7b943df2-900f-4c46-ac0d-a3c6bd0af7ac.jpg?im_w=720',295);
INSERT INTO image (type, url, room) VALUES ('detail','https://a0.muscache.com/im/pictures/ee5a8b6a-e97d-4a60-a44f-face7a79771d.jpg?im_w=720',295);
INSERT INTO image (type, url, room) VALUES ('detail','https://a0.muscache.com/im/pictures/a4757590-7011-4254-8bb9-0819404a8667.jpg?im_w=720',295);
INSERT INTO image (type, url, room) VALUES ('detail','https://a0.muscache.com/im/pictures/832ebfb9-ebb5-4b45-bfc4-8170a16b2002.jpg?im_w=720',295);
INSERT INTO image (type, url, room) VALUES ('detail','https://a0.muscache.com/im/pictures/0d2f29ba-8dfc-492e-983d-330857de805e.jpg?im_w=720',295);
INSERT INTO image (type, url, room) VALUES ('detail','https://a0.muscache.com/im/pictures/c4804c71-4c32-4217-9f52-5b38699e39d0.jpg?im_w=720',295);
INSERT INTO image (type, url, room) VALUES ('detail','https://a0.muscache.com/im/pictures/163756b4-475e-4567-9568-cf9d25008f4a.jpg?im_w=720',295);
INSERT INTO image (type, url, room) VALUES ('detail','https://a0.muscache.com/im/pictures/7712c090-c239-49ae-b7ad-7979730b3578.jpg?im_w=720',295);
insert into location(id,latitude,longitude,city) values (296,35.164,126.903,'광주');
INSERT INTO room (id, title, description, price_per_day, room_type, bed, max_guest, bathroom, location) VALUES (296,'광주역5분,전남대 도보10분 지구촌의 모든 1인 여행객을 위한 숙소','Sinan-dong, Buk-gu의 콘도(아파트) 전체',100000,'집 전체',1,1,1,296);
INSERT INTO image (type, url, room) VALUES ('thumb','https://a0.muscache.com/im/pictures/adebbb59-9ba5-4acf-8453-93b2bf220372.jpg?im_w=720',296);
INSERT INTO image (type, url, room) VALUES ('detail','https://a0.muscache.com/im/pictures/2b7b1c13-0206-450a-abc3-3c23959f0398.jpg?im_w=720',296);
INSERT INTO image (type, url, room) VALUES ('detail','https://a0.muscache.com/im/pictures/3b99d57c-7f81-49eb-85f5-1b87bb09e661.jpg?im_w=720',296);
INSERT INTO image (type, url, room) VALUES ('detail','https://a0.muscache.com/im/pictures/04b5f66a-39ba-4793-a40c-89fedb5646ab.jpg?im_w=720',296);
INSERT INTO image (type, url, room) VALUES ('detail','https://a0.muscache.com/im/pictures/81dc5f3e-8cbd-4d4c-a01f-de66922127c4.jpg?im_w=720',296);
INSERT INTO image (type, url, room) VALUES ('detail','https://a0.muscache.com/im/pictures/4ca946d5-c10a-498c-bb8a-94eac61446e3.jpg?im_w=720',296);
INSERT INTO image (type, url, room) VALUES ('detail','https://a0.muscache.com/im/pictures/c3fcc978-1fef-4b45-ab85-7206ead74e78.jpg?im_w=720',296);
INSERT INTO image (type, url, room) VALUES ('detail','https://a0.muscache.com/im/pictures/bac072aa-07b7-416e-a675-7cb9491afe44.jpg?im_w=720',296);
INSERT INTO image (type, url, room) VALUES ('detail','https://a0.muscache.com/im/pictures/225333d4-2772-4d3e-a8be-3eadf678c278.jpg?im_w=720',296);
INSERT INTO image (type, url, room) VALUES ('detail','https://a0.muscache.com/im/pictures/ff091779-47a3-4b7d-bb90-762612ca7be2.jpg?im_w=720',296);
INSERT INTO image (type, url, room) VALUES ('detail','https://a0.muscache.com/im/pictures/54cc22ec-a003-41ff-b5e2-429262d6b80e.jpg?im_w=720',296);
INSERT INTO image (type, url, room) VALUES ('detail','https://a0.muscache.com/im/pictures/f9b2020b-0a80-4578-973a-c3b927db7b73.jpg?im_w=720',296);
insert into location(id,latitude,longitude,city) values (297,35.137,126.793,'광주');
INSERT INTO room (id, title, description, price_per_day, room_type, bed, max_guest, bathroom, location) VALUES (297,'🎈Moonlight House🎈송정역KTX에서1분거리 📺NETFLIX🍺홈빠무료맥주','Songjeong 2(i)-dong, Gwangsan-gu의 아파트 전체',95000,'집 전체',1,3,1,297);
INSERT INTO image (type, url, room) VALUES ('thumb','https://a0.muscache.com/im/pictures/1084cedd-6c19-40d4-b06f-d6d20bd9882f.jpg?im_w=720',297);
INSERT INTO image (type, url, room) VALUES ('detail','https://a0.muscache.com/im/pictures/bbb9e74e-f250-4e91-bfd3-e7e99fc45068.jpg?im_w=720',297);
INSERT INTO image (type, url, room) VALUES ('detail','https://a0.muscache.com/im/pictures/8ad75087-af02-4d07-98a7-e29c3998b140.jpg?im_w=720',297);
INSERT INTO image (type, url, room) VALUES ('detail','https://a0.muscache.com/im/pictures/f2e7f624-337d-48df-b8c4-d55eac03088d.jpg?im_w=720',297);
INSERT INTO image (type, url, room) VALUES ('detail','https://a0.muscache.com/im/pictures/9574a773-28bf-4846-9c7c-577ee30ee085.jpg?im_w=720',297);
INSERT INTO image (type, url, room) VALUES ('detail','https://a0.muscache.com/im/pictures/66c09af6-629b-4f4b-baec-1da3d360d9ca.jpg?im_w=720',297);
INSERT INTO image (type, url, room) VALUES ('detail','https://a0.muscache.com/im/pictures/c08ac461-0bf7-4df2-9392-29f9a479be33.jpg?im_w=720',297);
INSERT INTO image (type, url, room) VALUES ('detail','https://a0.muscache.com/im/pictures/883abbeb-39a2-4f23-9f06-ed218ca01c85.jpg?im_w=720',297);
INSERT INTO image (type, url, room) VALUES ('detail','https://a0.muscache.com/im/pictures/0bc87211-3d15-414b-99cd-03719f61a8e9.jpg?im_w=720',297);
INSERT INTO image (type, url, room) VALUES ('detail','https://a0.muscache.com/im/pictures/736560ef-1c81-4d56-ba82-c5c7159752bc.jpg?im_w=720',297);
INSERT INTO image (type, url, room) VALUES ('detail','https://a0.muscache.com/im/pictures/71bc4fe3-3009-4ca8-9b42-c897299430a6.jpg?im_w=720',297);
INSERT INTO image (type, url, room) VALUES ('detail','https://a0.muscache.com/im/pictures/5d8df050-cca1-4936-8ba4-8b176c410600.jpg?im_w=720',297);
INSERT INTO image (type, url, room) VALUES ('detail','https://a0.muscache.com/im/pictures/d41c0a0b-5f09-4a1b-ab4b-30ae40c057db.jpg?im_w=720',297);
INSERT INTO image (type, url, room) VALUES ('detail','https://a0.muscache.com/im/pictures/8dde0218-9794-4e89-bbc3-597c5ad2258a.jpg?im_w=720',297);
INSERT INTO image (type, url, room) VALUES ('detail','https://a0.muscache.com/im/pictures/0b7ac94b-59c7-4b98-a8e4-ac11278c6573.jpg?im_w=720',297);
INSERT INTO image (type, url, room) VALUES ('detail','https://a0.muscache.com/im/pictures/1f67ad28-633d-42bc-b96c-3a98dc13703d.jpg?im_w=720',297);
INSERT INTO image (type, url, room) VALUES ('detail','https://a0.muscache.com/im/pictures/6745591a-4444-48cf-bb50-1fdee9e907d1.jpg?im_w=720',297);
INSERT INTO image (type, url, room) VALUES ('detail','https://a0.muscache.com/im/pictures/d8ae48a2-389c-432e-81a6-38506bdf46ee.jpg?im_w=720',297);
INSERT INTO image (type, url, room) VALUES ('detail','https://a0.muscache.com/im/pictures/52065602-beb7-4c1e-a042-a9abcffbaf64.jpg?im_w=720',297);
INSERT INTO image (type, url, room) VALUES ('detail','https://a0.muscache.com/im/pictures/884a6244-961f-4775-9aab-1f1bcb51b7fb.jpg?im_w=720',297);
INSERT INTO image (type, url, room) VALUES ('detail','https://a0.muscache.com/im/pictures/01ce4db2-3a66-4623-8d33-cba9945de8f5.jpg?im_w=720',297);
INSERT INTO image (type, url, room) VALUES ('detail','https://a0.muscache.com/im/pictures/3b63c8dd-28d4-40e5-8c91-548f85d5599e.jpg?im_w=720',297);
INSERT INTO image (type, url, room) VALUES ('detail','https://a0.muscache.com/im/pictures/7caf6009-5ae8-4a49-8ba3-6b664e6a3c17.jpg?im_w=720',297);
INSERT INTO image (type, url, room) VALUES ('detail','https://a0.muscache.com/im/pictures/9f12bb09-82d5-4188-9b04-9a5f86456d57.jpg?im_w=720',297);
INSERT INTO image (type, url, room) VALUES ('detail','https://a0.muscache.com/im/pictures/a572effd-be59-45a8-86d6-97bb2844d1a8.jpg?im_w=720',297);
INSERT INTO image (type, url, room) VALUES ('detail','https://a0.muscache.com/im/pictures/d52d1cea-7def-4b6f-8949-ffb56e36355b.jpg?im_w=720',297);
INSERT INTO image (type, url, room) VALUES ('detail','https://a0.muscache.com/im/pictures/630a4b83-63df-42b6-8a8d-2e8ab7b33849.jpg?im_w=720',297);
insert into location(id,latitude,longitude,city) values (298,35.181,126.804,'광주');
INSERT INTO room (id, title, description, price_per_day, room_type, bed, max_guest, bathroom, location) VALUES (298,'더 스페셜 엘도라도 하우스
쾌적한 환경 즐거운 여행되실수 있도록
최선을 다하겠습니다','Gwangsan-gu의 집 전체',95000,'집 전체',1,2,1,298);
INSERT INTO image (type, url, room) VALUES ('thumb','https://a0.muscache.com/im/pictures/fa15b90c-7037-4c86-9a65-4d663c9a4555.jpg?im_w=720',298);
INSERT INTO image (type, url, room) VALUES ('detail','https://a0.muscache.com/im/pictures/a049bb6b-0f02-4bee-903e-19f0b1d2a26c.jpg?im_w=720',298);
INSERT INTO image (type, url, room) VALUES ('detail','https://a0.muscache.com/im/pictures/faf9a409-fef3-4404-8935-008552f30bac.jpg?im_w=720',298);
INSERT INTO image (type, url, room) VALUES ('detail','https://a0.muscache.com/im/pictures/ff10c732-d654-42eb-99f4-4a80fdbe4171.jpg?im_w=720',298);
INSERT INTO image (type, url, room) VALUES ('detail','https://a0.muscache.com/im/pictures/7c285074-2e2c-47b6-8a0b-8e51e56b8b9d.jpg?im_w=720',298);
INSERT INTO image (type, url, room) VALUES ('detail','https://a0.muscache.com/im/pictures/9ad4765e-ba9a-40c5-a5da-a6e189ebdde8.jpg?im_w=720',298);
INSERT INTO image (type, url, room) VALUES ('detail','https://a0.muscache.com/im/pictures/2c3998ce-91ea-47f2-b356-314f3867f26f.jpg?im_w=720',298);
INSERT INTO image (type, url, room) VALUES ('detail','https://a0.muscache.com/im/pictures/ec945e10-01fc-4e27-9c1e-74ab4ab52a13.jpg?im_w=720',298);
INSERT INTO image (type, url, room) VALUES ('detail','https://a0.muscache.com/im/pictures/527ccdba-aab7-45c0-b740-09ea693cf595.jpg?im_w=720',298);
INSERT INTO image (type, url, room) VALUES ('detail','https://a0.muscache.com/im/pictures/127499be-18d4-428b-ab9e-6ea385c6991b.jpg?im_w=720',298);
INSERT INTO image (type, url, room) VALUES ('detail','https://a0.muscache.com/im/pictures/1307f2a5-f5dd-4551-802c-a410d77752ad.jpg?im_w=720',298);
INSERT INTO image (type, url, room) VALUES ('detail','https://a0.muscache.com/im/pictures/2f7a21c1-afac-435d-a8d8-3cea7a56b72a.jpg?im_w=720',298);
INSERT INTO image (type, url, room) VALUES ('detail','https://a0.muscache.com/im/pictures/22009403-99be-4e3c-bc76-1c7b0515e8e0.jpg?im_w=720',298);
INSERT INTO image (type, url, room) VALUES ('detail','https://a0.muscache.com/im/pictures/9ff7a8d4-fac1-4e98-9d96-f72937696d9f.jpg?im_w=720',298);
INSERT INTO image (type, url, room) VALUES ('detail','https://a0.muscache.com/im/pictures/0e29e83b-f8e2-4baf-81ea-1d30fc7da428.jpg?im_w=720',298);
INSERT INTO image (type, url, room) VALUES ('detail','https://a0.muscache.com/im/pictures/213500d6-f951-4bde-aaea-178a7c5918aa.jpg?im_w=720',298);
INSERT INTO image (type, url, room) VALUES ('detail','https://a0.muscache.com/im/pictures/cb484233-4723-4a2b-b4eb-a5ea18a4bfe6.jpg?im_w=720',298);
INSERT INTO image (type, url, room) VALUES ('detail','https://a0.muscache.com/im/pictures/2124b83a-c4cb-4b41-a426-24df2b38221c.jpg?im_w=720',298);
INSERT INTO image (type, url, room) VALUES ('detail','https://a0.muscache.com/im/pictures/d746bad1-6979-446d-91a4-5f0126f2d72b.jpg?im_w=720',298);
INSERT INTO image (type, url, room) VALUES ('detail','https://a0.muscache.com/im/pictures/546676ec-bf0d-4cf1-a7c1-2ecaf5fc9a9b.jpg?im_w=720',298);
INSERT INTO image (type, url, room) VALUES ('detail','https://a0.muscache.com/im/pictures/d0700022-9f21-471f-8d97-bd3499232120.jpg?im_w=720',298);
INSERT INTO image (type, url, room) VALUES ('detail','https://a0.muscache.com/im/pictures/03f0dc23-7dcb-4e3a-b671-34ac9a2adc11.jpg?im_w=720',298);
INSERT INTO image (type, url, room) VALUES ('detail','https://a0.muscache.com/im/pictures/722db3c8-c611-423b-8634-ca369bf632d6.jpg?im_w=720',298);
INSERT INTO image (type, url, room) VALUES ('detail','https://a0.muscache.com/im/pictures/28021177-fd69-4d41-8ce3-e5ed4ce36488.jpg?im_w=720',298);
insert into location(id,latitude,longitude,city) values (299,35.16,126.882,'광주');
INSERT INTO room (id, title, description, price_per_day, room_type, bed, max_guest, bathroom, location) VALUES (299,'광주버스터미널 도보3분 신축공원뷰풀옵션#25GwangjuBusTerminal in 3min','Seo-gu의 아파트 전체',100000,'집 전체',1,3,1,299);
INSERT INTO image (type, url, room) VALUES ('thumb','https://a0.muscache.com/im/pictures/3e193176-0049-43d9-9968-4b8ee36c0c14.jpg?im_w=720',299);
INSERT INTO image (type, url, room) VALUES ('detail','https://a0.muscache.com/im/pictures/cc0f311d-1091-4cc1-ac9b-489611313a31.jpg?im_w=720',299);
INSERT INTO image (type, url, room) VALUES ('detail','https://a0.muscache.com/im/pictures/59a54c51-77d4-4b10-aa5d-3dab274e2b3c.jpg?im_w=720',299);
INSERT INTO image (type, url, room) VALUES ('detail','https://a0.muscache.com/im/pictures/805704a3-b7e6-4170-8820-932a2562403b.jpg?im_w=720',299);
INSERT INTO image (type, url, room) VALUES ('detail','https://a0.muscache.com/im/pictures/0dc172f4-b971-47a5-a629-164559eef6fc.jpg?im_w=720',299);
INSERT INTO image (type, url, room) VALUES ('detail','https://a0.muscache.com/im/pictures/dee7d19a-d7e7-4296-835d-40144742fdcd.jpg?im_w=720',299);
INSERT INTO image (type, url, room) VALUES ('detail','https://a0.muscache.com/im/pictures/322dcb4d-d988-4e85-88b3-c9dea8beffd8.jpg?im_w=720',299);
INSERT INTO image (type, url, room) VALUES ('detail','https://a0.muscache.com/im/pictures/bf10d83e-97ea-497e-bef3-ceb1851e4d4e.jpg?im_w=720',299);
INSERT INTO image (type, url, room) VALUES ('detail','https://a0.muscache.com/im/pictures/ed752d81-d3a7-41dc-96c5-4e9887dc5063.jpg?im_w=720',299);
INSERT INTO image (type, url, room) VALUES ('detail','https://a0.muscache.com/im/pictures/aaeb7b93-3417-4955-a441-848cec92bee7.jpg?im_w=720',299);
INSERT INTO image (type, url, room) VALUES ('detail','https://a0.muscache.com/im/pictures/faa803aa-1875-44f3-b18f-96855cc3010e.jpg?im_w=720',299);
INSERT INTO image (type, url, room) VALUES ('detail','https://a0.muscache.com/im/pictures/6f26d98f-46ea-4072-919a-db127bc19ca4.jpg?im_w=720',299);
INSERT INTO image (type, url, room) VALUES ('detail','https://a0.muscache.com/im/pictures/f743d72f-e93a-4cae-8826-05fe64e00989.jpg?im_w=720',299);
INSERT INTO image (type, url, room) VALUES ('detail','https://a0.muscache.com/im/pictures/aa477dfc-080f-4d8c-aa7a-1d11af4a7a33.jpg?im_w=720',299);
INSERT INTO image (type, url, room) VALUES ('detail','https://a0.muscache.com/im/pictures/2eb3e85b-ac1b-4dfd-bae5-05ebcfe0516e.jpg?im_w=720',299);
INSERT INTO image (type, url, room) VALUES ('detail','https://a0.muscache.com/im/pictures/cb11cf21-d83a-4745-af07-a38f3de04868.jpg?im_w=720',299);
INSERT INTO image (type, url, room) VALUES ('detail','https://a0.muscache.com/im/pictures/f3eec453-c12d-443a-bd75-8e6bafc50e7e.jpg?im_w=720',299);
INSERT INTO image (type, url, room) VALUES ('detail','https://a0.muscache.com/im/pictures/86aa514c-f3fb-4184-beb3-ecd89e070d7c.jpg?im_w=720',299);
INSERT INTO image (type, url, room) VALUES ('detail','https://a0.muscache.com/im/pictures/5c0be184-818c-47f6-9d2b-27394d4940fc.jpg?im_w=720',299);
INSERT INTO image (type, url, room) VALUES ('detail','https://a0.muscache.com/im/pictures/ee2b6f25-be3e-46e0-a69c-384d16fbf069.jpg?im_w=720',299);
INSERT INTO image (type, url, room) VALUES ('detail','https://a0.muscache.com/im/pictures/0adc93d8-1167-420e-9b86-abda56bf1da4.jpg?im_w=720',299);
INSERT INTO image (type, url, room) VALUES ('detail','https://a0.muscache.com/im/pictures/37a8fdc4-3a2a-46e3-8ac8-7f264ba94dee.jpg?im_w=720',299);
INSERT INTO image (type, url, room) VALUES ('detail','https://a0.muscache.com/im/pictures/87e6e442-0a7e-40c8-9ea0-5990eecabcd9.jpg?im_w=720',299);
INSERT INTO image (type, url, room) VALUES ('detail','https://a0.muscache.com/im/pictures/8936639a-9560-4362-8543-591dd8d499b6.jpg?im_w=720',299);
INSERT INTO image (type, url, room) VALUES ('detail','https://a0.muscache.com/im/pictures/e0598d46-00ae-457c-ba12-9fd2bcbb9290.jpg?im_w=720',299);
INSERT INTO image (type, url, room) VALUES ('detail','https://a0.muscache.com/im/pictures/52bbc3e3-a20f-472a-b845-66f86d92ec50.jpg?im_w=720',299);
INSERT INTO image (type, url, room) VALUES ('detail','https://a0.muscache.com/im/pictures/6ff17e08-550a-4d16-9815-581924adb136.jpg?im_w=720',299);
INSERT INTO image (type, url, room) VALUES ('detail','https://a0.muscache.com/im/pictures/61fae1c4-bd97-42d0-bbfb-b4a334c01e68.jpg?im_w=720',299);
INSERT INTO image (type, url, room) VALUES ('detail','https://a0.muscache.com/im/pictures/miso/Hosting-25404840/original/5853cbbe-a238-4b4c-849f-8999d56844ef.png?im_w=720',299);
INSERT INTO image (type, url, room) VALUES ('detail','https://a0.muscache.com/im/pictures/miso/Hosting-25404840/original/381c9491-005e-4d7b-afee-06d87b9cf3b4.png?im_w=720',299);
insert into location(id,latitude,longitude,city) values (300,35.156,126.852,'광주');
INSERT INTO room (id, title, description, price_per_day, room_type, bed, max_guest, bathroom, location) VALUES (300,'ღ(๑❛ᴗ❛๑)ღ오픈할인중❣️빔프로젝터✔예쁜주방✔에어프라이기✔따듯한 감성공간ღ˘⌣˘ღ','Seo-gu의 아파트 전체',90000,'집 전체',1,3,1,300);
INSERT INTO image (type, url, room) VALUES ('thumb','https://a0.muscache.com/im/pictures/b3caaaa5-f005-4d1d-85e3-37b33054e3d9.jpg?im_w=720',300);
INSERT INTO image (type, url, room) VALUES ('detail','https://a0.muscache.com/im/pictures/8f0eafc8-4e88-4274-a969-845ec6eb3a85.jpg?im_w=720',300);
INSERT INTO image (type, url, room) VALUES ('detail','https://a0.muscache.com/im/pictures/47ba91ac-5a9a-4b98-b635-a6489b7c926f.jpg?im_w=720',300);
INSERT INTO image (type, url, room) VALUES ('detail','https://a0.muscache.com/im/pictures/c06bae45-394f-42cc-b508-4664dadf8141.jpg?im_w=720',300);
INSERT INTO image (type, url, room) VALUES ('detail','https://a0.muscache.com/im/pictures/e7155f0b-f6ea-48f5-aab5-d742fb230259.jpg?im_w=720',300);
INSERT INTO image (type, url, room) VALUES ('detail','https://a0.muscache.com/im/pictures/4ff21843-1656-43eb-886a-924169f7e2cc.jpg?im_w=720',300);
INSERT INTO image (type, url, room) VALUES ('detail','https://a0.muscache.com/im/pictures/5049ac1b-9394-4aaf-8b9d-daf352cf8678.jpg?im_w=720',300);
INSERT INTO image (type, url, room) VALUES ('detail','https://a0.muscache.com/im/pictures/b5e4f6e8-bdb0-4657-8d84-a6ac64454816.jpg?im_w=720',300);
INSERT INTO image (type, url, room) VALUES ('detail','https://a0.muscache.com/im/pictures/0f6d9c4b-4f90-40b9-9770-e5fef0a067bb.jpg?im_w=720',300);
INSERT INTO image (type, url, room) VALUES ('detail','https://a0.muscache.com/im/pictures/8c989f21-2f9f-413d-8beb-c0ef5f3a83a2.jpg?im_w=720',300);
INSERT INTO image (type, url, room) VALUES ('detail','https://a0.muscache.com/im/pictures/e41deeb5-6069-4869-8ecc-0e257280a674.jpg?im_w=720',300);
INSERT INTO image (type, url, room) VALUES ('detail','https://a0.muscache.com/im/pictures/8896f463-4d3c-47cf-ad11-701eeb7523a7.jpg?im_w=720',300);
INSERT INTO image (type, url, room) VALUES ('detail','https://a0.muscache.com/im/pictures/a0ccb523-b9a4-401c-8cda-49e2fd2d98eb.jpg?im_w=720',300);
INSERT INTO image (type, url, room) VALUES ('detail','https://a0.muscache.com/im/pictures/37f7e304-473f-4a36-a206-289c1552173b.jpg?im_w=720',300);
INSERT INTO image (type, url, room) VALUES ('detail','https://a0.muscache.com/im/pictures/76636710-28e9-44ae-9670-a8b1fa4bb83a.jpg?im_w=720',300);
INSERT INTO image (type, url, room) VALUES ('detail','https://a0.muscache.com/im/pictures/76f322d3-0a10-49eb-b9a6-fd30debff70c.jpg?im_w=720',300);
INSERT INTO image (type, url, room) VALUES ('detail','https://a0.muscache.com/im/pictures/090c0f2d-9483-4b7f-9dd9-8f2a3d061722.jpg?im_w=720',300);
INSERT INTO image (type, url, room) VALUES ('detail','https://a0.muscache.com/im/pictures/7b77695d-4990-49e9-a710-2a205a5c08b8.jpg?im_w=720',300);
INSERT INTO image (type, url, room) VALUES ('detail','https://a0.muscache.com/im/pictures/ab5ddb81-a04f-4646-8dcd-e3dd7fd5b800.jpg?im_w=720',300);
INSERT INTO image (type, url, room) VALUES ('detail','https://a0.muscache.com/im/pictures/1d963fa3-93bc-4fb7-aecb-2d58bb36247a.jpg?im_w=720',300);
INSERT INTO image (type, url, room) VALUES ('detail','https://a0.muscache.com/im/pictures/914eef17-25f0-467f-a50f-b0986d62d4e0.jpg?im_w=720',300);
INSERT INTO image (type, url, room) VALUES ('detail','https://a0.muscache.com/im/pictures/af1cd9ab-2065-4fe4-8f33-ae30790055ed.jpg?im_w=720',300);
INSERT INTO image (type, url, room) VALUES ('detail','https://a0.muscache.com/im/pictures/856019f2-0152-4c5b-8e14-929b5e9b327f.jpg?im_w=720',300);
INSERT INTO image (type, url, room) VALUES ('detail','https://a0.muscache.com/im/pictures/0a32de1b-de4c-42cd-ba1a-7a14dbd3ff47.jpg?im_w=720',300);
INSERT INTO image (type, url, room) VALUES ('detail','https://a0.muscache.com/im/pictures/a7e52bf8-8aa8-402c-b466-c4783f2ece8a.jpg?im_w=720',300);
INSERT INTO image (type, url, room) VALUES ('detail','https://a0.muscache.com/im/pictures/166643d1-239f-462b-98bc-acf40122f671.jpg?im_w=720',300);
INSERT INTO image (type, url, room) VALUES ('detail','https://a0.muscache.com/im/pictures/d8ce5f90-f4f9-41bf-876b-fdd3b8293892.jpg?im_w=720',300);
INSERT INTO image (type, url, room) VALUES ('detail','https://a0.muscache.com/im/pictures/ac3062ee-f9ad-409b-bf87-e3b7496982bd.jpg?im_w=720',300);
INSERT INTO image (type, url, room) VALUES ('detail','https://a0.muscache.com/im/pictures/ce7cbc88-015a-4b69-af55-8a2858e9ed73.jpg?im_w=720',300);
INSERT INTO image (type, url, room) VALUES ('detail','https://a0.muscache.com/im/pictures/65897c2f-c05a-4e0b-961c-0ad601efdff0.jpg?im_w=720',300);
insert into location(id,latitude,longitude,city) values (301,35.159,129.061,'부산');
INSERT INTO room (id, title, description, price_per_day, room_type, bed, max_guest, bathroom, location) VALUES (301,'(New Open!) Sunnyhill ,cozy house . Skyview 감성숙소★','부산진구의 아파트 전체',95000,'집 전체',1,2,1,301);
INSERT INTO image (type, url, room) VALUES ('thumb','https://a0.muscache.com/im/pictures/c986e4a4-ee59-4918-816f-29715f5cfee8.jpg?im_w=720',301);
INSERT INTO image (type, url, room) VALUES ('detail','https://a0.muscache.com/im/pictures/60822ff0-5a13-4501-bd43-3968db0bfe81.jpg?im_w=720',301);
INSERT INTO image (type, url, room) VALUES ('detail','https://a0.muscache.com/im/pictures/5f21396e-3af9-4ab0-864f-a73ba3ad4aff.jpg?im_w=720',301);
INSERT INTO image (type, url, room) VALUES ('detail','https://a0.muscache.com/im/pictures/42010100-2ad3-4c38-ae71-140ac03ae4c6.jpg?im_w=720',301);
INSERT INTO image (type, url, room) VALUES ('detail','https://a0.muscache.com/im/pictures/0a5d279c-6d7f-4ec1-92ca-b2491fd70d2c.jpg?im_w=720',301);
INSERT INTO image (type, url, room) VALUES ('detail','https://a0.muscache.com/im/pictures/82f77a8d-220d-47c9-98c7-806a94ac4f6e.jpg?im_w=720',301);
INSERT INTO image (type, url, room) VALUES ('detail','https://a0.muscache.com/im/pictures/238a72d2-2149-4410-9fe5-741338faed2f.jpg?im_w=720',301);
INSERT INTO image (type, url, room) VALUES ('detail','https://a0.muscache.com/im/pictures/8580e56a-7e1c-4f07-a972-f079f96db219.jpg?im_w=720',301);
INSERT INTO image (type, url, room) VALUES ('detail','https://a0.muscache.com/im/pictures/eeabd360-8d53-4f61-96ec-20e3f1e255f8.jpg?im_w=720',301);
INSERT INTO image (type, url, room) VALUES ('detail','https://a0.muscache.com/im/pictures/bb143f04-ff0d-4f7a-b46e-fadfeec1eecf.jpg?im_w=720',301);
INSERT INTO image (type, url, room) VALUES ('detail','https://a0.muscache.com/im/pictures/283caa35-8d8c-4057-9e57-917924b49bb9.jpg?im_w=720',301);
INSERT INTO image (type, url, room) VALUES ('detail','https://a0.muscache.com/im/pictures/8ba2edc0-f094-4524-8b45-c5da900b92c2.jpg?im_w=720',301);
INSERT INTO image (type, url, room) VALUES ('detail','https://a0.muscache.com/im/pictures/cfc10a00-2e33-40ef-bd95-7d38f9d3899c.jpg?im_w=720',301);
INSERT INTO image (type, url, room) VALUES ('detail','https://a0.muscache.com/im/pictures/17bc4cc8-9e2c-41bc-b2af-4c881be222da.jpg?im_w=720',301);
INSERT INTO image (type, url, room) VALUES ('detail','https://a0.muscache.com/im/pictures/3949d9bb-d851-4133-862a-d103872843dc.jpg?im_w=720',301);
INSERT INTO image (type, url, room) VALUES ('detail','https://a0.muscache.com/im/pictures/3659ec3d-8c13-40d7-bf6d-d16c4010a81c.jpg?im_w=720',301);
INSERT INTO image (type, url, room) VALUES ('detail','https://a0.muscache.com/im/pictures/60d71524-8af8-4a11-b6e0-4c3e097264e4.jpg?im_w=720',301);
INSERT INTO image (type, url, room) VALUES ('detail','https://a0.muscache.com/im/pictures/901fe191-0702-4109-acbb-3ed04ef5b4c0.jpg?im_w=720',301);
INSERT INTO image (type, url, room) VALUES ('detail','https://a0.muscache.com/im/pictures/96d93eec-cdce-44e3-abea-2cb3e8d8b443.jpg?im_w=720',301);
INSERT INTO image (type, url, room) VALUES ('detail','https://a0.muscache.com/im/pictures/52919165-54be-49e8-ba3a-ab6430ba4036.jpg?im_w=720',301);
INSERT INTO image (type, url, room) VALUES ('detail','https://a0.muscache.com/im/pictures/91066f3a-284b-46c5-856e-88d48b5b0c60.jpg?im_w=720',301);
INSERT INTO image (type, url, room) VALUES ('detail','https://a0.muscache.com/im/pictures/ca6aa30f-403b-4191-b99d-3b662b203737.jpg?im_w=720',301);
INSERT INTO image (type, url, room) VALUES ('detail','https://a0.muscache.com/im/pictures/48bfb66d-8e2c-445a-967c-5aacda09d6da.jpg?im_w=720',301);
INSERT INTO image (type, url, room) VALUES ('detail','https://a0.muscache.com/im/pictures/db8d4cb9-4980-45ea-a10c-bfd8c20b068d.jpg?im_w=720',301);
INSERT INTO image (type, url, room) VALUES ('detail','https://a0.muscache.com/im/pictures/89c8a9fe-f809-4812-8a55-93a9868dcb43.jpg?im_w=720',301);
INSERT INTO image (type, url, room) VALUES ('detail','https://a0.muscache.com/im/pictures/25eabf82-9b3c-4e16-ac66-2ec796bc2943.jpg?im_w=720',301);
INSERT INTO image (type, url, room) VALUES ('detail','https://a0.muscache.com/im/pictures/5983bc29-ecf8-4f1b-801c-f215cfa3d47e.jpg?im_w=720',301);
INSERT INTO image (type, url, room) VALUES ('detail','https://a0.muscache.com/im/pictures/8a742a83-8a60-415b-81e2-908704f7ee6c.jpg?im_w=720',301);
INSERT INTO image (type, url, room) VALUES ('detail','https://a0.muscache.com/im/pictures/7448e010-b369-47a7-9f86-fbae67c0584f.jpg?im_w=720',301);
INSERT INTO image (type, url, room) VALUES ('detail','https://a0.muscache.com/im/pictures/5b93bc5d-f8f1-4162-b1d7-9b7d56944998.jpg?im_w=720',301);
insert into location(id,latitude,longitude,city) values (302,35.105,129.034,'부산');
INSERT INTO room (id, title, description, price_per_day, room_type, bed, max_guest, bathroom, location) VALUES (302,'주차X ( 남포동 걸어서 10분거리 ) 가성비 좋은 원룸','Jungang-dong의 집 전체',100000,'집 전체',1,2,0,302);
INSERT INTO image (type, url, room) VALUES ('thumb','https://a0.muscache.com/im/pictures/d61e1210-8b98-4110-b1fe-879fd2f2ab02.jpg?im_w=720',302);
INSERT INTO image (type, url, room) VALUES ('detail','https://a0.muscache.com/im/pictures/3a41e1de-74e8-40bf-8e64-271e808ea8bf.jpg?im_w=720',302);
INSERT INTO image (type, url, room) VALUES ('detail','https://a0.muscache.com/im/pictures/04a68c94-49e6-43ab-b4b2-544597e1fbf4.jpg?im_w=720',302);
INSERT INTO image (type, url, room) VALUES ('detail','https://a0.muscache.com/im/pictures/5716cd87-b1b6-4b36-a99e-41f43c69695e.jpg?im_w=720',302);
INSERT INTO image (type, url, room) VALUES ('detail','https://a0.muscache.com/im/pictures/04f9fa17-eb2e-4f35-ac03-d4db1a770297.jpg?im_w=720',302);
INSERT INTO image (type, url, room) VALUES ('detail','https://a0.muscache.com/im/pictures/6ca0f77b-d624-4ccf-b9e7-6d3a23c0c49e.jpg?im_w=720',302);
INSERT INTO image (type, url, room) VALUES ('detail','https://a0.muscache.com/im/pictures/5666e6b8-c394-45ed-8e03-ff3f945c185b.jpg?im_w=720',302);
INSERT INTO image (type, url, room) VALUES ('detail','https://a0.muscache.com/im/pictures/5a3b1ee7-c525-4bf0-83f0-365beb23deca.jpg?im_w=720',302);
INSERT INTO image (type, url, room) VALUES ('detail','https://a0.muscache.com/im/pictures/24bfb5b5-e444-44a1-a949-64fa89717d28.jpg?im_w=720',302);
INSERT INTO image (type, url, room) VALUES ('detail','https://a0.muscache.com/im/pictures/790b01cd-854a-4ede-8a3c-ae34c587688a.jpg?im_w=720',302);
INSERT INTO image (type, url, room) VALUES ('detail','https://a0.muscache.com/im/pictures/53c37597-824c-4ec9-8d2a-18e9efc938cb.jpg?im_w=720',302);
INSERT INTO image (type, url, room) VALUES ('detail','https://a0.muscache.com/im/pictures/68f64592-fd14-413c-af36-cc952633762c.jpg?im_w=720',302);
INSERT INTO image (type, url, room) VALUES ('detail','https://a0.muscache.com/im/pictures/2dc07f06-ca78-4a8d-9dfe-99dd544e853d.jpg?im_w=720',302);
INSERT INTO image (type, url, room) VALUES ('detail','https://a0.muscache.com/im/pictures/04a93278-a5ac-44d5-86e4-0586ea2eae82.jpg?im_w=720',302);
INSERT INTO image (type, url, room) VALUES ('detail','https://a0.muscache.com/im/pictures/47104b5d-0f11-42f9-872d-4ac52aeb07a0.jpg?im_w=720',302);
INSERT INTO image (type, url, room) VALUES ('detail','https://a0.muscache.com/im/pictures/9da43e2f-3d7d-476a-9940-ac7647c99d15.jpg?im_w=720',302);
INSERT INTO image (type, url, room) VALUES ('detail','https://a0.muscache.com/im/pictures/9599541c-66d1-4cbc-940f-8da3166be58b.jpg?im_w=720',302);
INSERT INTO image (type, url, room) VALUES ('detail','https://a0.muscache.com/im/pictures/7111f119-abef-45e4-8fb3-d75f6b5d09fc.jpg?im_w=720',302);
INSERT INTO image (type, url, room) VALUES ('detail','https://a0.muscache.com/im/pictures/d4d5254d-0356-4c9a-a2ba-864bc569b704.jpg?im_w=720',302);
INSERT INTO image (type, url, room) VALUES ('detail','https://a0.muscache.com/im/pictures/64262b95-5069-4046-a952-5e56667b09f6.jpg?im_w=720',302);
INSERT INTO image (type, url, room) VALUES ('detail','https://a0.muscache.com/im/pictures/e5c0c95a-8c5a-4d19-bdd1-07ee75736375.jpg?im_w=720',302);
INSERT INTO image (type, url, room) VALUES ('detail','https://a0.muscache.com/im/pictures/264a51f4-d060-4baa-a574-15e5096ca966.jpg?im_w=720',302);
insert into location(id,latitude,longitude,city) values (303,35.158,129.063,'부산');
INSERT INTO room (id, title, description, price_per_day, room_type, bed, max_guest, bathroom, location) VALUES (303,'홈스윗홈 안락한 공간  Home Sweet home~!','Busanjin-gu의 아파트 전체',90000,'집 전체',1,3,1,303);
INSERT INTO image (type, url, room) VALUES ('thumb','https://a0.muscache.com/im/pictures/3948605e-85ef-4f38-aa1f-0f69035d8a2e.jpg?im_w=720',303);
INSERT INTO image (type, url, room) VALUES ('detail','https://a0.muscache.com/im/pictures/cb7b5916-b546-4a62-8fc7-cb7de58af321.jpg?im_w=720',303);
INSERT INTO image (type, url, room) VALUES ('detail','https://a0.muscache.com/im/pictures/8a3f508f-4266-43b3-8aca-c8fa0a877643.jpg?im_w=720',303);
INSERT INTO image (type, url, room) VALUES ('detail','https://a0.muscache.com/im/pictures/5d88aaf4-e19e-4dc4-9c38-559eab1d69ad.jpg?im_w=720',303);
INSERT INTO image (type, url, room) VALUES ('detail','https://a0.muscache.com/im/pictures/2c43fb1f-32b1-4e0f-86d2-081f9a9a3ea6.jpg?im_w=720',303);
INSERT INTO image (type, url, room) VALUES ('detail','https://a0.muscache.com/im/pictures/7423f626-b633-43dc-824b-48a1dc225619.jpg?im_w=720',303);
INSERT INTO image (type, url, room) VALUES ('detail','https://a0.muscache.com/im/pictures/0dd03717-72b3-445d-8cbd-4104dbc04cc0.jpg?im_w=720',303);
INSERT INTO image (type, url, room) VALUES ('detail','https://a0.muscache.com/im/pictures/65f54e4b-6524-4e09-bf0b-2d041e2c6fed.jpg?im_w=720',303);
INSERT INTO image (type, url, room) VALUES ('detail','https://a0.muscache.com/im/pictures/700e241b-fd3f-4b1f-b51f-0203c3bd6119.jpg?im_w=720',303);
INSERT INTO image (type, url, room) VALUES ('detail','https://a0.muscache.com/im/pictures/d42f1e21-04bf-4ba6-a96b-e9fd05c82f92.jpg?im_w=720',303);
insert into location(id,latitude,longitude,city) values (304,35.155,129.121,'부산');
INSERT INTO room (id, title, description, price_per_day, room_type, bed, max_guest, bathroom, location) VALUES (304,'#스위트룸 #오션뷰 #광안대교뷰 #인생샷명소  #강알리하우스Room4','Millak-dong, Suyeong-gu의 아파트 전체',90000,'집 전체',1,2,1,304);
INSERT INTO image (type, url, room) VALUES ('thumb','https://a0.muscache.com/im/pictures/8324c40e-1535-40f5-a8d9-67f0c34d42a7.jpg?im_w=720',304);
INSERT INTO image (type, url, room) VALUES ('detail','https://a0.muscache.com/im/pictures/57083574-90a4-4c8d-9d9d-f805eed096a5.jpg?im_w=720',304);
INSERT INTO image (type, url, room) VALUES ('detail','https://a0.muscache.com/im/pictures/b64feec0-006c-4f02-8def-45ea1d1811eb.jpg?im_w=720',304);
INSERT INTO image (type, url, room) VALUES ('detail','https://a0.muscache.com/im/pictures/a4b1261b-2974-43af-a3a8-facfb3165181.jpg?im_w=720',304);
INSERT INTO image (type, url, room) VALUES ('detail','https://a0.muscache.com/im/pictures/f7ed69b2-28bb-465c-b378-fe402fa64ae8.jpg?im_w=720',304);
INSERT INTO image (type, url, room) VALUES ('detail','https://a0.muscache.com/im/pictures/2c4c5b3b-7a04-435e-9b6f-18841a8bc49f.jpg?im_w=720',304);
INSERT INTO image (type, url, room) VALUES ('detail','https://a0.muscache.com/im/pictures/135dfa1c-3c8b-4b5d-8674-caf4cb8f983d.jpg?im_w=720',304);
INSERT INTO image (type, url, room) VALUES ('detail','https://a0.muscache.com/im/pictures/547319e4-91b4-4f38-a2a7-556302ec728d.jpg?im_w=720',304);
INSERT INTO image (type, url, room) VALUES ('detail','https://a0.muscache.com/im/pictures/18dae338-f136-4190-b9e0-7e7fc8609c83.jpg?im_w=720',304);
INSERT INTO image (type, url, room) VALUES ('detail','https://a0.muscache.com/im/pictures/c0122d22-0e51-4454-acfd-d466f3a36221.jpg?im_w=720',304);
INSERT INTO image (type, url, room) VALUES ('detail','https://a0.muscache.com/im/pictures/cd6dfb32-3983-4553-ac4a-abbc0d3e765a.jpg?im_w=720',304);
INSERT INTO image (type, url, room) VALUES ('detail','https://a0.muscache.com/im/pictures/f335b840-3b56-4d93-89fc-e84f97f712de.jpg?im_w=720',304);
INSERT INTO image (type, url, room) VALUES ('detail','https://a0.muscache.com/im/pictures/bea1a108-526f-4e67-a672-a9f56c36ae01.jpg?im_w=720',304);
INSERT INTO image (type, url, room) VALUES ('detail','https://a0.muscache.com/im/pictures/dedda2ce-e061-4576-a9d3-0282d7dec2c2.jpg?im_w=720',304);
INSERT INTO image (type, url, room) VALUES ('detail','https://a0.muscache.com/im/pictures/ca089f5b-15dc-49f8-a75c-d71c243c93a4.jpg?im_w=720',304);
INSERT INTO image (type, url, room) VALUES ('detail','https://a0.muscache.com/im/pictures/37e9a065-c82b-4ac3-8553-2fd21b6fdbf2.jpg?im_w=720',304);
INSERT INTO image (type, url, room) VALUES ('detail','https://a0.muscache.com/im/pictures/4b938a87-96ad-4c8b-9b80-404db2ceb029.jpg?im_w=720',304);
INSERT INTO image (type, url, room) VALUES ('detail','https://a0.muscache.com/im/pictures/7ff6ddb0-94c2-4d51-a04e-0b4dcf3972a1.jpg?im_w=720',304);
INSERT INTO image (type, url, room) VALUES ('detail','https://a0.muscache.com/im/pictures/909d0c1d-0f47-4272-87de-c5189f126d0e.jpg?im_w=720',304);
INSERT INTO image (type, url, room) VALUES ('detail','https://a0.muscache.com/im/pictures/0276f890-b1c6-4386-92c6-405a3b65cfc3.jpg?im_w=720',304);
INSERT INTO image (type, url, room) VALUES ('detail','https://a0.muscache.com/im/pictures/53431116-fa28-47b2-a503-835030ec6615.jpg?im_w=720',304);
INSERT INTO image (type, url, room) VALUES ('detail','https://a0.muscache.com/im/pictures/e50a61de-14be-4a49-8af2-818263008fbd.jpg?im_w=720',304);
INSERT INTO image (type, url, room) VALUES ('detail','https://a0.muscache.com/im/pictures/a1490fcd-bb56-4130-bb34-0e5f76bc7095.jpg?im_w=720',304);
insert into location(id,latitude,longitude,city) values (305,35.159,129.062,'부산');
INSERT INTO room (id, title, description, price_per_day, room_type, bed, max_guest, bathroom, location) VALUES (305,'★1시 무료 레이트체크아웃 제공★ 어메니티, 네스프레소, 생수 무료제공','Bujeon-dong, Busanjin-gu의 레지던스 전체',90000,'집 전체',1,1,1,305);
INSERT INTO image (type, url, room) VALUES ('thumb','https://a0.muscache.com/im/pictures/miso/Hosting-46535560/original/14e2a9bc-8c6d-48a0-8f0f-1f9959c705bd.jpeg?im_w=720',305);
INSERT INTO image (type, url, room) VALUES ('detail','https://a0.muscache.com/im/pictures/miso/Hosting-46535560/original/973eca46-23ad-4d07-b583-021d895e5bee.jpeg?im_w=720',305);
INSERT INTO image (type, url, room) VALUES ('detail','https://a0.muscache.com/im/pictures/miso/Hosting-46535560/original/8ba2a97c-d525-4e75-b070-261909e3fd7e.jpeg?im_w=720',305);
INSERT INTO image (type, url, room) VALUES ('detail','https://a0.muscache.com/im/pictures/miso/Hosting-46535560/original/d9a523cf-8a28-4c18-8944-e6dc4936e98f.jpeg?im_w=720',305);
INSERT INTO image (type, url, room) VALUES ('detail','https://a0.muscache.com/im/pictures/miso/Hosting-46535560/original/676f4516-61ee-41b8-a55a-b9dff9dd3c54.jpeg?im_w=720',305);
INSERT INTO image (type, url, room) VALUES ('detail','https://a0.muscache.com/im/pictures/miso/Hosting-46535560/original/c8467559-e972-4540-9778-285748798c74.jpeg?im_w=720',305);
INSERT INTO image (type, url, room) VALUES ('detail','https://a0.muscache.com/im/pictures/miso/Hosting-46535560/original/de7c1b41-10a8-4174-86eb-e9913225dac5.jpeg?im_w=720',305);
INSERT INTO image (type, url, room) VALUES ('detail','https://a0.muscache.com/im/pictures/86b7cddc-4d2d-4ea8-a85a-5ad4c0669d2d.jpg?im_w=720',305);
INSERT INTO image (type, url, room) VALUES ('detail','https://a0.muscache.com/im/pictures/ed010a18-1b0e-45bb-826f-6951a05173e8.jpg?im_w=720',305);
INSERT INTO image (type, url, room) VALUES ('detail','https://a0.muscache.com/im/pictures/1718fe12-1373-4595-973c-21c3a3b53a68.jpg?im_w=720',305);
INSERT INTO image (type, url, room) VALUES ('detail','https://a0.muscache.com/im/pictures/29bea3f3-0143-4329-a5a9-1aedee5396bb.jpg?im_w=720',305);
INSERT INTO image (type, url, room) VALUES ('detail','https://a0.muscache.com/im/pictures/bf4646f2-4e74-4eee-b768-471029983ea6.jpg?im_w=720',305);
INSERT INTO image (type, url, room) VALUES ('detail','https://a0.muscache.com/im/pictures/68bcac30-b436-4ecb-847a-973779ca9c36.jpg?im_w=720',305);
INSERT INTO image (type, url, room) VALUES ('detail','https://a0.muscache.com/im/pictures/94caf9b1-8bde-4e69-b835-762e72aad5ff.jpg?im_w=720',305);
INSERT INTO image (type, url, room) VALUES ('detail','https://a0.muscache.com/im/pictures/1fdb976a-d598-4efc-9ad9-3e85312bcc45.jpg?im_w=720',305);
INSERT INTO image (type, url, room) VALUES ('detail','https://a0.muscache.com/im/pictures/b6ea062b-38bd-4ff8-ad1d-7ca0271b6ebc.jpg?im_w=720',305);
INSERT INTO image (type, url, room) VALUES ('detail','https://a0.muscache.com/im/pictures/52945ebf-9f02-44d6-9d1d-f02ed72da509.jpg?im_w=720',305);
INSERT INTO image (type, url, room) VALUES ('detail','https://a0.muscache.com/im/pictures/f50917be-d3e8-49e2-8eb9-8b880fe60586.jpg?im_w=720',305);
insert into location(id,latitude,longitude,city) values (306,35.16,129.057,'부산');
INSERT INTO room (id, title, description, price_per_day, room_type, bed, max_guest, bathroom, location) VALUES (306,'서면역 MINO House #Netflix #전포동','Bujeon-dong, Busanjin-gu의 아파트 전체',100000,'집 전체',1,2,1,306);
INSERT INTO image (type, url, room) VALUES ('thumb','https://a0.muscache.com/im/pictures/miso/Hosting-45181437/original/5067bfc3-7460-42c3-aecb-98dd0463c35a.jpeg?im_w=720',306);
INSERT INTO image (type, url, room) VALUES ('detail','https://a0.muscache.com/im/pictures/miso/Hosting-45181437/original/1f0c4436-8b33-4ae9-8618-67b5ec782d27.jpeg?im_w=720',306);
INSERT INTO image (type, url, room) VALUES ('detail','https://a0.muscache.com/im/pictures/e54deb29-34a9-46bb-a0be-15dcc993fc4c.jpg?im_w=720',306);
INSERT INTO image (type, url, room) VALUES ('detail','https://a0.muscache.com/im/pictures/aea23aaf-aeba-42a3-8c9f-40a4d986cfdb.jpg?im_w=720',306);
INSERT INTO image (type, url, room) VALUES ('detail','https://a0.muscache.com/im/pictures/miso/Hosting-45181437/original/3cc3f995-e5a8-428c-b770-f32e1972a315.jpeg?im_w=720',306);
INSERT INTO image (type, url, room) VALUES ('detail','https://a0.muscache.com/im/pictures/miso/Hosting-45181437/original/62cc0798-6757-4670-a3d7-4c26a1d31451.jpeg?im_w=720',306);
INSERT INTO image (type, url, room) VALUES ('detail','https://a0.muscache.com/im/pictures/miso/Hosting-45181437/original/11b0d60f-e68a-40b7-b0c4-e2e0ae2a47e9.jpeg?im_w=720',306);
INSERT INTO image (type, url, room) VALUES ('detail','https://a0.muscache.com/im/pictures/miso/Hosting-45181437/original/e8786c9a-f968-4038-9aa9-fb8b05baa4f5.jpeg?im_w=720',306);
INSERT INTO image (type, url, room) VALUES ('detail','https://a0.muscache.com/im/pictures/miso/Hosting-45181437/original/de5eb85a-1355-4dfd-8e03-f688abe12aa7.jpeg?im_w=720',306);
INSERT INTO image (type, url, room) VALUES ('detail','https://a0.muscache.com/im/pictures/miso/Hosting-45181437/original/90473def-04c6-45d5-a07b-57c2f4bf94d3.jpeg?im_w=720',306);
INSERT INTO image (type, url, room) VALUES ('detail','https://a0.muscache.com/im/pictures/miso/Hosting-45181437/original/ecb7dd49-a541-4458-b3ba-daaf0c4af405.jpeg?im_w=720',306);
INSERT INTO image (type, url, room) VALUES ('detail','https://a0.muscache.com/im/pictures/miso/Hosting-45181437/original/28f68af3-dd72-4071-b008-6e4a4a62c79c.jpeg?im_w=720',306);
INSERT INTO image (type, url, room) VALUES ('detail','https://a0.muscache.com/im/pictures/miso/Hosting-45181437/original/b7324a49-9335-402e-aa78-2abe5da4e2f5.jpeg?im_w=720',306);
insert into location(id,latitude,longitude,city) values (307,35.17,129.097,'부산');
INSERT INTO room (id, title, description, price_per_day, room_type, bed, max_guest, bathroom, location) VALUES (307,'Long stay house near subway and  central place','Mangmi-dong, Suyeong-gu의 아파트 전체',100000,'집 전체',1,1,1,307);
INSERT INTO image (type, url, room) VALUES ('thumb','https://a0.muscache.com/im/pictures/abe8dbdc-f3ec-4337-ba03-7a7ce808cc19.jpg?im_w=720',307);
INSERT INTO image (type, url, room) VALUES ('detail','https://a0.muscache.com/im/pictures/5613a326-e61c-4dee-a9aa-7192124c6d3d.jpg?im_w=720',307);
INSERT INTO image (type, url, room) VALUES ('detail','https://a0.muscache.com/im/pictures/61f13c16-9cf4-45a9-9448-ed427cd2ceae.jpg?im_w=720',307);
INSERT INTO image (type, url, room) VALUES ('detail','https://a0.muscache.com/im/pictures/96ddec63-079e-4659-9170-ef3231fc6af8.jpg?im_w=720',307);
INSERT INTO image (type, url, room) VALUES ('detail','https://a0.muscache.com/im/pictures/f1ff92db-e636-47cb-8613-0b13ad6ea3d8.jpg?im_w=720',307);
INSERT INTO image (type, url, room) VALUES ('detail','https://a0.muscache.com/im/pictures/ff55b3dc-5efc-4027-a56e-ff8a9864e7d3.jpg?im_w=720',307);
INSERT INTO image (type, url, room) VALUES ('detail','https://a0.muscache.com/im/pictures/fed79800-e9bd-43ca-8d77-a85fc691a34f.jpg?im_w=720',307);
INSERT INTO image (type, url, room) VALUES ('detail','https://a0.muscache.com/im/pictures/0909cfc9-0896-4150-b393-9ec6f795d1f0.jpg?im_w=720',307);
INSERT INTO image (type, url, room) VALUES ('detail','https://a0.muscache.com/im/pictures/bf489fa9-957b-4145-b581-a126cec2a5fe.jpg?im_w=720',307);
INSERT INTO image (type, url, room) VALUES ('detail','https://a0.muscache.com/im/pictures/f497ffe4-73ab-4f35-a85a-0fa1d3dfca9f.jpg?im_w=720',307);
INSERT INTO image (type, url, room) VALUES ('detail','https://a0.muscache.com/im/pictures/226bf525-cb99-48b0-ad9d-0d84f30ca4d3.jpg?im_w=720',307);
INSERT INTO image (type, url, room) VALUES ('detail','https://a0.muscache.com/im/pictures/fec6d6ba-3f79-499e-a07c-db5e85d962e3.jpg?im_w=720',307);
INSERT INTO image (type, url, room) VALUES ('detail','https://a0.muscache.com/im/pictures/862bbecc-5d09-44db-a8e5-8fb9fc040b61.jpg?im_w=720',307);
INSERT INTO image (type, url, room) VALUES ('detail','https://a0.muscache.com/im/pictures/1b3e12a2-184d-4141-96aa-6ea585bb26f9.jpg?im_w=720',307);
INSERT INTO image (type, url, room) VALUES ('detail','https://a0.muscache.com/im/pictures/27a7879c-7ac1-44ca-a673-3d1f2c6774e3.jpg?im_w=720',307);
INSERT INTO image (type, url, room) VALUES ('detail','https://a0.muscache.com/im/pictures/e313cd46-75a0-48dc-8692-98cbd821c0cc.jpg?im_w=720',307);
INSERT INTO image (type, url, room) VALUES ('detail','https://a0.muscache.com/im/pictures/ba78a308-df86-4161-8bbf-f728f7fcc789.jpg?im_w=720',307);
INSERT INTO image (type, url, room) VALUES ('detail','https://a0.muscache.com/im/pictures/c7b63135-cbb8-4440-8a30-d574c0997ba3.jpg?im_w=720',307);
INSERT INTO image (type, url, room) VALUES ('detail','https://a0.muscache.com/im/pictures/4dec8946-8064-4c81-ad2a-5d6d33920c80.jpg?im_w=720',307);
insert into location(id,latitude,longitude,city) values (308,35.15,129.058,'부산');
INSERT INTO room (id, title, description, price_per_day, room_type, bed, max_guest, bathroom, location) VALUES (308,'Dynamic - Basic Single Room with Netflix','부산의 개인실',95000,'개인실',1,1,1,308);
INSERT INTO image (type, url, room) VALUES ('thumb','https://a0.muscache.com/im/pictures/53697440/333af108_original.jpg?im_w=720',308);
INSERT INTO image (type, url, room) VALUES ('detail','https://a0.muscache.com/im/pictures/53697747/af20cb06_original.jpg?im_w=720',308);
INSERT INTO image (type, url, room) VALUES ('detail','https://a0.muscache.com/im/pictures/53697722/93e57f9e_original.jpg?im_w=720',308);
INSERT INTO image (type, url, room) VALUES ('detail','https://a0.muscache.com/im/pictures/53696571/de0f3971_original.jpg?im_w=720',308);
INSERT INTO image (type, url, room) VALUES ('detail','https://a0.muscache.com/im/pictures/53696592/058a4a47_original.jpg?im_w=720',308);
INSERT INTO image (type, url, room) VALUES ('detail','https://a0.muscache.com/im/pictures/53696554/fb7fefbf_original.jpg?im_w=720',308);
INSERT INTO image (type, url, room) VALUES ('detail','https://a0.muscache.com/im/pictures/53699108/e724f2a0_original.jpg?im_w=720',308);
INSERT INTO image (type, url, room) VALUES ('detail','https://a0.muscache.com/im/pictures/53697012/0bed1a99_original.jpg?im_w=720',308);
INSERT INTO image (type, url, room) VALUES ('detail','https://a0.muscache.com/im/pictures/53697040/8b4d2fb5_original.jpg?im_w=720',308);
INSERT INTO image (type, url, room) VALUES ('detail','https://a0.muscache.com/im/pictures/53697080/1375c1da_original.jpg?im_w=720',308);
INSERT INTO image (type, url, room) VALUES ('detail','https://a0.muscache.com/im/pictures/53697110/39786c11_original.jpg?im_w=720',308);
INSERT INTO image (type, url, room) VALUES ('detail','https://a0.muscache.com/im/pictures/53697137/c72d0e54_original.jpg?im_w=720',308);
INSERT INTO image (type, url, room) VALUES ('detail','https://a0.muscache.com/im/pictures/53697199/288b2c5d_original.jpg?im_w=720',308);
INSERT INTO image (type, url, room) VALUES ('detail','https://a0.muscache.com/im/pictures/53697232/657b3d0a_original.jpg?im_w=720',308);
INSERT INTO image (type, url, room) VALUES ('detail','https://a0.muscache.com/im/pictures/53697407/944ea9a4_original.jpg?im_w=720',308);
INSERT INTO image (type, url, room) VALUES ('detail','https://a0.muscache.com/im/pictures/53697255/b8aa6124_original.jpg?im_w=720',308);
INSERT INTO image (type, url, room) VALUES ('detail','https://a0.muscache.com/im/pictures/53697365/f57646c9_original.jpg?im_w=720',308);
INSERT INTO image (type, url, room) VALUES ('detail','https://a0.muscache.com/im/pictures/53696724/f45b60d3_original.jpg?im_w=720',308);
INSERT INTO image (type, url, room) VALUES ('detail','https://a0.muscache.com/im/pictures/53696750/de611ab1_original.jpg?im_w=720',308);
INSERT INTO image (type, url, room) VALUES ('detail','https://a0.muscache.com/im/pictures/53696785/ce2f24a2_original.jpg?im_w=720',308);
INSERT INTO image (type, url, room) VALUES ('detail','https://a0.muscache.com/im/pictures/53696823/e2548b66_original.jpg?im_w=720',308);
INSERT INTO image (type, url, room) VALUES ('detail','https://a0.muscache.com/im/pictures/53696851/75f43562_original.jpg?im_w=720',308);
INSERT INTO image (type, url, room) VALUES ('detail','https://a0.muscache.com/im/pictures/53696888/6c409af5_original.jpg?im_w=720',308);
INSERT INTO image (type, url, room) VALUES ('detail','https://a0.muscache.com/im/pictures/53696916/40ae2316_original.jpg?im_w=720',308);
INSERT INTO image (type, url, room) VALUES ('detail','https://a0.muscache.com/im/pictures/53696952/8a5cfd46_original.jpg?im_w=720',308);
INSERT INTO image (type, url, room) VALUES ('detail','https://a0.muscache.com/im/pictures/53696977/840c9e06_original.jpg?im_w=720',308);
INSERT INTO image (type, url, room) VALUES ('detail','https://a0.muscache.com/im/pictures/53697283/399c9f60_original.jpg?im_w=720',308);
INSERT INTO image (type, url, room) VALUES ('detail','https://a0.muscache.com/im/pictures/53697310/c46cd777_original.jpg?im_w=720',308);
INSERT INTO image (type, url, room) VALUES ('detail','https://a0.muscache.com/im/pictures/53697338/a9bf00ad_original.jpg?im_w=720',308);
insert into location(id,latitude,longitude,city) values (309,35.159,129.057,'부산');
INSERT INTO room (id, title, description, price_per_day, room_type, bed, max_guest, bathroom, location) VALUES (309,'Love Joo’s cozy house #1','Bujeon-dong, Busanjin-gu의 아파트 전체',100000,'집 전체',1,2,1,309);
INSERT INTO image (type, url, room) VALUES ('thumb','https://a0.muscache.com/im/pictures/b9cedae0-4646-4998-a263-12b1be8f754a.jpg?im_w=720',309);
INSERT INTO image (type, url, room) VALUES ('detail','https://a0.muscache.com/im/pictures/1a0f31ed-1540-4c9e-a277-d99dd6a1ddd0.jpg?im_w=720',309);
INSERT INTO image (type, url, room) VALUES ('detail','https://a0.muscache.com/im/pictures/01938c64-9a19-4638-8e74-41b0c9eb6eef.jpg?im_w=720',309);
INSERT INTO image (type, url, room) VALUES ('detail','https://a0.muscache.com/im/pictures/7b14b850-b621-498e-b9b9-0d4ed10644b3.jpg?im_w=720',309);
INSERT INTO image (type, url, room) VALUES ('detail','https://a0.muscache.com/im/pictures/aec77102-a741-4be6-9891-db9c7e2e831f.jpg?im_w=720',309);
INSERT INTO image (type, url, room) VALUES ('detail','https://a0.muscache.com/im/pictures/00c26ac0-a8f0-44d9-b1a2-e51ee45b2121.jpg?im_w=720',309);
INSERT INTO image (type, url, room) VALUES ('detail','https://a0.muscache.com/im/pictures/c0d1b3b5-4976-4b98-ac72-c79764a77ae0.jpg?im_w=720',309);
INSERT INTO image (type, url, room) VALUES ('detail','https://a0.muscache.com/im/pictures/a2ce6c1c-9afe-404a-a544-c9d88a3a2a3f.jpg?im_w=720',309);
INSERT INTO image (type, url, room) VALUES ('detail','https://a0.muscache.com/im/pictures/7688584c-5fa7-40af-afdc-1be3db304bf1.jpg?im_w=720',309);
INSERT INTO image (type, url, room) VALUES ('detail','https://a0.muscache.com/im/pictures/c9f0a65c-e158-4d02-9aba-5c034f274f06.jpg?im_w=720',309);
INSERT INTO image (type, url, room) VALUES ('detail','https://a0.muscache.com/im/pictures/2aa0b0d2-d3ff-4ac4-bae9-694fc5506bc6.jpg?im_w=720',309);
INSERT INTO image (type, url, room) VALUES ('detail','https://a0.muscache.com/im/pictures/d2e6d6a4-a019-4f10-ab9d-3a6b49d8497b.jpg?im_w=720',309);
INSERT INTO image (type, url, room) VALUES ('detail','https://a0.muscache.com/im/pictures/23853ce2-fa3c-40a6-bb0a-fd94c7dfa308.jpg?im_w=720',309);
INSERT INTO image (type, url, room) VALUES ('detail','https://a0.muscache.com/im/pictures/55308794-4cdf-45e5-9a8a-6635000d30d9.jpg?im_w=720',309);
INSERT INTO image (type, url, room) VALUES ('detail','https://a0.muscache.com/im/pictures/00998d75-2fca-4b4b-afad-d76473627ae0.jpg?im_w=720',309);
INSERT INTO image (type, url, room) VALUES ('detail','https://a0.muscache.com/im/pictures/eed4cd74-538f-4fa5-8b9f-2940003dd67d.jpg?im_w=720',309);
INSERT INTO image (type, url, room) VALUES ('detail','https://a0.muscache.com/im/pictures/260f98ff-739c-46c0-9c10-8d984cc2b1be.jpg?im_w=720',309);
INSERT INTO image (type, url, room) VALUES ('detail','https://a0.muscache.com/im/pictures/b551c555-9f74-4c57-868a-c113470e5b29.jpg?im_w=720',309);
INSERT INTO image (type, url, room) VALUES ('detail','https://a0.muscache.com/im/pictures/68820f19-760f-4d5c-9bc2-43338bd96be8.jpg?im_w=720',309);
INSERT INTO image (type, url, room) VALUES ('detail','https://a0.muscache.com/im/pictures/fbadca76-4136-40f3-8e84-8a9a02714747.jpg?im_w=720',309);
INSERT INTO image (type, url, room) VALUES ('detail','https://a0.muscache.com/im/pictures/679ea846-09d6-411c-a56e-eadf5dd9a4e7.jpg?im_w=720',309);
INSERT INTO image (type, url, room) VALUES ('detail','https://a0.muscache.com/im/pictures/ec46ca01-7528-4dd6-b16b-422b001aa02b.jpg?im_w=720',309);
INSERT INTO image (type, url, room) VALUES ('detail','https://a0.muscache.com/im/pictures/2ffccd0f-a293-417a-872b-08c5b10fb686.jpg?im_w=720',309);
INSERT INTO image (type, url, room) VALUES ('detail','https://a0.muscache.com/im/pictures/6c34c7e6-ec7f-4042-8c00-3588a30ba3db.jpg?im_w=720',309);
INSERT INTO image (type, url, room) VALUES ('detail','https://a0.muscache.com/im/pictures/c2b3d5da-963f-4edd-adf8-a4470dc746ef.jpg?im_w=720',309);
INSERT INTO image (type, url, room) VALUES ('detail','https://a0.muscache.com/im/pictures/a5452202-8b4a-44b3-962f-b52ecef2b5c0.jpg?im_w=720',309);
INSERT INTO image (type, url, room) VALUES ('detail','https://a0.muscache.com/im/pictures/2a585c67-e8a7-4c2b-afa7-cd138da9bfb4.jpg?im_w=720',309);
INSERT INTO image (type, url, room) VALUES ('detail','https://a0.muscache.com/im/pictures/916be405-af24-416e-bab1-000d298faf16.jpg?im_w=720',309);
INSERT INTO image (type, url, room) VALUES ('detail','https://a0.muscache.com/im/pictures/4cb6eed8-84df-4f20-94cb-d9c9295178a4.jpg?im_w=720',309);
INSERT INTO image (type, url, room) VALUES ('detail','https://a0.muscache.com/im/pictures/00604a61-3559-4ef0-8d3c-662b56567406.jpg?im_w=720',309);
insert into location(id,latitude,longitude,city) values (310,35.154,129.118,'부산');
INSERT INTO room (id, title, description, price_per_day, room_type, bed, max_guest, bathroom, location) VALUES (310,'ღ신규오픈ღ/NEW/오션뷰/광안리해수욕장 5초거리/넷플릭스/매일소독 및 침구교체/금연','Gwangan 2(i)-dong, Suyeong-gu의 아파트 전체',100000,'집 전체',1,2,1,310);
INSERT INTO image (type, url, room) VALUES ('thumb','https://a0.muscache.com/im/pictures/ab23fe3b-3f7a-4df8-abb0-61aaf3cb84ec.jpg?im_w=720',310);
INSERT INTO image (type, url, room) VALUES ('detail','https://a0.muscache.com/im/pictures/e486a533-b095-493f-a02d-4dcb50a18e87.jpg?im_w=720',310);
INSERT INTO image (type, url, room) VALUES ('detail','https://a0.muscache.com/im/pictures/71a53690-e6c1-41b0-a34a-8b7e3a1a93ce.jpg?im_w=720',310);
INSERT INTO image (type, url, room) VALUES ('detail','https://a0.muscache.com/im/pictures/1faf2668-44ad-45e6-8daa-f7b10a30575b.jpg?im_w=720',310);
INSERT INTO image (type, url, room) VALUES ('detail','https://a0.muscache.com/im/pictures/e1453b3c-106c-424a-9e43-a12ba0e16172.jpg?im_w=720',310);
INSERT INTO image (type, url, room) VALUES ('detail','https://a0.muscache.com/im/pictures/28e3d9b2-5aec-4f27-b3a4-510a55f5f88b.jpg?im_w=720',310);
INSERT INTO image (type, url, room) VALUES ('detail','https://a0.muscache.com/im/pictures/92adcdda-fc53-4983-9235-f6758779c82c.jpg?im_w=720',310);
INSERT INTO image (type, url, room) VALUES ('detail','https://a0.muscache.com/im/pictures/601a2df8-1f8f-44db-aaeb-a71bcc6718f6.jpg?im_w=720',310);
INSERT INTO image (type, url, room) VALUES ('detail','https://a0.muscache.com/im/pictures/22a0f3ea-1946-47ab-8292-ccf8abce6e1f.jpg?im_w=720',310);
INSERT INTO image (type, url, room) VALUES ('detail','https://a0.muscache.com/im/pictures/4f75c8ec-5864-42a1-8194-763059317025.jpg?im_w=720',310);
INSERT INTO image (type, url, room) VALUES ('detail','https://a0.muscache.com/im/pictures/ab1f8d1b-8fe2-43b2-ab1a-72b857c7b009.jpg?im_w=720',310);
INSERT INTO image (type, url, room) VALUES ('detail','https://a0.muscache.com/im/pictures/3fc56913-ef93-4182-8ba1-ba4a0db8df7b.jpg?im_w=720',310);
INSERT INTO image (type, url, room) VALUES ('detail','https://a0.muscache.com/im/pictures/e7d078a7-d2c4-4034-b482-1d470791853a.jpg?im_w=720',310);
INSERT INTO image (type, url, room) VALUES ('detail','https://a0.muscache.com/im/pictures/d5abbc47-42f9-43df-81d9-224e91e550f4.jpg?im_w=720',310);
INSERT INTO image (type, url, room) VALUES ('detail','https://a0.muscache.com/im/pictures/48062a83-ee9e-4d2d-9047-39e0bef44219.jpg?im_w=720',310);
insert into location(id,latitude,longitude,city) values (311,35.16,129.058,'부산');
INSERT INTO room (id, title, description, price_per_day, room_type, bed, max_guest, bathroom, location) VALUES (311,'[❤19]❤『안심·ᴗ·매일소독』❤B͟E͟A͟M͟&넷플릭스+추가!!⭐️ C͙OZY R͙OOM͙서면역➩3분','Busanjin-gu의 아파트 전체',99000,'집 전체',1,4,1,311);
INSERT INTO image (type, url, room) VALUES ('thumb','https://a0.muscache.com/im/pictures/40f9b516-7d17-4d07-ac0b-f91f801fd282.jpg?im_w=720',311);
INSERT INTO image (type, url, room) VALUES ('detail','https://a0.muscache.com/im/pictures/02ef6fe2-7436-473a-b2ee-b94ea7dd55d9.jpg?im_w=720',311);
INSERT INTO image (type, url, room) VALUES ('detail','https://a0.muscache.com/im/pictures/e2d1a3fc-6cdd-40a4-8374-b8de59dd4e66.jpg?im_w=720',311);
INSERT INTO image (type, url, room) VALUES ('detail','https://a0.muscache.com/im/pictures/32e8b171-817b-49cb-a562-1f6175f55370.jpg?im_w=720',311);
INSERT INTO image (type, url, room) VALUES ('detail','https://a0.muscache.com/im/pictures/ce594608-6a1a-4df0-a494-bc1ff7451da2.jpg?im_w=720',311);
INSERT INTO image (type, url, room) VALUES ('detail','https://a0.muscache.com/im/pictures/37d13eb5-e8bd-4456-a88f-8f3f637cea37.jpg?im_w=720',311);
INSERT INTO image (type, url, room) VALUES ('detail','https://a0.muscache.com/im/pictures/e5d99457-679c-4a9d-884b-4c90e3034932.jpg?im_w=720',311);
INSERT INTO image (type, url, room) VALUES ('detail','https://a0.muscache.com/im/pictures/1afeb5d9-0036-49bc-bc01-110d5417e5bb.jpg?im_w=720',311);
INSERT INTO image (type, url, room) VALUES ('detail','https://a0.muscache.com/im/pictures/9f1f5e8f-b868-425b-8939-e7969a13cfb5.jpg?im_w=720',311);
INSERT INTO image (type, url, room) VALUES ('detail','https://a0.muscache.com/im/pictures/dd9443ca-3e23-4d8b-98e0-56dc0b87331d.jpg?im_w=720',311);
INSERT INTO image (type, url, room) VALUES ('detail','https://a0.muscache.com/im/pictures/7a267eb9-840a-4b2c-a6d4-422bab3f881f.jpg?im_w=720',311);
INSERT INTO image (type, url, room) VALUES ('detail','https://a0.muscache.com/im/pictures/0b9313f6-b5d3-4896-8227-d1950126de79.jpg?im_w=720',311);
INSERT INTO image (type, url, room) VALUES ('detail','https://a0.muscache.com/im/pictures/3d5465dd-590d-40b2-93a5-ee16f85b826b.jpg?im_w=720',311);
INSERT INTO image (type, url, room) VALUES ('detail','https://a0.muscache.com/im/pictures/d965854f-883b-4646-a4ca-97a3b7d93184.jpg?im_w=720',311);
INSERT INTO image (type, url, room) VALUES ('detail','https://a0.muscache.com/im/pictures/93bdaf1e-8e10-434f-98f5-03be6cf709ac.jpg?im_w=720',311);
INSERT INTO image (type, url, room) VALUES ('detail','https://a0.muscache.com/im/pictures/6b7743d5-357d-49c9-bff1-f3efa43eb09d.jpg?im_w=720',311);
INSERT INTO image (type, url, room) VALUES ('detail','https://a0.muscache.com/im/pictures/da06e9d6-b7ef-4368-a499-c9f7e35daedb.jpg?im_w=720',311);
INSERT INTO image (type, url, room) VALUES ('detail','https://a0.muscache.com/im/pictures/b706c21d-2b20-45dc-9768-7c183958e18b.jpg?im_w=720',311);
INSERT INTO image (type, url, room) VALUES ('detail','https://a0.muscache.com/im/pictures/e9484d7b-5bb3-441f-8639-d92c4b616d9c.jpg?im_w=720',311);
INSERT INTO image (type, url, room) VALUES ('detail','https://a0.muscache.com/im/pictures/91157b59-602d-4270-af57-fed8c08f7c7e.jpg?im_w=720',311);
INSERT INTO image (type, url, room) VALUES ('detail','https://a0.muscache.com/im/pictures/29b7fd47-1e2a-4461-82ab-f037e1f3c9d4.jpg?im_w=720',311);
INSERT INTO image (type, url, room) VALUES ('detail','https://a0.muscache.com/im/pictures/1ef7e06d-428a-475f-bb28-e11842bec22f.jpg?im_w=720',311);
INSERT INTO image (type, url, room) VALUES ('detail','https://a0.muscache.com/im/pictures/13a96592-1220-4791-adc3-9ebe9ed8d9fa.jpg?im_w=720',311);
INSERT INTO image (type, url, room) VALUES ('detail','https://a0.muscache.com/im/pictures/54c43831-7824-4fa9-81a0-7ba2fde48466.jpg?im_w=720',311);
INSERT INTO image (type, url, room) VALUES ('detail','https://a0.muscache.com/im/pictures/52bb9f40-9f10-40aa-a110-c13b14d2e881.jpg?im_w=720',311);
INSERT INTO image (type, url, room) VALUES ('detail','https://a0.muscache.com/im/pictures/56561431-1d6b-4c20-bad0-3e6b40eb5c18.jpg?im_w=720',311);
INSERT INTO image (type, url, room) VALUES ('detail','https://a0.muscache.com/im/pictures/7c0e41ab-faef-45f7-a405-85443797a240.jpg?im_w=720',311);
INSERT INTO image (type, url, room) VALUES ('detail','https://a0.muscache.com/im/pictures/ef6f93f1-f4eb-44b8-864f-cc169c25258a.jpg?im_w=720',311);
INSERT INTO image (type, url, room) VALUES ('detail','https://a0.muscache.com/im/pictures/ca433aab-b617-4cac-b97c-5b9cd76f94e5.jpg?im_w=720',311);
INSERT INTO image (type, url, room) VALUES ('detail','https://a0.muscache.com/im/pictures/c349189d-54cf-43a1-942b-5b33a7d6aefe.jpg?im_w=720',311);
insert into location(id,latitude,longitude,city) values (312,35.159,129.058,'부산');
INSERT INTO room (id, title, description, price_per_day, room_type, bed, max_guest, bathroom, location) VALUES (312,'[3]NEW!!♥야외 테라스 느낌 원목테이블#이태리감성#셀프체크인#무료넷플릭스[살균소독]','Bujeon 1(il)-dong, Busanjin-gu의 아파트 전체',99000,'집 전체',1,4,1,312);
INSERT INTO image (type, url, room) VALUES ('thumb','https://a0.muscache.com/im/pictures/miso/Hosting-48593593/original/11047ca2-5d60-406f-86fa-eaf5f803bb5f.jpeg?im_w=720',312);
INSERT INTO image (type, url, room) VALUES ('detail','https://a0.muscache.com/im/pictures/miso/Hosting-48593593/original/6f774648-193a-421c-9b7c-7c6f3f9018b4.jpeg?im_w=720',312);
INSERT INTO image (type, url, room) VALUES ('detail','https://a0.muscache.com/im/pictures/miso/Hosting-48593593/original/c571b110-60e7-4e9f-b3aa-dc970a693794.jpeg?im_w=720',312);
INSERT INTO image (type, url, room) VALUES ('detail','https://a0.muscache.com/im/pictures/miso/Hosting-48593593/original/3212859b-a6bb-4efb-a1b8-a47e47eebbdd.jpeg?im_w=720',312);
INSERT INTO image (type, url, room) VALUES ('detail','https://a0.muscache.com/im/pictures/miso/Hosting-48593593/original/47df9cfc-5e35-4cb8-b7b0-edd1f4f4fbdb.jpeg?im_w=720',312);
INSERT INTO image (type, url, room) VALUES ('detail','https://a0.muscache.com/im/pictures/miso/Hosting-48593593/original/8f65e7da-30fa-4509-a52b-b1e5297a9376.jpeg?im_w=720',312);
INSERT INTO image (type, url, room) VALUES ('detail','https://a0.muscache.com/im/pictures/miso/Hosting-48593593/original/86d9081c-094a-456a-89d5-0bba680b0a52.jpeg?im_w=720',312);
INSERT INTO image (type, url, room) VALUES ('detail','https://a0.muscache.com/im/pictures/miso/Hosting-48593593/original/df38fede-1f06-41da-957b-47962a71db43.jpeg?im_w=720',312);
INSERT INTO image (type, url, room) VALUES ('detail','https://a0.muscache.com/im/pictures/miso/Hosting-48593593/original/4304e327-bc8a-4529-b606-cf5086aab538.jpeg?im_w=720',312);
INSERT INTO image (type, url, room) VALUES ('detail','https://a0.muscache.com/im/pictures/miso/Hosting-48593593/original/d376111b-92ed-4149-9e07-e4b05b70a1ae.jpeg?im_w=720',312);
INSERT INTO image (type, url, room) VALUES ('detail','https://a0.muscache.com/im/pictures/miso/Hosting-48593593/original/a4937664-f8e0-4d04-ab8a-b55d7d5ea403.jpeg?im_w=720',312);
INSERT INTO image (type, url, room) VALUES ('detail','https://a0.muscache.com/im/pictures/miso/Hosting-48593593/original/18c756c0-19b5-4a72-bd24-a43311c9f6ff.jpeg?im_w=720',312);
INSERT INTO image (type, url, room) VALUES ('detail','https://a0.muscache.com/im/pictures/miso/Hosting-48593593/original/5f43add8-d8c4-403c-a8d9-1135e23289aa.jpeg?im_w=720',312);
INSERT INTO image (type, url, room) VALUES ('detail','https://a0.muscache.com/im/pictures/miso/Hosting-48593593/original/9a802c80-d1fa-424c-bbb1-65bf563522e3.jpeg?im_w=720',312);
INSERT INTO image (type, url, room) VALUES ('detail','https://a0.muscache.com/im/pictures/miso/Hosting-48593593/original/385f15f3-80d0-4d7b-bb77-be8c2ae7da5d.jpeg?im_w=720',312);
INSERT INTO image (type, url, room) VALUES ('detail','https://a0.muscache.com/im/pictures/miso/Hosting-48593593/original/5ae20a4e-6bf3-45a2-b84f-6d1aed37f690.jpeg?im_w=720',312);
INSERT INTO image (type, url, room) VALUES ('detail','https://a0.muscache.com/im/pictures/miso/Hosting-48593593/original/a1171e3d-909e-4330-b998-37e9fe0a23d9.jpeg?im_w=720',312);
INSERT INTO image (type, url, room) VALUES ('detail','https://a0.muscache.com/im/pictures/miso/Hosting-48593593/original/d2a4b550-9b46-4628-aa42-e821268003e0.jpeg?im_w=720',312);
INSERT INTO image (type, url, room) VALUES ('detail','https://a0.muscache.com/im/pictures/miso/Hosting-48593593/original/218c9a75-2949-4355-b4c6-de52ca4dfd52.jpeg?im_w=720',312);
INSERT INTO image (type, url, room) VALUES ('detail','https://a0.muscache.com/im/pictures/miso/Hosting-48593593/original/cd0ccdcc-5fe5-44d3-ab42-c46c2fc09fb1.jpeg?im_w=720',312);
INSERT INTO image (type, url, room) VALUES ('detail','https://a0.muscache.com/im/pictures/miso/Hosting-48593593/original/c793a1f4-0e04-49c1-ae27-35a22a98b62a.jpeg?im_w=720',312);
INSERT INTO image (type, url, room) VALUES ('detail','https://a0.muscache.com/im/pictures/miso/Hosting-48593593/original/0276b797-9252-43b7-abf4-b84042934467.jpeg?im_w=720',312);
INSERT INTO image (type, url, room) VALUES ('detail','https://a0.muscache.com/im/pictures/miso/Hosting-48593593/original/d662f075-231b-4be7-8b9c-a2319c050ba1.jpeg?im_w=720',312);
INSERT INTO image (type, url, room) VALUES ('detail','https://a0.muscache.com/im/pictures/miso/Hosting-48593593/original/3e0642e3-37b2-4422-9172-ff5348bcaa50.jpeg?im_w=720',312);
INSERT INTO image (type, url, room) VALUES ('detail','https://a0.muscache.com/im/pictures/miso/Hosting-48593593/original/f621d35f-994e-48f4-a90e-de6a87b5bacf.jpeg?im_w=720',312);
INSERT INTO image (type, url, room) VALUES ('detail','https://a0.muscache.com/im/pictures/af9e2ae0-e834-4864-85b6-0362516ddb60.jpg?im_w=720',312);
INSERT INTO image (type, url, room) VALUES ('detail','https://a0.muscache.com/im/pictures/miso/Hosting-48593593/original/0f2939b1-a206-458d-aeae-b1c145d8793a.jpeg?im_w=720',312);
INSERT INTO image (type, url, room) VALUES ('detail','https://a0.muscache.com/im/pictures/miso/Hosting-48593593/original/656ee77c-2c34-4a4a-8ae9-4ee376001599.jpeg?im_w=720',312);
INSERT INTO image (type, url, room) VALUES ('detail','https://a0.muscache.com/im/pictures/miso/Hosting-48593593/original/7153c942-0252-4ac0-83c7-ed2d4a9f299e.jpeg?im_w=720',312);
INSERT INTO image (type, url, room) VALUES ('detail','https://a0.muscache.com/im/pictures/miso/Hosting-48593593/original/d9807cbc-313a-43d4-8aaa-ca5acd8837f0.jpeg?im_w=720',312);
insert into location(id,latitude,longitude,city) values (313,35.154,129.117,'부산');
INSERT INTO room (id, title, description, price_per_day, room_type, bed, max_guest, bathroom, location) VALUES (313,'숲 광안리파노라마뷰 광안리10초 Netflix 최대3명Gwangan 2(i)-dong', 'Suyeong-gu의 콘도(아파트) 전체',100000,'집 전체',2,3,1,313);
INSERT INTO image (type, url, room) VALUES ('thumb','https://a0.muscache.com/im/pictures/miso/Hosting-45108659/original/6986de8c-d3ae-4ba4-aebb-14830bdb00bb.jpeg?im_w=720',313);
INSERT INTO image (type, url, room) VALUES ('detail','https://a0.muscache.com/im/pictures/miso/Hosting-45108659/original/bbe38b0d-0e24-4e3e-8c95-16fccf4cf321.jpeg?im_w=720',313);
INSERT INTO image (type, url, room) VALUES ('detail','https://a0.muscache.com/im/pictures/b0c7db3f-54b1-4c4a-b59b-e0a0786bc42a.jpg?im_w=720',313);
INSERT INTO image (type, url, room) VALUES ('detail','https://a0.muscache.com/im/pictures/miso/Hosting-45108659/original/264223ba-febb-4c18-aff4-55f12cc64166.jpeg?im_w=720',313);
INSERT INTO image (type, url, room) VALUES ('detail','https://a0.muscache.com/im/pictures/c7d00861-efd2-4e74-b13d-597699af4185.jpg?im_w=720',313);
INSERT INTO image (type, url, room) VALUES ('detail','https://a0.muscache.com/im/pictures/52d61758-153e-48e0-b2bd-948d9c0e65ef.jpg?im_w=720',313);
INSERT INTO image (type, url, room) VALUES ('detail','https://a0.muscache.com/im/pictures/miso/Hosting-45108659/original/c52af7cb-84bb-4686-9649-fc2886c16a26.jpeg?im_w=720',313);
INSERT INTO image (type, url, room) VALUES ('detail','https://a0.muscache.com/im/pictures/38964cae-2cfd-4c69-b7b9-4f2238ffa7f5.jpg?im_w=720',313);
INSERT INTO image (type, url, room) VALUES ('detail','https://a0.muscache.com/im/pictures/miso/Hosting-45108659/original/b88e9e16-fc5f-4e0e-9aaa-94b87d6165f0.jpeg?im_w=720',313);
INSERT INTO image (type, url, room) VALUES ('detail','https://a0.muscache.com/im/pictures/da98d048-1e97-477f-a084-c0ee86146a0b.jpg?im_w=720',313);
INSERT INTO image (type, url, room) VALUES ('detail','https://a0.muscache.com/im/pictures/608b7f45-acdb-428d-8ab4-0bc257e66b85.jpg?im_w=720',313);
INSERT INTO image (type, url, room) VALUES ('detail','https://a0.muscache.com/im/pictures/14e0ca86-65ea-41a3-8019-a5c732d1370e.jpg?im_w=720',313);
INSERT INTO image (type, url, room) VALUES ('detail','https://a0.muscache.com/im/pictures/4bdbf5c9-b2f3-48ea-85b9-6ce265f0b353.jpg?im_w=720',313);
INSERT INTO image (type, url, room) VALUES ('detail','https://a0.muscache.com/im/pictures/67b1c7c6-e64d-4794-87cd-f6d080cd2a29.jpg?im_w=720',313);
INSERT INTO image (type, url, room) VALUES ('detail','https://a0.muscache.com/im/pictures/cff49a72-33d8-4e6e-aa4f-d81ad8190b56.jpg?im_w=720',313);
INSERT INTO image (type, url, room) VALUES ('detail','https://a0.muscache.com/im/pictures/41126ccb-0cc5-4afa-bb3d-be6c69a0fb4e.jpg?im_w=720',313);
INSERT INTO image (type, url, room) VALUES ('detail','https://a0.muscache.com/im/pictures/0947c063-5c65-44d9-a050-a49fe64f8e59.jpg?im_w=720',313);
INSERT INTO image (type, url, room) VALUES ('detail','https://a0.muscache.com/im/pictures/f8c88d82-492c-4b82-9b11-69585e3386f9.jpg?im_w=720',313);
INSERT INTO image (type, url, room) VALUES ('detail','https://a0.muscache.com/im/pictures/63ef3fa0-1be5-45aa-bb5a-1ffb7a5acd7c.jpg?im_w=720',313);
INSERT INTO image (type, url, room) VALUES ('detail','https://a0.muscache.com/im/pictures/1e27ab82-2059-49e8-81c1-60444848c521.jpg?im_w=720',313);
INSERT INTO image (type, url, room) VALUES ('detail','https://a0.muscache.com/im/pictures/fe57a0de-7c92-41c1-b79b-94cb7e3acce8.jpg?im_w=720',313);
INSERT INTO image (type, url, room) VALUES ('detail','https://a0.muscache.com/im/pictures/57917727-8c56-43f2-8d71-fac036ef4ba5.jpg?im_w=720',313);
INSERT INTO image (type, url, room) VALUES ('detail','https://a0.muscache.com/im/pictures/60729824-c4f8-44c0-80cc-83dae9156fb5.jpg?im_w=720',313);
INSERT INTO image (type, url, room) VALUES ('detail','https://a0.muscache.com/im/pictures/38b4045d-6f5e-4f23-92bc-761c39a986a9.jpg?im_w=720',313);
INSERT INTO image (type, url, room) VALUES ('detail','https://a0.muscache.com/im/pictures/09d27853-79d6-4d98-9344-e020b7135e0e.jpg?im_w=720',313);
insert into location(id,latitude,longitude,city) values (314,35.154,129.058,'부산');
INSERT INTO room (id, title, description, price_per_day, room_type, bed, max_guest, bathroom, location) VALUES (314,'K-게스트하우스 서면1 _싱글룸#01','Busanjin-gu의 개인실',100000,'개인실',1,1,1,314);
INSERT INTO image (type, url, room) VALUES ('thumb','https://a0.muscache.com/im/pictures/310dca45-2eb3-4bd3-9f90-d21ae6ea60c1.jpg?im_w=720',314);
INSERT INTO image (type, url, room) VALUES ('detail','https://a0.muscache.com/im/pictures/76cb0aa8-3b2f-4787-a59c-ea0331deee0b.jpg?im_w=720',314);
INSERT INTO image (type, url, room) VALUES ('detail','https://a0.muscache.com/im/pictures/92435330-e2af-461f-a221-4d161f631ff9.jpg?im_w=720',314);
INSERT INTO image (type, url, room) VALUES ('detail','https://a0.muscache.com/im/pictures/c1bb48a5-62b5-4386-8381-9b2a7c656f2f.jpg?im_w=720',314);
INSERT INTO image (type, url, room) VALUES ('detail','https://a0.muscache.com/im/pictures/miso/Hosting-19145944/original/e2e50560-830a-4fad-9bb9-d997d5ad7440.jpeg?im_w=720',314);
INSERT INTO image (type, url, room) VALUES ('detail','https://a0.muscache.com/im/pictures/miso/Hosting-19145944/original/85ad83c1-3233-46e5-9fb3-09cab2747212.jpeg?im_w=720',314);
INSERT INTO image (type, url, room) VALUES ('detail','https://a0.muscache.com/im/pictures/miso/Hosting-19145944/original/37d59554-fdf6-42dd-aafa-c291ffafcce5.jpeg?im_w=720',314);
INSERT INTO image (type, url, room) VALUES ('detail','https://a0.muscache.com/im/pictures/a7429157-60b1-49d7-81b4-116a2264b067.jpg?im_w=720',314);
INSERT INTO image (type, url, room) VALUES ('detail','https://a0.muscache.com/im/pictures/55df7c75-1df7-4b27-98c2-8d2d13ce8d5f.jpg?im_w=720',314);
INSERT INTO image (type, url, room) VALUES ('detail','https://a0.muscache.com/im/pictures/169af5db-fc43-4209-99e1-819fd914b54f.jpg?im_w=720',314);
INSERT INTO image (type, url, room) VALUES ('detail','https://a0.muscache.com/im/pictures/c89b277c-d86d-4045-b933-cdd88974bf99.jpg?im_w=720',314);
INSERT INTO image (type, url, room) VALUES ('detail','https://a0.muscache.com/im/pictures/506a88a9-457b-4e03-9bd9-7b9d465f73db.jpg?im_w=720',314);
insert into location(id,latitude,longitude,city) values (315,35.154,129.062,'부산');
INSERT INTO room (id, title, description, price_per_day, room_type, bed, max_guest, bathroom, location) VALUES (315,'17⭐️ [매일소독]⭐️ROOF PRIVATE TERRACE ROOM🌙 SUB➪２분⌂','Jeonpo 1(il)-dong, Busanjin-gu의 아파트 전체',99000,'집 전체',1,4,1,315);
INSERT INTO image (type, url, room) VALUES ('thumb','https://a0.muscache.com/im/pictures/c4a5287f-8726-4418-8acf-40b59e6674ad.jpg?im_w=720',315);
INSERT INTO image (type, url, room) VALUES ('detail','https://a0.muscache.com/im/pictures/55e032d0-aa07-4a9b-8acb-29d55d240cc3.jpg?im_w=720',315);
INSERT INTO image (type, url, room) VALUES ('detail','https://a0.muscache.com/im/pictures/b4d8cc8e-a7d0-45d8-ae70-c873bd143c23.jpg?im_w=720',315);
INSERT INTO image (type, url, room) VALUES ('detail','https://a0.muscache.com/im/pictures/129380be-98cf-4ba9-abfc-addf10ef30fb.jpg?im_w=720',315);
INSERT INTO image (type, url, room) VALUES ('detail','https://a0.muscache.com/im/pictures/236c74cf-252c-4043-b4b7-473e21bb7497.jpg?im_w=720',315);
INSERT INTO image (type, url, room) VALUES ('detail','https://a0.muscache.com/im/pictures/5bf1aa14-ce7d-4954-ae19-04a24a1c285a.jpg?im_w=720',315);
INSERT INTO image (type, url, room) VALUES ('detail','https://a0.muscache.com/im/pictures/58cd7635-30c9-4ac1-8deb-c178521269c1.jpg?im_w=720',315);
INSERT INTO image (type, url, room) VALUES ('detail','https://a0.muscache.com/im/pictures/d1a2dc01-a9ee-4ce9-9b39-c6d52290a61c.jpg?im_w=720',315);
INSERT INTO image (type, url, room) VALUES ('detail','https://a0.muscache.com/im/pictures/8f0dd57c-77fd-445d-9381-b403e426bd73.jpg?im_w=720',315);
INSERT INTO image (type, url, room) VALUES ('detail','https://a0.muscache.com/im/pictures/b2808da1-a598-4bc5-94d3-4c50442e6893.jpg?im_w=720',315);
INSERT INTO image (type, url, room) VALUES ('detail','https://a0.muscache.com/im/pictures/b7daf782-b68b-42bf-b740-ec2bb28847b8.jpg?im_w=720',315);
INSERT INTO image (type, url, room) VALUES ('detail','https://a0.muscache.com/im/pictures/3fd4a60a-d08d-43cf-9358-1ba28effba36.jpg?im_w=720',315);
INSERT INTO image (type, url, room) VALUES ('detail','https://a0.muscache.com/im/pictures/6db04dff-704a-4310-a350-78fdf3c44c52.jpg?im_w=720',315);
INSERT INTO image (type, url, room) VALUES ('detail','https://a0.muscache.com/im/pictures/304da325-f158-44f6-adc3-9c3b88c1531a.jpg?im_w=720',315);
INSERT INTO image (type, url, room) VALUES ('detail','https://a0.muscache.com/im/pictures/14e0a5af-6fc6-408b-9147-2e9f5beabb84.jpg?im_w=720',315);
INSERT INTO image (type, url, room) VALUES ('detail','https://a0.muscache.com/im/pictures/8b0dc516-d2dc-4594-ad45-52be31bca11f.jpg?im_w=720',315);
INSERT INTO image (type, url, room) VALUES ('detail','https://a0.muscache.com/im/pictures/bcec4e12-6e65-4603-8fd9-f2b35278ee9f.jpg?im_w=720',315);
INSERT INTO image (type, url, room) VALUES ('detail','https://a0.muscache.com/im/pictures/38edf386-52d4-49b8-8ed2-9bd86b807e4b.jpg?im_w=720',315);
INSERT INTO image (type, url, room) VALUES ('detail','https://a0.muscache.com/im/pictures/7e43d160-a8b1-40fb-9c49-f5ab47515292.jpg?im_w=720',315);
INSERT INTO image (type, url, room) VALUES ('detail','https://a0.muscache.com/im/pictures/161008d6-5aaf-4f8d-9cff-90d6b5752b0b.jpg?im_w=720',315);
INSERT INTO image (type, url, room) VALUES ('detail','https://a0.muscache.com/im/pictures/561892c1-32e3-44b1-979b-6822ef45560e.jpg?im_w=720',315);
INSERT INTO image (type, url, room) VALUES ('detail','https://a0.muscache.com/im/pictures/12208d6e-9a2e-482a-8646-f06bc8c05de2.jpg?im_w=720',315);
INSERT INTO image (type, url, room) VALUES ('detail','https://a0.muscache.com/im/pictures/751fe3fc-3aae-4161-aa17-b81193bdbe4a.jpg?im_w=720',315);
INSERT INTO image (type, url, room) VALUES ('detail','https://a0.muscache.com/im/pictures/a05f82a0-ffa7-4056-b8a2-5bbd7602f3d8.jpg?im_w=720',315);
INSERT INTO image (type, url, room) VALUES ('detail','https://a0.muscache.com/im/pictures/2351341d-a4b0-4ed9-9f28-7857c40f95fb.jpg?im_w=720',315);
INSERT INTO image (type, url, room) VALUES ('detail','https://a0.muscache.com/im/pictures/2e02bbd9-19b3-486a-9e23-300225f283b2.jpg?im_w=720',315);
INSERT INTO image (type, url, room) VALUES ('detail','https://a0.muscache.com/im/pictures/43bdd155-39ae-4924-921f-e8a5cd00bacf.jpg?im_w=720',315);
INSERT INTO image (type, url, room) VALUES ('detail','https://a0.muscache.com/im/pictures/d4596b86-2328-4dfe-a022-f3200c72d006.jpg?im_w=720',315);
INSERT INTO image (type, url, room) VALUES ('detail','https://a0.muscache.com/im/pictures/f11e5f08-cac8-47b8-a480-ecdac1136ab7.jpg?im_w=720',315);
INSERT INTO image (type, url, room) VALUES ('detail','https://a0.muscache.com/im/pictures/2874a6e4-d41b-4492-a3e5-41f65e6e6d3e.jpg?im_w=720',315);
insert into location(id,latitude,longitude,city) values (316,35.156,129.119,'부산');
INSERT INTO room (id, title, description, price_per_day, room_type, bed, max_guest, bathroom, location) VALUES (316,'Cityview & Netflix 광안리 3분거리 :)','Gwangan 2(i)-dong, Suyeong-gu의 아파트 전체',90000,'집 전체',1,4,1,316);
INSERT INTO image (type, url, room) VALUES ('thumb','https://a0.muscache.com/im/pictures/36939aee-5429-461c-bdd3-8764dec47263.jpg?im_w=720',316);
INSERT INTO image (type, url, room) VALUES ('detail','https://a0.muscache.com/im/pictures/5dea36ea-82e3-42d1-bedc-71f1ec9430d4.jpg?im_w=720',316);
INSERT INTO image (type, url, room) VALUES ('detail','https://a0.muscache.com/im/pictures/d37c9eba-7b87-47ad-9adf-9e571695ce00.jpg?im_w=720',316);
INSERT INTO image (type, url, room) VALUES ('detail','https://a0.muscache.com/im/pictures/283b130b-2cb5-4a80-9c01-d08d5a938132.jpg?im_w=720',316);
INSERT INTO image (type, url, room) VALUES ('detail','https://a0.muscache.com/im/pictures/e5d89737-843b-41cf-abb7-0ced3ea5613f.jpg?im_w=720',316);
INSERT INTO image (type, url, room) VALUES ('detail','https://a0.muscache.com/im/pictures/dca68413-0bcf-4446-b1c7-1f2407a5fa5e.jpg?im_w=720',316);
INSERT INTO image (type, url, room) VALUES ('detail','https://a0.muscache.com/im/pictures/369a5169-d392-4a0d-9227-ea0b6a5d1384.jpg?im_w=720',316);
INSERT INTO image (type, url, room) VALUES ('detail','https://a0.muscache.com/im/pictures/74d43e9c-2eef-4f63-bb00-18dd72deeffd.jpg?im_w=720',316);
INSERT INTO image (type, url, room) VALUES ('detail','https://a0.muscache.com/im/pictures/67e56317-151e-439c-ad45-68b55502cd91.jpg?im_w=720',316);
INSERT INTO image (type, url, room) VALUES ('detail','https://a0.muscache.com/im/pictures/078b1010-984c-4dbb-a185-19674f1b3a39.jpg?im_w=720',316);
INSERT INTO image (type, url, room) VALUES ('detail','https://a0.muscache.com/im/pictures/9e099193-f4b7-4284-8284-05a43eb22d33.jpg?im_w=720',316);
INSERT INTO image (type, url, room) VALUES ('detail','https://a0.muscache.com/im/pictures/213918fc-6fde-421f-ab2a-bb2c18403c0d.jpg?im_w=720',316);
INSERT INTO image (type, url, room) VALUES ('detail','https://a0.muscache.com/im/pictures/f7c5f853-e5fa-492c-8e1e-e5ae110e9c15.jpg?im_w=720',316);
INSERT INTO image (type, url, room) VALUES ('detail','https://a0.muscache.com/im/pictures/78ffdc2a-5a76-455f-98d1-a3bb15ed00da.jpg?im_w=720',316);
INSERT INTO image (type, url, room) VALUES ('detail','https://a0.muscache.com/im/pictures/2c0460ea-b831-4dce-a432-0934435e8e21.jpg?im_w=720',316);
INSERT INTO image (type, url, room) VALUES ('detail','https://a0.muscache.com/im/pictures/7d13ae89-fd14-486f-92cc-ac687f709c3b.jpg?im_w=720',316);
INSERT INTO image (type, url, room) VALUES ('detail','https://a0.muscache.com/im/pictures/ea15cfbf-ab86-4e4c-9026-a61ed8b7bc08.jpg?im_w=720',316);
INSERT INTO image (type, url, room) VALUES ('detail','https://a0.muscache.com/im/pictures/45f00547-8693-4a92-aaa4-c6973bd77bef.jpg?im_w=720',316);
INSERT INTO image (type, url, room) VALUES ('detail','https://a0.muscache.com/im/pictures/b071c283-b00b-44c2-9d0f-c526777a21ff.jpg?im_w=720',316);
INSERT INTO image (type, url, room) VALUES ('detail','https://a0.muscache.com/im/pictures/eb2dc7c6-65dc-403d-8f83-b899e728daca.jpg?im_w=720',316);
insert into location(id,latitude,longitude,city) values (317,35.157,129.142,'부산');
INSERT INTO room (id, title, description, price_per_day, room_type, bed, max_guest, bathroom, location) VALUES (317,'홍콩야경같은분위기

도보1분거리 바다정경,주변 편의시설 최고
운치,편의,청결함 굿!','U 1(il)-dong, Haeundae의 아파트 전체',90000,'집 전체',1,2,1,317);
INSERT INTO image (type, url, room) VALUES ('thumb','https://a0.muscache.com/im/pictures/279fe05b-458c-42a9-b31b-ef39adc4934f.jpg?im_w=720',317);
INSERT INTO image (type, url, room) VALUES ('detail','https://a0.muscache.com/im/pictures/f4aeb77a-7f6e-4869-b9e2-5ffdb62ee245.jpg?im_w=720',317);
INSERT INTO image (type, url, room) VALUES ('detail','https://a0.muscache.com/im/pictures/2109605a-b72e-4173-b60b-973ecbb928ff.jpg?im_w=720',317);
INSERT INTO image (type, url, room) VALUES ('detail','https://a0.muscache.com/im/pictures/ea1655d2-e58c-44db-9d9d-24d400118a97.jpg?im_w=720',317);
INSERT INTO image (type, url, room) VALUES ('detail','https://a0.muscache.com/im/pictures/cbd0c0db-cbc1-45f9-af94-a5b7f2c7b750.jpg?im_w=720',317);
insert into location(id,latitude,longitude,city) values (318,35.072,129.064,'부산');
INSERT INTO room (id, title, description, price_per_day, room_type, bed, max_guest, bathroom, location) VALUES (318,'에메랄드 ocean view spa #Nampo#자갈치#부산역#영도#태종대 #흰여울문화마을','Dongsam-dong, Yeongdo-gu의 아파트 전체',100000,'집 전체',2,2,1,318);
INSERT INTO image (type, url, room) VALUES ('thumb','https://a0.muscache.com/im/pictures/337a60c2-7b0d-44b7-9b89-1d5ac23597b8.jpg?im_w=720',318);
INSERT INTO image (type, url, room) VALUES ('detail','https://a0.muscache.com/im/pictures/32e7316c-dcfc-498c-9eca-bdbe88624989.jpg?im_w=720',318);
INSERT INTO image (type, url, room) VALUES ('detail','https://a0.muscache.com/im/pictures/53e4f2c1-b77c-44a0-9993-9bd1c6c5f0a9.jpg?im_w=720',318);
INSERT INTO image (type, url, room) VALUES ('detail','https://a0.muscache.com/im/pictures/ae903604-2f87-4471-92d0-3ff9da6c724b.jpg?im_w=720',318);
INSERT INTO image (type, url, room) VALUES ('detail','https://a0.muscache.com/im/pictures/ada157d5-6bba-476b-aa8e-5ae1863edf51.jpg?im_w=720',318);
INSERT INTO image (type, url, room) VALUES ('detail','https://a0.muscache.com/im/pictures/cde00460-a429-42c9-a3ab-6f5e30ec76f3.jpg?im_w=720',318);
INSERT INTO image (type, url, room) VALUES ('detail','https://a0.muscache.com/im/pictures/fd6eeb06-c5f9-4f93-9007-cb683505c9ff.jpg?im_w=720',318);
INSERT INTO image (type, url, room) VALUES ('detail','https://a0.muscache.com/im/pictures/7fdacf52-62cc-43e0-aab5-289a1cbba9db.jpg?im_w=720',318);
INSERT INTO image (type, url, room) VALUES ('detail','https://a0.muscache.com/im/pictures/3f57d3a2-c708-4736-9b7e-44b70418df95.jpg?im_w=720',318);
INSERT INTO image (type, url, room) VALUES ('detail','https://a0.muscache.com/im/pictures/6e5f285d-baaa-4979-b9d5-71243d998b2a.jpg?im_w=720',318);
INSERT INTO image (type, url, room) VALUES ('detail','https://a0.muscache.com/im/pictures/bbb84a31-c4e5-4eac-9484-4ae97b8c3a62.jpg?im_w=720',318);
INSERT INTO image (type, url, room) VALUES ('detail','https://a0.muscache.com/im/pictures/68ecabf6-d285-4f6d-ba79-d562cb4635ef.jpg?im_w=720',318);
INSERT INTO image (type, url, room) VALUES ('detail','https://a0.muscache.com/im/pictures/12c22e6e-ed72-4e18-bccd-8b04a0927ca2.jpg?im_w=720',318);
INSERT INTO image (type, url, room) VALUES ('detail','https://a0.muscache.com/im/pictures/9fb7c04e-b91b-42b5-b20c-5ec9cd5d6c7b.jpg?im_w=720',318);
INSERT INTO image (type, url, room) VALUES ('detail','https://a0.muscache.com/im/pictures/3738f1b5-410c-413d-8aa7-80b6c4273d9e.jpg?im_w=720',318);
INSERT INTO image (type, url, room) VALUES ('detail','https://a0.muscache.com/im/pictures/f24c26b6-fe9c-4382-bf65-1c0708654216.jpg?im_w=720',318);
INSERT INTO image (type, url, room) VALUES ('detail','https://a0.muscache.com/im/pictures/a3af177e-d105-411e-8673-f14b8c4cac52.jpg?im_w=720',318);
INSERT INTO image (type, url, room) VALUES ('detail','https://a0.muscache.com/im/pictures/1b6520b8-239d-4881-b5f2-e878eac9cf18.jpg?im_w=720',318);
INSERT INTO image (type, url, room) VALUES ('detail','https://a0.muscache.com/im/pictures/f92fe9f1-6057-44ce-b485-fa020936a4bd.jpg?im_w=720',318);
INSERT INTO image (type, url, room) VALUES ('detail','https://a0.muscache.com/im/pictures/47769ac1-d566-48f9-99f3-870c7053613f.jpg?im_w=720',318);
INSERT INTO image (type, url, room) VALUES ('detail','https://a0.muscache.com/im/pictures/3f35b474-17ed-4d62-b9d2-8d64a2462593.jpg?im_w=720',318);
INSERT INTO image (type, url, room) VALUES ('detail','https://a0.muscache.com/im/pictures/a81f4180-66d2-4eba-a833-bb1e199bbad2.jpg?im_w=720',318);
INSERT INTO image (type, url, room) VALUES ('detail','https://a0.muscache.com/im/pictures/d0ed633f-adcc-42c4-9388-d02a4aff8266.jpg?im_w=720',318);
INSERT INTO image (type, url, room) VALUES ('detail','https://a0.muscache.com/im/pictures/c11e7b52-8388-475b-ac3e-0dfb7fed0454.jpg?im_w=720',318);
INSERT INTO image (type, url, room) VALUES ('detail','https://a0.muscache.com/im/pictures/787e5b0e-3ca2-4e63-8b71-1d7e341efc1d.jpg?im_w=720',318);
INSERT INTO image (type, url, room) VALUES ('detail','https://a0.muscache.com/im/pictures/41d4f8bd-6d84-4ff4-b1b3-0bbb8d3636b4.jpg?im_w=720',318);
INSERT INTO image (type, url, room) VALUES ('detail','https://a0.muscache.com/im/pictures/52a9e0cc-9f82-4b73-bad6-b627c8e09f86.jpg?im_w=720',318);
INSERT INTO image (type, url, room) VALUES ('detail','https://a0.muscache.com/im/pictures/2bfaec51-6f51-45b5-bb92-42db69b62ee4.jpg?im_w=720',318);
INSERT INTO image (type, url, room) VALUES ('detail','https://a0.muscache.com/im/pictures/f279c884-17d1-4b3a-96ed-8752c5aff3a2.jpg?im_w=720',318);
INSERT INTO image (type, url, room) VALUES ('detail','https://a0.muscache.com/im/pictures/2516ceb4-e0f6-4385-8f47-05a8b2fd3ad5.jpg?im_w=720',318);
insert into location(id,latitude,longitude,city) values (319,35.163,129.037,'부산');
INSERT INTO room (id, title, description, price_per_day, room_type, bed, max_guest, bathroom, location) VALUES (319,'yoon 이네 house  :) 서면 인근 위치, 프라이빗 과.  편안한공간 선사합니다.','Danggam-dong, Busanjin-gu의 집 전체',95000,'집 전체',1,2,1,319);
INSERT INTO image (type, url, room) VALUES ('thumb','https://a0.muscache.com/im/pictures/5f2510f4-b770-4308-96a0-653646985965.jpg?im_w=720',319);
INSERT INTO image (type, url, room) VALUES ('detail','https://a0.muscache.com/im/pictures/77ad8502-71c1-4830-904d-62dfdbda2997.jpg?im_w=720',319);
INSERT INTO image (type, url, room) VALUES ('detail','https://a0.muscache.com/im/pictures/d97edc74-2682-449d-a103-892e37eb0297.jpg?im_w=720',319);
INSERT INTO image (type, url, room) VALUES ('detail','https://a0.muscache.com/im/pictures/1bd79854-64f9-4654-8682-c7930ed9cb4c.jpg?im_w=720',319);
INSERT INTO image (type, url, room) VALUES ('detail','https://a0.muscache.com/im/pictures/b9f97856-c932-44c2-9238-0027effa6a90.jpg?im_w=720',319);
INSERT INTO image (type, url, room) VALUES ('detail','https://a0.muscache.com/im/pictures/e2fbd4dc-ca19-4b36-9be0-fab7b2c813c6.jpg?im_w=720',319);
INSERT INTO image (type, url, room) VALUES ('detail','https://a0.muscache.com/im/pictures/6fa11a9d-c5a0-4041-a09f-7c15a232d745.jpg?im_w=720',319);
INSERT INTO image (type, url, room) VALUES ('detail','https://a0.muscache.com/im/pictures/8966b42d-8468-47fd-a7a9-0aecdb0195b9.jpg?im_w=720',319);
INSERT INTO image (type, url, room) VALUES ('detail','https://a0.muscache.com/im/pictures/b2dd2835-cc78-4e78-a1a9-a32434e5476c.jpg?im_w=720',319);
INSERT INTO image (type, url, room) VALUES ('detail','https://a0.muscache.com/im/pictures/e40b3719-947c-457f-8cb9-3da084ef52b7.jpg?im_w=720',319);
INSERT INTO image (type, url, room) VALUES ('detail','https://a0.muscache.com/im/pictures/e13cd0e9-f4c1-4258-8cbc-7f9ae9c585c3.jpg?im_w=720',319);
INSERT INTO image (type, url, room) VALUES ('detail','https://a0.muscache.com/im/pictures/db6ae183-4830-46d7-86ef-73984bdaee4b.jpg?im_w=720',319);
INSERT INTO image (type, url, room) VALUES ('detail','https://a0.muscache.com/im/pictures/f695fee9-017f-4e92-b85f-ca20091cabbf.jpg?im_w=720',319);
INSERT INTO image (type, url, room) VALUES ('detail','https://a0.muscache.com/im/pictures/f8211d49-e6b2-4b13-954a-25dc4da4e779.jpg?im_w=720',319);
INSERT INTO image (type, url, room) VALUES ('detail','https://a0.muscache.com/im/pictures/4c1249c5-bde5-4b23-886e-4f56d7e01dfa.jpg?im_w=720',319);
INSERT INTO image (type, url, room) VALUES ('detail','https://a0.muscache.com/im/pictures/ea56a77d-b037-481d-9d52-a794916c173d.jpg?im_w=720',319);
INSERT INTO image (type, url, room) VALUES ('detail','https://a0.muscache.com/im/pictures/518e8d98-9236-4b0c-b7df-3c5fe37ccd54.jpg?im_w=720',319);
INSERT INTO image (type, url, room) VALUES ('detail','https://a0.muscache.com/im/pictures/miso/Hosting-45508741/original/cc832024-d3a8-4016-81ea-bb6b4b73676c.jpeg?im_w=720',319);
INSERT INTO image (type, url, room) VALUES ('detail','https://a0.muscache.com/im/pictures/miso/Hosting-45508741/original/c239889b-a7ff-44ec-8cce-2c251ba7f33f.jpeg?im_w=720',319);
INSERT INTO image (type, url, room) VALUES ('detail','https://a0.muscache.com/im/pictures/miso/Hosting-45508741/original/9423be2d-1c0b-42b7-9896-d4d5c822cd8a.jpeg?im_w=720',319);
insert into location(id,latitude,longitude,city) values (320,35.154,129.117,'부산');
INSERT INTO room (id, title, description, price_per_day, room_type, bed, max_guest, bathroom, location) VALUES (320,'Double bed & Netfilx 광안리 3분거리!','Gwangan 2(i)-dong, Suyeong-gu의 아파트 전체',95000,'집 전체',2,4,1,320);
INSERT INTO image (type, url, room) VALUES ('thumb','https://a0.muscache.com/im/pictures/7426319b-7883-4048-98c7-d4551ab89a64.jpg?im_w=720',320);
INSERT INTO image (type, url, room) VALUES ('detail','https://a0.muscache.com/im/pictures/ac48e420-cae5-4c62-be87-253782567155.jpg?im_w=720',320);
INSERT INTO image (type, url, room) VALUES ('detail','https://a0.muscache.com/im/pictures/702d85e0-b6a7-4ea9-a3c7-0cf58c700932.jpg?im_w=720',320);
INSERT INTO image (type, url, room) VALUES ('detail','https://a0.muscache.com/im/pictures/cea4d856-ff12-4c3f-bf9e-093bdf691930.jpg?im_w=720',320);
INSERT INTO image (type, url, room) VALUES ('detail','https://a0.muscache.com/im/pictures/07594b41-4fd3-4c07-9f39-01f30ac4a0fc.jpg?im_w=720',320);
INSERT INTO image (type, url, room) VALUES ('detail','https://a0.muscache.com/im/pictures/04e1bd42-f9e4-4161-b0be-4b364908cf1b.jpg?im_w=720',320);
INSERT INTO image (type, url, room) VALUES ('detail','https://a0.muscache.com/im/pictures/3b342440-cc8f-46ae-9b0e-678f3c9f615b.jpg?im_w=720',320);
INSERT INTO image (type, url, room) VALUES ('detail','https://a0.muscache.com/im/pictures/d46d8d70-3b18-4c55-93c1-8d209257e7ce.jpg?im_w=720',320);
INSERT INTO image (type, url, room) VALUES ('detail','https://a0.muscache.com/im/pictures/3b669677-6a7c-4b73-af1b-9ebd2f8757b4.jpg?im_w=720',320);
INSERT INTO image (type, url, room) VALUES ('detail','https://a0.muscache.com/im/pictures/9630c25d-05aa-4f5d-b96c-76723f0cdab2.jpg?im_w=720',320);
INSERT INTO image (type, url, room) VALUES ('detail','https://a0.muscache.com/im/pictures/f30b698b-60a6-462c-aaec-bcf5c8a2751d.jpg?im_w=720',320);
INSERT INTO image (type, url, room) VALUES ('detail','https://a0.muscache.com/im/pictures/1ea7a5b5-de08-45ad-bfae-6f414121d996.jpg?im_w=720',320);
INSERT INTO image (type, url, room) VALUES ('detail','https://a0.muscache.com/im/pictures/79f71b68-ca23-40cc-9fb6-ed902a10a495.jpg?im_w=720',320);
INSERT INTO image (type, url, room) VALUES ('detail','https://a0.muscache.com/im/pictures/2ee0a6d4-6ad6-49c8-8924-9e9baf8b6900.jpg?im_w=720',320);
insert into location(id,latitude,longitude,city) values (321,35.157,129.058,'부산');
INSERT INTO room (id, title, description, price_per_day, room_type, bed, max_guest, bathroom, location) VALUES (321,'11#❥ 감성 충전 ❥ Netflix 설치 ❤ # SEOMYEON MRT3min','Busanjin-gu의 아파트 전체',100000,'집 전체',1,4,1,321);
INSERT INTO image (type, url, room) VALUES ('thumb','https://a0.muscache.com/im/pictures/0d758a08-c33d-43c3-a360-ab905441a44a.jpg?im_w=720',321);
INSERT INTO image (type, url, room) VALUES ('detail','https://a0.muscache.com/im/pictures/a056cb19-f5b1-4598-b11b-92dc94b7959d.jpg?im_w=720',321);
INSERT INTO image (type, url, room) VALUES ('detail','https://a0.muscache.com/im/pictures/3caf9526-bdb8-42a1-ace7-5956faeecaee.jpg?im_w=720',321);
INSERT INTO image (type, url, room) VALUES ('detail','https://a0.muscache.com/im/pictures/a1912805-362d-4247-ba64-bc49bf4b9f6b.jpg?im_w=720',321);
INSERT INTO image (type, url, room) VALUES ('detail','https://a0.muscache.com/im/pictures/27c560ce-0ed2-48d5-9a84-476c4124401a.jpg?im_w=720',321);
INSERT INTO image (type, url, room) VALUES ('detail','https://a0.muscache.com/im/pictures/f22da3a3-1853-40de-a56d-3037b3de289f.jpg?im_w=720',321);
INSERT INTO image (type, url, room) VALUES ('detail','https://a0.muscache.com/im/pictures/60c6c9a5-c8d3-47cd-86c9-0e4750eddd8d.jpg?im_w=720',321);
INSERT INTO image (type, url, room) VALUES ('detail','https://a0.muscache.com/im/pictures/a21dd6da-64c9-49bc-8d0e-a4ebfa3f64a7.jpg?im_w=720',321);
INSERT INTO image (type, url, room) VALUES ('detail','https://a0.muscache.com/im/pictures/6c4efaf6-a6e4-4f2f-bb32-5f159d86b76b.jpg?im_w=720',321);
INSERT INTO image (type, url, room) VALUES ('detail','https://a0.muscache.com/im/pictures/662c2d38-d067-48b7-97e8-646c2cb89c61.jpg?im_w=720',321);
INSERT INTO image (type, url, room) VALUES ('detail','https://a0.muscache.com/im/pictures/e2fb6bc9-f1e6-422e-869d-43112f0db7b1.jpg?im_w=720',321);
INSERT INTO image (type, url, room) VALUES ('detail','https://a0.muscache.com/im/pictures/c309e797-e5ff-48b9-bdb4-83362e93e2b5.jpg?im_w=720',321);
INSERT INTO image (type, url, room) VALUES ('detail','https://a0.muscache.com/im/pictures/e857db9e-f540-4794-92ad-b8aa12c502c6.jpg?im_w=720',321);
INSERT INTO image (type, url, room) VALUES ('detail','https://a0.muscache.com/im/pictures/ab888851-33ab-47f1-ba55-108c99164490.jpg?im_w=720',321);
INSERT INTO image (type, url, room) VALUES ('detail','https://a0.muscache.com/im/pictures/bd91f88d-783c-4e7b-b944-e4284c17615b.jpg?im_w=720',321);
INSERT INTO image (type, url, room) VALUES ('detail','https://a0.muscache.com/im/pictures/6f4c0d8e-09c6-4c06-aec9-1e9cf0a0a59e.jpg?im_w=720',321);
INSERT INTO image (type, url, room) VALUES ('detail','https://a0.muscache.com/im/pictures/3bdbb187-a01e-414c-8d84-242e5c2798d8.jpg?im_w=720',321);
INSERT INTO image (type, url, room) VALUES ('detail','https://a0.muscache.com/im/pictures/eced3337-d56c-4ebe-9a19-2308fa76dc79.jpg?im_w=720',321);
INSERT INTO image (type, url, room) VALUES ('detail','https://a0.muscache.com/im/pictures/9004084e-a200-4e2c-b60f-09ed54aaba6f.jpg?im_w=720',321);
INSERT INTO image (type, url, room) VALUES ('detail','https://a0.muscache.com/im/pictures/f2e7712e-0a17-433c-ab35-96eaf09ca70e.jpg?im_w=720',321);
INSERT INTO image (type, url, room) VALUES ('detail','https://a0.muscache.com/im/pictures/2a2bd1ee-e76e-443c-ad0c-e6c4422e3019.jpg?im_w=720',321);
INSERT INTO image (type, url, room) VALUES ('detail','https://a0.muscache.com/im/pictures/8a9a5942-35a0-48ca-8948-acb33007aae6.jpg?im_w=720',321);
INSERT INTO image (type, url, room) VALUES ('detail','https://a0.muscache.com/im/pictures/d4125b69-3bff-4ec2-80be-f851eb1a8ec1.jpg?im_w=720',321);
INSERT INTO image (type, url, room) VALUES ('detail','https://a0.muscache.com/im/pictures/32e4bd65-f6df-4291-9c68-351ef2ac0497.jpg?im_w=720',321);
INSERT INTO image (type, url, room) VALUES ('detail','https://a0.muscache.com/im/pictures/2a89fc4e-45a0-44be-92d6-cc8360eee07d.jpg?im_w=720',321);
INSERT INTO image (type, url, room) VALUES ('detail','https://a0.muscache.com/im/pictures/89bf6fd3-31e0-4190-a6b0-e07faedcd048.jpg?im_w=720',321);
INSERT INTO image (type, url, room) VALUES ('detail','https://a0.muscache.com/im/pictures/c83e903e-6061-42ab-a383-2e774938ebd1.jpg?im_w=720',321);
INSERT INTO image (type, url, room) VALUES ('detail','https://a0.muscache.com/im/pictures/8f528e87-a184-46f7-a8eb-27356eb22ed5.jpg?im_w=720',321);
INSERT INTO image (type, url, room) VALUES ('detail','https://a0.muscache.com/im/pictures/0cdb4123-99a1-4de9-9c9e-98cc66597970.jpg?im_w=720',321);
INSERT INTO image (type, url, room) VALUES ('detail','https://a0.muscache.com/im/pictures/047a49ef-e6d5-43d5-bf7a-541b6172ac6e.jpg?im_w=720',321);
insert into location(id,latitude,longitude,city) values (322,35.158,129.06,'부산');
INSERT INTO room (id, title, description, price_per_day, room_type, bed, max_guest, bathroom, location) VALUES (322,'★1시 무료 레이트체크아웃 제공★ 출장자 최애룸 ! 오늘은 내가 뉴요커','Bujeon-dong, Busanjin-gu의 레지던스 전체',90000,'집 전체',1,1,1,322);
INSERT INTO image (type, url, room) VALUES ('thumb','https://a0.muscache.com/im/pictures/miso/Hosting-46535864/original/8fbd6367-9262-49bf-b5f2-b4517da93e77.jpeg?im_w=720',322);
INSERT INTO image (type, url, room) VALUES ('detail','https://a0.muscache.com/im/pictures/miso/Hosting-46535864/original/9966f7bc-e7ee-41f1-bc2c-9dbb21b2c767.jpeg?im_w=720',322);
INSERT INTO image (type, url, room) VALUES ('detail','https://a0.muscache.com/im/pictures/miso/Hosting-46535864/original/66d76297-b858-4599-af2d-9ed05f58eaaa.jpeg?im_w=720',322);
INSERT INTO image (type, url, room) VALUES ('detail','https://a0.muscache.com/im/pictures/miso/Hosting-46535864/original/381a9bf5-0c74-4c08-b6dd-0f567d36e1c3.jpeg?im_w=720',322);
INSERT INTO image (type, url, room) VALUES ('detail','https://a0.muscache.com/im/pictures/miso/Hosting-46535864/original/27aa565b-a8cc-4ebf-b99a-8265b055f47a.jpeg?im_w=720',322);
INSERT INTO image (type, url, room) VALUES ('detail','https://a0.muscache.com/im/pictures/miso/Hosting-46535864/original/5be9a6b7-538b-47d7-af31-174e693837c9.jpeg?im_w=720',322);
INSERT INTO image (type, url, room) VALUES ('detail','https://a0.muscache.com/im/pictures/miso/Hosting-46535864/original/9e457034-f4cd-444d-aa49-416cdd617846.jpeg?im_w=720',322);
INSERT INTO image (type, url, room) VALUES ('detail','https://a0.muscache.com/im/pictures/miso/Hosting-46535864/original/d7701ff4-8ee3-4801-b867-132f8cc28d15.jpeg?im_w=720',322);
INSERT INTO image (type, url, room) VALUES ('detail','https://a0.muscache.com/im/pictures/8de590ac-eace-401e-95e4-25cdf8f17cf8.jpg?im_w=720',322);
INSERT INTO image (type, url, room) VALUES ('detail','https://a0.muscache.com/im/pictures/146bddd1-cb0f-4c10-87d5-9c4c93a70656.jpg?im_w=720',322);
INSERT INTO image (type, url, room) VALUES ('detail','https://a0.muscache.com/im/pictures/a037b5ad-ece6-42ac-b9d9-b1d9c6ca3ba5.jpg?im_w=720',322);
INSERT INTO image (type, url, room) VALUES ('detail','https://a0.muscache.com/im/pictures/miso/Hosting-46535864/original/004b1405-826e-4299-b13f-46e915ffe0d0.jpeg?im_w=720',322);
INSERT INTO image (type, url, room) VALUES ('detail','https://a0.muscache.com/im/pictures/d0664f32-5867-4c05-932a-983ae6c67bb6.jpg?im_w=720',322);
INSERT INTO image (type, url, room) VALUES ('detail','https://a0.muscache.com/im/pictures/miso/Hosting-46535864/original/580b9699-18eb-4736-8a16-0fc0bac6b518.jpeg?im_w=720',322);
INSERT INTO image (type, url, room) VALUES ('detail','https://a0.muscache.com/im/pictures/miso/Hosting-46535864/original/ada281ca-49ad-4698-b428-847a64d95e03.jpeg?im_w=720',322);
INSERT INTO image (type, url, room) VALUES ('detail','https://a0.muscache.com/im/pictures/miso/Hosting-46535864/original/9154a902-5224-4350-b1ac-e34a560f69d3.jpeg?im_w=720',322);
INSERT INTO image (type, url, room) VALUES ('detail','https://a0.muscache.com/im/pictures/miso/Hosting-46535864/original/de0ce69e-0b74-4ad2-8cd8-49265fa485a7.jpeg?im_w=720',322);
insert into location(id,latitude,longitude,city) values (323,35.16,129.056,'부산');
INSERT INTO room (id, title, description, price_per_day, room_type, bed, max_guest, bathroom, location) VALUES (323,'[❤️18] 『안심ʕ•ﻌ•ʔ매일소독』🔸B͟E͟A͟M͟&넷플릭스설치❤PRIVATE#홈무비R͙O͙O͙M͙','Busanjin-gu의 아파트 전체',97000,'집 전체',2,4,1,323);
INSERT INTO image (type, url, room) VALUES ('thumb','https://a0.muscache.com/im/pictures/93149948-84db-45d9-8a49-5446bcd52d72.jpg?im_w=720',323);
INSERT INTO image (type, url, room) VALUES ('detail','https://a0.muscache.com/im/pictures/26a8e23d-ed22-467c-9764-5c7b8c9d5a01.jpg?im_w=720',323);
INSERT INTO image (type, url, room) VALUES ('detail','https://a0.muscache.com/im/pictures/8bcfa148-b2d1-4536-ac18-b1b0c930b57e.jpg?im_w=720',323);
INSERT INTO image (type, url, room) VALUES ('detail','https://a0.muscache.com/im/pictures/b3edafae-028e-4acb-ae9f-16a7a08aeab1.jpg?im_w=720',323);
INSERT INTO image (type, url, room) VALUES ('detail','https://a0.muscache.com/im/pictures/f45bc71c-cf16-401f-ada4-c3e55948f0cb.jpg?im_w=720',323);
INSERT INTO image (type, url, room) VALUES ('detail','https://a0.muscache.com/im/pictures/1e616ae3-c5e1-4ca7-82f9-389f6df96c67.jpg?im_w=720',323);
INSERT INTO image (type, url, room) VALUES ('detail','https://a0.muscache.com/im/pictures/e40bad16-6c48-4dcf-9d21-cf27bd8478c0.jpg?im_w=720',323);
INSERT INTO image (type, url, room) VALUES ('detail','https://a0.muscache.com/im/pictures/111b8d93-0f5a-4377-a1e1-6aa30057a304.jpg?im_w=720',323);
INSERT INTO image (type, url, room) VALUES ('detail','https://a0.muscache.com/im/pictures/28efdd04-f450-4feb-94ed-a969e58296a8.jpg?im_w=720',323);
INSERT INTO image (type, url, room) VALUES ('detail','https://a0.muscache.com/im/pictures/6db689b1-c1e6-4a5b-ab51-da4d27653490.jpg?im_w=720',323);
INSERT INTO image (type, url, room) VALUES ('detail','https://a0.muscache.com/im/pictures/e7f689dd-2734-4c02-944d-5f5a96cbd711.jpg?im_w=720',323);
INSERT INTO image (type, url, room) VALUES ('detail','https://a0.muscache.com/im/pictures/4bcbf22a-512b-43b3-8a91-6be0784c0616.jpg?im_w=720',323);
INSERT INTO image (type, url, room) VALUES ('detail','https://a0.muscache.com/im/pictures/5de158f6-5377-4e53-9a3d-bf2fde6ce15a.jpg?im_w=720',323);
INSERT INTO image (type, url, room) VALUES ('detail','https://a0.muscache.com/im/pictures/fb8513b4-85cb-4381-896a-1f36e693a01b.jpg?im_w=720',323);
INSERT INTO image (type, url, room) VALUES ('detail','https://a0.muscache.com/im/pictures/8e928777-2d42-4b57-9516-908673a07116.jpg?im_w=720',323);
INSERT INTO image (type, url, room) VALUES ('detail','https://a0.muscache.com/im/pictures/1b2b01e3-4f43-4f2b-886c-4ee7c67b2c39.jpg?im_w=720',323);
INSERT INTO image (type, url, room) VALUES ('detail','https://a0.muscache.com/im/pictures/c60b43b2-afc0-49d0-9ee8-e3b8ae0cc985.jpg?im_w=720',323);
INSERT INTO image (type, url, room) VALUES ('detail','https://a0.muscache.com/im/pictures/cf38e8e6-117f-483f-b625-5cbdf6602417.jpg?im_w=720',323);
INSERT INTO image (type, url, room) VALUES ('detail','https://a0.muscache.com/im/pictures/641edbe3-c5f5-4a13-b942-be1971ce13de.jpg?im_w=720',323);
INSERT INTO image (type, url, room) VALUES ('detail','https://a0.muscache.com/im/pictures/7e4c33c1-64ca-4d6d-b0c0-869c5b5ffebc.jpg?im_w=720',323);
INSERT INTO image (type, url, room) VALUES ('detail','https://a0.muscache.com/im/pictures/63381da2-7f6e-4023-b302-867c6f9f0991.jpg?im_w=720',323);
INSERT INTO image (type, url, room) VALUES ('detail','https://a0.muscache.com/im/pictures/dd2cbfce-4ce6-43bc-8e69-3239a1c84c55.jpg?im_w=720',323);
INSERT INTO image (type, url, room) VALUES ('detail','https://a0.muscache.com/im/pictures/7073c006-01ac-4f0e-969c-16320198bc22.jpg?im_w=720',323);
INSERT INTO image (type, url, room) VALUES ('detail','https://a0.muscache.com/im/pictures/8289674a-a43d-48b2-8313-72d1e36e7efc.jpg?im_w=720',323);
INSERT INTO image (type, url, room) VALUES ('detail','https://a0.muscache.com/im/pictures/b067be8d-1130-4894-9cd6-90029df720f0.jpg?im_w=720',323);
INSERT INTO image (type, url, room) VALUES ('detail','https://a0.muscache.com/im/pictures/a2722088-4980-4d77-8847-456688fd83c4.jpg?im_w=720',323);
INSERT INTO image (type, url, room) VALUES ('detail','https://a0.muscache.com/im/pictures/78b42d43-3972-442a-8a9f-a0db212ba493.jpg?im_w=720',323);
INSERT INTO image (type, url, room) VALUES ('detail','https://a0.muscache.com/im/pictures/ff6d5d14-df54-4df3-817a-5a461c86cfe1.jpg?im_w=720',323);
INSERT INTO image (type, url, room) VALUES ('detail','https://a0.muscache.com/im/pictures/3a51de8e-ce91-41a1-9a56-00ec95ff0aff.jpg?im_w=720',323);
INSERT INTO image (type, url, room) VALUES ('detail','https://a0.muscache.com/im/pictures/62da0bbb-acb9-4dd7-ae23-4e98ae4a36d9.jpg?im_w=720',323);
insert into location(id,latitude,longitude,city) values (324,35.159,129.058,'부산');
INSERT INTO room (id, title, description, price_per_day, room_type, bed, max_guest, bathroom, location) VALUES (324,'Love Joos cozy house #3','Busanjin-gu의 아파트 전체',100000,'집 전체',1,2,1,324);
INSERT INTO image (type, url, room) VALUES ('thumb','https://a0.muscache.com/im/pictures/25bb53f3-19fd-4826-aa09-de5132606ef4.jpg?im_w=720',324);
INSERT INTO image (type, url, room) VALUES ('detail','https://a0.muscache.com/im/pictures/b07ecb0f-332c-43ab-b87e-6b135f9fb3e6.jpg?im_w=720',324);
INSERT INTO image (type, url, room) VALUES ('detail','https://a0.muscache.com/im/pictures/5118d097-2ba8-4bc1-b874-60fd0f15388a.jpg?im_w=720',324);
INSERT INTO image (type, url, room) VALUES ('detail','https://a0.muscache.com/im/pictures/29523069-0264-494d-9876-79ecd10b5d34.jpg?im_w=720',324);
INSERT INTO image (type, url, room) VALUES ('detail','https://a0.muscache.com/im/pictures/8ae6912d-d1ef-4f3a-83f5-90ad954be1e9.jpg?im_w=720',324);
INSERT INTO image (type, url, room) VALUES ('detail','https://a0.muscache.com/im/pictures/94d1015d-16db-46f9-a046-709282ea28f2.jpg?im_w=720',324);
INSERT INTO image (type, url, room) VALUES ('detail','https://a0.muscache.com/im/pictures/0d7d250c-e142-41bf-8415-86cf49e5edfa.jpg?im_w=720',324);
INSERT INTO image (type, url, room) VALUES ('detail','https://a0.muscache.com/im/pictures/468a1e11-3d52-4284-b6f5-4aab14d9a86d.jpg?im_w=720',324);
INSERT INTO image (type, url, room) VALUES ('detail','https://a0.muscache.com/im/pictures/143e3bc8-b064-4a15-8dc5-64e91efe512a.jpg?im_w=720',324);
INSERT INTO image (type, url, room) VALUES ('detail','https://a0.muscache.com/im/pictures/0d3ad698-6805-4054-b841-5d7900658046.jpg?im_w=720',324);
INSERT INTO image (type, url, room) VALUES ('detail','https://a0.muscache.com/im/pictures/03b2ab71-9b9c-4e01-bec9-c4f4bdc086c3.jpg?im_w=720',324);
INSERT INTO image (type, url, room) VALUES ('detail','https://a0.muscache.com/im/pictures/9cbeb58b-cc22-44a8-8c16-cb384aa7c43d.jpg?im_w=720',324);
INSERT INTO image (type, url, room) VALUES ('detail','https://a0.muscache.com/im/pictures/e00b19ed-1603-4760-88f2-4fd0b9804249.jpg?im_w=720',324);
INSERT INTO image (type, url, room) VALUES ('detail','https://a0.muscache.com/im/pictures/1df4b4b7-0c0e-4e9e-9d12-8330171c5fca.jpg?im_w=720',324);
INSERT INTO image (type, url, room) VALUES ('detail','https://a0.muscache.com/im/pictures/bed9a66b-b1dd-4a4d-ba83-9bed975e1fa5.jpg?im_w=720',324);
INSERT INTO image (type, url, room) VALUES ('detail','https://a0.muscache.com/im/pictures/63d3dcc6-8751-4161-a474-e0c8f1298dc2.jpg?im_w=720',324);
INSERT INTO image (type, url, room) VALUES ('detail','https://a0.muscache.com/im/pictures/a9397de5-9754-4a9a-b61b-404a6c739504.jpg?im_w=720',324);
INSERT INTO image (type, url, room) VALUES ('detail','https://a0.muscache.com/im/pictures/11e58ec4-dc62-490f-8a3f-c00323b35f95.jpg?im_w=720',324);
INSERT INTO image (type, url, room) VALUES ('detail','https://a0.muscache.com/im/pictures/dbef39c1-8d98-451e-bfe1-5cf9ca263a84.jpg?im_w=720',324);
INSERT INTO image (type, url, room) VALUES ('detail','https://a0.muscache.com/im/pictures/cfe168a3-63c4-41b9-b777-19f30c584193.jpg?im_w=720',324);
INSERT INTO image (type, url, room) VALUES ('detail','https://a0.muscache.com/im/pictures/25565ea5-9bed-4906-971c-757d3e773cdf.jpg?im_w=720',324);
INSERT INTO image (type, url, room) VALUES ('detail','https://a0.muscache.com/im/pictures/bfb9f3e4-8cf5-4d3a-aac1-5df861672d4c.jpg?im_w=720',324);
INSERT INTO image (type, url, room) VALUES ('detail','https://a0.muscache.com/im/pictures/f706e76e-c0de-41a6-a8bd-9f891d168d21.jpg?im_w=720',324);
INSERT INTO image (type, url, room) VALUES ('detail','https://a0.muscache.com/im/pictures/282ebda1-9777-492c-97be-02f44e87521d.jpg?im_w=720',324);
INSERT INTO image (type, url, room) VALUES ('detail','https://a0.muscache.com/im/pictures/d4a2e61b-1f41-4644-924e-490ff0ae4b86.jpg?im_w=720',324);
INSERT INTO image (type, url, room) VALUES ('detail','https://a0.muscache.com/im/pictures/eee676e5-28dc-4ca3-8194-a9d1fe1d0462.jpg?im_w=720',324);
INSERT INTO image (type, url, room) VALUES ('detail','https://a0.muscache.com/im/pictures/e211583e-b44e-45e3-9262-670cffb89d02.jpg?im_w=720',324);
INSERT INTO image (type, url, room) VALUES ('detail','https://a0.muscache.com/im/pictures/08d0bbaa-40ee-42cb-b499-6c10b67f1d2b.jpg?im_w=720',324);
INSERT INTO image (type, url, room) VALUES ('detail','https://a0.muscache.com/im/pictures/4edb9ac0-0579-4eff-98ff-010bdd7b3fc6.jpg?im_w=720',324);
INSERT INTO image (type, url, room) VALUES ('detail','https://a0.muscache.com/im/pictures/5b9e4de3-87af-4429-a321-a2dcee0c9dde.jpg?im_w=720',324);
insert into location(id,latitude,longitude,city) values (325,35.114,129.039,'부산');
INSERT INTO room (id, title, description, price_per_day, room_type, bed, max_guest, bathroom, location) VALUES (325,'[NEW OPEN] #03 오션뷰 / 부산역 2분 KTX NEAR Busan Station','Choryang-dong, Dong-gu의 아파트 전체',100000,'집 전체',2,4,1,325);
INSERT INTO image (type, url, room) VALUES ('thumb','https://a0.muscache.com/im/pictures/8238ae84-ed57-43b8-8de9-5a3b71dd8ac4.jpg?im_w=720',325);
INSERT INTO image (type, url, room) VALUES ('detail','https://a0.muscache.com/im/pictures/14158a8a-8a46-4ae9-b9fa-34a86c4cb141.jpg?im_w=720',325);
INSERT INTO image (type, url, room) VALUES ('detail','https://a0.muscache.com/im/pictures/0d252f08-b9f7-4e80-82da-3c80c8ade955.jpg?im_w=720',325);
INSERT INTO image (type, url, room) VALUES ('detail','https://a0.muscache.com/im/pictures/5ff715be-9225-4bf8-b210-6665b7d5aef2.jpg?im_w=720',325);
INSERT INTO image (type, url, room) VALUES ('detail','https://a0.muscache.com/im/pictures/f9a008fd-c996-4c5f-9c3d-d72683cc31bd.jpg?im_w=720',325);
INSERT INTO image (type, url, room) VALUES ('detail','https://a0.muscache.com/im/pictures/84575689-f49b-4bd8-8903-8b2f9e86a295.jpg?im_w=720',325);
INSERT INTO image (type, url, room) VALUES ('detail','https://a0.muscache.com/im/pictures/6b770e9f-7d56-4d33-a67f-dac188f4cd21.jpg?im_w=720',325);
INSERT INTO image (type, url, room) VALUES ('detail','https://a0.muscache.com/im/pictures/b6fb772d-4f53-462c-88d7-e54c596a89f8.jpg?im_w=720',325);
INSERT INTO image (type, url, room) VALUES ('detail','https://a0.muscache.com/im/pictures/4e6f282b-0971-4e00-9046-e49e9a1c5186.jpg?im_w=720',325);
INSERT INTO image (type, url, room) VALUES ('detail','https://a0.muscache.com/im/pictures/ee48d37f-d937-4c36-bd4c-1fa50cbd1d6a.jpg?im_w=720',325);
INSERT INTO image (type, url, room) VALUES ('detail','https://a0.muscache.com/im/pictures/442cc288-3a4f-49b8-9531-9098862498e0.jpg?im_w=720',325);
INSERT INTO image (type, url, room) VALUES ('detail','https://a0.muscache.com/im/pictures/697e0569-6fe3-42e9-a623-bdd0fc28f9dd.jpg?im_w=720',325);
INSERT INTO image (type, url, room) VALUES ('detail','https://a0.muscache.com/im/pictures/e851cae2-f1a9-4075-a9cb-e2f7489cfb01.jpg?im_w=720',325);
INSERT INTO image (type, url, room) VALUES ('detail','https://a0.muscache.com/im/pictures/62885f9d-87bc-438f-9be3-c0c5e9808e94.jpg?im_w=720',325);
INSERT INTO image (type, url, room) VALUES ('detail','https://a0.muscache.com/im/pictures/071d6f04-c31f-4b5e-b5b1-89e65ef9ea2e.jpg?im_w=720',325);
INSERT INTO image (type, url, room) VALUES ('detail','https://a0.muscache.com/im/pictures/dcf348de-039a-4fcd-8c8a-db418c12c84b.jpg?im_w=720',325);
INSERT INTO image (type, url, room) VALUES ('detail','https://a0.muscache.com/im/pictures/25f74fc5-94bc-448f-b58b-afc8f648b55a.jpg?im_w=720',325);
INSERT INTO image (type, url, room) VALUES ('detail','https://a0.muscache.com/im/pictures/bd25ebca-6e79-4854-bbd1-11f20a31e935.jpg?im_w=720',325);
INSERT INTO image (type, url, room) VALUES ('detail','https://a0.muscache.com/im/pictures/262301e0-590c-47b3-8687-9329c306b9bd.jpg?im_w=720',325);
INSERT INTO image (type, url, room) VALUES ('detail','https://a0.muscache.com/im/pictures/3154500c-a709-49a7-8fdc-fa41b7294861.jpg?im_w=720',325);
INSERT INTO image (type, url, room) VALUES ('detail','https://a0.muscache.com/im/pictures/2a3014e7-46a8-4ada-ae9c-65c84b3dac50.jpg?im_w=720',325);
INSERT INTO image (type, url, room) VALUES ('detail','https://a0.muscache.com/im/pictures/8c65ead2-588b-4593-8912-e485dc0a000e.jpg?im_w=720',325);
INSERT INTO image (type, url, room) VALUES ('detail','https://a0.muscache.com/im/pictures/9b92cb56-61d5-4279-896c-cd7b3e2d5b94.jpg?im_w=720',325);
INSERT INTO image (type, url, room) VALUES ('detail','https://a0.muscache.com/im/pictures/16e3aab0-2fe6-4752-bc77-f8e66b680644.jpg?im_w=720',325);
INSERT INTO image (type, url, room) VALUES ('detail','https://a0.muscache.com/im/pictures/4434cfc7-6042-4d57-ae5d-f626a75c9e95.jpg?im_w=720',325);
INSERT INTO image (type, url, room) VALUES ('detail','https://a0.muscache.com/im/pictures/01f36436-355b-4192-8069-78697448a73b.jpg?im_w=720',325);
INSERT INTO image (type, url, room) VALUES ('detail','https://a0.muscache.com/im/pictures/5d989c2e-f6e8-4a81-a4e8-cabea9dbf98c.jpg?im_w=720',325);
INSERT INTO image (type, url, room) VALUES ('detail','https://a0.muscache.com/im/pictures/52316fce-d143-47af-98cd-38a8fefe4d2e.jpg?im_w=720',325);
INSERT INTO image (type, url, room) VALUES ('detail','https://a0.muscache.com/im/pictures/4a48ff83-2d12-43a7-a005-8a3d19c18107.jpg?im_w=720',325);
INSERT INTO image (type, url, room) VALUES ('detail','https://a0.muscache.com/im/pictures/94c490d2-2dc3-44dd-8a99-03dc48fb92aa.jpg?im_w=720',325);
insert into location(id,latitude,longitude,city) values (326,35.16,129.057,'부산');
INSERT INTO room (id, title, description, price_per_day, room_type, bed, max_guest, bathroom, location) VALUES (326,'❥❥서면역 3분&Netflix &영화관을 통채로 &Projector 200 inch❥❥','Bujeon-dong, Busanjin-gu의 아파트 전체',100000,'집 전체',1,4,1,326);
INSERT INTO image (type, url, room) VALUES ('thumb','https://a0.muscache.com/im/pictures/d63d8af2-664d-4cdb-b1cb-f04878fc9ba3.jpg?im_w=720',326);
INSERT INTO image (type, url, room) VALUES ('detail','https://a0.muscache.com/im/pictures/ab766a42-7677-44c3-9c48-474ad66f42a3.jpg?im_w=720',326);
INSERT INTO image (type, url, room) VALUES ('detail','https://a0.muscache.com/im/pictures/7ff5f027-bd59-49ff-bae5-e2594ba48385.jpg?im_w=720',326);
INSERT INTO image (type, url, room) VALUES ('detail','https://a0.muscache.com/im/pictures/59745638-73b3-45a6-bbaa-52ecdce09bc0.jpg?im_w=720',326);
INSERT INTO image (type, url, room) VALUES ('detail','https://a0.muscache.com/im/pictures/f9ea5046-131f-40fb-8684-de6166b80ae1.jpg?im_w=720',326);
INSERT INTO image (type, url, room) VALUES ('detail','https://a0.muscache.com/im/pictures/c043db0d-3866-4804-8675-b85838736700.jpg?im_w=720',326);
INSERT INTO image (type, url, room) VALUES ('detail','https://a0.muscache.com/im/pictures/e5010448-3791-4e51-bc8c-d9d023c37141.jpg?im_w=720',326);
INSERT INTO image (type, url, room) VALUES ('detail','https://a0.muscache.com/im/pictures/03d1dc1d-354d-4488-86bf-5ead655e70af.jpg?im_w=720',326);
INSERT INTO image (type, url, room) VALUES ('detail','https://a0.muscache.com/im/pictures/2e2813ca-e3a0-4fdb-b454-3c2fff470fe8.jpg?im_w=720',326);
INSERT INTO image (type, url, room) VALUES ('detail','https://a0.muscache.com/im/pictures/f7589a4f-de8d-49dc-9fd9-b790fcbbf495.jpg?im_w=720',326);
INSERT INTO image (type, url, room) VALUES ('detail','https://a0.muscache.com/im/pictures/2a984392-357f-4350-aa3e-b554006cf92a.jpg?im_w=720',326);
INSERT INTO image (type, url, room) VALUES ('detail','https://a0.muscache.com/im/pictures/593c0e98-386d-4c3d-810b-6d95933816ba.jpg?im_w=720',326);
INSERT INTO image (type, url, room) VALUES ('detail','https://a0.muscache.com/im/pictures/10d24ab1-70b8-4326-a0f1-2b5301ff97ae.jpg?im_w=720',326);
INSERT INTO image (type, url, room) VALUES ('detail','https://a0.muscache.com/im/pictures/82c34ad1-6362-478d-b0dc-cfc751bee2bc.jpg?im_w=720',326);
INSERT INTO image (type, url, room) VALUES ('detail','https://a0.muscache.com/im/pictures/4f552a87-b776-45ba-88dd-ea67b9cb099d.jpg?im_w=720',326);
INSERT INTO image (type, url, room) VALUES ('detail','https://a0.muscache.com/im/pictures/c5fcfe6c-6b64-4e70-8967-4ef76fe3badf.jpg?im_w=720',326);
INSERT INTO image (type, url, room) VALUES ('detail','https://a0.muscache.com/im/pictures/366c272b-4073-470e-8f7b-0c58a19ca2cf.jpg?im_w=720',326);
INSERT INTO image (type, url, room) VALUES ('detail','https://a0.muscache.com/im/pictures/a1c09268-c6cb-46c6-9cf2-61d41677ccb7.jpg?im_w=720',326);
INSERT INTO image (type, url, room) VALUES ('detail','https://a0.muscache.com/im/pictures/08b293b2-c5d5-4830-b6af-57717cbb4dfd.jpg?im_w=720',326);
INSERT INTO image (type, url, room) VALUES ('detail','https://a0.muscache.com/im/pictures/eb4df055-c708-4e9e-9be9-4c893c382060.jpg?im_w=720',326);
INSERT INTO image (type, url, room) VALUES ('detail','https://a0.muscache.com/im/pictures/44cccf67-98d8-4e5a-af42-2eb4571250c4.jpg?im_w=720',326);
INSERT INTO image (type, url, room) VALUES ('detail','https://a0.muscache.com/im/pictures/d4594b28-34f2-4dd8-9487-28d7b3420c19.jpg?im_w=720',326);
INSERT INTO image (type, url, room) VALUES ('detail','https://a0.muscache.com/im/pictures/db04abe3-0a46-45be-8579-dba29d5d861e.jpg?im_w=720',326);
INSERT INTO image (type, url, room) VALUES ('detail','https://a0.muscache.com/im/pictures/f47bc39d-c993-43f5-be29-07567827a91c.jpg?im_w=720',326);
INSERT INTO image (type, url, room) VALUES ('detail','https://a0.muscache.com/im/pictures/f5f52f3e-5f25-4e68-b66f-9aa7839cd94d.jpg?im_w=720',326);
INSERT INTO image (type, url, room) VALUES ('detail','https://a0.muscache.com/im/pictures/ea0b4ed1-e293-4b83-88b2-6e68b7c9f8b6.jpg?im_w=720',326);
INSERT INTO image (type, url, room) VALUES ('detail','https://a0.muscache.com/im/pictures/dfa45f84-4f90-486b-a25e-edfad49899d7.jpg?im_w=720',326);
INSERT INTO image (type, url, room) VALUES ('detail','https://a0.muscache.com/im/pictures/55b420c3-9ea0-4393-b2b2-cfda36d0858c.jpg?im_w=720',326);
INSERT INTO image (type, url, room) VALUES ('detail','https://a0.muscache.com/im/pictures/88905192-64a2-44a4-9b5e-2c7bc9a80492.jpg?im_w=720',326);
INSERT INTO image (type, url, room) VALUES ('detail','https://a0.muscache.com/im/pictures/cfaaeac8-e1dc-456f-87e1-c82e08458ead.jpg?im_w=720',326);
insert into location(id,latitude,longitude,city) values (327,35.16,129.059,'부산');
INSERT INTO room (id, title, description, price_per_day, room_type, bed, max_guest, bathroom, location) VALUES (327,'[매일소독]#서면e *Zoo’s Movie room!!#Warm','Bujeon 1(il)-dong, Busanjin-gu의 아파트 전체',100000,'집 전체',1,2,1,327);
INSERT INTO image (type, url, room) VALUES ('thumb','https://a0.muscache.com/im/pictures/751e2abd-953c-4489-ac8f-15c7b4238f9b.jpg?im_w=720',327);
INSERT INTO image (type, url, room) VALUES ('detail','https://a0.muscache.com/im/pictures/7ceb5293-2feb-4308-94d3-de27bae4f56b.jpg?im_w=720',327);
INSERT INTO image (type, url, room) VALUES ('detail','https://a0.muscache.com/im/pictures/a7b06856-56af-4dc4-892e-4f7aa8af31e4.jpg?im_w=720',327);
INSERT INTO image (type, url, room) VALUES ('detail','https://a0.muscache.com/im/pictures/166d6e4d-721a-4dee-98f6-5bb283da3202.jpg?im_w=720',327);
INSERT INTO image (type, url, room) VALUES ('detail','https://a0.muscache.com/im/pictures/5f3a6bff-f723-45a9-b106-7afe285349ae.jpg?im_w=720',327);
INSERT INTO image (type, url, room) VALUES ('detail','https://a0.muscache.com/im/pictures/7095b5d2-0607-4a16-a30a-1d782f893476.jpg?im_w=720',327);
INSERT INTO image (type, url, room) VALUES ('detail','https://a0.muscache.com/im/pictures/31b0fbbc-9ae9-408a-807c-6c413c2ec674.jpg?im_w=720',327);
INSERT INTO image (type, url, room) VALUES ('detail','https://a0.muscache.com/im/pictures/d0289d72-dd23-499f-9e7c-8fdd0af680fb.jpg?im_w=720',327);
INSERT INTO image (type, url, room) VALUES ('detail','https://a0.muscache.com/im/pictures/6b671842-bb49-4a0d-9e56-b39596f405f2.jpg?im_w=720',327);
INSERT INTO image (type, url, room) VALUES ('detail','https://a0.muscache.com/im/pictures/43751cc1-c587-4781-8eb5-561cf2b23f22.jpg?im_w=720',327);
INSERT INTO image (type, url, room) VALUES ('detail','https://a0.muscache.com/im/pictures/41f775d0-8f89-4662-9ff5-124e74dc0276.jpg?im_w=720',327);
INSERT INTO image (type, url, room) VALUES ('detail','https://a0.muscache.com/im/pictures/7726cd5d-52f0-44eb-bf67-9717afcec992.jpg?im_w=720',327);
INSERT INTO image (type, url, room) VALUES ('detail','https://a0.muscache.com/im/pictures/a3053bbf-a784-49c7-aa04-b3d63d10782c.jpg?im_w=720',327);
INSERT INTO image (type, url, room) VALUES ('detail','https://a0.muscache.com/im/pictures/90cbab47-e897-4189-9809-12cd4356793a.jpg?im_w=720',327);
INSERT INTO image (type, url, room) VALUES ('detail','https://a0.muscache.com/im/pictures/3bd67d94-344d-424b-94c7-f4e1f1eb48a5.jpg?im_w=720',327);
insert into location(id,latitude,longitude,city) values (328,35.158,129.061,'부산');
INSERT INTO room (id, title, description, price_per_day, room_type, bed, max_guest, bathroom, location) VALUES (328,'#3 soulhouse:) 💉💊백신주사접종 #안심숙소 #감성숙소 #서면숙소 #서면역2분','진구의 아파트 전체',100000,'집 전체',1,2,1,328);
INSERT INTO image (type, url, room) VALUES ('thumb','https://a0.muscache.com/im/pictures/84dabed0-aa5b-45c5-ad50-a7b2e91e5759.jpg?im_w=720',328);
INSERT INTO image (type, url, room) VALUES ('detail','https://a0.muscache.com/im/pictures/c30ddd96-f2c7-49d0-90c8-ee00923e485b.jpg?im_w=720',328);
INSERT INTO image (type, url, room) VALUES ('detail','https://a0.muscache.com/im/pictures/c6628112-3781-48af-aec8-1f8c616148cc.jpg?im_w=720',328);
INSERT INTO image (type, url, room) VALUES ('detail','https://a0.muscache.com/im/pictures/88e9d4f4-1068-4a5a-aabd-800734e56db6.jpg?im_w=720',328);
INSERT INTO image (type, url, room) VALUES ('detail','https://a0.muscache.com/im/pictures/942539ae-7d0d-41fb-a7cd-8fd055c99214.jpg?im_w=720',328);
INSERT INTO image (type, url, room) VALUES ('detail','https://a0.muscache.com/im/pictures/eaae5521-3f1d-4d72-9fdf-4914af4294bb.jpg?im_w=720',328);
INSERT INTO image (type, url, room) VALUES ('detail','https://a0.muscache.com/im/pictures/75442cdc-447d-42a9-8f29-633f3bb65154.jpg?im_w=720',328);
INSERT INTO image (type, url, room) VALUES ('detail','https://a0.muscache.com/im/pictures/7d7ae92d-d8c1-4da8-8a1f-a5efbd16bc44.jpg?im_w=720',328);
INSERT INTO image (type, url, room) VALUES ('detail','https://a0.muscache.com/im/pictures/946c8df0-0dfd-41fa-ad2c-a446a16c8b08.jpg?im_w=720',328);
INSERT INTO image (type, url, room) VALUES ('detail','https://a0.muscache.com/im/pictures/62f9c207-6341-49bd-bc5c-517b19d7ee8d.jpg?im_w=720',328);
INSERT INTO image (type, url, room) VALUES ('detail','https://a0.muscache.com/im/pictures/7227bdd9-507a-4ad8-a52a-3a864131bfaa.jpg?im_w=720',328);
INSERT INTO image (type, url, room) VALUES ('detail','https://a0.muscache.com/im/pictures/7d9d1899-8b8c-493e-82ee-0fb238a342a3.jpg?im_w=720',328);
INSERT INTO image (type, url, room) VALUES ('detail','https://a0.muscache.com/im/pictures/39db6f0f-eb7e-40bd-9e8a-0002be134bd3.jpg?im_w=720',328);
INSERT INTO image (type, url, room) VALUES ('detail','https://a0.muscache.com/im/pictures/b8b1be5b-8450-4a7b-8294-6becd3d9a584.jpg?im_w=720',328);
INSERT INTO image (type, url, room) VALUES ('detail','https://a0.muscache.com/im/pictures/5cad7877-c3bb-4feb-9dfd-846b40758bdd.jpg?im_w=720',328);
INSERT INTO image (type, url, room) VALUES ('detail','https://a0.muscache.com/im/pictures/da1eed4d-c9c1-4e13-bd37-7964cd47b091.jpg?im_w=720',328);
INSERT INTO image (type, url, room) VALUES ('detail','https://a0.muscache.com/im/pictures/83b3e026-c3f6-46c2-b8bc-7c3dfa724e41.jpg?im_w=720',328);
INSERT INTO image (type, url, room) VALUES ('detail','https://a0.muscache.com/im/pictures/4d93602d-d765-44e7-8240-0c4e8c2323b3.jpg?im_w=720',328);
INSERT INTO image (type, url, room) VALUES ('detail','https://a0.muscache.com/im/pictures/15505abc-f4a3-4580-810b-7664f01b9edf.jpg?im_w=720',328);
INSERT INTO image (type, url, room) VALUES ('detail','https://a0.muscache.com/im/pictures/ce09dff7-f35d-463b-973a-8ea98ac548b5.jpg?im_w=720',328);
INSERT INTO image (type, url, room) VALUES ('detail','https://a0.muscache.com/im/pictures/ce25d2b9-1d71-4e37-a719-75f56ce58feb.jpg?im_w=720',328);
INSERT INTO image (type, url, room) VALUES ('detail','https://a0.muscache.com/im/pictures/9e0b0d45-2910-41a0-97db-e80aa00b08c0.jpg?im_w=720',328);
INSERT INTO image (type, url, room) VALUES ('detail','https://a0.muscache.com/im/pictures/b8900255-e82f-4e5d-92e1-cb0ec6de1121.jpg?im_w=720',328);
INSERT INTO image (type, url, room) VALUES ('detail','https://a0.muscache.com/im/pictures/caca5dd8-83fd-4eec-baa5-701c5886b83f.jpg?im_w=720',328);
INSERT INTO image (type, url, room) VALUES ('detail','https://a0.muscache.com/im/pictures/d2b1a6a1-c60a-45a4-88fc-a395125a6e2a.jpg?im_w=720',328);
INSERT INTO image (type, url, room) VALUES ('detail','https://a0.muscache.com/im/pictures/cc588203-c36d-41a3-8e8d-132150acd01c.jpg?im_w=720',328);
INSERT INTO image (type, url, room) VALUES ('detail','https://a0.muscache.com/im/pictures/2f685268-5330-4fc7-a455-bf87e9f52413.jpg?im_w=720',328);
INSERT INTO image (type, url, room) VALUES ('detail','https://a0.muscache.com/im/pictures/f405bb9e-0967-4174-bf62-2ed3729adfd0.jpg?im_w=720',328);
INSERT INTO image (type, url, room) VALUES ('detail','https://a0.muscache.com/im/pictures/e3adb80e-8ce1-4fb9-80d1-642f2f4023bc.jpg?im_w=720',328);
INSERT INTO image (type, url, room) VALUES ('detail','https://a0.muscache.com/im/pictures/fe17a5e9-5cb5-4289-8db2-e83f1ec35500.jpg?im_w=720',328);
insert into location(id,latitude,longitude,city) values (329,35.155,129.055,'부산');
INSERT INTO room (id, title, description, price_per_day, room_type, bed, max_guest, bathroom, location) VALUES (329,'Azzis Cozy House : ) #02 서면','Bujeon 2(i)-dong, Busanjin-gu의 아파트 전체',99000,'집 전체',2,4,1,329);
INSERT INTO image (type, url, room) VALUES ('thumb','https://a0.muscache.com/im/pictures/08e39c65-eb47-4ba5-b6ed-c344598bd4c2.jpg?im_w=720',329);
INSERT INTO image (type, url, room) VALUES ('detail','https://a0.muscache.com/im/pictures/c57e63b9-6a1e-422c-8f0b-337cc1e2c901.jpg?im_w=720',329);
INSERT INTO image (type, url, room) VALUES ('detail','https://a0.muscache.com/im/pictures/0678a017-56f7-43be-aab9-89a27ffb2208.jpg?im_w=720',329);
INSERT INTO image (type, url, room) VALUES ('detail','https://a0.muscache.com/im/pictures/f0abe560-c6b5-4bab-aec5-c7519b6ffee9.jpg?im_w=720',329);
INSERT INTO image (type, url, room) VALUES ('detail','https://a0.muscache.com/im/pictures/23ef93ec-01a8-42d2-bb08-b2b033ea8236.jpg?im_w=720',329);
INSERT INTO image (type, url, room) VALUES ('detail','https://a0.muscache.com/im/pictures/745838bc-0c73-4b1c-8975-65220879d529.jpg?im_w=720',329);
INSERT INTO image (type, url, room) VALUES ('detail','https://a0.muscache.com/im/pictures/3ce70697-1809-44b9-8cf0-22f80cf53e12.jpg?im_w=720',329);
INSERT INTO image (type, url, room) VALUES ('detail','https://a0.muscache.com/im/pictures/a5746652-27b2-434d-abb9-c146aec5bc6d.jpg?im_w=720',329);
INSERT INTO image (type, url, room) VALUES ('detail','https://a0.muscache.com/im/pictures/9bb5e543-7e98-4772-a3f5-9fd87411dd64.jpg?im_w=720',329);
INSERT INTO image (type, url, room) VALUES ('detail','https://a0.muscache.com/im/pictures/72d1cd9d-bf99-4c16-a664-7a9d1e93e629.jpg?im_w=720',329);
INSERT INTO image (type, url, room) VALUES ('detail','https://a0.muscache.com/im/pictures/8607bda4-04fd-4d48-8c03-c94992378e3e.jpg?im_w=720',329);
INSERT INTO image (type, url, room) VALUES ('detail','https://a0.muscache.com/im/pictures/1da882e0-a0bc-4e3e-91f5-8b98a3f57420.jpg?im_w=720',329);
INSERT INTO image (type, url, room) VALUES ('detail','https://a0.muscache.com/im/pictures/82b1001f-2c05-4e66-96b2-ef3ec1ab09a3.jpg?im_w=720',329);
INSERT INTO image (type, url, room) VALUES ('detail','https://a0.muscache.com/im/pictures/750b6b5f-c4af-4567-ae76-5189b41aa183.jpg?im_w=720',329);
INSERT INTO image (type, url, room) VALUES ('detail','https://a0.muscache.com/im/pictures/681eccec-cacb-4db2-93e5-97d675f3d46d.jpg?im_w=720',329);
INSERT INTO image (type, url, room) VALUES ('detail','https://a0.muscache.com/im/pictures/70060ab7-da74-42bc-aa73-c7bd6712c668.jpg?im_w=720',329);
INSERT INTO image (type, url, room) VALUES ('detail','https://a0.muscache.com/im/pictures/3c8e824f-bfac-4874-a704-cc0e6550f43d.jpg?im_w=720',329);
INSERT INTO image (type, url, room) VALUES ('detail','https://a0.muscache.com/im/pictures/301cb38b-6962-4046-a99c-3e4b271eb448.jpg?im_w=720',329);
INSERT INTO image (type, url, room) VALUES ('detail','https://a0.muscache.com/im/pictures/8e1105dd-aa5a-4db1-8cad-5abb23da02fd.jpg?im_w=720',329);
INSERT INTO image (type, url, room) VALUES ('detail','https://a0.muscache.com/im/pictures/ff85cc1f-0ea8-4629-8439-42f717c077ff.jpg?im_w=720',329);
insert into location(id,latitude,longitude,city) values (330,35.164,129.037,'부산');
INSERT INTO room (id, title, description, price_per_day, room_type, bed, max_guest, bathroom, location) VALUES (330,'soon 이네 house)  서면 인근에 위치한 당감동, 걷기좋은 시민공원','Danggam-dong, Busanjin-gu의 집 전체',95000,'집 전체',1,2,1,330);
INSERT INTO image (type, url, room) VALUES ('thumb','https://a0.muscache.com/im/pictures/e4258a39-2010-4a19-904a-7a4a4806c2fc.jpg?im_w=720',330);
INSERT INTO image (type, url, room) VALUES ('detail','https://a0.muscache.com/im/pictures/62949216-5022-4482-b95e-5517fc9ab597.jpg?im_w=720',330);
INSERT INTO image (type, url, room) VALUES ('detail','https://a0.muscache.com/im/pictures/c2df9a2a-82eb-4301-b45d-82c4abd53c24.jpg?im_w=720',330);
INSERT INTO image (type, url, room) VALUES ('detail','https://a0.muscache.com/im/pictures/c1aafbef-ad12-44b4-b665-f156bb976556.jpg?im_w=720',330);
INSERT INTO image (type, url, room) VALUES ('detail','https://a0.muscache.com/im/pictures/122a84fb-5109-42aa-abaa-d770b08e02c4.jpg?im_w=720',330);
INSERT INTO image (type, url, room) VALUES ('detail','https://a0.muscache.com/im/pictures/c32dafb3-c375-46f5-bbf7-2f0b7231ad8c.jpg?im_w=720',330);
INSERT INTO image (type, url, room) VALUES ('detail','https://a0.muscache.com/im/pictures/85ae9ad9-81d9-444e-9135-d4756754c608.jpg?im_w=720',330);
INSERT INTO image (type, url, room) VALUES ('detail','https://a0.muscache.com/im/pictures/3a301a83-aa73-433f-b6eb-249ed297c946.jpg?im_w=720',330);
INSERT INTO image (type, url, room) VALUES ('detail','https://a0.muscache.com/im/pictures/4cd7f17e-b28a-43d2-9823-f4d77f798a1d.jpg?im_w=720',330);
INSERT INTO image (type, url, room) VALUES ('detail','https://a0.muscache.com/im/pictures/d94637c2-42ee-4cda-90b2-0983ce0925fa.jpg?im_w=720',330);
INSERT INTO image (type, url, room) VALUES ('detail','https://a0.muscache.com/im/pictures/705d834a-0cf0-4221-94fd-45e38111e54a.jpg?im_w=720',330);
INSERT INTO image (type, url, room) VALUES ('detail','https://a0.muscache.com/im/pictures/f55c5def-1d8f-4087-8cb8-b867ff535481.jpg?im_w=720',330);
INSERT INTO image (type, url, room) VALUES ('detail','https://a0.muscache.com/im/pictures/3699f15f-b4cd-4ec7-9275-2ec19a1fe366.jpg?im_w=720',330);
INSERT INTO image (type, url, room) VALUES ('detail','https://a0.muscache.com/im/pictures/8904b0b2-e970-4aac-bff0-b38ba4cc6877.jpg?im_w=720',330);
INSERT INTO image (type, url, room) VALUES ('detail','https://a0.muscache.com/im/pictures/624538e8-e944-4406-94a0-8fc83eec544b.jpg?im_w=720',330);
INSERT INTO image (type, url, room) VALUES ('detail','https://a0.muscache.com/im/pictures/2829a0c6-a11b-4449-8aca-fecab289a653.jpg?im_w=720',330);
INSERT INTO image (type, url, room) VALUES ('detail','https://a0.muscache.com/im/pictures/d21bdac0-7366-4f66-8870-42a9dfeef422.jpg?im_w=720',330);
INSERT INTO image (type, url, room) VALUES ('detail','https://a0.muscache.com/im/pictures/miso/Hosting-45508767/original/1129cf5f-966f-4d33-95f3-4a41445f3288.jpeg?im_w=720',330);
INSERT INTO image (type, url, room) VALUES ('detail','https://a0.muscache.com/im/pictures/miso/Hosting-45508767/original/ec84bb1f-9d61-422b-bd92-f1f07eda8336.jpeg?im_w=720',330);
INSERT INTO image (type, url, room) VALUES ('detail','https://a0.muscache.com/im/pictures/miso/Hosting-45508767/original/d7c8b07b-df11-4fa5-99c5-e0b01660809d.jpeg?im_w=720',330);
INSERT INTO image (type, url, room) VALUES ('detail','https://a0.muscache.com/im/pictures/c446cba9-52c4-4b77-8dc9-2e5032fa6f5c.jpg?im_w=720',330);
INSERT INTO image (type, url, room) VALUES ('detail','https://a0.muscache.com/im/pictures/miso/Hosting-45508767/original/82d5884c-78c9-4ac5-8590-b5bdf655cb94.jpeg?im_w=720',330);
insert into location(id,latitude,longitude,city) values (331,35.163,129.178,'부산');
INSERT INTO room (id, title, description, price_per_day, room_type, bed, max_guest, bathroom, location) VALUES (331,'해운대 달맞이 조용한 집','해운대구의 콘도(아파트) 전체',100000,'집 전체',1,2,1,331);
INSERT INTO image (type, url, room) VALUES ('thumb','https://a0.muscache.com/im/pictures/1587a782-bff4-4449-a435-ba616ddf0fc1.jpg?im_w=720',331);
INSERT INTO image (type, url, room) VALUES ('detail','https://a0.muscache.com/im/pictures/b821351c-b595-4ae0-8bef-b3c173dac55a.jpg?im_w=720',331);
INSERT INTO image (type, url, room) VALUES ('detail','https://a0.muscache.com/im/pictures/845de25a-c9af-44ac-95ea-2235814d8c60.jpg?im_w=720',331);
INSERT INTO image (type, url, room) VALUES ('detail','https://a0.muscache.com/im/pictures/98d38511-4710-472c-8974-e23b6b17f3c7.jpg?im_w=720',331);
INSERT INTO image (type, url, room) VALUES ('detail','https://a0.muscache.com/im/pictures/cf1829ed-d99b-471b-9ea3-7d1a88a6e77b.jpg?im_w=720',331);
INSERT INTO image (type, url, room) VALUES ('detail','https://a0.muscache.com/im/pictures/efeba59a-22ab-4d18-976f-999fd478f60f.jpg?im_w=720',331);
INSERT INTO image (type, url, room) VALUES ('detail','https://a0.muscache.com/im/pictures/727d3cab-1530-4a41-8378-8fdfbd1a84f1.jpg?im_w=720',331);
INSERT INTO image (type, url, room) VALUES ('detail','https://a0.muscache.com/im/pictures/881844ba-a033-4435-9fdf-095aff84bfc1.jpg?im_w=720',331);
INSERT INTO image (type, url, room) VALUES ('detail','https://a0.muscache.com/im/pictures/24695d28-8d04-46c4-a331-1ae4cdf94c52.jpg?im_w=720',331);
INSERT INTO image (type, url, room) VALUES ('detail','https://a0.muscache.com/im/pictures/2e956193-34a6-4ada-a3d5-a60118089e03.jpg?im_w=720',331);
INSERT INTO image (type, url, room) VALUES ('detail','https://a0.muscache.com/im/pictures/b6ca2f2e-ef4c-4b03-94b8-21bdcc0046ab.jpg?im_w=720',331);
INSERT INTO image (type, url, room) VALUES ('detail','https://a0.muscache.com/im/pictures/2ffdfe67-4407-4f70-94b1-6fab85fe483b.jpg?im_w=720',331);
INSERT INTO image (type, url, room) VALUES ('detail','https://a0.muscache.com/im/pictures/c86c30e2-6562-4ade-950f-620c26be869e.jpg?im_w=720',331);
insert into location(id,latitude,longitude,city) values (332,35.16,129.06,'부산');
INSERT INTO room (id, title, description, price_per_day, room_type, bed, max_guest, bathroom, location) VALUES (332,'[❤13]『매일소독』❤&무료 넷플 ·ᴗ· 𖤐프라이빗홈시네마⍣셀프체크인⍣ BEAM 감성숙소😆','Bujeon 1(il)-dong, Busanjin-gu의 아파트 전체',99000,'집 전체',1,4,1,332);
INSERT INTO image (type, url, room) VALUES ('thumb','https://a0.muscache.com/im/pictures/a2f8586d-cb2a-464a-be58-7c219afc0911.jpg?im_w=720',332);
INSERT INTO image (type, url, room) VALUES ('detail','https://a0.muscache.com/im/pictures/4878cd74-67e0-4b84-af29-5d0073139b46.jpg?im_w=720',332);
INSERT INTO image (type, url, room) VALUES ('detail','https://a0.muscache.com/im/pictures/40b0ba15-18a7-4476-931e-15bbf7b7c80a.jpg?im_w=720',332);
INSERT INTO image (type, url, room) VALUES ('detail','https://a0.muscache.com/im/pictures/a280b591-45ac-484c-9dea-43fc9798ac12.jpg?im_w=720',332);
INSERT INTO image (type, url, room) VALUES ('detail','https://a0.muscache.com/im/pictures/b91414f2-01a0-4e18-819f-8e1e92319740.jpg?im_w=720',332);
INSERT INTO image (type, url, room) VALUES ('detail','https://a0.muscache.com/im/pictures/e6d7a90a-50b8-44ac-9c07-10e9bbd24778.jpg?im_w=720',332);
INSERT INTO image (type, url, room) VALUES ('detail','https://a0.muscache.com/im/pictures/11120099-6c41-45ab-a8e2-176bccdedca7.jpg?im_w=720',332);
INSERT INTO image (type, url, room) VALUES ('detail','https://a0.muscache.com/im/pictures/4876bb7b-e2a7-4828-9714-15d93326d97e.jpg?im_w=720',332);
INSERT INTO image (type, url, room) VALUES ('detail','https://a0.muscache.com/im/pictures/d5b6c10c-345c-4e71-9a25-4da2f3587b5e.jpg?im_w=720',332);
INSERT INTO image (type, url, room) VALUES ('detail','https://a0.muscache.com/im/pictures/ee6b6a60-b1cc-4fcf-ab0b-4922e96c017a.jpg?im_w=720',332);
INSERT INTO image (type, url, room) VALUES ('detail','https://a0.muscache.com/im/pictures/81a34bf0-1e9e-49af-b966-455940d16b49.jpg?im_w=720',332);
INSERT INTO image (type, url, room) VALUES ('detail','https://a0.muscache.com/im/pictures/e9d466b5-87eb-4fd2-b6c4-693f826a2cb0.jpg?im_w=720',332);
INSERT INTO image (type, url, room) VALUES ('detail','https://a0.muscache.com/im/pictures/6acde211-03ff-4834-b347-082195e0c676.jpg?im_w=720',332);
INSERT INTO image (type, url, room) VALUES ('detail','https://a0.muscache.com/im/pictures/03a5fcb3-46ec-4ae8-8f94-4ae8292306c5.jpg?im_w=720',332);
INSERT INTO image (type, url, room) VALUES ('detail','https://a0.muscache.com/im/pictures/a10637b5-0ff6-45fa-b35e-3ba24a648850.jpg?im_w=720',332);
INSERT INTO image (type, url, room) VALUES ('detail','https://a0.muscache.com/im/pictures/cb3ae34e-8bf6-4f87-a3c0-3cfb1216af04.jpg?im_w=720',332);
INSERT INTO image (type, url, room) VALUES ('detail','https://a0.muscache.com/im/pictures/88ec2db6-bea4-4df4-8b0d-653b63f2feef.jpg?im_w=720',332);
INSERT INTO image (type, url, room) VALUES ('detail','https://a0.muscache.com/im/pictures/2d0dc220-8bfc-4651-83e7-c5bfe566c275.jpg?im_w=720',332);
INSERT INTO image (type, url, room) VALUES ('detail','https://a0.muscache.com/im/pictures/91ddba9f-c782-4758-a6be-51ce12328d57.jpg?im_w=720',332);
INSERT INTO image (type, url, room) VALUES ('detail','https://a0.muscache.com/im/pictures/a53669fa-9678-4261-bddc-a769d9980521.jpg?im_w=720',332);
INSERT INTO image (type, url, room) VALUES ('detail','https://a0.muscache.com/im/pictures/23de752f-9aff-4f40-a3d0-9831be27d693.jpg?im_w=720',332);
INSERT INTO image (type, url, room) VALUES ('detail','https://a0.muscache.com/im/pictures/ecf85adb-7a34-4593-a21e-765a75423195.jpg?im_w=720',332);
INSERT INTO image (type, url, room) VALUES ('detail','https://a0.muscache.com/im/pictures/c58eb21f-ba28-4911-9156-a38488905108.jpg?im_w=720',332);
INSERT INTO image (type, url, room) VALUES ('detail','https://a0.muscache.com/im/pictures/23dd41a9-c6ad-42c3-9862-b7c34ab5b0a7.jpg?im_w=720',332);
INSERT INTO image (type, url, room) VALUES ('detail','https://a0.muscache.com/im/pictures/16c83dcb-81f2-4e16-aec9-529137a60336.jpg?im_w=720',332);
insert into location(id,latitude,longitude,city) values (333,35.158,129.063,'부산');
INSERT INTO room (id, title, description, price_per_day, room_type, bed, max_guest, bathroom, location) VALUES (333,'☀️Jay 하우스 서면2동☀️🎥감성 영화관 Netflix 🛏매일새이불 🚉서면역 1분거리','Busanjin-gu의 레지던스 전체',100000,'집 전체',1,2,1,333);
INSERT INTO image (type, url, room) VALUES ('thumb','https://a0.muscache.com/im/pictures/miso/Hosting-49596025/original/9a3c2b95-b9f8-4687-9c7d-e0344061bc87.jpeg?im_w=720',333);
INSERT INTO image (type, url, room) VALUES ('detail','https://a0.muscache.com/im/pictures/d58136ae-a523-4899-8098-28dd0a9a5b3e.jpg?im_w=720',333);
INSERT INTO image (type, url, room) VALUES ('detail','https://a0.muscache.com/im/pictures/3f394707-5492-40c4-8125-54e194e2a9ed.jpg?im_w=720',333);
INSERT INTO image (type, url, room) VALUES ('detail','https://a0.muscache.com/im/pictures/5cdd4486-8cd3-4c88-8b68-12e9852bc7f4.jpg?im_w=720',333);
INSERT INTO image (type, url, room) VALUES ('detail','https://a0.muscache.com/im/pictures/b58af5df-3bfb-49c3-a1e1-5dd9d423aadb.jpg?im_w=720',333);
INSERT INTO image (type, url, room) VALUES ('detail','https://a0.muscache.com/im/pictures/c57bbace-0919-4f41-a2d5-aa28dbc5d09a.jpg?im_w=720',333);
INSERT INTO image (type, url, room) VALUES ('detail','https://a0.muscache.com/im/pictures/e63cefc5-ccbd-4630-a7a3-479d0dc30213.jpg?im_w=720',333);
INSERT INTO image (type, url, room) VALUES ('detail','https://a0.muscache.com/im/pictures/44742b20-6fb0-4647-931c-33cbf2621719.jpg?im_w=720',333);
INSERT INTO image (type, url, room) VALUES ('detail','https://a0.muscache.com/im/pictures/676520cb-3e5b-4e60-b467-190bd6099bda.jpg?im_w=720',333);
INSERT INTO image (type, url, room) VALUES ('detail','https://a0.muscache.com/im/pictures/3c4040c9-7bc1-44d5-b6c3-ba79404ff159.jpg?im_w=720',333);
INSERT INTO image (type, url, room) VALUES ('detail','https://a0.muscache.com/im/pictures/e3a7de4b-8f9d-4445-ab7d-e7c4dfea350d.jpg?im_w=720',333);
INSERT INTO image (type, url, room) VALUES ('detail','https://a0.muscache.com/im/pictures/70b7912b-c9ba-4459-ac30-fe260e8115ee.jpg?im_w=720',333);
INSERT INTO image (type, url, room) VALUES ('detail','https://a0.muscache.com/im/pictures/141384a2-ee42-4382-849e-f08298c7f3e0.jpg?im_w=720',333);
INSERT INTO image (type, url, room) VALUES ('detail','https://a0.muscache.com/im/pictures/d279a997-0388-4790-904b-8fb0315fc589.jpg?im_w=720',333);
INSERT INTO image (type, url, room) VALUES ('detail','https://a0.muscache.com/im/pictures/022cec4e-2c5a-4bb5-8412-1fe49dd97a48.jpg?im_w=720',333);
INSERT INTO image (type, url, room) VALUES ('detail','https://a0.muscache.com/im/pictures/c1c1125e-d08e-4af2-be0c-be75481991d1.jpg?im_w=720',333);
INSERT INTO image (type, url, room) VALUES ('detail','https://a0.muscache.com/im/pictures/cb52ceeb-5237-4bf3-a072-9d93ea8fe542.jpg?im_w=720',333);
INSERT INTO image (type, url, room) VALUES ('detail','https://a0.muscache.com/im/pictures/1726b5f0-d87f-4341-8c2d-2d231f7a56a5.jpg?im_w=720',333);
INSERT INTO image (type, url, room) VALUES ('detail','https://a0.muscache.com/im/pictures/be568c63-1b9c-4581-9f76-08de9fbd9df0.jpg?im_w=720',333);
INSERT INTO image (type, url, room) VALUES ('detail','https://a0.muscache.com/im/pictures/ece3f489-2eed-4687-a2b8-42ad86fafcd5.jpg?im_w=720',333);
INSERT INTO image (type, url, room) VALUES ('detail','https://a0.muscache.com/im/pictures/75e584c3-c786-4a13-a2c4-c59a4c951e48.jpg?im_w=720',333);
INSERT INTO image (type, url, room) VALUES ('detail','https://a0.muscache.com/im/pictures/7dca62bf-78fd-4f68-bf20-e3067bf44feb.jpg?im_w=720',333);
INSERT INTO image (type, url, room) VALUES ('detail','https://a0.muscache.com/im/pictures/45a86581-ff7f-431b-9af6-f6b0b2c1fc53.jpg?im_w=720',333);
INSERT INTO image (type, url, room) VALUES ('detail','https://a0.muscache.com/im/pictures/f3a843a2-5f55-441e-902b-40b18950b949.jpg?im_w=720',333);
INSERT INTO image (type, url, room) VALUES ('detail','https://a0.muscache.com/im/pictures/c4e2322b-ad3b-44ac-984f-d08cf5de90bc.jpg?im_w=720',333);
INSERT INTO image (type, url, room) VALUES ('detail','https://a0.muscache.com/im/pictures/aae1289a-8628-4341-8060-35e1b6451659.jpg?im_w=720',333);
INSERT INTO image (type, url, room) VALUES ('detail','https://a0.muscache.com/im/pictures/407e1dd5-7238-401a-a2f5-a4b6a1e80299.jpg?im_w=720',333);
INSERT INTO image (type, url, room) VALUES ('detail','https://a0.muscache.com/im/pictures/953f4a12-cd8d-4d0e-ab21-c85bbbf033c0.jpg?im_w=720',333);
insert into location(id,latitude,longitude,city) values (334,35.15,129.115,'부산');
INSERT INTO room (id, title, description, price_per_day, room_type, bed, max_guest, bathroom, location) VALUES (334,'*[OPEN SALE] #개별테라스 #미췬감성 #오픈특가 #광안리1초 #바닷가바로앞 "','Gwangan 2(i)-dong, Suyeong-gu의 레지던스 전체',100000,'집 전체',1,4,1,334);
INSERT INTO image (type, url, room) VALUES ('thumb','https://a0.muscache.com/im/pictures/a68b0e3d-efdc-4757-b3af-a28042688a50.jpg?im_w=720',334);
INSERT INTO image (type, url, room) VALUES ('detail','https://a0.muscache.com/im/pictures/838d0fc2-84f7-4cec-8782-e5e51ef12089.jpg?im_w=720',334);
INSERT INTO image (type, url, room) VALUES ('detail','https://a0.muscache.com/im/pictures/887c4a8a-868e-4016-a554-9dbd5f2111e9.jpg?im_w=720',334);
INSERT INTO image (type, url, room) VALUES ('detail','https://a0.muscache.com/im/pictures/194758c9-fb80-44a3-9cbb-e688c9d65b53.jpg?im_w=720',334);
INSERT INTO image (type, url, room) VALUES ('detail','https://a0.muscache.com/im/pictures/8f377d8c-f2b8-43c2-b565-1481bb44eff2.jpg?im_w=720',334);
INSERT INTO image (type, url, room) VALUES ('detail','https://a0.muscache.com/im/pictures/d83aac2a-d820-4e6e-bd0e-d128f4ff9c79.jpg?im_w=720',334);
INSERT INTO image (type, url, room) VALUES ('detail','https://a0.muscache.com/im/pictures/8d497233-3522-4765-8aac-b976bd71275f.jpg?im_w=720',334);
INSERT INTO image (type, url, room) VALUES ('detail','https://a0.muscache.com/im/pictures/f8d70380-92f4-475d-ae67-2517ce8ab444.jpg?im_w=720',334);
INSERT INTO image (type, url, room) VALUES ('detail','https://a0.muscache.com/im/pictures/8dacd190-7aae-4ffd-ad74-e587a9aecacf.jpg?im_w=720',334);
INSERT INTO image (type, url, room) VALUES ('detail','https://a0.muscache.com/im/pictures/ec120330-6304-42aa-b56e-54e3b19703fb.jpg?im_w=720',334);
INSERT INTO image (type, url, room) VALUES ('detail','https://a0.muscache.com/im/pictures/71568799-5668-41b7-884d-d1cdd89a42ff.jpg?im_w=720',334);
INSERT INTO image (type, url, room) VALUES ('detail','https://a0.muscache.com/im/pictures/78cebae9-95a7-4ef8-b7b4-ba65fb54b4c7.jpg?im_w=720',334);
INSERT INTO image (type, url, room) VALUES ('detail','https://a0.muscache.com/im/pictures/f8c2f249-d986-4337-9831-361bacd09d1a.jpg?im_w=720',334);
INSERT INTO image (type, url, room) VALUES ('detail','https://a0.muscache.com/im/pictures/644b032f-2fc5-473f-9fe9-fae42befcec2.jpg?im_w=720',334);
INSERT INTO image (type, url, room) VALUES ('detail','https://a0.muscache.com/im/pictures/aa61cbd6-cdc6-4902-8368-b7c1ebf86648.jpg?im_w=720',334);
INSERT INTO image (type, url, room) VALUES ('detail','https://a0.muscache.com/im/pictures/4a9a21c0-fb4d-4944-ba0a-eafc6e2c8287.jpg?im_w=720',334);
INSERT INTO image (type, url, room) VALUES ('detail','https://a0.muscache.com/im/pictures/dd7ff954-a744-4de6-9198-114e0aa94b3c.jpg?im_w=720',334);
INSERT INTO image (type, url, room) VALUES ('detail','https://a0.muscache.com/im/pictures/d54b1433-0a99-47d0-b22a-5656c8b41b89.jpg?im_w=720',334);
INSERT INTO image (type, url, room) VALUES ('detail','https://a0.muscache.com/im/pictures/de6536e2-1cf9-427e-aee7-4283b925cba4.jpg?im_w=720',334);
INSERT INTO image (type, url, room) VALUES ('detail','https://a0.muscache.com/im/pictures/71f43a06-25a0-4e39-8078-1a49cb202e39.jpg?im_w=720',334);
INSERT INTO image (type, url, room) VALUES ('detail','https://a0.muscache.com/im/pictures/e90454ac-6e2b-4a8e-b20e-f8c21247b2af.jpg?im_w=720',334);
INSERT INTO image (type, url, room) VALUES ('detail','https://a0.muscache.com/im/pictures/438c97eb-c7ab-4ff0-9053-871cf1f6daa0.jpg?im_w=720',334);
INSERT INTO image (type, url, room) VALUES ('detail','https://a0.muscache.com/im/pictures/0f1e5db5-6d7d-4b2d-a368-d09e86a6dd4b.jpg?im_w=720',334);
INSERT INTO image (type, url, room) VALUES ('detail','https://a0.muscache.com/im/pictures/58af4d0a-4436-4502-90c4-5a8c4728f195.jpg?im_w=720',334);
INSERT INTO image (type, url, room) VALUES ('detail','https://a0.muscache.com/im/pictures/dd4bb20f-930a-4765-aec9-77cbdb9cbeed.jpg?im_w=720',334);
INSERT INTO image (type, url, room) VALUES ('detail','https://a0.muscache.com/im/pictures/8f75270d-bfd6-4863-9c6f-81e62f2f67e6.jpg?im_w=720',334);
INSERT INTO image (type, url, room) VALUES ('detail','https://a0.muscache.com/im/pictures/e7413dce-845d-477c-bfce-5ab3d2f51bad.jpg?im_w=720',334);
INSERT INTO image (type, url, room) VALUES ('detail','https://a0.muscache.com/im/pictures/7088737f-6111-44c2-a959-777e6feb57cb.jpg?im_w=720',334);
INSERT INTO image (type, url, room) VALUES ('detail','https://a0.muscache.com/im/pictures/29506968-5a14-4fb7-b3f9-a4957639b7d6.jpg?im_w=720',334);
INSERT INTO image (type, url, room) VALUES ('detail','https://a0.muscache.com/im/pictures/2cf3b151-cd00-4471-942a-44bd9733e8cb.jpg?im_w=720',334);
insert into location(id,latitude,longitude,city) values (335,35.154,129.121,'부산');
INSERT INTO room (id, title, description, price_per_day, room_type, bed, max_guest, bathroom, location) VALUES (335,'#우디#오픈특가10%#광안리#광안대교뷰#오션뷰#빔프로젝#넷플#유튜브#80수호텔침구#매일방역','수영구의 레지던스 전체',99000,'집 전체',1,2,1,335);
INSERT INTO image (type, url, room) VALUES ('thumb','https://a0.muscache.com/im/pictures/842643eb-bc60-4c82-9305-a0d3b091f0b5.jpg?im_w=720',335);
INSERT INTO image (type, url, room) VALUES ('detail','https://a0.muscache.com/im/pictures/ed49860d-eb24-40f6-942b-25a3d7cb318f.jpg?im_w=720',335);
INSERT INTO image (type, url, room) VALUES ('detail','https://a0.muscache.com/im/pictures/0f838bb8-eb03-4e9e-a01f-7df876256fd1.jpg?im_w=720',335);
INSERT INTO image (type, url, room) VALUES ('detail','https://a0.muscache.com/im/pictures/881df2f3-6c41-4d46-acea-97222f0ebe8d.jpg?im_w=720',335);
INSERT INTO image (type, url, room) VALUES ('detail','https://a0.muscache.com/im/pictures/4787882d-a9c9-4538-a763-715d2f6c655b.jpg?im_w=720',335);
INSERT INTO image (type, url, room) VALUES ('detail','https://a0.muscache.com/im/pictures/02167607-4845-4ca8-b3c7-e5ca8a54b3e7.jpg?im_w=720',335);
INSERT INTO image (type, url, room) VALUES ('detail','https://a0.muscache.com/im/pictures/c96c61d1-b845-44ce-be84-b0818bdb0a88.jpg?im_w=720',335);
INSERT INTO image (type, url, room) VALUES ('detail','https://a0.muscache.com/im/pictures/584d2fcc-e141-4978-a208-ae0c173896b0.jpg?im_w=720',335);
INSERT INTO image (type, url, room) VALUES ('detail','https://a0.muscache.com/im/pictures/266490fa-a679-4f26-9806-74abdb015fd3.jpg?im_w=720',335);
INSERT INTO image (type, url, room) VALUES ('detail','https://a0.muscache.com/im/pictures/56ad415a-acfc-476f-ba75-00dd791c4d30.jpg?im_w=720',335);
INSERT INTO image (type, url, room) VALUES ('detail','https://a0.muscache.com/im/pictures/39a50164-23e5-4011-99fc-7d926b2b1822.jpg?im_w=720',335);
INSERT INTO image (type, url, room) VALUES ('detail','https://a0.muscache.com/im/pictures/dde34a0c-b9fb-47f8-9a18-3403155fc21a.jpg?im_w=720',335);
INSERT INTO image (type, url, room) VALUES ('detail','https://a0.muscache.com/im/pictures/9519cee9-e4d7-47f1-b1e8-76b1daf99fc3.jpg?im_w=720',335);
INSERT INTO image (type, url, room) VALUES ('detail','https://a0.muscache.com/im/pictures/d83efe35-de9b-4d3a-8e83-c385b87e711e.jpg?im_w=720',335);
INSERT INTO image (type, url, room) VALUES ('detail','https://a0.muscache.com/im/pictures/35a49c24-1fc2-4a5f-bbbb-46604605c2fd.jpg?im_w=720',335);
INSERT INTO image (type, url, room) VALUES ('detail','https://a0.muscache.com/im/pictures/82234cb2-9b13-4623-aa17-316b429e426a.jpg?im_w=720',335);
INSERT INTO image (type, url, room) VALUES ('detail','https://a0.muscache.com/im/pictures/08538e83-84a3-4cbc-ab08-b73f0ad53f26.jpg?im_w=720',335);
INSERT INTO image (type, url, room) VALUES ('detail','https://a0.muscache.com/im/pictures/9d1363cb-1cf4-4bf7-a329-a8839d3c8d2b.jpg?im_w=720',335);
INSERT INTO image (type, url, room) VALUES ('detail','https://a0.muscache.com/im/pictures/9d4ebb28-0555-4e04-8ded-08227ea3aeb3.jpg?im_w=720',335);
INSERT INTO image (type, url, room) VALUES ('detail','https://a0.muscache.com/im/pictures/0ebb104f-7123-41df-a856-bdd0cbac091a.jpg?im_w=720',335);
INSERT INTO image (type, url, room) VALUES ('detail','https://a0.muscache.com/im/pictures/db45c043-e53c-4e48-b138-4b8448229e05.jpg?im_w=720',335);
INSERT INTO image (type, url, room) VALUES ('detail','https://a0.muscache.com/im/pictures/a3eb68bc-0db9-4eab-a1bc-dd38e508e8cc.jpg?im_w=720',335);
INSERT INTO image (type, url, room) VALUES ('detail','https://a0.muscache.com/im/pictures/fc9a4252-8b67-46ed-8441-32c69c39fd44.jpg?im_w=720',335);
INSERT INTO image (type, url, room) VALUES ('detail','https://a0.muscache.com/im/pictures/a2a65a8c-8cc1-46ae-88fa-504680ec74b2.jpg?im_w=720',335);
INSERT INTO image (type, url, room) VALUES ('detail','https://a0.muscache.com/im/pictures/2cf8d0e9-01ef-44b6-8ff5-27fb0367f859.jpg?im_w=720',335);
INSERT INTO image (type, url, room) VALUES ('detail','https://a0.muscache.com/im/pictures/8592d779-6911-4875-8b45-d3d1ce0c5800.jpg?im_w=720',335);
INSERT INTO image (type, url, room) VALUES ('detail','https://a0.muscache.com/im/pictures/e36d98a1-8faa-4958-af69-405ab4f0ae5a.jpg?im_w=720',335);
INSERT INTO image (type, url, room) VALUES ('detail','https://a0.muscache.com/im/pictures/f585c536-40fb-464a-b873-c3dde72179ec.jpg?im_w=720',335);
INSERT INTO image (type, url, room) VALUES ('detail','https://a0.muscache.com/im/pictures/610b6d03-faa6-4945-aab0-6e069a584d6f.jpg?im_w=720',335);
INSERT INTO image (type, url, room) VALUES ('detail','https://a0.muscache.com/im/pictures/c2a767e8-14dc-4313-9421-7c91df970adf.jpg?im_w=720',335);
insert into location(id,latitude,longitude,city) values (336,35.238,129.084,'부산');
INSERT INTO room (id, title, description, price_per_day, room_type, bed, max_guest, bathroom, location) VALUES (336,'#5 PNY* This house is for you♡','Jangjeon-dong, Geumjeong-gu의 집 전체',95000,'집 전체',1,2,1,336);
INSERT INTO image (type, url, room) VALUES ('thumb','https://a0.muscache.com/im/pictures/a69a68c7-0543-4468-a2d9-84bf8ed465a5.jpg?im_w=720',336);
INSERT INTO image (type, url, room) VALUES ('detail','https://a0.muscache.com/im/pictures/bfe5037c-908b-422a-81f3-c14bc157fc68.jpg?im_w=720',336);
INSERT INTO image (type, url, room) VALUES ('detail','https://a0.muscache.com/im/pictures/764e3e4a-6647-4847-ad41-f02abb37bb67.jpg?im_w=720',336);
INSERT INTO image (type, url, room) VALUES ('detail','https://a0.muscache.com/im/pictures/997362ef-1277-4c13-a09c-5f1cd6e8d9c1.jpg?im_w=720',336);
INSERT INTO image (type, url, room) VALUES ('detail','https://a0.muscache.com/im/pictures/e07b61d0-ef63-4ea4-9025-9630e717eaf1.jpg?im_w=720',336);
INSERT INTO image (type, url, room) VALUES ('detail','https://a0.muscache.com/im/pictures/0dd56bf5-3e09-40d0-858b-44f60bff33da.jpg?im_w=720',336);
INSERT INTO image (type, url, room) VALUES ('detail','https://a0.muscache.com/im/pictures/81b51b9b-1c77-4497-a2a6-8ac953eff40d.jpg?im_w=720',336);
INSERT INTO image (type, url, room) VALUES ('detail','https://a0.muscache.com/im/pictures/3f32749f-64f3-4a68-b4ca-c8d31a514651.jpg?im_w=720',336);
INSERT INTO image (type, url, room) VALUES ('detail','https://a0.muscache.com/im/pictures/3d174c0a-b244-4757-aa69-4681dda163d5.jpg?im_w=720',336);
INSERT INTO image (type, url, room) VALUES ('detail','https://a0.muscache.com/im/pictures/d9bf95b8-a184-4a01-97f5-cd592e640bdc.jpg?im_w=720',336);
INSERT INTO image (type, url, room) VALUES ('detail','https://a0.muscache.com/im/pictures/442783dc-ec03-4e2c-a9f4-a29188c6b26e.jpg?im_w=720',336);
INSERT INTO image (type, url, room) VALUES ('detail','https://a0.muscache.com/im/pictures/7921d029-1c04-4d0e-9e1a-91ed224e2513.jpg?im_w=720',336);
INSERT INTO image (type, url, room) VALUES ('detail','https://a0.muscache.com/im/pictures/33780dc5-84cd-48e0-812c-86b721358bc6.jpg?im_w=720',336);
INSERT INTO image (type, url, room) VALUES ('detail','https://a0.muscache.com/im/pictures/8959807b-3d8e-416e-bf34-99d17f121969.jpg?im_w=720',336);
INSERT INTO image (type, url, room) VALUES ('detail','https://a0.muscache.com/im/pictures/fc0ba832-74cb-49a5-b25d-431fa49970ef.jpg?im_w=720',336);
INSERT INTO image (type, url, room) VALUES ('detail','https://a0.muscache.com/im/pictures/f9c3bc78-3bec-49a9-9095-e95cc63b844f.jpg?im_w=720',336);
INSERT INTO image (type, url, room) VALUES ('detail','https://a0.muscache.com/im/pictures/c6b09080-ef69-4a19-9b52-4ac0475b16a1.jpg?im_w=720',336);
insert into location(id,latitude,longitude,city) values (337,35.106,129.034,'부산');
INSERT INTO room (id, title, description, price_per_day, room_type, bed, max_guest, bathroom, location) VALUES (337,'(청소비X 주차불가) 감성옥탑방 Near Nampodong 주택건물 좁은계단있는숙소','Donggwangdong 5(o)-ga, Jung-gu의 집 전체',100000,'집 전체',1,2,1,337);
INSERT INTO image (type, url, room) VALUES ('thumb','https://a0.muscache.com/im/pictures/10ada1de-63b3-43ea-85b8-b473950e011d.jpg?im_w=720',337);
INSERT INTO image (type, url, room) VALUES ('detail','https://a0.muscache.com/im/pictures/74010c42-e2ad-4784-ae0f-f62fa4b39216.jpg?im_w=720',337);
INSERT INTO image (type, url, room) VALUES ('detail','https://a0.muscache.com/im/pictures/ed91f21e-c78a-4feb-ae76-e1808dc9b1a1.jpg?im_w=720',337);
INSERT INTO image (type, url, room) VALUES ('detail','https://a0.muscache.com/im/pictures/2c7883dd-dc6c-4e75-9274-4c1b269596f3.jpg?im_w=720',337);
INSERT INTO image (type, url, room) VALUES ('detail','https://a0.muscache.com/im/pictures/9657697c-b87e-4050-b358-385888d9b843.jpg?im_w=720',337);
INSERT INTO image (type, url, room) VALUES ('detail','https://a0.muscache.com/im/pictures/87ae81db-6c53-4561-b764-5997a599f223.jpg?im_w=720',337);
INSERT INTO image (type, url, room) VALUES ('detail','https://a0.muscache.com/im/pictures/899eb4b2-090f-43f5-af34-d01720963163.jpg?im_w=720',337);
INSERT INTO image (type, url, room) VALUES ('detail','https://a0.muscache.com/im/pictures/ff70bd2b-d1b4-43ea-9138-26dbca6fad7c.jpg?im_w=720',337);
INSERT INTO image (type, url, room) VALUES ('detail','https://a0.muscache.com/im/pictures/b0426534-249c-4f4b-893b-9ad28372aee8.jpg?im_w=720',337);
INSERT INTO image (type, url, room) VALUES ('detail','https://a0.muscache.com/im/pictures/19ad69cb-56f9-4268-93aa-ed30637d0eb5.jpg?im_w=720',337);
INSERT INTO image (type, url, room) VALUES ('detail','https://a0.muscache.com/im/pictures/28db2629-d691-4a0f-a6c0-6f0e7b617f6a.jpg?im_w=720',337);
INSERT INTO image (type, url, room) VALUES ('detail','https://a0.muscache.com/im/pictures/2997b071-d253-419b-91bb-802c0df2c4e5.jpg?im_w=720',337);
INSERT INTO image (type, url, room) VALUES ('detail','https://a0.muscache.com/im/pictures/200ae6af-5188-42a6-88a1-7bd31ce48faf.jpg?im_w=720',337);
INSERT INTO image (type, url, room) VALUES ('detail','https://a0.muscache.com/im/pictures/6ca5bf55-1bc4-4acd-b3a3-6790b42efd85.jpg?im_w=720',337);
INSERT INTO image (type, url, room) VALUES ('detail','https://a0.muscache.com/im/pictures/f38472dd-72b6-402e-b41a-f9569c1cecf1.jpg?im_w=720',337);
INSERT INTO image (type, url, room) VALUES ('detail','https://a0.muscache.com/im/pictures/cc06ceb2-62a5-4e90-b012-b7eb9c63800f.jpg?im_w=720',337);
INSERT INTO image (type, url, room) VALUES ('detail','https://a0.muscache.com/im/pictures/d4ffe449-ecdb-40e9-89ba-8cb14d17ecb6.jpg?im_w=720',337);
INSERT INTO image (type, url, room) VALUES ('detail','https://a0.muscache.com/im/pictures/18a2a13d-3d14-4a9d-a8b2-2986560a46f4.jpg?im_w=720',337);
INSERT INTO image (type, url, room) VALUES ('detail','https://a0.muscache.com/im/pictures/b6ea9618-6ae7-430a-9a50-e3d6520f2412.jpg?im_w=720',337);
INSERT INTO image (type, url, room) VALUES ('detail','https://a0.muscache.com/im/pictures/d238b181-849d-42f9-8b1b-04739a2f7b64.jpg?im_w=720',337);
INSERT INTO image (type, url, room) VALUES ('detail','https://a0.muscache.com/im/pictures/36dbb8e0-9cdd-4d41-bf86-285fa7519477.jpg?im_w=720',337);
insert into location(id,latitude,longitude,city) values (338,35.157,129.065,'부산');
INSERT INTO room (id, title, description, price_per_day, room_type, bed, max_guest, bathroom, location) VALUES (338,'2.🥳오픈할인행사!!
#지니하우스 2# 리뷰를 확인해주세요😊','Busanjin-gu의 아파트 전체',100000,'집 전체',1,2,1,338);
INSERT INTO image (type, url, room) VALUES ('thumb','https://a0.muscache.com/im/pictures/9d756e36-80a8-469a-adb1-3db65fbfe90c.jpg?im_w=720',338);
INSERT INTO image (type, url, room) VALUES ('detail','https://a0.muscache.com/im/pictures/6273617d-a42a-4c2f-ba97-e5a11fb6c2f5.jpg?im_w=720',338);
INSERT INTO image (type, url, room) VALUES ('detail','https://a0.muscache.com/im/pictures/19f05da0-e60c-4448-87c2-af0d95fcab5e.jpg?im_w=720',338);
INSERT INTO image (type, url, room) VALUES ('detail','https://a0.muscache.com/im/pictures/d97b3e6e-8a1f-44e9-8dcb-1872da9b0bc6.jpg?im_w=720',338);
INSERT INTO image (type, url, room) VALUES ('detail','https://a0.muscache.com/im/pictures/ccb4f92d-dc1e-456f-af04-fd2097fc9dde.jpg?im_w=720',338);
INSERT INTO image (type, url, room) VALUES ('detail','https://a0.muscache.com/im/pictures/9781ef9d-df35-4e0e-9a1a-c81290ed7da6.jpg?im_w=720',338);
INSERT INTO image (type, url, room) VALUES ('detail','https://a0.muscache.com/im/pictures/1a8fdf9a-8806-4844-b754-f1e15d1fb769.jpg?im_w=720',338);
INSERT INTO image (type, url, room) VALUES ('detail','https://a0.muscache.com/im/pictures/856a7e11-6ade-4902-99bf-ba812b099875.jpg?im_w=720',338);
INSERT INTO image (type, url, room) VALUES ('detail','https://a0.muscache.com/im/pictures/b2d60622-3c9f-444b-b126-fcc67a39a194.jpg?im_w=720',338);
INSERT INTO image (type, url, room) VALUES ('detail','https://a0.muscache.com/im/pictures/b8fd89a8-7e1f-429e-81d2-ddbd5f90a88c.jpg?im_w=720',338);
INSERT INTO image (type, url, room) VALUES ('detail','https://a0.muscache.com/im/pictures/7e369756-931f-4920-b27d-b8367581ac0e.jpg?im_w=720',338);
INSERT INTO image (type, url, room) VALUES ('detail','https://a0.muscache.com/im/pictures/8a4c3412-0edf-4e3d-be9a-673f5cf7b0b8.jpg?im_w=720',338);
INSERT INTO image (type, url, room) VALUES ('detail','https://a0.muscache.com/im/pictures/f164540e-0917-489b-9a94-b8dd32b60500.jpg?im_w=720',338);
INSERT INTO image (type, url, room) VALUES ('detail','https://a0.muscache.com/im/pictures/2876d131-a709-4563-a268-a69910b5dda8.jpg?im_w=720',338);
INSERT INTO image (type, url, room) VALUES ('detail','https://a0.muscache.com/im/pictures/2f6125ee-cdda-4651-89c3-0576dad253dd.jpg?im_w=720',338);
INSERT INTO image (type, url, room) VALUES ('detail','https://a0.muscache.com/im/pictures/c1c943b8-a205-4f25-85d6-59e29fd43be9.jpg?im_w=720',338);
INSERT INTO image (type, url, room) VALUES ('detail','https://a0.muscache.com/im/pictures/2213aab9-dba4-4e43-a8f8-cd30e76c0dc7.jpg?im_w=720',338);
INSERT INTO image (type, url, room) VALUES ('detail','https://a0.muscache.com/im/pictures/27aeaf3a-1836-49d6-9b73-6d4ac1841874.jpg?im_w=720',338);
INSERT INTO image (type, url, room) VALUES ('detail','https://a0.muscache.com/im/pictures/c636918a-60e4-4fc2-a26b-dfc7f49fc311.jpg?im_w=720',338);
INSERT INTO image (type, url, room) VALUES ('detail','https://a0.muscache.com/im/pictures/d1871993-cba6-4f76-bcde-bb7ff14f4461.jpg?im_w=720',338);
INSERT INTO image (type, url, room) VALUES ('detail','https://a0.muscache.com/im/pictures/e42cc133-1f11-49a2-8665-522c14b26790.jpg?im_w=720',338);
INSERT INTO image (type, url, room) VALUES ('detail','https://a0.muscache.com/im/pictures/c310d29b-5288-4d6d-a799-d25f504204c1.jpg?im_w=720',338);
INSERT INTO image (type, url, room) VALUES ('detail','https://a0.muscache.com/im/pictures/2c90b025-5968-42f9-84d8-92cc5080cc13.jpg?im_w=720',338);
INSERT INTO image (type, url, room) VALUES ('detail','https://a0.muscache.com/im/pictures/45dce8bc-101a-415a-999e-16660c9e9be6.jpg?im_w=720',338);
INSERT INTO image (type, url, room) VALUES ('detail','https://a0.muscache.com/im/pictures/8fb3cfed-a138-43bb-a73c-391b92b0af93.jpg?im_w=720',338);
INSERT INTO image (type, url, room) VALUES ('detail','https://a0.muscache.com/im/pictures/a1223c94-2c3f-4494-84c3-adca7fd67950.jpg?im_w=720',338);
insert into location(id,latitude,longitude,city) values (339,35.156,129.145,'부산');
INSERT INTO room (id, title, description, price_per_day, room_type, bed, max_guest, bathroom, location) VALUES (339,'Haeundae 일출이 보이는집~! Couple, Familly, Friend 여행*','U 1(il)-dong, Haeundae-gu의 아파트 전체',90000,'집 전체',2,3,1,339);
INSERT INTO image (type, url, room) VALUES ('thumb','https://a0.muscache.com/im/pictures/4b363ce5-a735-4a35-924f-71e4c98ad973.jpg?im_w=720',339);
INSERT INTO image (type, url, room) VALUES ('detail','https://a0.muscache.com/im/pictures/c13bfc54-050e-4613-bb64-55c99efdbfc2.jpg?im_w=720',339);
INSERT INTO image (type, url, room) VALUES ('detail','https://a0.muscache.com/im/pictures/c7cc22f6-d1ae-4d1e-871e-a62c3d4f741c.jpg?im_w=720',339);
INSERT INTO image (type, url, room) VALUES ('detail','https://a0.muscache.com/im/pictures/b3b7f4c3-03e4-41d0-86fd-25245555abad.jpg?im_w=720',339);
INSERT INTO image (type, url, room) VALUES ('detail','https://a0.muscache.com/im/pictures/c9766eaa-8f64-418a-ae62-efd2d25ab9cc.jpg?im_w=720',339);
INSERT INTO image (type, url, room) VALUES ('detail','https://a0.muscache.com/im/pictures/9cdf661b-91ab-4c5e-99b3-75900bd14d06.jpg?im_w=720',339);
INSERT INTO image (type, url, room) VALUES ('detail','https://a0.muscache.com/im/pictures/15c1260f-6c88-46f9-a8a3-438e9f5e008d.jpg?im_w=720',339);
INSERT INTO image (type, url, room) VALUES ('detail','https://a0.muscache.com/im/pictures/2568b69c-5474-4611-bfca-c6497447d417.jpg?im_w=720',339);
INSERT INTO image (type, url, room) VALUES ('detail','https://a0.muscache.com/im/pictures/11734729-39e2-4426-83ed-d457401d5d3b.jpg?im_w=720',339);
INSERT INTO image (type, url, room) VALUES ('detail','https://a0.muscache.com/im/pictures/488c7dc1-3b1e-4795-9cf6-ea1ba69a275c.jpg?im_w=720',339);
INSERT INTO image (type, url, room) VALUES ('detail','https://a0.muscache.com/im/pictures/6707c615-50a5-4568-a869-deccfe1d9ede.jpg?im_w=720',339);
INSERT INTO image (type, url, room) VALUES ('detail','https://a0.muscache.com/im/pictures/b337d57d-216e-406f-a539-c26700336371.jpg?im_w=720',339);
INSERT INTO image (type, url, room) VALUES ('detail','https://a0.muscache.com/im/pictures/46f95822-079c-4fce-8933-91c74b6e7a57.jpg?im_w=720',339);
INSERT INTO image (type, url, room) VALUES ('detail','https://a0.muscache.com/im/pictures/3b96592c-26d3-4692-98a3-b610c04a1439.jpg?im_w=720',339);
INSERT INTO image (type, url, room) VALUES ('detail','https://a0.muscache.com/im/pictures/30cdb9d6-9e1a-4900-8239-a1aa3e4b8bb8.jpg?im_w=720',339);
INSERT INTO image (type, url, room) VALUES ('detail','https://a0.muscache.com/im/pictures/d13ddcac-3432-4cb6-a562-5de2216bfe9f.jpg?im_w=720',339);
INSERT INTO image (type, url, room) VALUES ('detail','https://a0.muscache.com/im/pictures/13b2c200-0f51-4d77-b65d-5bfb05b566b3.jpg?im_w=720',339);
INSERT INTO image (type, url, room) VALUES ('detail','https://a0.muscache.com/im/pictures/cecaebdc-5112-4b50-9c96-2c4e619b609a.jpg?im_w=720',339);
INSERT INTO image (type, url, room) VALUES ('detail','https://a0.muscache.com/im/pictures/f0c8a3d7-9e65-40cd-a6fe-0ea85bf726e2.jpg?im_w=720',339);
INSERT INTO image (type, url, room) VALUES ('detail','https://a0.muscache.com/im/pictures/09cad85d-ae11-4b2e-9d60-e0a9c1e217cd.jpg?im_w=720',339);
INSERT INTO image (type, url, room) VALUES ('detail','https://a0.muscache.com/im/pictures/ed08d82f-8009-427c-875e-536f61c7b98d.jpg?im_w=720',339);
INSERT INTO image (type, url, room) VALUES ('detail','https://a0.muscache.com/im/pictures/87ea0fbf-745e-4c94-b085-94bb469ffa68.jpg?im_w=720',339);
insert into location(id,latitude,longitude,city) values (340,35.193,129.092,'부산');
INSERT INTO room (id, title, description, price_per_day, room_type, bed, max_guest, bathroom, location) VALUES (340,'온천천 바로 인근에 있는 집 102호','연제구의 집 전체',100000,'집 전체',1,1,1,340);
INSERT INTO image (type, url, room) VALUES ('thumb','https://a0.muscache.com/im/pictures/3b03008a-9673-427e-9c2b-9ce9c298760c.jpg?im_w=720',340);
INSERT INTO image (type, url, room) VALUES ('detail','https://a0.muscache.com/im/pictures/416ee261-04b3-49af-aff1-a8aadc1dd042.jpg?im_w=720',340);
INSERT INTO image (type, url, room) VALUES ('detail','https://a0.muscache.com/im/pictures/ec7c305a-9560-443c-a559-c73e381c5bd5.jpg?im_w=720',340);
INSERT INTO image (type, url, room) VALUES ('detail','https://a0.muscache.com/im/pictures/40838963-bddc-48e6-94ab-18cd84c71136.jpg?im_w=720',340);
INSERT INTO image (type, url, room) VALUES ('detail','https://a0.muscache.com/im/pictures/a86c5865-24d3-4a43-a6d9-f50204b36039.jpg?im_w=720',340);
INSERT INTO image (type, url, room) VALUES ('detail','https://a0.muscache.com/im/pictures/ee781f79-13e6-45c3-a49c-1c029d16466f.jpg?im_w=720',340);
INSERT INTO image (type, url, room) VALUES ('detail','https://a0.muscache.com/im/pictures/697848af-cd53-41fb-8c75-2456c34dfc6a.jpg?im_w=720',340);
INSERT INTO image (type, url, room) VALUES ('detail','https://a0.muscache.com/im/pictures/72c11af8-4f42-49b4-90ab-295ae186f006.jpg?im_w=720',340);
INSERT INTO image (type, url, room) VALUES ('detail','https://a0.muscache.com/im/pictures/7799b6a9-7c68-4a8a-bff5-b60f59e3078b.jpg?im_w=720',340);
INSERT INTO image (type, url, room) VALUES ('detail','https://a0.muscache.com/im/pictures/33510ef0-5289-4353-b19b-f7cffafc5547.jpg?im_w=720',340);
INSERT INTO image (type, url, room) VALUES ('detail','https://a0.muscache.com/im/pictures/9cd3551d-e11c-45e4-8ff4-b0026c6eb389.jpg?im_w=720',340);
insert into location(id,latitude,longitude,city) values (341,35.19,129.082,'부산');
INSERT INTO room (id, title, description, price_per_day, room_type, bed, max_guest, bathroom, location) VALUES (341,'[Delight Three] 9min from Subway/Parking available','Yeonsan 4(sa)-dong, Yeonje-gu의 아파트 전체',90000,'집 전체',2,2,1,341);
INSERT INTO image (type, url, room) VALUES ('thumb','https://a0.muscache.com/im/pictures/107269db-9030-4371-a350-1497a7dc959d.jpg?im_w=720',341);
INSERT INTO image (type, url, room) VALUES ('detail','https://a0.muscache.com/im/pictures/b23e41e7-5a7b-4bc0-ab3b-87ddb46dcc3e.jpg?im_w=720',341);
INSERT INTO image (type, url, room) VALUES ('detail','https://a0.muscache.com/im/pictures/5a87c8c7-0f28-49a0-b9bb-90a5da1bc77c.jpg?im_w=720',341);
INSERT INTO image (type, url, room) VALUES ('detail','https://a0.muscache.com/im/pictures/6ee5aa7c-1069-477c-abef-5cdbcbb367df.jpg?im_w=720',341);
INSERT INTO image (type, url, room) VALUES ('detail','https://a0.muscache.com/im/pictures/e0195e7f-f20b-4eab-b5ab-1eaccbe734f6.jpg?im_w=720',341);
INSERT INTO image (type, url, room) VALUES ('detail','https://a0.muscache.com/im/pictures/c1203f5c-e437-490d-afa8-44d5e8c39b25.jpg?im_w=720',341);
INSERT INTO image (type, url, room) VALUES ('detail','https://a0.muscache.com/im/pictures/9da3f854-e1e0-4d2b-88e2-190a6ba5bf2b.jpg?im_w=720',341);
INSERT INTO image (type, url, room) VALUES ('detail','https://a0.muscache.com/im/pictures/c29a0ec6-65c1-49de-b5f6-cae6c5d4eff9.jpg?im_w=720',341);
INSERT INTO image (type, url, room) VALUES ('detail','https://a0.muscache.com/im/pictures/475864e9-a9f5-40bb-b96c-b2d8509c5a80.jpg?im_w=720',341);
INSERT INTO image (type, url, room) VALUES ('detail','https://a0.muscache.com/im/pictures/2e15183d-0cd8-4171-9e20-51cdf22eb8b4.jpg?im_w=720',341);
INSERT INTO image (type, url, room) VALUES ('detail','https://a0.muscache.com/im/pictures/477da612-3854-4149-bb4a-e93a50de933a.jpg?im_w=720',341);
INSERT INTO image (type, url, room) VALUES ('detail','https://a0.muscache.com/im/pictures/ddf0d89b-3187-401e-b7d8-a3d2fcfd5f3b.jpg?im_w=720',341);
INSERT INTO image (type, url, room) VALUES ('detail','https://a0.muscache.com/im/pictures/b2a8b5aa-cba3-406a-a3fc-f3f5619a0d52.jpg?im_w=720',341);
INSERT INTO image (type, url, room) VALUES ('detail','https://a0.muscache.com/im/pictures/e81b176c-8d00-482d-b3cb-c58ce61737b6.jpg?im_w=720',341);
INSERT INTO image (type, url, room) VALUES ('detail','https://a0.muscache.com/im/pictures/1ab9bce1-ab4c-42e8-b64a-c727837c2f8d.jpg?im_w=720',341);
INSERT INTO image (type, url, room) VALUES ('detail','https://a0.muscache.com/im/pictures/0994ee85-4c37-4fa7-a6cd-71beaaf8ebbc.jpg?im_w=720',341);
INSERT INTO image (type, url, room) VALUES ('detail','https://a0.muscache.com/im/pictures/286feee5-274f-4093-9d54-35b46b864593.jpg?im_w=720',341);
INSERT INTO image (type, url, room) VALUES ('detail','https://a0.muscache.com/im/pictures/95b51a4f-3b72-4c6b-9cd1-694888bb582e.jpg?im_w=720',341);
INSERT INTO image (type, url, room) VALUES ('detail','https://a0.muscache.com/im/pictures/867ba57b-08c8-4a14-9613-fd80339e7343.jpg?im_w=720',341);
INSERT INTO image (type, url, room) VALUES ('detail','https://a0.muscache.com/im/pictures/8d10d093-7539-407c-8bec-da70e7ed4d70.jpg?im_w=720',341);
INSERT INTO image (type, url, room) VALUES ('detail','https://a0.muscache.com/im/pictures/d565ed2b-d24c-413d-a199-bdc5d1827c80.jpg?im_w=720',341);
INSERT INTO image (type, url, room) VALUES ('detail','https://a0.muscache.com/im/pictures/e1c2306b-d0a6-4fc6-a13d-3b4d8cfe2039.jpg?im_w=720',341);
insert into location(id,latitude,longitude,city) values (342,35.12,129.043,'부산');
INSERT INTO room (id, title, description, price_per_day, room_type, bed, max_guest, bathroom, location) VALUES (342,'Eddys Cozy & Neat House :] #1','Choryang-dong, Dong-gu의 아파트 전체',90000,'집 전체',1,2,1,342);
INSERT INTO image (type, url, room) VALUES ('thumb','https://a0.muscache.com/im/pictures/5f00fee0-90ac-4d7f-9330-88313c1695b8.jpg?im_w=720',342);
INSERT INTO image (type, url, room) VALUES ('detail','https://a0.muscache.com/im/pictures/f624f92f-53d5-4e35-8b05-8df4a9c151c3.jpg?im_w=720',342);
INSERT INTO image (type, url, room) VALUES ('detail','https://a0.muscache.com/im/pictures/1df55a33-9d0d-4488-b9f8-7bb518b92541.jpg?im_w=720',342);
INSERT INTO image (type, url, room) VALUES ('detail','https://a0.muscache.com/im/pictures/4fece6ac-1633-4eab-b945-b02ab53c3917.jpg?im_w=720',342);
INSERT INTO image (type, url, room) VALUES ('detail','https://a0.muscache.com/im/pictures/8a11c4bf-c1b8-4a33-8c69-fff1d61961c1.jpg?im_w=720',342);
INSERT INTO image (type, url, room) VALUES ('detail','https://a0.muscache.com/im/pictures/9d8aaa9d-7e29-443c-a77e-00c6745f815b.jpg?im_w=720',342);
INSERT INTO image (type, url, room) VALUES ('detail','https://a0.muscache.com/im/pictures/4b3d1167-e006-4141-bed7-0d38c84597c6.jpg?im_w=720',342);
INSERT INTO image (type, url, room) VALUES ('detail','https://a0.muscache.com/im/pictures/99c8e1dc-5c83-46fc-9b46-585e9d226d3c.jpg?im_w=720',342);
INSERT INTO image (type, url, room) VALUES ('detail','https://a0.muscache.com/im/pictures/406f990a-7b0c-4f83-a0d0-241e4161fdac.jpg?im_w=720',342);
INSERT INTO image (type, url, room) VALUES ('detail','https://a0.muscache.com/im/pictures/041e050a-2867-490d-b529-3082e2093c14.jpg?im_w=720',342);
INSERT INTO image (type, url, room) VALUES ('detail','https://a0.muscache.com/im/pictures/ce1f12b3-ca66-455c-91aa-2aa6c43a9b01.jpg?im_w=720',342);
INSERT INTO image (type, url, room) VALUES ('detail','https://a0.muscache.com/im/pictures/b9a8457f-2a92-4512-ba2c-2a697753ccc2.jpg?im_w=720',342);
INSERT INTO image (type, url, room) VALUES ('detail','https://a0.muscache.com/im/pictures/23c46203-ff9d-40e7-87c0-67389fb499d8.jpg?im_w=720',342);
INSERT INTO image (type, url, room) VALUES ('detail','https://a0.muscache.com/im/pictures/8621d6b6-25fc-49fb-96bd-02b4d204a239.jpg?im_w=720',342);
INSERT INTO image (type, url, room) VALUES ('detail','https://a0.muscache.com/im/pictures/14412d3b-d045-4a30-abdc-90133041df1b.jpg?im_w=720',342);
INSERT INTO image (type, url, room) VALUES ('detail','https://a0.muscache.com/im/pictures/9fc8f570-de8a-4849-bb5e-69715d7b76bb.jpg?im_w=720',342);
INSERT INTO image (type, url, room) VALUES ('detail','https://a0.muscache.com/im/pictures/624863df-d400-4921-a341-caf4a72d27ca.jpg?im_w=720',342);
INSERT INTO image (type, url, room) VALUES ('detail','https://a0.muscache.com/im/pictures/c1f2f3d3-5bfa-4665-b006-0a6bc86c0d14.jpg?im_w=720',342);
INSERT INTO image (type, url, room) VALUES ('detail','https://a0.muscache.com/im/pictures/95b06e17-deb2-40d3-ae47-d2d83289ddb2.jpg?im_w=720',342);
insert into location(id,latitude,longitude,city) values (343,35.158,129.062,'부산');
INSERT INTO room (id, title, description, price_per_day, room_type, bed, max_guest, bathroom, location) VALUES (343,'★1시 무료 레이트체크아웃 제공★ 어메니티 무료제공','Bujeon-dong, Busanjin-gu의 레지던스 전체',90000,'집 전체',1,1,1,343);
INSERT INTO image (type, url, room) VALUES ('thumb','https://a0.muscache.com/im/pictures/miso/Hosting-46646638/original/b819fcc8-f4fb-4d37-93da-69b733b481aa.jpeg?im_w=720',343);
INSERT INTO image (type, url, room) VALUES ('detail','https://a0.muscache.com/im/pictures/miso/Hosting-46646638/original/8d674382-d0ca-49f9-94da-1203172472bf.jpeg?im_w=720',343);
INSERT INTO image (type, url, room) VALUES ('detail','https://a0.muscache.com/im/pictures/miso/Hosting-46646638/original/43183917-4a65-457c-8574-bd0d2df9dce6.jpeg?im_w=720',343);
INSERT INTO image (type, url, room) VALUES ('detail','https://a0.muscache.com/im/pictures/miso/Hosting-46646638/original/6714242e-51ad-4bde-9832-6eb58588ca13.jpeg?im_w=720',343);
INSERT INTO image (type, url, room) VALUES ('detail','https://a0.muscache.com/im/pictures/miso/Hosting-46646638/original/90f2d395-c117-4a1c-bd1b-e02a4a630198.jpeg?im_w=720',343);
INSERT INTO image (type, url, room) VALUES ('detail','https://a0.muscache.com/im/pictures/miso/Hosting-46646638/original/549945d2-fcbb-4dfd-aeee-02545cfa32ef.jpeg?im_w=720',343);
INSERT INTO image (type, url, room) VALUES ('detail','https://a0.muscache.com/im/pictures/miso/Hosting-46646638/original/7abcd8e9-3b9d-4ed9-b78f-5f4918962a04.jpeg?im_w=720',343);
INSERT INTO image (type, url, room) VALUES ('detail','https://a0.muscache.com/im/pictures/6fe1b509-e465-45b8-980f-c28b0f6f0b1f.jpg?im_w=720',343);
INSERT INTO image (type, url, room) VALUES ('detail','https://a0.muscache.com/im/pictures/miso/Hosting-46646638/original/5d6ca1af-86a2-4976-b0b0-4c4109123c6d.jpeg?im_w=720',343);
INSERT INTO image (type, url, room) VALUES ('detail','https://a0.muscache.com/im/pictures/c2ae9f9c-93dc-4820-adcc-ca0b28777b31.jpg?im_w=720',343);
INSERT INTO image (type, url, room) VALUES ('detail','https://a0.muscache.com/im/pictures/19e91bd0-30f1-4bc5-85f2-173cfc82a9d6.jpg?im_w=720',343);
INSERT INTO image (type, url, room) VALUES ('detail','https://a0.muscache.com/im/pictures/04887b1d-b036-4c79-83d4-b5f0d27acde6.jpg?im_w=720',343);
INSERT INTO image (type, url, room) VALUES ('detail','https://a0.muscache.com/im/pictures/9b6c6910-b75c-43ad-ac04-3feb105aa5da.jpg?im_w=720',343);
INSERT INTO image (type, url, room) VALUES ('detail','https://a0.muscache.com/im/pictures/8488afc2-b380-449d-bc92-be5062f3b5f1.jpg?im_w=720',343);
INSERT INTO image (type, url, room) VALUES ('detail','https://a0.muscache.com/im/pictures/fdaa4cf7-8758-42e3-a025-ae598f4bff89.jpg?im_w=720',343);
INSERT INTO image (type, url, room) VALUES ('detail','https://a0.muscache.com/im/pictures/ab532808-b937-4e2f-ba76-6a2270d10937.jpg?im_w=720',343);
INSERT INTO image (type, url, room) VALUES ('detail','https://a0.muscache.com/im/pictures/0606b044-5c8f-4fdc-a218-0851700047af.jpg?im_w=720',343);
insert into location(id,latitude,longitude,city) values (344,35.158,129.062,'부산');
INSERT INTO room (id, title, description, price_per_day, room_type, bed, max_guest, bathroom, location) VALUES (344,'〚31〛⭐ 『매일소독』 ⭐⌗감성빔프로젝트⍣N͟E͟T͟F͟L͟I͟X͟ 무료⌗CINEMAROOM⭐셀프체크인','Busanjin-gu의 아파트 전체',99000,'집 전체',2,4,1,344);
INSERT INTO image (type, url, room) VALUES ('thumb','https://a0.muscache.com/im/pictures/30e745a1-3f2d-40dd-8d10-8103909199f3.jpg?im_w=720',344);
INSERT INTO image (type, url, room) VALUES ('detail','https://a0.muscache.com/im/pictures/e904acb5-e7cd-46a6-9434-372b54f393e0.jpg?im_w=720',344);
INSERT INTO image (type, url, room) VALUES ('detail','https://a0.muscache.com/im/pictures/46afab81-3169-4d13-8f84-3c4c39253f20.jpg?im_w=720',344);
INSERT INTO image (type, url, room) VALUES ('detail','https://a0.muscache.com/im/pictures/7ef5a7ca-d47e-4b11-8a84-4b28acc55769.jpg?im_w=720',344);
INSERT INTO image (type, url, room) VALUES ('detail','https://a0.muscache.com/im/pictures/ebe714a8-0cf8-4397-85ef-599b83ded325.jpg?im_w=720',344);
INSERT INTO image (type, url, room) VALUES ('detail','https://a0.muscache.com/im/pictures/0839f2c9-8c84-4d3d-a898-491d1ac0898f.jpg?im_w=720',344);
INSERT INTO image (type, url, room) VALUES ('detail','https://a0.muscache.com/im/pictures/484041f8-e555-4593-b087-cf0a9c922c6e.jpg?im_w=720',344);
INSERT INTO image (type, url, room) VALUES ('detail','https://a0.muscache.com/im/pictures/7c42237e-5d46-4bd8-aea4-6d4a5e7280bc.jpg?im_w=720',344);
INSERT INTO image (type, url, room) VALUES ('detail','https://a0.muscache.com/im/pictures/15be1340-4210-4ed8-9adb-fd4e84b6ab1e.jpg?im_w=720',344);
INSERT INTO image (type, url, room) VALUES ('detail','https://a0.muscache.com/im/pictures/d2ee1c6f-1a9f-4ccb-a3ef-db1b7a5d3cc4.jpg?im_w=720',344);
INSERT INTO image (type, url, room) VALUES ('detail','https://a0.muscache.com/im/pictures/31b984a6-e1c7-4099-bffa-b674367df80c.jpg?im_w=720',344);
INSERT INTO image (type, url, room) VALUES ('detail','https://a0.muscache.com/im/pictures/eb9c2832-f4b3-481a-ab0a-bb9db0fc8f68.jpg?im_w=720',344);
INSERT INTO image (type, url, room) VALUES ('detail','https://a0.muscache.com/im/pictures/eb375a07-2cba-4351-a131-5364b70689f0.jpg?im_w=720',344);
INSERT INTO image (type, url, room) VALUES ('detail','https://a0.muscache.com/im/pictures/e7b66deb-939f-44b7-92fc-8940900abb08.jpg?im_w=720',344);
INSERT INTO image (type, url, room) VALUES ('detail','https://a0.muscache.com/im/pictures/23cb0d12-7fa7-47e6-acf2-6a30012772b7.jpg?im_w=720',344);
INSERT INTO image (type, url, room) VALUES ('detail','https://a0.muscache.com/im/pictures/fb09a99c-4dfe-46e6-9942-6986ff623a7c.jpg?im_w=720',344);
INSERT INTO image (type, url, room) VALUES ('detail','https://a0.muscache.com/im/pictures/74d8d49d-568a-4fbe-9822-9263f7509cfe.jpg?im_w=720',344);
INSERT INTO image (type, url, room) VALUES ('detail','https://a0.muscache.com/im/pictures/f9420a66-065c-43ff-b1e2-78e46c0d6d1e.jpg?im_w=720',344);
INSERT INTO image (type, url, room) VALUES ('detail','https://a0.muscache.com/im/pictures/5b9a59cf-a785-44eb-b5f0-40025243e4e8.jpg?im_w=720',344);
INSERT INTO image (type, url, room) VALUES ('detail','https://a0.muscache.com/im/pictures/c9c05800-da81-4e51-8ec0-d8c815ac1110.jpg?im_w=720',344);
INSERT INTO image (type, url, room) VALUES ('detail','https://a0.muscache.com/im/pictures/17adcc77-dc49-4f92-a3dd-1c57d94ebfd2.jpg?im_w=720',344);
INSERT INTO image (type, url, room) VALUES ('detail','https://a0.muscache.com/im/pictures/d9589304-bc0e-4a8c-b876-2d9de0d38afe.jpg?im_w=720',344);
INSERT INTO image (type, url, room) VALUES ('detail','https://a0.muscache.com/im/pictures/741acbaa-dde1-43cc-935c-b3d257dfe159.jpg?im_w=720',344);
INSERT INTO image (type, url, room) VALUES ('detail','https://a0.muscache.com/im/pictures/dd30f951-0bde-4e9f-b761-80e168ddded4.jpg?im_w=720',344);
INSERT INTO image (type, url, room) VALUES ('detail','https://a0.muscache.com/im/pictures/e0b04a5f-2d6d-4f6a-be0a-27a3c83e3bfd.jpg?im_w=720',344);
INSERT INTO image (type, url, room) VALUES ('detail','https://a0.muscache.com/im/pictures/39bc306a-11d5-4643-8280-d7188b81ea00.jpg?im_w=720',344);
INSERT INTO image (type, url, room) VALUES ('detail','https://a0.muscache.com/im/pictures/d15f28e5-84f0-4a7c-9d72-e00e7b82d2c2.jpg?im_w=720',344);
INSERT INTO image (type, url, room) VALUES ('detail','https://a0.muscache.com/im/pictures/5e652769-8b21-4b19-9a95-421ead6a2b3b.jpg?im_w=720',344);
INSERT INTO image (type, url, room) VALUES ('detail','https://a0.muscache.com/im/pictures/c3b545d8-a5cb-4ea4-bbf9-0728e58285d4.jpg?im_w=720',344);
INSERT INTO image (type, url, room) VALUES ('detail','https://a0.muscache.com/im/pictures/764c85c2-02ce-4628-89d2-52a0b64e2533.jpg?im_w=720',344);
insert into location(id,latitude,longitude,city) values (345,35.113,129.039,'부산');
INSERT INTO room (id, title, description, price_per_day, room_type, bed, max_guest, bathroom, location) VALUES (345,'[NEW OPEN] #04 오션뷰 / 부산역 2분 KTX NEAR Busan Station','Choryang-dong, Dong-gu의 아파트 전체',100000,'집 전체',2,4,1,345);
INSERT INTO image (type, url, room) VALUES ('thumb','https://a0.muscache.com/im/pictures/c0ec5158-a866-40b6-b482-7127fbb9f5ab.jpg?im_w=720',345);
INSERT INTO image (type, url, room) VALUES ('detail','https://a0.muscache.com/im/pictures/194cba7a-fc8b-4bb8-947b-92ae92d63b05.jpg?im_w=720',345);
INSERT INTO image (type, url, room) VALUES ('detail','https://a0.muscache.com/im/pictures/d908079e-db20-4df0-8257-3546d5642acb.jpg?im_w=720',345);
INSERT INTO image (type, url, room) VALUES ('detail','https://a0.muscache.com/im/pictures/ef360bcd-acb3-49e6-bbc8-c50b9f465f49.jpg?im_w=720',345);
INSERT INTO image (type, url, room) VALUES ('detail','https://a0.muscache.com/im/pictures/bc8224f6-a5af-4195-a9b6-f40d02f1d93c.jpg?im_w=720',345);
INSERT INTO image (type, url, room) VALUES ('detail','https://a0.muscache.com/im/pictures/a294653f-b76a-4b40-9b93-a8514f97dac1.jpg?im_w=720',345);
INSERT INTO image (type, url, room) VALUES ('detail','https://a0.muscache.com/im/pictures/d8970421-be8d-44c1-85c5-82dd880c2d3e.jpg?im_w=720',345);
INSERT INTO image (type, url, room) VALUES ('detail','https://a0.muscache.com/im/pictures/d54ffdca-8a29-4c98-afb6-51db2377c99a.jpg?im_w=720',345);
INSERT INTO image (type, url, room) VALUES ('detail','https://a0.muscache.com/im/pictures/59b9a95e-28aa-4529-a754-1259f5aaa4d1.jpg?im_w=720',345);
INSERT INTO image (type, url, room) VALUES ('detail','https://a0.muscache.com/im/pictures/b2f7f1af-791d-451d-aafb-b695b106675e.jpg?im_w=720',345);
INSERT INTO image (type, url, room) VALUES ('detail','https://a0.muscache.com/im/pictures/027ef7f2-4c15-4b4e-8f66-68d840934850.jpg?im_w=720',345);
INSERT INTO image (type, url, room) VALUES ('detail','https://a0.muscache.com/im/pictures/4d2a5ae7-6889-4305-b947-25a758a40e00.jpg?im_w=720',345);
INSERT INTO image (type, url, room) VALUES ('detail','https://a0.muscache.com/im/pictures/4a8a9384-9069-4548-a2fa-04350bb13fbb.jpg?im_w=720',345);
INSERT INTO image (type, url, room) VALUES ('detail','https://a0.muscache.com/im/pictures/14b7899b-52f3-4c7d-95fc-3ada176e2aef.jpg?im_w=720',345);
INSERT INTO image (type, url, room) VALUES ('detail','https://a0.muscache.com/im/pictures/f569062c-1af4-41db-aa47-ab1c55ac5493.jpg?im_w=720',345);
INSERT INTO image (type, url, room) VALUES ('detail','https://a0.muscache.com/im/pictures/c75c44f3-4d7a-4ecf-87cb-209ac001acc3.jpg?im_w=720',345);
INSERT INTO image (type, url, room) VALUES ('detail','https://a0.muscache.com/im/pictures/650331fe-4697-4762-8a12-8ffcc5ec272b.jpg?im_w=720',345);
INSERT INTO image (type, url, room) VALUES ('detail','https://a0.muscache.com/im/pictures/963c8605-f7c1-4f53-833d-695b62dc88a6.jpg?im_w=720',345);
INSERT INTO image (type, url, room) VALUES ('detail','https://a0.muscache.com/im/pictures/4f14361b-e21c-4a6d-a137-142575c81936.jpg?im_w=720',345);
INSERT INTO image (type, url, room) VALUES ('detail','https://a0.muscache.com/im/pictures/d9158e0b-2a63-4aa4-b6dc-42eebe3a4618.jpg?im_w=720',345);
INSERT INTO image (type, url, room) VALUES ('detail','https://a0.muscache.com/im/pictures/b2085322-aae2-4fd9-8a06-eb78c147e783.jpg?im_w=720',345);
INSERT INTO image (type, url, room) VALUES ('detail','https://a0.muscache.com/im/pictures/7c1c656d-a4b5-47c7-8d07-e6c517f0e288.jpg?im_w=720',345);
INSERT INTO image (type, url, room) VALUES ('detail','https://a0.muscache.com/im/pictures/79ab0040-515e-405f-ac6d-8f49199007c9.jpg?im_w=720',345);
INSERT INTO image (type, url, room) VALUES ('detail','https://a0.muscache.com/im/pictures/b73dc22e-2ba8-494e-a0aa-210dc23e47a9.jpg?im_w=720',345);
INSERT INTO image (type, url, room) VALUES ('detail','https://a0.muscache.com/im/pictures/def1526b-e092-4600-805a-d0616f598b5e.jpg?im_w=720',345);
INSERT INTO image (type, url, room) VALUES ('detail','https://a0.muscache.com/im/pictures/aa4e020d-ab68-40ef-8af4-8e7f84a1406f.jpg?im_w=720',345);
INSERT INTO image (type, url, room) VALUES ('detail','https://a0.muscache.com/im/pictures/005bdc0b-e7f4-4234-a722-df6496538095.jpg?im_w=720',345);
INSERT INTO image (type, url, room) VALUES ('detail','https://a0.muscache.com/im/pictures/fd79b693-891b-4e2e-8ee1-3f5a259c4efa.jpg?im_w=720',345);
INSERT INTO image (type, url, room) VALUES ('detail','https://a0.muscache.com/im/pictures/141bb2b4-bcd4-4674-b3ba-a5b56c0e01a8.jpg?im_w=720',345);
INSERT INTO image (type, url, room) VALUES ('detail','https://a0.muscache.com/im/pictures/81f5bdcc-b75f-4a5d-9f49-3fff4afa2d15.jpg?im_w=720',345);
insert into location(id,latitude,longitude,city) values (346,35.16,129.058,'부산');
INSERT INTO room (id, title, description, price_per_day, room_type, bed, max_guest, bathroom, location) VALUES (346,'Love Joo’s cozy house #2','Bujeon-dong, Busanjin-gu의 아파트 전체',100000,'집 전체',1,2,1,346);
INSERT INTO image (type, url, room) VALUES ('thumb','https://a0.muscache.com/im/pictures/c8df3b60-f62a-4500-81b1-bc0407420931.jpg?im_w=720',346);
INSERT INTO image (type, url, room) VALUES ('detail','https://a0.muscache.com/im/pictures/cdfcacf3-2e65-4858-b04b-b9d7f8cccaeb.jpg?im_w=720',346);
INSERT INTO image (type, url, room) VALUES ('detail','https://a0.muscache.com/im/pictures/0e48138c-6ede-4134-9e55-c97afed08865.jpg?im_w=720',346);
INSERT INTO image (type, url, room) VALUES ('detail','https://a0.muscache.com/im/pictures/6de44cc3-3cf4-45c9-b459-4e95d318dda2.jpg?im_w=720',346);
INSERT INTO image (type, url, room) VALUES ('detail','https://a0.muscache.com/im/pictures/04b22af9-6d0b-4c22-9669-fbf1c217d358.jpg?im_w=720',346);
INSERT INTO image (type, url, room) VALUES ('detail','https://a0.muscache.com/im/pictures/d8062c59-0860-4941-b639-41b1c96e8374.jpg?im_w=720',346);
INSERT INTO image (type, url, room) VALUES ('detail','https://a0.muscache.com/im/pictures/8c3ac9ac-e436-4908-adbb-d15175d92d10.jpg?im_w=720',346);
INSERT INTO image (type, url, room) VALUES ('detail','https://a0.muscache.com/im/pictures/4b1c6899-742c-4c0d-98b7-d4f1469991f8.jpg?im_w=720',346);
INSERT INTO image (type, url, room) VALUES ('detail','https://a0.muscache.com/im/pictures/0650018f-fd32-4d71-b8e0-dfff82f39333.jpg?im_w=720',346);
INSERT INTO image (type, url, room) VALUES ('detail','https://a0.muscache.com/im/pictures/7675d9ce-8e10-4135-b1cb-b6e1c8596fe7.jpg?im_w=720',346);
INSERT INTO image (type, url, room) VALUES ('detail','https://a0.muscache.com/im/pictures/8d3d778f-d0ab-434a-86f7-df0fc0bef613.jpg?im_w=720',346);
INSERT INTO image (type, url, room) VALUES ('detail','https://a0.muscache.com/im/pictures/32ab150d-796e-4167-a02d-30d0236036ae.jpg?im_w=720',346);
INSERT INTO image (type, url, room) VALUES ('detail','https://a0.muscache.com/im/pictures/1bfb30a2-b36e-488c-9b2e-ac27b8e038f9.jpg?im_w=720',346);
INSERT INTO image (type, url, room) VALUES ('detail','https://a0.muscache.com/im/pictures/9b5e8b8f-440a-439d-909f-29805990ef11.jpg?im_w=720',346);
INSERT INTO image (type, url, room) VALUES ('detail','https://a0.muscache.com/im/pictures/8c132da7-c4b6-4643-8ff6-eacfba92e2bc.jpg?im_w=720',346);
INSERT INTO image (type, url, room) VALUES ('detail','https://a0.muscache.com/im/pictures/f11e8c10-eba4-42e6-a251-bea66481aafa.jpg?im_w=720',346);
INSERT INTO image (type, url, room) VALUES ('detail','https://a0.muscache.com/im/pictures/54107c8f-91cf-4e67-87a2-ad85f020c9d9.jpg?im_w=720',346);
INSERT INTO image (type, url, room) VALUES ('detail','https://a0.muscache.com/im/pictures/c8370817-a0ef-4ffc-b606-7c197fffa97e.jpg?im_w=720',346);
INSERT INTO image (type, url, room) VALUES ('detail','https://a0.muscache.com/im/pictures/db019e19-1a51-49e6-91bb-3a3d2cba18d1.jpg?im_w=720',346);
INSERT INTO image (type, url, room) VALUES ('detail','https://a0.muscache.com/im/pictures/fd6be464-53cd-4f56-8081-bf22898d49a5.jpg?im_w=720',346);
INSERT INTO image (type, url, room) VALUES ('detail','https://a0.muscache.com/im/pictures/1c2ff805-c6d5-4c6a-8b99-525f10ce198d.jpg?im_w=720',346);
INSERT INTO image (type, url, room) VALUES ('detail','https://a0.muscache.com/im/pictures/aea9d23a-6282-4479-b409-32c8d0a64ef7.jpg?im_w=720',346);
INSERT INTO image (type, url, room) VALUES ('detail','https://a0.muscache.com/im/pictures/ff7000fe-d046-4288-9157-599023d91006.jpg?im_w=720',346);
INSERT INTO image (type, url, room) VALUES ('detail','https://a0.muscache.com/im/pictures/a272e0f7-bcf9-4593-8eb3-c9fe0c1c0e2b.jpg?im_w=720',346);
INSERT INTO image (type, url, room) VALUES ('detail','https://a0.muscache.com/im/pictures/0aefcf40-23c7-4c97-9086-10e28e5f0001.jpg?im_w=720',346);
INSERT INTO image (type, url, room) VALUES ('detail','https://a0.muscache.com/im/pictures/b91d5837-a305-4b91-a32b-a4d6de5c6c04.jpg?im_w=720',346);
INSERT INTO image (type, url, room) VALUES ('detail','https://a0.muscache.com/im/pictures/b7a46a48-d52e-4bad-b238-8d3868ae3e9b.jpg?im_w=720',346);
INSERT INTO image (type, url, room) VALUES ('detail','https://a0.muscache.com/im/pictures/7b86bdba-4f42-419c-91bb-136552bcc3e3.jpg?im_w=720',346);
INSERT INTO image (type, url, room) VALUES ('detail','https://a0.muscache.com/im/pictures/a084d57a-e6d4-4ef7-a46a-7f4440b6fbc1.jpg?im_w=720',346);
INSERT INTO image (type, url, room) VALUES ('detail','https://a0.muscache.com/im/pictures/2e620065-5f3a-451a-9e9b-a470d01c67a7.jpg?im_w=720',346);
insert into location(id,latitude,longitude,city) values (347,35.16,129.057,'부산');
INSERT INTO room (id, title, description, price_per_day, room_type, bed, max_guest, bathroom, location) VALUES (347,'18#❥ 감성 공간 ❥ Netflix # 넷플릭스# SEOMYEON MRT 3min','Bujeon-dong, Busanjin-gu의 아파트 전체',100000,'집 전체',1,4,1,347);
INSERT INTO image (type, url, room) VALUES ('thumb','https://a0.muscache.com/im/pictures/6e8df40b-bcc8-43ae-bf95-ec949c0abfc6.jpg?im_w=720',347);
INSERT INTO image (type, url, room) VALUES ('detail','https://a0.muscache.com/im/pictures/c3e52d21-acb8-4f2a-bc09-399a8f920e7c.jpg?im_w=720',347);
INSERT INTO image (type, url, room) VALUES ('detail','https://a0.muscache.com/im/pictures/4fcd5eea-c754-4138-b54a-c14d8eeeb705.jpg?im_w=720',347);
INSERT INTO image (type, url, room) VALUES ('detail','https://a0.muscache.com/im/pictures/bcd0c8a0-cf94-457e-a4ed-69d3a5fff2a2.jpg?im_w=720',347);
INSERT INTO image (type, url, room) VALUES ('detail','https://a0.muscache.com/im/pictures/55704f1f-5a5f-40ac-83b6-05e7bca76328.jpg?im_w=720',347);
INSERT INTO image (type, url, room) VALUES ('detail','https://a0.muscache.com/im/pictures/3b6f45b2-4cf7-47d0-88bf-ee27cbcd02a6.jpg?im_w=720',347);
INSERT INTO image (type, url, room) VALUES ('detail','https://a0.muscache.com/im/pictures/481c1340-e0f0-4726-b29b-0206b46f8aef.jpg?im_w=720',347);
INSERT INTO image (type, url, room) VALUES ('detail','https://a0.muscache.com/im/pictures/c2ab5109-7906-481d-916b-68982a25a1d2.jpg?im_w=720',347);
INSERT INTO image (type, url, room) VALUES ('detail','https://a0.muscache.com/im/pictures/1c8eb907-6f5f-429f-9a5a-73faaadac6bb.jpg?im_w=720',347);
INSERT INTO image (type, url, room) VALUES ('detail','https://a0.muscache.com/im/pictures/3e8c37bf-7f71-477f-80e2-a119f90ac91e.jpg?im_w=720',347);
INSERT INTO image (type, url, room) VALUES ('detail','https://a0.muscache.com/im/pictures/8d0508f0-800e-4059-8271-36f4c461a791.jpg?im_w=720',347);
INSERT INTO image (type, url, room) VALUES ('detail','https://a0.muscache.com/im/pictures/052cd15b-ebac-4ae7-ad43-c63a43eeeca4.jpg?im_w=720',347);
INSERT INTO image (type, url, room) VALUES ('detail','https://a0.muscache.com/im/pictures/d7f7811e-4604-47a7-83c0-0064382258c1.jpg?im_w=720',347);
INSERT INTO image (type, url, room) VALUES ('detail','https://a0.muscache.com/im/pictures/9b8bb60c-9204-46c3-bcc7-7090ffd25fd6.jpg?im_w=720',347);
INSERT INTO image (type, url, room) VALUES ('detail','https://a0.muscache.com/im/pictures/48105926-4522-4129-a85e-71d5b18abd53.jpg?im_w=720',347);
INSERT INTO image (type, url, room) VALUES ('detail','https://a0.muscache.com/im/pictures/209a7d5d-9055-499c-91e9-e2858d66e392.jpg?im_w=720',347);
INSERT INTO image (type, url, room) VALUES ('detail','https://a0.muscache.com/im/pictures/6dd1e75f-fd05-49e4-a7ac-eafabe101b16.jpg?im_w=720',347);
INSERT INTO image (type, url, room) VALUES ('detail','https://a0.muscache.com/im/pictures/93b9697f-2a18-46d4-92d0-97f4d22bd1d3.jpg?im_w=720',347);
INSERT INTO image (type, url, room) VALUES ('detail','https://a0.muscache.com/im/pictures/848bc2d8-cd2b-491e-9242-30152b322286.jpg?im_w=720',347);
INSERT INTO image (type, url, room) VALUES ('detail','https://a0.muscache.com/im/pictures/7b432ab8-7e3e-44c8-82a1-f6fe49b431db.jpg?im_w=720',347);
INSERT INTO image (type, url, room) VALUES ('detail','https://a0.muscache.com/im/pictures/e51a4ae5-3211-440c-8501-ccddd8c53373.jpg?im_w=720',347);
INSERT INTO image (type, url, room) VALUES ('detail','https://a0.muscache.com/im/pictures/b2ff294c-03c8-4d84-9aff-057f68223d5a.jpg?im_w=720',347);
INSERT INTO image (type, url, room) VALUES ('detail','https://a0.muscache.com/im/pictures/531c6a6c-2054-4f23-aeed-31c8fcb70ca6.jpg?im_w=720',347);
INSERT INTO image (type, url, room) VALUES ('detail','https://a0.muscache.com/im/pictures/f30e6d2f-e779-4e3c-992d-bd33cb029f11.jpg?im_w=720',347);
INSERT INTO image (type, url, room) VALUES ('detail','https://a0.muscache.com/im/pictures/ce1b3cb5-b423-4d58-8d5c-3d238c9b28e6.jpg?im_w=720',347);
INSERT INTO image (type, url, room) VALUES ('detail','https://a0.muscache.com/im/pictures/7c71d728-227b-4daa-8a1b-fcc2c5bf8e69.jpg?im_w=720',347);
INSERT INTO image (type, url, room) VALUES ('detail','https://a0.muscache.com/im/pictures/4d44ae28-6fd5-44a6-a253-6865fda0f614.jpg?im_w=720',347);
INSERT INTO image (type, url, room) VALUES ('detail','https://a0.muscache.com/im/pictures/54e1e5b3-7c79-4f38-b8bf-271ff8a5d302.jpg?im_w=720',347);
INSERT INTO image (type, url, room) VALUES ('detail','https://a0.muscache.com/im/pictures/e772654b-1156-4820-9578-0548684036fa.jpg?im_w=720',347);
INSERT INTO image (type, url, room) VALUES ('detail','https://a0.muscache.com/im/pictures/785a6e57-faef-4636-b222-0effd1ed8c03.jpg?im_w=720',347);
insert into location(id,latitude,longitude,city) values (348,35.15,129.115,'부산');
INSERT INTO room (id, title, description, price_per_day, room_type, bed, max_guest, bathroom, location) VALUES (348,'*[OPEN SALE] #개별테라스 #미췬감성 #오픈특가 #광안리1초 #바닷가바로앞 "','Gwangan 2(i)-dong, Suyeong-gu의 레지던스 전체',100000,'집 전체',1,4,1,348);
INSERT INTO image (type, url, room) VALUES ('thumb','https://a0.muscache.com/im/pictures/838d0fc2-84f7-4cec-8782-e5e51ef12089.jpg?im_w=720',348);
INSERT INTO image (type, url, room) VALUES ('detail','https://a0.muscache.com/im/pictures/887c4a8a-868e-4016-a554-9dbd5f2111e9.jpg?im_w=720',348);
INSERT INTO image (type, url, room) VALUES ('detail','https://a0.muscache.com/im/pictures/194758c9-fb80-44a3-9cbb-e688c9d65b53.jpg?im_w=720',348);
INSERT INTO image (type, url, room) VALUES ('detail','https://a0.muscache.com/im/pictures/8f377d8c-f2b8-43c2-b565-1481bb44eff2.jpg?im_w=720',348);
INSERT INTO image (type, url, room) VALUES ('detail','https://a0.muscache.com/im/pictures/d83aac2a-d820-4e6e-bd0e-d128f4ff9c79.jpg?im_w=720',348);
INSERT INTO image (type, url, room) VALUES ('detail','https://a0.muscache.com/im/pictures/8d497233-3522-4765-8aac-b976bd71275f.jpg?im_w=720',348);
INSERT INTO image (type, url, room) VALUES ('detail','https://a0.muscache.com/im/pictures/f8d70380-92f4-475d-ae67-2517ce8ab444.jpg?im_w=720',348);
INSERT INTO image (type, url, room) VALUES ('detail','https://a0.muscache.com/im/pictures/8dacd190-7aae-4ffd-ad74-e587a9aecacf.jpg?im_w=720',348);
INSERT INTO image (type, url, room) VALUES ('detail','https://a0.muscache.com/im/pictures/ec120330-6304-42aa-b56e-54e3b19703fb.jpg?im_w=720',348);
INSERT INTO image (type, url, room) VALUES ('detail','https://a0.muscache.com/im/pictures/71568799-5668-41b7-884d-d1cdd89a42ff.jpg?im_w=720',348);
INSERT INTO image (type, url, room) VALUES ('detail','https://a0.muscache.com/im/pictures/78cebae9-95a7-4ef8-b7b4-ba65fb54b4c7.jpg?im_w=720',348);
INSERT INTO image (type, url, room) VALUES ('detail','https://a0.muscache.com/im/pictures/f8c2f249-d986-4337-9831-361bacd09d1a.jpg?im_w=720',348);
INSERT INTO image (type, url, room) VALUES ('detail','https://a0.muscache.com/im/pictures/644b032f-2fc5-473f-9fe9-fae42befcec2.jpg?im_w=720',348);
INSERT INTO image (type, url, room) VALUES ('detail','https://a0.muscache.com/im/pictures/aa61cbd6-cdc6-4902-8368-b7c1ebf86648.jpg?im_w=720',348);
INSERT INTO image (type, url, room) VALUES ('detail','https://a0.muscache.com/im/pictures/4a9a21c0-fb4d-4944-ba0a-eafc6e2c8287.jpg?im_w=720',348);
INSERT INTO image (type, url, room) VALUES ('detail','https://a0.muscache.com/im/pictures/dd7ff954-a744-4de6-9198-114e0aa94b3c.jpg?im_w=720',348);
INSERT INTO image (type, url, room) VALUES ('detail','https://a0.muscache.com/im/pictures/d54b1433-0a99-47d0-b22a-5656c8b41b89.jpg?im_w=720',348);
INSERT INTO image (type, url, room) VALUES ('detail','https://a0.muscache.com/im/pictures/de6536e2-1cf9-427e-aee7-4283b925cba4.jpg?im_w=720',348);
INSERT INTO image (type, url, room) VALUES ('detail','https://a0.muscache.com/im/pictures/71f43a06-25a0-4e39-8078-1a49cb202e39.jpg?im_w=720',348);
INSERT INTO image (type, url, room) VALUES ('detail','https://a0.muscache.com/im/pictures/e90454ac-6e2b-4a8e-b20e-f8c21247b2af.jpg?im_w=720',348);
INSERT INTO image (type, url, room) VALUES ('detail','https://a0.muscache.com/im/pictures/438c97eb-c7ab-4ff0-9053-871cf1f6daa0.jpg?im_w=720',348);
INSERT INTO image (type, url, room) VALUES ('detail','https://a0.muscache.com/im/pictures/0f1e5db5-6d7d-4b2d-a368-d09e86a6dd4b.jpg?im_w=720',348);
INSERT INTO image (type, url, room) VALUES ('detail','https://a0.muscache.com/im/pictures/58af4d0a-4436-4502-90c4-5a8c4728f195.jpg?im_w=720',348);
INSERT INTO image (type, url, room) VALUES ('detail','https://a0.muscache.com/im/pictures/a68b0e3d-efdc-4757-b3af-a28042688a50.jpg?im_w=720',348);
INSERT INTO image (type, url, room) VALUES ('detail','https://a0.muscache.com/im/pictures/dd4bb20f-930a-4765-aec9-77cbdb9cbeed.jpg?im_w=720',348);
INSERT INTO image (type, url, room) VALUES ('detail','https://a0.muscache.com/im/pictures/8f75270d-bfd6-4863-9c6f-81e62f2f67e6.jpg?im_w=720',348);
INSERT INTO image (type, url, room) VALUES ('detail','https://a0.muscache.com/im/pictures/e7413dce-845d-477c-bfce-5ab3d2f51bad.jpg?im_w=720',348);
INSERT INTO image (type, url, room) VALUES ('detail','https://a0.muscache.com/im/pictures/7088737f-6111-44c2-a959-777e6feb57cb.jpg?im_w=720',348);
INSERT INTO image (type, url, room) VALUES ('detail','https://a0.muscache.com/im/pictures/29506968-5a14-4fb7-b3f9-a4957639b7d6.jpg?im_w=720',348);
INSERT INTO image (type, url, room) VALUES ('detail','https://a0.muscache.com/im/pictures/2cf3b151-cd00-4471-942a-44bd9733e8cb.jpg?im_w=720',348);
insert into location(id,latitude,longitude,city) values (349,35.161,129.058,'부산');
INSERT INTO room (id, title, description, price_per_day, room_type, bed, max_guest, bathroom, location) VALUES (349,'[❤161]『매일소독』감성빔⍣집콕엔!!넷플필수⍣FREE⍣ HOME CINEMA 𖤐단독사용𖤐','Bujeon 1(il)-dong, Busanjin-gu의 아파트 전체',99000,'집 전체',1,4,1,349);
INSERT INTO image (type, url, room) VALUES ('thumb','https://a0.muscache.com/im/pictures/a2f8586d-cb2a-464a-be58-7c219afc0911.jpg?im_w=720',349);
INSERT INTO image (type, url, room) VALUES ('detail','https://a0.muscache.com/im/pictures/23dd41a9-c6ad-42c3-9862-b7c34ab5b0a7.jpg?im_w=720',349);
INSERT INTO image (type, url, room) VALUES ('detail','https://a0.muscache.com/im/pictures/40b0ba15-18a7-4476-931e-15bbf7b7c80a.jpg?im_w=720',349);
INSERT INTO image (type, url, room) VALUES ('detail','https://a0.muscache.com/im/pictures/4878cd74-67e0-4b84-af29-5d0073139b46.jpg?im_w=720',349);
INSERT INTO image (type, url, room) VALUES ('detail','https://a0.muscache.com/im/pictures/a280b591-45ac-484c-9dea-43fc9798ac12.jpg?im_w=720',349);
INSERT INTO image (type, url, room) VALUES ('detail','https://a0.muscache.com/im/pictures/a53669fa-9678-4261-bddc-a769d9980521.jpg?im_w=720',349);
INSERT INTO image (type, url, room) VALUES ('detail','https://a0.muscache.com/im/pictures/e6d7a90a-50b8-44ac-9c07-10e9bbd24778.jpg?im_w=720',349);
INSERT INTO image (type, url, room) VALUES ('detail','https://a0.muscache.com/im/pictures/4876bb7b-e2a7-4828-9714-15d93326d97e.jpg?im_w=720',349);
INSERT INTO image (type, url, room) VALUES ('detail','https://a0.muscache.com/im/pictures/d5b6c10c-345c-4e71-9a25-4da2f3587b5e.jpg?im_w=720',349);
INSERT INTO image (type, url, room) VALUES ('detail','https://a0.muscache.com/im/pictures/ee6b6a60-b1cc-4fcf-ab0b-4922e96c017a.jpg?im_w=720',349);
INSERT INTO image (type, url, room) VALUES ('detail','https://a0.muscache.com/im/pictures/6acde211-03ff-4834-b347-082195e0c676.jpg?im_w=720',349);
INSERT INTO image (type, url, room) VALUES ('detail','https://a0.muscache.com/im/pictures/ecf85adb-7a34-4593-a21e-765a75423195.jpg?im_w=720',349);
INSERT INTO image (type, url, room) VALUES ('detail','https://a0.muscache.com/im/pictures/03a5fcb3-46ec-4ae8-8f94-4ae8292306c5.jpg?im_w=720',349);
INSERT INTO image (type, url, room) VALUES ('detail','https://a0.muscache.com/im/pictures/a10637b5-0ff6-45fa-b35e-3ba24a648850.jpg?im_w=720',349);
INSERT INTO image (type, url, room) VALUES ('detail','https://a0.muscache.com/im/pictures/cb3ae34e-8bf6-4f87-a3c0-3cfb1216af04.jpg?im_w=720',349);
INSERT INTO image (type, url, room) VALUES ('detail','https://a0.muscache.com/im/pictures/88ec2db6-bea4-4df4-8b0d-653b63f2feef.jpg?im_w=720',349);
INSERT INTO image (type, url, room) VALUES ('detail','https://a0.muscache.com/im/pictures/23de752f-9aff-4f40-a3d0-9831be27d693.jpg?im_w=720',349);
INSERT INTO image (type, url, room) VALUES ('detail','https://a0.muscache.com/im/pictures/2d0dc220-8bfc-4651-83e7-c5bfe566c275.jpg?im_w=720',349);
INSERT INTO image (type, url, room) VALUES ('detail','https://a0.muscache.com/im/pictures/91ddba9f-c782-4758-a6be-51ce12328d57.jpg?im_w=720',349);
INSERT INTO image (type, url, room) VALUES ('detail','https://a0.muscache.com/im/pictures/81a34bf0-1e9e-49af-b966-455940d16b49.jpg?im_w=720',349);
INSERT INTO image (type, url, room) VALUES ('detail','https://a0.muscache.com/im/pictures/c58eb21f-ba28-4911-9156-a38488905108.jpg?im_w=720',349);
INSERT INTO image (type, url, room) VALUES ('detail','https://a0.muscache.com/im/pictures/11120099-6c41-45ab-a8e2-176bccdedca7.jpg?im_w=720',349);
INSERT INTO image (type, url, room) VALUES ('detail','https://a0.muscache.com/im/pictures/b91414f2-01a0-4e18-819f-8e1e92319740.jpg?im_w=720',349);
INSERT INTO image (type, url, room) VALUES ('detail','https://a0.muscache.com/im/pictures/b4892daf-eb81-49cd-b900-5d22a841bc01.jpg?im_w=720',349);
insert into location(id,latitude,longitude,city) values (350,35.161,129.057,'부산');
INSERT INTO room (id, title, description, price_per_day, room_type, bed, max_guest, bathroom, location) VALUES (350,'#매일 방역#서면중심 초고층뷰!! Simple BEBE HOUSE','Bujeon-dong, Busanjin-gu의 아파트 전체',95000,'집 전체',1,2,1,350);
INSERT INTO image (type, url, room) VALUES ('thumb','https://a0.muscache.com/im/pictures/6d4746cc-b57d-4d51-9763-5ec07333dbd5.jpg?im_w=720',350);
INSERT INTO image (type, url, room) VALUES ('detail','https://a0.muscache.com/im/pictures/51bf202a-96d2-4cdf-94fb-2e43db08e342.jpg?im_w=720',350);
INSERT INTO image (type, url, room) VALUES ('detail','https://a0.muscache.com/im/pictures/c81b249c-964e-4013-9f64-f8b432f72232.jpg?im_w=720',350);
INSERT INTO image (type, url, room) VALUES ('detail','https://a0.muscache.com/im/pictures/ca323a95-3a9c-4e46-af8d-9f7468c46ba3.jpg?im_w=720',350);
INSERT INTO image (type, url, room) VALUES ('detail','https://a0.muscache.com/im/pictures/78923cb2-40db-4331-850e-ee0b86eade2e.jpg?im_w=720',350);
INSERT INTO image (type, url, room) VALUES ('detail','https://a0.muscache.com/im/pictures/56e94a95-a44b-4d86-b834-7aa131986cb7.jpg?im_w=720',350);
INSERT INTO image (type, url, room) VALUES ('detail','https://a0.muscache.com/im/pictures/9dd9c159-9b6f-4666-b716-cd2dcd1a73e6.jpg?im_w=720',350);
INSERT INTO image (type, url, room) VALUES ('detail','https://a0.muscache.com/im/pictures/0122a7b9-7727-4f62-abbc-e5def1801a84.jpg?im_w=720',350);
INSERT INTO image (type, url, room) VALUES ('detail','https://a0.muscache.com/im/pictures/8fa0295d-a3c1-478c-8a91-ba962ac00426.jpg?im_w=720',350);
INSERT INTO image (type, url, room) VALUES ('detail','https://a0.muscache.com/im/pictures/524380b2-f346-44ae-901d-cf1c4d019f70.jpg?im_w=720',350);
INSERT INTO image (type, url, room) VALUES ('detail','https://a0.muscache.com/im/pictures/e2a839a7-a2fd-4007-9e27-c4d88993e9e6.jpg?im_w=720',350);
INSERT INTO image (type, url, room) VALUES ('detail','https://a0.muscache.com/im/pictures/7b55ea1a-d34b-4fc4-902a-eedf0b345641.jpg?im_w=720',350);
INSERT INTO image (type, url, room) VALUES ('detail','https://a0.muscache.com/im/pictures/af577a8a-6a79-404b-8ecd-965ccab478aa.jpg?im_w=720',350);
INSERT INTO image (type, url, room) VALUES ('detail','https://a0.muscache.com/im/pictures/8e14c4a9-7842-4e27-86fe-ba0044a377c2.jpg?im_w=720',350);
INSERT INTO image (type, url, room) VALUES ('detail','https://a0.muscache.com/im/pictures/28d863d5-eb94-49c2-a585-c4c45b0eec4d.jpg?im_w=720',350);
INSERT INTO image (type, url, room) VALUES ('detail','https://a0.muscache.com/im/pictures/a6b40c00-f72b-4c5b-9d47-d0feb2a53830.jpg?im_w=720',350);
INSERT INTO image (type, url, room) VALUES ('detail','https://a0.muscache.com/im/pictures/0eee9895-cc1e-464a-989e-1919038e2399.jpg?im_w=720',350);
INSERT INTO image (type, url, room) VALUES ('detail','https://a0.muscache.com/im/pictures/f505e9d1-0c3b-4d34-90f8-1fd90f3655f0.jpg?im_w=720',350);
INSERT INTO image (type, url, room) VALUES ('detail','https://a0.muscache.com/im/pictures/db3ee3f2-f87f-4400-98d0-347cb005f972.jpg?im_w=720',350);
INSERT INTO image (type, url, room) VALUES ('detail','https://a0.muscache.com/im/pictures/e2756ea5-b8fe-496e-9b4c-0bc6d36c1275.jpg?im_w=720',350);
INSERT INTO image (type, url, room) VALUES ('detail','https://a0.muscache.com/im/pictures/5ffc74b9-330d-400f-bc18-1b9a657ae06b.jpg?im_w=720',350);
INSERT INTO image (type, url, room) VALUES ('detail','https://a0.muscache.com/im/pictures/16846d2e-cf44-44e7-9166-8e60e9ef3785.jpg?im_w=720',350);
INSERT INTO image (type, url, room) VALUES ('detail','https://a0.muscache.com/im/pictures/fbbc361b-1b6d-4c3b-8f1d-27dab3d54c88.jpg?im_w=720',350);
INSERT INTO image (type, url, room) VALUES ('detail','https://a0.muscache.com/im/pictures/e0676e8b-6b60-4825-84a0-6acc44a9d862.jpg?im_w=720',350);
INSERT INTO image (type, url, room) VALUES ('detail','https://a0.muscache.com/im/pictures/0f4cf840-2427-476f-b4b7-e758a897bf6b.jpg?im_w=720',350);
INSERT INTO image (type, url, room) VALUES ('detail','https://a0.muscache.com/im/pictures/3220934a-7987-4c6a-bf53-c17e125030ce.jpg?im_w=720',350);
INSERT INTO image (type, url, room) VALUES ('detail','https://a0.muscache.com/im/pictures/1e86386d-4e15-4358-8ae3-315df722a8ba.jpg?im_w=720',350);
INSERT INTO image (type, url, room) VALUES ('detail','https://a0.muscache.com/im/pictures/2a802a06-724f-442c-adba-9f82b07b10f2.jpg?im_w=720',350);
insert into location(id,latitude,longitude,city) values (351,33.242,126.336,'제주');
INSERT INTO room (id, title, description, price_per_day, room_type, bed, max_guest, bathroom, location) VALUES (351,'금모래해변 여성전용 셰어하우스 소담인3(개별화장실)','Andeok-myeon, Seogwipo의 개인실',80000,'개인실',1,2,1,351);
INSERT INTO image (type, url, room) VALUES ('thumb','https://a0.muscache.com/im/pictures/c3202f96-e488-48c5-acd6-b3dae3a5ad4d.jpg?im_w=720',351);
INSERT INTO image (type, url, room) VALUES ('detail','https://a0.muscache.com/im/pictures/cc289c68-de9c-45f5-b1a5-e41ecc13503c.jpg?im_w=720',351);
INSERT INTO image (type, url, room) VALUES ('detail','https://a0.muscache.com/im/pictures/b7c241e1-662d-4e29-8106-0fbaca70a658.jpg?im_w=720',351);
INSERT INTO image (type, url, room) VALUES ('detail','https://a0.muscache.com/im/pictures/8d2711a3-8bc1-47a1-a5c4-d04ca0d8239a.jpg?im_w=720',351);
INSERT INTO image (type, url, room) VALUES ('detail','https://a0.muscache.com/im/pictures/528e5a44-7a43-45a1-a711-184e27a664b5.jpg?im_w=720',351);
INSERT INTO image (type, url, room) VALUES ('detail','https://a0.muscache.com/im/pictures/aa9d739c-a5c6-4fca-be0e-1d44b3dc9232.jpg?im_w=720',351);
INSERT INTO image (type, url, room) VALUES ('detail','https://a0.muscache.com/im/pictures/6b6814dd-f7f3-4268-9a75-315445fbccf9.jpg?im_w=720',351);
INSERT INTO image (type, url, room) VALUES ('detail','https://a0.muscache.com/im/pictures/16b84f45-5f46-43d7-8e38-809612fd4f6f.jpg?im_w=720',351);
INSERT INTO image (type, url, room) VALUES ('detail','https://a0.muscache.com/im/pictures/3cde2367-0f57-4672-aa95-3255dcce9ef5.jpg?im_w=720',351);
INSERT INTO image (type, url, room) VALUES ('detail','https://a0.muscache.com/im/pictures/c26dd6aa-4f63-4fc8-a2ea-4662d4ba8f82.jpg?im_w=720',351);
INSERT INTO image (type, url, room) VALUES ('detail','https://a0.muscache.com/im/pictures/db0d6078-d70d-4989-aacb-9b6cb602183a.jpg?im_w=720',351);
INSERT INTO image (type, url, room) VALUES ('detail','https://a0.muscache.com/im/pictures/8af11bb6-37f6-402c-b555-23a83866c89d.jpg?im_w=720',351);
INSERT INTO image (type, url, room) VALUES ('detail','https://a0.muscache.com/im/pictures/a8d710d1-e475-4a52-a4e3-c83c24ae15fe.jpg?im_w=720',351);
INSERT INTO image (type, url, room) VALUES ('detail','https://a0.muscache.com/im/pictures/8f84f5d6-f42e-4ea5-a4f1-215d14af9939.jpg?im_w=720',351);
INSERT INTO image (type, url, room) VALUES ('detail','https://a0.muscache.com/im/pictures/db61f38d-972e-4ec0-b9e1-bb9884e7ba17.jpg?im_w=720',351);
INSERT INTO image (type, url, room) VALUES ('detail','https://a0.muscache.com/im/pictures/749fafb1-988e-4430-a167-188a26403016.jpg?im_w=720',351);
INSERT INTO image (type, url, room) VALUES ('detail','https://a0.muscache.com/im/pictures/aedc6965-0d8f-471e-be9d-a876c3398313.jpg?im_w=720',351);
INSERT INTO image (type, url, room) VALUES ('detail','https://a0.muscache.com/im/pictures/c820d17f-9b1b-48fe-bb1a-b9c17e4a1c73.jpg?im_w=720',351);
INSERT INTO image (type, url, room) VALUES ('detail','https://a0.muscache.com/im/pictures/ed69db70-ee06-4c8f-849b-1256af2287a5.jpg?im_w=720',351);
insert into location(id,latitude,longitude,city) values (352,33.463,126.933,'제주');
INSERT INTO room (id, title, description, price_per_day, room_type, bed, max_guest, bathroom, location) VALUES (352,'성산일출봉 앞 바다뷰의 아늑한 한 달 살기 숙소','Seongsan-eup, Seogwipo-si의 콘도(아파트) 전체',100000,'집 전체',1,2,1,352);
INSERT INTO image (type, url, room) VALUES ('thumb','https://a0.muscache.com/im/pictures/a21db690-1b78-4937-ba4a-8ca18af26477.jpg?im_w=720',352);
INSERT INTO image (type, url, room) VALUES ('detail','https://a0.muscache.com/im/pictures/0a2b4e68-4174-42dc-852d-a308e820633d.jpg?im_w=720',352);
INSERT INTO image (type, url, room) VALUES ('detail','https://a0.muscache.com/im/pictures/caaeeecf-9386-417a-8cca-7dd4ed363d29.jpg?im_w=720',352);
INSERT INTO image (type, url, room) VALUES ('detail','https://a0.muscache.com/im/pictures/e77ea3e2-fdd4-4e8d-9af0-23a75f72c32d.jpg?im_w=720',352);
INSERT INTO image (type, url, room) VALUES ('detail','https://a0.muscache.com/im/pictures/698e9802-11f7-4660-ab79-1cc9d85c84ef.jpg?im_w=720',352);
INSERT INTO image (type, url, room) VALUES ('detail','https://a0.muscache.com/im/pictures/9b4c552c-38b6-43f8-94e4-58f6cf23ea90.jpg?im_w=720',352);
INSERT INTO image (type, url, room) VALUES ('detail','https://a0.muscache.com/im/pictures/63f83130-88a3-4626-98ac-71691f9ae751.jpg?im_w=720',352);
INSERT INTO image (type, url, room) VALUES ('detail','https://a0.muscache.com/im/pictures/b9e8184b-c3cd-4048-81b6-ca285307498e.jpg?im_w=720',352);
INSERT INTO image (type, url, room) VALUES ('detail','https://a0.muscache.com/im/pictures/452a9f77-1a6e-4261-b1b6-166c1d4ae2c7.jpg?im_w=720',352);
INSERT INTO image (type, url, room) VALUES ('detail','https://a0.muscache.com/im/pictures/34564059-7fc0-4c5c-8112-dd71ff26eafa.jpg?im_w=720',352);
INSERT INTO image (type, url, room) VALUES ('detail','https://a0.muscache.com/im/pictures/86e81752-cf0f-4d43-b6d2-6e4c559d3e5b.jpg?im_w=720',352);
INSERT INTO image (type, url, room) VALUES ('detail','https://a0.muscache.com/im/pictures/6acdedca-b880-48aa-b468-9df941b6fad8.jpg?im_w=720',352);
INSERT INTO image (type, url, room) VALUES ('detail','https://a0.muscache.com/im/pictures/0525b553-e9c1-4d65-85d9-0bec43d35ccf.jpg?im_w=720',352);
INSERT INTO image (type, url, room) VALUES ('detail','https://a0.muscache.com/im/pictures/9e466af4-9e44-4c6c-a688-e2e13ac4ed02.jpg?im_w=720',352);
INSERT INTO image (type, url, room) VALUES ('detail','https://a0.muscache.com/im/pictures/8cc2ff59-cf06-40fb-a2e2-63b4ce9defa0.jpg?im_w=720',352);
INSERT INTO image (type, url, room) VALUES ('detail','https://a0.muscache.com/im/pictures/981b8752-4840-4898-9e86-41677761c8b4.jpg?im_w=720',352);
INSERT INTO image (type, url, room) VALUES ('detail','https://a0.muscache.com/im/pictures/727503c8-c204-4234-90a9-be709f61d76e.jpg?im_w=720',352);
INSERT INTO image (type, url, room) VALUES ('detail','https://a0.muscache.com/im/pictures/d4ffd7e6-41dd-4846-b076-66f1ded13d5e.jpg?im_w=720',352);
INSERT INTO image (type, url, room) VALUES ('detail','https://a0.muscache.com/im/pictures/40560956-efce-411f-8e71-54c8e613676f.jpg?im_w=720',352);
INSERT INTO image (type, url, room) VALUES ('detail','https://a0.muscache.com/im/pictures/9cb6d30d-085d-4bfb-9296-9de28760e203.jpg?im_w=720',352);
INSERT INTO image (type, url, room) VALUES ('detail','https://a0.muscache.com/im/pictures/0e3408cc-974c-49bd-8573-90f97e710f2f.jpg?im_w=720',352);
INSERT INTO image (type, url, room) VALUES ('detail','https://a0.muscache.com/im/pictures/11f48ce0-0d0a-42eb-80fb-724bb0e2a57d.jpg?im_w=720',352);
insert into location(id,latitude,longitude,city) values (353,33.489,126.494,'제주');
INSERT INTO room (id, title, description, price_per_day, room_type, bed, max_guest, bathroom, location) VALUES (353,'연동한라산 !!','Yeon-dong, Cheju의 레지던스 전체',100000,'집 전체',1,2,1,353);
INSERT INTO image (type, url, room) VALUES ('thumb','https://a0.muscache.com/im/pictures/56e866f1-70a6-47c8-b146-4f36584b6dc9.jpg?im_w=720',353);
INSERT INTO image (type, url, room) VALUES ('detail','https://a0.muscache.com/im/pictures/96091641-ed20-461d-8c90-b3465d197775.jpg?im_w=720',353);
INSERT INTO image (type, url, room) VALUES ('detail','https://a0.muscache.com/im/pictures/59ff7b69-a244-4050-a5f8-7f6474f7cbeb.jpg?im_w=720',353);
INSERT INTO image (type, url, room) VALUES ('detail','https://a0.muscache.com/im/pictures/0e9885de-701d-412d-b690-3fc8815e6fd1.jpg?im_w=720',353);
INSERT INTO image (type, url, room) VALUES ('detail','https://a0.muscache.com/im/pictures/816f9486-1fbd-4876-8b2b-baa85f3cee1e.jpg?im_w=720',353);
INSERT INTO image (type, url, room) VALUES ('detail','https://a0.muscache.com/im/pictures/a4384e7a-de38-40d4-8522-813b9966e924.jpg?im_w=720',353);
INSERT INTO image (type, url, room) VALUES ('detail','https://a0.muscache.com/im/pictures/a19a4999-5d4c-4860-aced-9e7cdba3cd84.jpg?im_w=720',353);
INSERT INTO image (type, url, room) VALUES ('detail','https://a0.muscache.com/im/pictures/f5680758-7c6d-4d37-b44f-0fe12c4b0fa1.jpg?im_w=720',353);
INSERT INTO image (type, url, room) VALUES ('detail','https://a0.muscache.com/im/pictures/3bbb4707-bd5a-4497-8061-0fc1fcdb8531.jpg?im_w=720',353);
INSERT INTO image (type, url, room) VALUES ('detail','https://a0.muscache.com/im/pictures/012be286-e4b6-4a3e-84fc-c43473b97146.jpg?im_w=720',353);
INSERT INTO image (type, url, room) VALUES ('detail','https://a0.muscache.com/im/pictures/7fe88574-1ec7-4ce5-b48e-930566cf08e7.jpg?im_w=720',353);
INSERT INTO image (type, url, room) VALUES ('detail','https://a0.muscache.com/im/pictures/7f54a70d-2194-4960-8cb8-f1ddf8620f79.jpg?im_w=720',353);
INSERT INTO image (type, url, room) VALUES ('detail','https://a0.muscache.com/im/pictures/14db420a-03ef-40a0-870c-4304fa796df6.jpg?im_w=720',353);
INSERT INTO image (type, url, room) VALUES ('detail','https://a0.muscache.com/im/pictures/91eff60c-799c-4bf4-9811-2cc232f263bd.jpg?im_w=720',353);
INSERT INTO image (type, url, room) VALUES ('detail','https://a0.muscache.com/im/pictures/cccb0e59-4ec0-4759-9a0a-2416ebea58b2.jpg?im_w=720',353);
insert into location(id,latitude,longitude,city) values (354,33.442,126.279,'제주');
INSERT INTO room (id, title, description, price_per_day, room_type, bed, max_guest, bathroom, location) VALUES (354,'독립된 공간에서 편하게 즐기는  제주  살이','Hallim-eub, Cheju의 전원주택 전체',100000,'집 전체',0,4,1,354);
INSERT INTO image (type, url, room) VALUES ('thumb','https://a0.muscache.com/im/pictures/74f40c5d-f802-433a-97f7-e608d6576b09.jpg?im_w=720',354);
INSERT INTO image (type, url, room) VALUES ('detail','https://a0.muscache.com/im/pictures/165fb3ec-69ce-40ef-b429-e741c792b348.jpg?im_w=720',354);
INSERT INTO image (type, url, room) VALUES ('detail','https://a0.muscache.com/im/pictures/ea002bb9-4d06-4b8f-9a09-c1feb012f638.jpg?im_w=720',354);
INSERT INTO image (type, url, room) VALUES ('detail','https://a0.muscache.com/im/pictures/miso/Hosting-49018587/original/0fa22bd2-d588-4374-a86e-7f43be9b08e7.jpeg?im_w=720',354);
INSERT INTO image (type, url, room) VALUES ('detail','https://a0.muscache.com/im/pictures/881f33cc-a57e-40f7-8179-bf70b97605b8.jpg?im_w=720',354);
INSERT INTO image (type, url, room) VALUES ('detail','https://a0.muscache.com/im/pictures/5033c515-7e0b-48b3-aaa0-bb5dcdd1df75.jpg?im_w=720',354);
INSERT INTO image (type, url, room) VALUES ('detail','https://a0.muscache.com/im/pictures/miso/Hosting-49018587/original/5901ebe8-8215-443c-8404-9011d8ea6a57.jpeg?im_w=720',354);
INSERT INTO image (type, url, room) VALUES ('detail','https://a0.muscache.com/im/pictures/miso/Hosting-49018587/original/16645654-7338-44ea-8b68-4707940a9c75.jpeg?im_w=720',354);
INSERT INTO image (type, url, room) VALUES ('detail','https://a0.muscache.com/im/pictures/miso/Hosting-49018587/original/01c632d2-876a-4e7e-a011-695eb0d7fd12.jpeg?im_w=720',354);
INSERT INTO image (type, url, room) VALUES ('detail','https://a0.muscache.com/im/pictures/miso/Hosting-49018587/original/c1ce4344-6161-41b8-aa7d-071b10828900.jpeg?im_w=720',354);
insert into location(id,latitude,longitude,city) values (355,33.49,126.492,'제주');
INSERT INTO room (id, title, description, price_per_day, room_type, bed, max_guest, bathroom, location) VALUES (355,'연동 레지던스 .!','Yeon-dong, Cheju의 레지던스 전체',100000,'집 전체',1,1,1,355);
INSERT INTO image (type, url, room) VALUES ('thumb','https://a0.muscache.com/im/pictures/25df31da-2bd5-4de0-8eb4-d01f41513a9c.jpg?im_w=720',355);
INSERT INTO image (type, url, room) VALUES ('detail','https://a0.muscache.com/im/pictures/6574a92b-03ff-43bd-9c95-9ba2f21d6517.jpg?im_w=720',355);
INSERT INTO image (type, url, room) VALUES ('detail','https://a0.muscache.com/im/pictures/90eeed1d-797c-4956-bca9-ff51ccbc650e.jpg?im_w=720',355);
INSERT INTO image (type, url, room) VALUES ('detail','https://a0.muscache.com/im/pictures/b0b528ea-ad0a-4108-a909-07f7120b80c9.jpg?im_w=720',355);
INSERT INTO image (type, url, room) VALUES ('detail','https://a0.muscache.com/im/pictures/a41374c8-d0c5-4afa-9436-8973224f90cd.jpg?im_w=720',355);
INSERT INTO image (type, url, room) VALUES ('detail','https://a0.muscache.com/im/pictures/45dba921-87bf-4828-824d-381c4d0203df.jpg?im_w=720',355);
INSERT INTO image (type, url, room) VALUES ('detail','https://a0.muscache.com/im/pictures/5889704e-4f33-4c8a-acda-7bd5de8d2da5.jpg?im_w=720',355);
INSERT INTO image (type, url, room) VALUES ('detail','https://a0.muscache.com/im/pictures/ea17086f-4c89-4c42-b812-c5dac7ba8923.jpg?im_w=720',355);
insert into location(id,latitude,longitude,city) values (356,33.494,126.492,'제주');
INSERT INTO room (id, title, description, price_per_day, room_type, bed, max_guest, bathroom, location) VALUES (356,'(할인중) YAA 공항근처/ 가성비 최고/ 개인실/ 개별욕실/ 주방/ 세탁건조기/ 주차공간','Yeon-dong, Jeju-si의 호스텔 객실',100000,'개인실',1,2,1,356);
INSERT INTO image (type, url, room) VALUES ('thumb','https://a0.muscache.com/im/pictures/c3876756-d8d6-4798-b898-e8306296dc17.jpg?im_w=720',356);
INSERT INTO image (type, url, room) VALUES ('detail','https://a0.muscache.com/im/pictures/c0e3f6da-0780-4aad-9d78-39c3d7108f36.jpg?im_w=720',356);
INSERT INTO image (type, url, room) VALUES ('detail','https://a0.muscache.com/im/pictures/153688ad-6c27-4e91-a9c6-71a061413596.jpg?im_w=720',356);
INSERT INTO image (type, url, room) VALUES ('detail','https://a0.muscache.com/im/pictures/fea69b88-e856-4af4-a404-c2cc89fb1cc2.jpg?im_w=720',356);
INSERT INTO image (type, url, room) VALUES ('detail','https://a0.muscache.com/im/pictures/7b02ab1a-587a-4d8c-ae04-12b301158854.jpg?im_w=720',356);
INSERT INTO image (type, url, room) VALUES ('detail','https://a0.muscache.com/im/pictures/7b5a0aef-5e02-4e2e-bbe1-37ce8d136a57.jpg?im_w=720',356);
INSERT INTO image (type, url, room) VALUES ('detail','https://a0.muscache.com/im/pictures/852b5290-b793-478d-864e-615728aa5d72.jpg?im_w=720',356);
INSERT INTO image (type, url, room) VALUES ('detail','https://a0.muscache.com/im/pictures/e57f7940-ac54-4d77-83aa-1ea1ceeb87f0.jpg?im_w=720',356);
INSERT INTO image (type, url, room) VALUES ('detail','https://a0.muscache.com/im/pictures/c87c915f-cc35-48f3-a6a7-15615c608623.jpg?im_w=720',356);
INSERT INTO image (type, url, room) VALUES ('detail','https://a0.muscache.com/im/pictures/c0c78d5a-c2bb-4e8e-b996-bc79c4d8f8dd.jpg?im_w=720',356);
INSERT INTO image (type, url, room) VALUES ('detail','https://a0.muscache.com/im/pictures/930aecc8-0ecf-4d90-b5f3-f13565e43e6f.jpg?im_w=720',356);
INSERT INTO image (type, url, room) VALUES ('detail','https://a0.muscache.com/im/pictures/miso/Hosting-30340376/original/860df7cf-53ae-4b08-83c1-fa8da87e97cf.jpeg?im_w=720',356);
INSERT INTO image (type, url, room) VALUES ('detail','https://a0.muscache.com/im/pictures/miso/Hosting-30340376/original/8ba75c9a-fb8c-4746-90aa-14699fcfe936.jpeg?im_w=720',356);
INSERT INTO image (type, url, room) VALUES ('detail','https://a0.muscache.com/im/pictures/miso/Hosting-30340376/original/ff3d07df-90fe-4fd9-b1ee-1e8cbf12c747.jpeg?im_w=720',356);
insert into location(id,latitude,longitude,city) values (357,33.548,126.657,'제주');
INSERT INTO room (id, title, description, price_per_day, room_type, bed, max_guest, bathroom, location) VALUES (357,'2인실룸 인피니티리조트 스쿠버다이빙 프리다이빙 서핑 스노쿨링 전객실 오션뷰','Jochon-eup의 펜션',100000,'집 전체',1,2,1,357);
INSERT INTO image (type, url, room) VALUES ('thumb','https://a0.muscache.com/im/pictures/miso/Hosting-44323406/original/7d63b55e-2f78-48e7-a7ad-a2029031a2af.jpeg?im_w=720',357);
INSERT INTO image (type, url, room) VALUES ('detail','https://a0.muscache.com/im/pictures/532a3ba3-d1c3-44b5-a7ad-c97113da2cfe.jpg?im_w=720',357);
INSERT INTO image (type, url, room) VALUES ('detail','https://a0.muscache.com/im/pictures/76305923-d1bf-4f63-ba92-18b2e41353e4.jpg?im_w=720',357);
INSERT INTO image (type, url, room) VALUES ('detail','https://a0.muscache.com/im/pictures/68489c62-e0a0-46e4-bc57-4e4da455f897.jpg?im_w=720',357);
INSERT INTO image (type, url, room) VALUES ('detail','https://a0.muscache.com/im/pictures/0e239b48-5e86-41b8-b6ab-a8b0e60dc6f1.jpg?im_w=720',357);
INSERT INTO image (type, url, room) VALUES ('detail','https://a0.muscache.com/im/pictures/miso/Hosting-44323406/original/1036489c-093a-4f4c-8f33-4c07e35dfd2a.jpeg?im_w=720',357);
INSERT INTO image (type, url, room) VALUES ('detail','https://a0.muscache.com/im/pictures/626ba99c-dd01-44f3-ba65-b6db221fdb4d.jpg?im_w=720',357);
INSERT INTO image (type, url, room) VALUES ('detail','https://a0.muscache.com/im/pictures/825eb084-9c2d-41f8-b988-ac3c4338a7a9.jpg?im_w=720',357);
INSERT INTO image (type, url, room) VALUES ('detail','https://a0.muscache.com/im/pictures/dec6ac1a-0004-4cce-95d6-b25deeedb738.jpg?im_w=720',357);
INSERT INTO image (type, url, room) VALUES ('detail','https://a0.muscache.com/im/pictures/5bca7030-2d44-40ec-97e6-5394cbd67390.jpg?im_w=720',357);
INSERT INTO image (type, url, room) VALUES ('detail','https://a0.muscache.com/im/pictures/5c2eecad-3107-48b1-8789-05989e4f5e91.jpg?im_w=720',357);
INSERT INTO image (type, url, room) VALUES ('detail','https://a0.muscache.com/im/pictures/70f5c942-1566-49ae-9d3f-a237e0ec77da.jpg?im_w=720',357);
INSERT INTO image (type, url, room) VALUES ('detail','https://a0.muscache.com/im/pictures/ca2e352e-b87c-4412-8c20-dcc1456a9063.jpg?im_w=720',357);
INSERT INTO image (type, url, room) VALUES ('detail','https://a0.muscache.com/im/pictures/0ac04f97-0647-49a9-872b-10dfc152ce54.jpg?im_w=720',357);
INSERT INTO image (type, url, room) VALUES ('detail','https://a0.muscache.com/im/pictures/miso/Hosting-44323406/original/5fa70329-36e3-497f-aa8f-dfd6002dc0c1.jpeg?im_w=720',357);
INSERT INTO image (type, url, room) VALUES ('detail','https://a0.muscache.com/im/pictures/11ce92db-95bf-4fdf-be02-19d9e44acd7d.jpg?im_w=720',357);
INSERT INTO image (type, url, room) VALUES ('detail','https://a0.muscache.com/im/pictures/e858e777-6210-4df0-936f-cef2667e76f7.jpg?im_w=720',357);
INSERT INTO image (type, url, room) VALUES ('detail','https://a0.muscache.com/im/pictures/0abe5de2-80b3-4c85-8307-c20e37aba40e.jpg?im_w=720',357);
INSERT INTO image (type, url, room) VALUES ('detail','https://a0.muscache.com/im/pictures/eedbf43f-2fb5-49f9-9c05-27bbc165a18b.jpg?im_w=720',357);
INSERT INTO image (type, url, room) VALUES ('detail','https://a0.muscache.com/im/pictures/miso/Hosting-44323406/original/c780ee07-f3f0-477a-bb4e-c26553fc1159.jpeg?im_w=720',357);
INSERT INTO image (type, url, room) VALUES ('detail','https://a0.muscache.com/im/pictures/miso/Hosting-44323406/original/03c5ec62-20e8-4a36-aba4-c151f4eac686.jpeg?im_w=720',357);
INSERT INTO image (type, url, room) VALUES ('detail','https://a0.muscache.com/im/pictures/miso/Hosting-44323406/original/6aacb8da-995b-40fe-a812-496d1d2b7d0a.jpeg?im_w=720',357);
INSERT INTO image (type, url, room) VALUES ('detail','https://a0.muscache.com/im/pictures/miso/Hosting-44323406/original/1bfd54a3-9d04-4506-9307-eba2668a3df1.jpeg?im_w=720',357);
INSERT INTO image (type, url, room) VALUES ('detail','https://a0.muscache.com/im/pictures/miso/Hosting-44323406/original/c7b86234-d5a6-472d-b05a-de188a851ed1.jpeg?im_w=720',357);
INSERT INTO image (type, url, room) VALUES ('detail','https://a0.muscache.com/im/pictures/miso/Hosting-44323406/original/eb639285-1aaf-43a9-a9a8-3a09509f6d29.jpeg?im_w=720',357);
INSERT INTO image (type, url, room) VALUES ('detail','https://a0.muscache.com/im/pictures/miso/Hosting-44323406/original/badf9c8d-ac66-4aeb-bd48-edc86a59bd15.jpeg?im_w=720',357);
insert into location(id,latitude,longitude,city) values (358,33.324,126.168,'제주');
INSERT INTO room (id, title, description, price_per_day, room_type, bed, max_guest, bathroom, location) VALUES (358,'제주서쪽 바닷가마을의 시골집 [서로의 나날]','Hangyeong-myeon, Cheju의 개인실',100000,'개인실',1,2,1,358);
INSERT INTO image (type, url, room) VALUES ('thumb','https://a0.muscache.com/im/pictures/771b70b2-7e88-455b-b289-1bee1785f092.jpg?im_w=720',358);
INSERT INTO image (type, url, room) VALUES ('detail','https://a0.muscache.com/im/pictures/3e373afd-0359-4843-92df-1791ef719958.jpg?im_w=720',358);
INSERT INTO image (type, url, room) VALUES ('detail','https://a0.muscache.com/im/pictures/65e70300-3332-4c63-a205-9ac91c9e790c.jpg?im_w=720',358);
INSERT INTO image (type, url, room) VALUES ('detail','https://a0.muscache.com/im/pictures/37da27fc-4f81-4579-82b5-fd6558fe5992.jpg?im_w=720',358);
INSERT INTO image (type, url, room) VALUES ('detail','https://a0.muscache.com/im/pictures/63758f57-70e2-4c5b-bb22-bf6ddd0af576.jpg?im_w=720',358);
INSERT INTO image (type, url, room) VALUES ('detail','https://a0.muscache.com/im/pictures/5d3264b5-82e1-4edd-9e7f-a50e0f931ea8.jpg?im_w=720',358);
INSERT INTO image (type, url, room) VALUES ('detail','https://a0.muscache.com/im/pictures/4b086b00-4ba4-4c0b-b4dd-b429111b7da6.jpg?im_w=720',358);
INSERT INTO image (type, url, room) VALUES ('detail','https://a0.muscache.com/im/pictures/3b3b6f93-eaec-4d6d-a8f0-48974b94d804.jpg?im_w=720',358);
INSERT INTO image (type, url, room) VALUES ('detail','https://a0.muscache.com/im/pictures/452b9f51-e964-4801-adac-1fe06ad27f90.jpg?im_w=720',358);
INSERT INTO image (type, url, room) VALUES ('detail','https://a0.muscache.com/im/pictures/62b64ff4-d3d0-4b77-86f8-a228986c5be9.jpg?im_w=720',358);
INSERT INTO image (type, url, room) VALUES ('detail','https://a0.muscache.com/im/pictures/ec714609-f190-496d-9e94-8af9ecd15359.jpg?im_w=720',358);
INSERT INTO image (type, url, room) VALUES ('detail','https://a0.muscache.com/im/pictures/4aff82ab-66ed-4533-afc2-9a196ee4fdaf.jpg?im_w=720',358);
INSERT INTO image (type, url, room) VALUES ('detail','https://a0.muscache.com/im/pictures/1983f053-5bbb-4ec4-a0a5-ce7486539398.jpg?im_w=720',358);
INSERT INTO image (type, url, room) VALUES ('detail','https://a0.muscache.com/im/pictures/738654a1-db73-4b66-8a52-27b19f0de3cc.jpg?im_w=720',358);
INSERT INTO image (type, url, room) VALUES ('detail','https://a0.muscache.com/im/pictures/7d6c0a75-97e5-4299-afe1-ac9d2d3675ae.jpg?im_w=720',358);
INSERT INTO image (type, url, room) VALUES ('detail','https://a0.muscache.com/im/pictures/57211d89-9377-4284-b72f-129d3495aece.jpg?im_w=720',358);
INSERT INTO image (type, url, room) VALUES ('detail','https://a0.muscache.com/im/pictures/40884dda-dd67-4f65-a99c-3176c54b0c01.jpg?im_w=720',358);
INSERT INTO image (type, url, room) VALUES ('detail','https://a0.muscache.com/im/pictures/949b38d4-fd32-4b38-a1c9-33743d19ec1e.jpg?im_w=720',358);
INSERT INTO image (type, url, room) VALUES ('detail','https://a0.muscache.com/im/pictures/bc8e0f05-170e-4b7f-987d-65c26239333c.jpg?im_w=720',358);
INSERT INTO image (type, url, room) VALUES ('detail','https://a0.muscache.com/im/pictures/35738b5c-acc1-4223-beaa-e9e447c0ceb2.jpg?im_w=720',358);
INSERT INTO image (type, url, room) VALUES ('detail','https://a0.muscache.com/im/pictures/1d9eabc3-6651-4ced-80a7-042fb082ac53.jpg?im_w=720',358);
INSERT INTO image (type, url, room) VALUES ('detail','https://a0.muscache.com/im/pictures/7f5867b0-abbd-4c33-a5f4-dae15f14d7cc.jpg?im_w=720',358);
INSERT INTO image (type, url, room) VALUES ('detail','https://a0.muscache.com/im/pictures/ff6c2f71-f464-4f11-b659-a3da4aeaed19.jpg?im_w=720',358);
INSERT INTO image (type, url, room) VALUES ('detail','https://a0.muscache.com/im/pictures/6b3a563e-7d13-42e1-959e-322469b015f0.jpg?im_w=720',358);
INSERT INTO image (type, url, room) VALUES ('detail','https://a0.muscache.com/im/pictures/1e277198-ad2e-4009-b314-fccedaaba539.jpg?im_w=720',358);
INSERT INTO image (type, url, room) VALUES ('detail','https://a0.muscache.com/im/pictures/a574f6fb-10c8-4e0b-9921-a4ed37895820.jpg?im_w=720',358);
INSERT INTO image (type, url, room) VALUES ('detail','https://a0.muscache.com/im/pictures/eae95585-9ae1-4439-870c-1b1b892fdd06.jpg?im_w=720',358);
INSERT INTO image (type, url, room) VALUES ('detail','https://a0.muscache.com/im/pictures/73f8f78a-7083-4032-be48-2351473b7436.jpg?im_w=720',358);
INSERT INTO image (type, url, room) VALUES ('detail','https://a0.muscache.com/im/pictures/3a2be764-72d3-484f-862e-b8c7d48e00c1.jpg?im_w=720',358);
INSERT INTO image (type, url, room) VALUES ('detail','https://a0.muscache.com/im/pictures/c0f8fcbf-b529-4422-88a8-412fd76723b4.jpg?im_w=720',358);
insert into location(id,latitude,longitude,city) values (359,33.542,126.654,'제주');
INSERT INTO room (id, title, description, price_per_day, room_type, bed, max_guest, bathroom, location) VALUES (359,'해밀하우스 (장기한달살이 임대)','Jochon-eup, Cheju의 게스트용 별채 전체',90000,'집 전체',1,4,1,359);
INSERT INTO image (type, url, room) VALUES ('thumb','https://a0.muscache.com/im/pictures/a8d2597d-c533-415f-b68f-e747d2770130.jpg?im_w=720',359);
INSERT INTO image (type, url, room) VALUES ('detail','https://a0.muscache.com/im/pictures/2dd29119-33bc-4782-9789-6273599380d0.jpg?im_w=720',359);
INSERT INTO image (type, url, room) VALUES ('detail','https://a0.muscache.com/im/pictures/96689ce0-0348-4bc0-bdc2-a1c719dfcb39.jpg?im_w=720',359);
INSERT INTO image (type, url, room) VALUES ('detail','https://a0.muscache.com/im/pictures/75318ccd-5730-43f6-b970-e0c9c6e11fa3.jpg?im_w=720',359);
INSERT INTO image (type, url, room) VALUES ('detail','https://a0.muscache.com/im/pictures/c9586af0-83a2-4ca7-a367-a7a4b469c9f4.jpg?im_w=720',359);
INSERT INTO image (type, url, room) VALUES ('detail','https://a0.muscache.com/im/pictures/de060c57-ae10-47f1-8af4-99a5afe8334f.jpg?im_w=720',359);
INSERT INTO image (type, url, room) VALUES ('detail','https://a0.muscache.com/im/pictures/614a2c8b-7934-4b89-ae20-abdf369851d7.jpg?im_w=720',359);
INSERT INTO image (type, url, room) VALUES ('detail','https://a0.muscache.com/im/pictures/105c8fbd-e1b6-4930-9eb6-bd6309060949.jpg?im_w=720',359);
INSERT INTO image (type, url, room) VALUES ('detail','https://a0.muscache.com/im/pictures/ca02794e-0e72-400c-a12c-7cce752ec041.jpg?im_w=720',359);
INSERT INTO image (type, url, room) VALUES ('detail','https://a0.muscache.com/im/pictures/c16dedc8-a5c1-41e5-9b31-d33b75251ec8.jpg?im_w=720',359);
insert into location(id,latitude,longitude,city) values (360,33.466,126.337,'제주');
INSERT INTO room (id, title, description, price_per_day, room_type, bed, max_guest, bathroom, location) VALUES (360,'베이스룸(1인실 슈퍼싱글베드) [하버하우스웨스트]','Aewol-eup, Jeju-si의 개인실',90000,'개인실',1,1,2,360);
INSERT INTO image (type, url, room) VALUES ('thumb','https://a0.muscache.com/im/pictures/cee1dd2d-1fbf-4ecd-8a78-389263ed15ac.jpg?im_w=720',360);
INSERT INTO image (type, url, room) VALUES ('detail','https://a0.muscache.com/im/pictures/1023bb30-dd24-43f8-a785-b22f985ccc9e.jpg?im_w=720',360);
INSERT INTO image (type, url, room) VALUES ('detail','https://a0.muscache.com/im/pictures/261b91e2-c59f-468d-835e-aaa42e92b685.jpg?im_w=720',360);
INSERT INTO image (type, url, room) VALUES ('detail','https://a0.muscache.com/im/pictures/2e0ddade-8b66-4b76-8f6a-9a1fec2235e5.jpg?im_w=720',360);
INSERT INTO image (type, url, room) VALUES ('detail','https://a0.muscache.com/im/pictures/7cca147f-1fe2-42bb-b26b-197a1ad55bb3.jpg?im_w=720',360);
INSERT INTO image (type, url, room) VALUES ('detail','https://a0.muscache.com/im/pictures/b82eb70c-8f63-432d-bf02-7524f431e58a.jpg?im_w=720',360);
INSERT INTO image (type, url, room) VALUES ('detail','https://a0.muscache.com/im/pictures/900d3ba7-4f0c-4530-8ebf-4b812d5f3a9d.jpg?im_w=720',360);
INSERT INTO image (type, url, room) VALUES ('detail','https://a0.muscache.com/im/pictures/7b309195-de02-4d22-a9d1-24255df08b8a.jpg?im_w=720',360);
INSERT INTO image (type, url, room) VALUES ('detail','https://a0.muscache.com/im/pictures/dc4e00fb-e9a9-44e2-adc3-fa0b8d8a3560.jpg?im_w=720',360);
INSERT INTO image (type, url, room) VALUES ('detail','https://a0.muscache.com/im/pictures/78de0c9c-f3ab-488e-846f-3748ed5770d0.jpg?im_w=720',360);
INSERT INTO image (type, url, room) VALUES ('detail','https://a0.muscache.com/im/pictures/3f3a00b0-60fd-4ec9-bc30-0082ab0bf333.jpg?im_w=720',360);
INSERT INTO image (type, url, room) VALUES ('detail','https://a0.muscache.com/im/pictures/58307894-11b1-4ee3-b0cb-f62394b2583f.jpg?im_w=720',360);
insert into location(id,latitude,longitude,city) values (361,33.559,126.793,'제주');
INSERT INTO room (id, title, description, price_per_day, room_type, bed, max_guest, bathroom, location) VALUES (361,'말레콘 감귤룸(개별욕실,시디&만화책)','Gujwa-eup, Cheju의 개인실',100000,'개인실',1,4,1,361);
INSERT INTO image (type, url, room) VALUES ('thumb','https://a0.muscache.com/im/pictures/7ffe8a8a-52be-4805-b35f-97ce9e93d0ad.jpg?im_w=720',361);
INSERT INTO image (type, url, room) VALUES ('detail','https://a0.muscache.com/im/pictures/a920e11d-6e6f-4598-a499-9770a2e48124.jpg?im_w=720',361);
INSERT INTO image (type, url, room) VALUES ('detail','https://a0.muscache.com/im/pictures/3dda43c1-a9cd-409c-b9e2-d415201c8d6a.jpg?im_w=720',361);
INSERT INTO image (type, url, room) VALUES ('detail','https://a0.muscache.com/im/pictures/8a830ffc-5862-4d49-83b1-5abf2395648a.jpg?im_w=720',361);
INSERT INTO image (type, url, room) VALUES ('detail','https://a0.muscache.com/im/pictures/af912e8d-2d91-48c0-a773-f4afaaf9ea33.jpg?im_w=720',361);
INSERT INTO image (type, url, room) VALUES ('detail','https://a0.muscache.com/im/pictures/c6dce633-1d2c-46ef-8ec6-6b72760f2a58.jpg?im_w=720',361);
INSERT INTO image (type, url, room) VALUES ('detail','https://a0.muscache.com/im/pictures/60137a3b-3e6f-4305-a736-0238079fe9e4.jpg?im_w=720',361);
INSERT INTO image (type, url, room) VALUES ('detail','https://a0.muscache.com/im/pictures/84546c92-f938-44a7-bc0e-0c21858cf9fb.jpg?im_w=720',361);
INSERT INTO image (type, url, room) VALUES ('detail','https://a0.muscache.com/im/pictures/5fcbde37-a1b2-49e3-8729-820b79e62e7a.jpg?im_w=720',361);
INSERT INTO image (type, url, room) VALUES ('detail','https://a0.muscache.com/im/pictures/e0eec851-4aa4-4da5-874b-e04b622e79f2.jpg?im_w=720',361);
INSERT INTO image (type, url, room) VALUES ('detail','https://a0.muscache.com/im/pictures/31310e15-5b2d-4d33-9202-2071511e6769.jpg?im_w=720',361);
INSERT INTO image (type, url, room) VALUES ('detail','https://a0.muscache.com/im/pictures/e0248763-f212-4136-bbe7-5dc582468dd7.jpg?im_w=720',361);
INSERT INTO image (type, url, room) VALUES ('detail','https://a0.muscache.com/im/pictures/977d1f5d-8d67-43b6-98a6-59a48f221046.jpg?im_w=720',361);
INSERT INTO image (type, url, room) VALUES ('detail','https://a0.muscache.com/im/pictures/9d218453-8be4-45d3-ac0d-867edcc99832.jpg?im_w=720',361);
INSERT INTO image (type, url, room) VALUES ('detail','https://a0.muscache.com/im/pictures/eed6bc6a-e26d-4c7e-9601-c829fbe65234.jpg?im_w=720',361);
INSERT INTO image (type, url, room) VALUES ('detail','https://a0.muscache.com/im/pictures/c7387b70-55bb-4e19-a007-dd24334461bb.jpg?im_w=720',361);
INSERT INTO image (type, url, room) VALUES ('detail','https://a0.muscache.com/im/pictures/00ba6987-c83b-4ed3-9755-a0823814975a.jpg?im_w=720',361);
INSERT INTO image (type, url, room) VALUES ('detail','https://a0.muscache.com/im/pictures/e42d0522-f5ff-412a-8914-610a31d947c1.jpg?im_w=720',361);
INSERT INTO image (type, url, room) VALUES ('detail','https://a0.muscache.com/im/pictures/8d45a76b-a905-40ae-b9b5-dc36b734d2ca.jpg?im_w=720',361);
INSERT INTO image (type, url, room) VALUES ('detail','https://a0.muscache.com/im/pictures/165b36f8-b661-47a3-8db1-aa4325e54e80.jpg?im_w=720',361);
INSERT INTO image (type, url, room) VALUES ('detail','https://a0.muscache.com/im/pictures/168c9956-134b-43a5-933b-256125691250.jpg?im_w=720',361);
INSERT INTO image (type, url, room) VALUES ('detail','https://a0.muscache.com/im/pictures/c92cfa25-509b-44f6-b8c7-126ccc503d1b.jpg?im_w=720',361);
INSERT INTO image (type, url, room) VALUES ('detail','https://a0.muscache.com/im/pictures/7e54a64c-a2a5-401e-86ec-5fc44c994ac6.jpg?im_w=720',361);
INSERT INTO image (type, url, room) VALUES ('detail','https://a0.muscache.com/im/pictures/23756346-2bae-43e3-af27-d6d47ec96123.jpg?im_w=720',361);
INSERT INTO image (type, url, room) VALUES ('detail','https://a0.muscache.com/im/pictures/b6504b84-ef52-4de5-a357-a055dfb668f9.jpg?im_w=720',361);
INSERT INTO image (type, url, room) VALUES ('detail','https://a0.muscache.com/im/pictures/fa02b3d3-7527-4431-987b-80eb66aae466.jpg?im_w=720',361);
INSERT INTO image (type, url, room) VALUES ('detail','https://a0.muscache.com/im/pictures/5b6c3ada-878d-4930-9c47-f2e46aa2a9c7.jpg?im_w=720',361);
INSERT INTO image (type, url, room) VALUES ('detail','https://a0.muscache.com/im/pictures/deb9e787-a4b4-419b-a859-e914413d755c.jpg?im_w=720',361);
INSERT INTO image (type, url, room) VALUES ('detail','https://a0.muscache.com/im/pictures/9fd6e0b4-665d-48ec-b024-331c332e7503.jpg?im_w=720',361);
INSERT INTO image (type, url, room) VALUES ('detail','https://a0.muscache.com/im/pictures/8f27d83b-17dd-42bd-8618-c4f6d415e573.jpg?im_w=720',361);
insert into location(id,latitude,longitude,city) values (362,33.452,126.434,'제주');
INSERT INTO room (id, title, description, price_per_day, room_type, bed, max_guest, bathroom, location) VALUES (362,'[NEW OPEN] 오소록 하우스💫 _나만의 안락하고 편안한 공간','Aewol-eup, Cheju의 집 전체',95000,'집 전체',1,2,1,362);
INSERT INTO image (type, url, room) VALUES ('thumb','https://a0.muscache.com/im/pictures/4ff77f88-4110-4ed1-ada3-7fd2de5e45d2.jpg?im_w=720',362);
INSERT INTO image (type, url, room) VALUES ('detail','https://a0.muscache.com/im/pictures/c1ee5938-7308-41b9-8bca-913a87248526.jpg?im_w=720',362);
INSERT INTO image (type, url, room) VALUES ('detail','https://a0.muscache.com/im/pictures/930cc2ac-829c-4365-a4b5-9e3f483915f0.jpg?im_w=720',362);
INSERT INTO image (type, url, room) VALUES ('detail','https://a0.muscache.com/im/pictures/186fcdca-74cd-47ae-9283-9655c3cd7d03.jpg?im_w=720',362);
INSERT INTO image (type, url, room) VALUES ('detail','https://a0.muscache.com/im/pictures/57062fae-fede-4041-8bbb-a1e99a9dd112.jpg?im_w=720',362);
INSERT INTO image (type, url, room) VALUES ('detail','https://a0.muscache.com/im/pictures/57bf5470-c3ae-485f-914d-abaff924dd7c.jpg?im_w=720',362);
INSERT INTO image (type, url, room) VALUES ('detail','https://a0.muscache.com/im/pictures/98f9fcab-51c2-445e-b92b-e1e23ac32ef0.jpg?im_w=720',362);
INSERT INTO image (type, url, room) VALUES ('detail','https://a0.muscache.com/im/pictures/f8fbd748-55f0-4fda-94fd-eebbcf5fcb3c.jpg?im_w=720',362);
INSERT INTO image (type, url, room) VALUES ('detail','https://a0.muscache.com/im/pictures/dc2aa510-d38f-4eb3-92a2-6a51785d8117.jpg?im_w=720',362);
INSERT INTO image (type, url, room) VALUES ('detail','https://a0.muscache.com/im/pictures/05e473b1-13ca-49e9-b3d4-b032c02ebca4.jpg?im_w=720',362);
INSERT INTO image (type, url, room) VALUES ('detail','https://a0.muscache.com/im/pictures/df511bc7-5733-441d-af20-8abc54221539.jpg?im_w=720',362);
INSERT INTO image (type, url, room) VALUES ('detail','https://a0.muscache.com/im/pictures/652e1949-4a13-4ecf-9073-4220047b2dde.jpg?im_w=720',362);
INSERT INTO image (type, url, room) VALUES ('detail','https://a0.muscache.com/im/pictures/e2abe8d6-2c4a-4ff8-820c-40502f74d457.jpg?im_w=720',362);
INSERT INTO image (type, url, room) VALUES ('detail','https://a0.muscache.com/im/pictures/a5007d60-dc75-42be-b378-40580cf7dd88.jpg?im_w=720',362);
INSERT INTO image (type, url, room) VALUES ('detail','https://a0.muscache.com/im/pictures/075a3977-2f88-4de8-9fea-b74439420b4e.jpg?im_w=720',362);
INSERT INTO image (type, url, room) VALUES ('detail','https://a0.muscache.com/im/pictures/7bbb1c4f-4592-4a4f-8b24-12415524a92c.jpg?im_w=720',362);
INSERT INTO image (type, url, room) VALUES ('detail','https://a0.muscache.com/im/pictures/1d3a3e2c-d22b-4b3f-8b49-800a5489e3e7.jpg?im_w=720',362);
INSERT INTO image (type, url, room) VALUES ('detail','https://a0.muscache.com/im/pictures/fa9493ab-05ac-4b4b-aeb7-43922d5d4a22.jpg?im_w=720',362);
INSERT INTO image (type, url, room) VALUES ('detail','https://a0.muscache.com/im/pictures/32d95e3a-72b6-4656-8dce-f88709604b62.jpg?im_w=720',362);
INSERT INTO image (type, url, room) VALUES ('detail','https://a0.muscache.com/im/pictures/85f4d43d-c8d2-48ef-be81-f2822909d8cb.jpg?im_w=720',362);
INSERT INTO image (type, url, room) VALUES ('detail','https://a0.muscache.com/im/pictures/25454604-d7bd-4bd3-907d-0df6d1e03c16.jpg?im_w=720',362);
INSERT INTO image (type, url, room) VALUES ('detail','https://a0.muscache.com/im/pictures/289216ea-3e5b-495d-80ce-c7a2c74d8c0f.jpg?im_w=720',362);
INSERT INTO image (type, url, room) VALUES ('detail','https://a0.muscache.com/im/pictures/62ea35bf-bb4b-47fd-b767-1406bce911e4.jpg?im_w=720',362);
INSERT INTO image (type, url, room) VALUES ('detail','https://a0.muscache.com/im/pictures/d4f9c11b-8924-4965-a8ff-d2e613c02868.jpg?im_w=720',362);
INSERT INTO image (type, url, room) VALUES ('detail','https://a0.muscache.com/im/pictures/53b3cae2-1a72-4d31-82ff-427df1bb4d22.jpg?im_w=720',362);
insert into location(id,latitude,longitude,city) values (363,33.457,126.35,'제주');
INSERT INTO room (id, title, description, price_per_day, room_type, bed, max_guest, bathroom, location) VALUES (363,'2인실"우리동네하가리"
상업적공간이 아닌 냥이가  갑인 공간 입니다
공지사항 필독!!','Aewol-eup, Cheju의 개인실',90000,'개인실',1,2,1,363);
INSERT INTO image (type, url, room) VALUES ('thumb','https://a0.muscache.com/im/pictures/e31a3188-2260-43a1-b979-bd9a695c192d.jpg?im_w=720',363);
INSERT INTO image (type, url, room) VALUES ('detail','https://a0.muscache.com/im/pictures/a5f4ebac-90b9-4011-b300-a6ec1c8da59c.jpg?im_w=720',363);
INSERT INTO image (type, url, room) VALUES ('detail','https://a0.muscache.com/im/pictures/b70a8569-89fa-4609-a22c-30702b32af59.jpg?im_w=720',363);
INSERT INTO image (type, url, room) VALUES ('detail','https://a0.muscache.com/im/pictures/f5d46786-e5d9-4b9c-87c0-42f436b962d7.jpg?im_w=720',363);
INSERT INTO image (type, url, room) VALUES ('detail','https://a0.muscache.com/im/pictures/eab82462-d369-40d2-8054-ff03d12e7d12.jpg?im_w=720',363);
INSERT INTO image (type, url, room) VALUES ('detail','https://a0.muscache.com/im/pictures/5156ed28-9200-4bea-854b-f3350d204a57.jpg?im_w=720',363);
INSERT INTO image (type, url, room) VALUES ('detail','https://a0.muscache.com/im/pictures/3f1fe77f-ca65-4ca7-adbc-88b746e28e98.jpg?im_w=720',363);
INSERT INTO image (type, url, room) VALUES ('detail','https://a0.muscache.com/im/pictures/19d752b2-6d16-49cc-a407-e91b31cc427a.jpg?im_w=720',363);
INSERT INTO image (type, url, room) VALUES ('detail','https://a0.muscache.com/im/pictures/05961042-c46d-41a1-a66f-ab716a4d2171.jpg?im_w=720',363);
INSERT INTO image (type, url, room) VALUES ('detail','https://a0.muscache.com/im/pictures/8f295c54-6801-4b5d-91b5-cc8dc43e9589.jpg?im_w=720',363);
INSERT INTO image (type, url, room) VALUES ('detail','https://a0.muscache.com/im/pictures/15875064-f302-4259-b1f4-6bb4095839fc.jpg?im_w=720',363);
INSERT INTO image (type, url, room) VALUES ('detail','https://a0.muscache.com/im/pictures/aa583e8e-a830-4865-8200-89baf615b8a5.jpg?im_w=720',363);
INSERT INTO image (type, url, room) VALUES ('detail','https://a0.muscache.com/im/pictures/c5354929-e1f3-4fda-864d-94d3f5116fbb.jpg?im_w=720',363);
INSERT INTO image (type, url, room) VALUES ('detail','https://a0.muscache.com/im/pictures/f0c1771e-10fb-4243-9cd9-1c7bbca5227b.jpg?im_w=720',363);
INSERT INTO image (type, url, room) VALUES ('detail','https://a0.muscache.com/im/pictures/193ae864-8abc-43ba-9a2a-4356d687304b.jpg?im_w=720',363);
INSERT INTO image (type, url, room) VALUES ('detail','https://a0.muscache.com/im/pictures/bed4bf8c-5d4b-409e-b4e1-2cd45e0d309d.jpg?im_w=720',363);
INSERT INTO image (type, url, room) VALUES ('detail','https://a0.muscache.com/im/pictures/227e201f-068c-4ea7-b01a-068fd2986d9f.jpg?im_w=720',363);
INSERT INTO image (type, url, room) VALUES ('detail','https://a0.muscache.com/im/pictures/77934f6b-5879-4deb-973f-d28828d72d95.jpg?im_w=720',363);
INSERT INTO image (type, url, room) VALUES ('detail','https://a0.muscache.com/im/pictures/3fbd495a-76d3-4cbd-a418-e7753212baa8.jpg?im_w=720',363);
INSERT INTO image (type, url, room) VALUES ('detail','https://a0.muscache.com/im/pictures/255c1995-2375-465c-a323-f6a4834a3793.jpg?im_w=720',363);
INSERT INTO image (type, url, room) VALUES ('detail','https://a0.muscache.com/im/pictures/c0e50a1b-0e34-48f4-a206-f71f2962df45.jpg?im_w=720',363);
INSERT INTO image (type, url, room) VALUES ('detail','https://a0.muscache.com/im/pictures/99d72264-57ac-442f-b688-d4db47984cb3.jpg?im_w=720',363);
INSERT INTO image (type, url, room) VALUES ('detail','https://a0.muscache.com/im/pictures/57de953a-9dd7-478c-9d62-1d0083db95d8.jpg?im_w=720',363);
INSERT INTO image (type, url, room) VALUES ('detail','https://a0.muscache.com/im/pictures/465c25b0-1464-432b-b6a5-efdf1e5e3ad2.jpg?im_w=720',363);
INSERT INTO image (type, url, room) VALUES ('detail','https://a0.muscache.com/im/pictures/70f740fb-8f9e-4f19-be85-5e3ccee79f40.jpg?im_w=720',363);
INSERT INTO image (type, url, room) VALUES ('detail','https://a0.muscache.com/im/pictures/c8500221-416a-4108-aa12-accaa5a29abf.jpg?im_w=720',363);
INSERT INTO image (type, url, room) VALUES ('detail','https://a0.muscache.com/im/pictures/8614a945-12bc-4194-8ca0-f799ffc886a7.jpg?im_w=720',363);
INSERT INTO image (type, url, room) VALUES ('detail','https://a0.muscache.com/im/pictures/f6b5e340-5491-4327-9639-1d572ea76647.jpg?im_w=720',363);
INSERT INTO image (type, url, room) VALUES ('detail','https://a0.muscache.com/im/pictures/72f48027-0deb-4ca1-b3e2-eb06b49f40d7.jpg?im_w=720',363);
INSERT INTO image (type, url, room) VALUES ('detail','https://a0.muscache.com/im/pictures/59e2d861-a19f-4716-b06b-5c52d36efc8e.jpg?im_w=720',363);
insert into location(id,latitude,longitude,city) values (364,33.236,126.364,'제주');
INSERT INTO room (id, title, description, price_per_day, room_type, bed, max_guest, bathroom, location) VALUES (364,'" 제주감성숙소" 미니메리 [미니메리룸:] 연박불가룸','서귀포시의 개인실',100000,'개인실',1,2,1,364);
INSERT INTO image (type, url, room) VALUES ('thumb','https://a0.muscache.com/im/pictures/24c13157-5820-4ac5-89de-c61ff56d0b7d.jpg?im_w=720',364);
INSERT INTO image (type, url, room) VALUES ('detail','https://a0.muscache.com/im/pictures/f21352bf-128d-4577-9298-51db1e7bb8f7.jpg?im_w=720',364);
INSERT INTO image (type, url, room) VALUES ('detail','https://a0.muscache.com/im/pictures/9f477c44-0fe8-4a86-a368-9884e20db07c.jpg?im_w=720',364);
INSERT INTO image (type, url, room) VALUES ('detail','https://a0.muscache.com/im/pictures/0976af5e-be2b-494e-ad79-d0c41c9fb548.jpg?im_w=720',364);
INSERT INTO image (type, url, room) VALUES ('detail','https://a0.muscache.com/im/pictures/16d5ab73-f10d-46b8-8560-34f8ca896b2f.jpg?im_w=720',364);
INSERT INTO image (type, url, room) VALUES ('detail','https://a0.muscache.com/im/pictures/8d9ef1a0-b8a3-4dbb-a4c1-405707c503aa.jpg?im_w=720',364);
INSERT INTO image (type, url, room) VALUES ('detail','https://a0.muscache.com/im/pictures/220e7a68-7cb1-4a9a-872c-fd4467e8b304.jpg?im_w=720',364);
INSERT INTO image (type, url, room) VALUES ('detail','https://a0.muscache.com/im/pictures/5900e2e0-ad02-446d-ac71-1d3c320cc354.jpg?im_w=720',364);
INSERT INTO image (type, url, room) VALUES ('detail','https://a0.muscache.com/im/pictures/64c80957-ae15-40ed-b80f-c236b5fa0a82.jpg?im_w=720',364);
INSERT INTO image (type, url, room) VALUES ('detail','https://a0.muscache.com/im/pictures/cd5e4345-8a0f-4ef9-8cbf-80b255368b00.jpg?im_w=720',364);
INSERT INTO image (type, url, room) VALUES ('detail','https://a0.muscache.com/im/pictures/3e72cce0-c68d-4546-9ad7-d7f823fcd581.jpg?im_w=720',364);
INSERT INTO image (type, url, room) VALUES ('detail','https://a0.muscache.com/im/pictures/4d97415d-3337-45cc-8c1d-9671b607536b.jpg?im_w=720',364);
INSERT INTO image (type, url, room) VALUES ('detail','https://a0.muscache.com/im/pictures/f16dab64-f616-4d88-8b6f-956e7794135b.jpg?im_w=720',364);
INSERT INTO image (type, url, room) VALUES ('detail','https://a0.muscache.com/im/pictures/4e6c8c53-531e-42c9-bb19-b790c955158f.jpg?im_w=720',364);
INSERT INTO image (type, url, room) VALUES ('detail','https://a0.muscache.com/im/pictures/5e595e76-00fd-485f-91ac-b949cb7c5c4c.jpg?im_w=720',364);
INSERT INTO image (type, url, room) VALUES ('detail','https://a0.muscache.com/im/pictures/a0343f4b-5e3c-4ed0-ada8-aa10fca4066e.jpg?im_w=720',364);
INSERT INTO image (type, url, room) VALUES ('detail','https://a0.muscache.com/im/pictures/10670792-c3c0-4af9-8e10-a4a1cb8e5f4e.jpg?im_w=720',364);
INSERT INTO image (type, url, room) VALUES ('detail','https://a0.muscache.com/im/pictures/89f72215-2656-4f30-808c-5a5884b67a88.jpg?im_w=720',364);
INSERT INTO image (type, url, room) VALUES ('detail','https://a0.muscache.com/im/pictures/be13f14b-a361-4c15-af4a-48f9a5df2c76.jpg?im_w=720',364);
INSERT INTO image (type, url, room) VALUES ('detail','https://a0.muscache.com/im/pictures/0843b8a8-dd2a-41db-a41b-23b6a3034684.jpg?im_w=720',364);
INSERT INTO image (type, url, room) VALUES ('detail','https://a0.muscache.com/im/pictures/331f4246-47f9-40b4-94bb-0c06c3775f3a.jpg?im_w=720',364);
INSERT INTO image (type, url, room) VALUES ('detail','https://a0.muscache.com/im/pictures/d20b8dbb-d2d2-44be-968c-2ff381bfe1bb.jpg?im_w=720',364);
INSERT INTO image (type, url, room) VALUES ('detail','https://a0.muscache.com/im/pictures/841fc194-c293-4702-9209-22c51d5cf668.jpg?im_w=720',364);
INSERT INTO image (type, url, room) VALUES ('detail','https://a0.muscache.com/im/pictures/6425a4da-6328-49ef-a86c-8eddb0cb9d3a.jpg?im_w=720',364);
INSERT INTO image (type, url, room) VALUES ('detail','https://a0.muscache.com/im/pictures/7a10633d-d927-4d04-844c-1e8b92644661.jpg?im_w=720',364);
INSERT INTO image (type, url, room) VALUES ('detail','https://a0.muscache.com/im/pictures/aadf7307-2655-4899-aa06-fbfb84ff1dbd.jpg?im_w=720',364);
INSERT INTO image (type, url, room) VALUES ('detail','https://a0.muscache.com/im/pictures/a8fbeb58-34bd-4321-9d44-9c53cd499d2f.jpg?im_w=720',364);
INSERT INTO image (type, url, room) VALUES ('detail','https://a0.muscache.com/im/pictures/6f8874cb-9b5f-417b-92a4-9a220ec94fc4.jpg?im_w=720',364);
INSERT INTO image (type, url, room) VALUES ('detail','https://a0.muscache.com/im/pictures/23ca984d-f0f6-45dc-aae4-c1b72c0f6b40.jpg?im_w=720',364);
INSERT INTO image (type, url, room) VALUES ('detail','https://a0.muscache.com/im/pictures/558e8ffc-92eb-4533-a919-1fa3b8a8a3df.jpg?im_w=720',364);
insert into location(id,latitude,longitude,city) values (365,33.248,126.558,'제주');
INSERT INTO room (id, title, description, price_per_day, room_type, bed, max_guest, bathroom, location) VALUES (365,'에어비앤비 오픈3주년  2인실 특가, 전 객실 세탁기, 전자레인지, 큰 냉장고 보유!!','Seogwipo-si의 호텔 객실',93000,'개인실',2,2,1,365);
INSERT INTO image (type, url, room) VALUES ('thumb','https://a0.muscache.com/im/pictures/06b182fd-4b30-4f00-aa32-846f6ad0eea7.jpg?im_w=720',365);
INSERT INTO image (type, url, room) VALUES ('detail','https://a0.muscache.com/im/pictures/803151e5-a991-4f6b-8ca4-1fba8029f091.jpg?im_w=720',365);
INSERT INTO image (type, url, room) VALUES ('detail','https://a0.muscache.com/im/pictures/a5ad6662-5bc6-49d2-948d-ce1f0ca910ea.jpg?im_w=720',365);
INSERT INTO image (type, url, room) VALUES ('detail','https://a0.muscache.com/im/pictures/97b2eb85-fe25-44af-b884-a6987e5dbddd.jpg?im_w=720',365);
INSERT INTO image (type, url, room) VALUES ('detail','https://a0.muscache.com/im/pictures/d5e66671-31e1-4973-985c-7b9518bf3c63.jpg?im_w=720',365);
INSERT INTO image (type, url, room) VALUES ('detail','https://a0.muscache.com/im/pictures/095065e6-3d0d-4a75-93ee-81ea923cb598.jpg?im_w=720',365);
INSERT INTO image (type, url, room) VALUES ('detail','https://a0.muscache.com/im/pictures/4a7fcca7-869f-45d7-804b-7da0e7733a21.jpg?im_w=720',365);
INSERT INTO image (type, url, room) VALUES ('detail','https://a0.muscache.com/im/pictures/38637d5f-2440-421b-8422-490b1f17acb2.jpg?im_w=720',365);
INSERT INTO image (type, url, room) VALUES ('detail','https://a0.muscache.com/im/pictures/65db7d64-7e38-48b6-b8ef-9a5baedfe9df.jpg?im_w=720',365);
INSERT INTO image (type, url, room) VALUES ('detail','https://a0.muscache.com/im/pictures/dd7245c8-64f2-40d0-a980-4d9d43e4e054.jpg?im_w=720',365);
INSERT INTO image (type, url, room) VALUES ('detail','https://a0.muscache.com/im/pictures/4eb05cb6-611d-44f4-b5a8-231db752f04a.jpg?im_w=720',365);
INSERT INTO image (type, url, room) VALUES ('detail','https://a0.muscache.com/im/pictures/28148505-6676-4f45-8a49-ad2d168f7c55.jpg?im_w=720',365);
INSERT INTO image (type, url, room) VALUES ('detail','https://a0.muscache.com/im/pictures/02d2eceb-2c87-4b34-bafa-6d3c628b3e7d.jpg?im_w=720',365);
INSERT INTO image (type, url, room) VALUES ('detail','https://a0.muscache.com/im/pictures/1f7370e3-f102-46f2-a07f-cef7f98e2235.jpg?im_w=720',365);
INSERT INTO image (type, url, room) VALUES ('detail','https://a0.muscache.com/im/pictures/41b21e2a-6d4c-4971-b8a1-a07d197f834b.jpg?im_w=720',365);
INSERT INTO image (type, url, room) VALUES ('detail','https://a0.muscache.com/im/pictures/8a5eaffc-3984-4ad2-bf70-dc07cbb6215e.jpg?im_w=720',365);
INSERT INTO image (type, url, room) VALUES ('detail','https://a0.muscache.com/im/pictures/7e477ce4-1cf2-498f-b68e-ca5522468a8e.jpg?im_w=720',365);
INSERT INTO image (type, url, room) VALUES ('detail','https://a0.muscache.com/im/pictures/7e398864-a1a1-4663-b268-3ba89c73f88b.jpg?im_w=720',365);
insert into location(id,latitude,longitude,city) values (366,33.509,126.473,'제주');
INSERT INTO room (id, title, description, price_per_day, room_type, bed, max_guest, bathroom, location) VALUES (366,'제주바다가보이는 펜션, 공항10분소요 (Seaview/Airport10min)','제주시의 개인실',95000,'개인실',1,2,1,366);
INSERT INTO image (type, url, room) VALUES ('thumb','https://a0.muscache.com/im/pictures/0300a128-76fb-4f81-ae0c-344ea019323e.jpg?im_w=720',366);
INSERT INTO image (type, url, room) VALUES ('detail','https://a0.muscache.com/im/pictures/9b9783d6-9d78-4b5a-86e9-7ab73e5679e5.jpg?im_w=720',366);
INSERT INTO image (type, url, room) VALUES ('detail','https://a0.muscache.com/im/pictures/1f545b43-b3d9-43ce-82b9-708f1ae3c98f.jpg?im_w=720',366);
INSERT INTO image (type, url, room) VALUES ('detail','https://a0.muscache.com/im/pictures/11dd05e5-6346-4c7b-aaa8-d25a1917714e.jpg?im_w=720',366);
INSERT INTO image (type, url, room) VALUES ('detail','https://a0.muscache.com/im/pictures/a0436d9c-4037-4e68-91f5-26e36fbb4c06.jpg?im_w=720',366);
INSERT INTO image (type, url, room) VALUES ('detail','https://a0.muscache.com/im/pictures/90dce9e9-3f49-4ea9-891c-14d936db8acd.jpg?im_w=720',366);
INSERT INTO image (type, url, room) VALUES ('detail','https://a0.muscache.com/im/pictures/01c10729-6888-467d-a5a8-62a5f331ca81.jpg?im_w=720',366);
INSERT INTO image (type, url, room) VALUES ('detail','https://a0.muscache.com/im/pictures/b3382749-6cc8-413c-9050-9e88550fd827.jpg?im_w=720',366);
INSERT INTO image (type, url, room) VALUES ('detail','https://a0.muscache.com/im/pictures/9bc8141d-0606-4564-824c-bb2b66544c60.jpg?im_w=720',366);
INSERT INTO image (type, url, room) VALUES ('detail','https://a0.muscache.com/im/pictures/8f91d27d-7def-4802-870b-267e710ea41e.jpg?im_w=720',366);
INSERT INTO image (type, url, room) VALUES ('detail','https://a0.muscache.com/im/pictures/0dc99d46-f608-40b4-8d52-e1165763c3a6.jpg?im_w=720',366);
INSERT INTO image (type, url, room) VALUES ('detail','https://a0.muscache.com/im/pictures/2ef63caf-c331-4c11-8c43-35f3282c4acc.jpg?im_w=720',366);
INSERT INTO image (type, url, room) VALUES ('detail','https://a0.muscache.com/im/pictures/c9ad3f5c-0356-4e01-9e37-3b7f92b86aea.jpg?im_w=720',366);
INSERT INTO image (type, url, room) VALUES ('detail','https://a0.muscache.com/im/pictures/8899a7a6-ce50-4dcd-92c5-68e6eb672e38.jpg?im_w=720',366);
INSERT INTO image (type, url, room) VALUES ('detail','https://a0.muscache.com/im/pictures/06332eae-b467-4796-b091-622025ebcee2.jpg?im_w=720',366);
INSERT INTO image (type, url, room) VALUES ('detail','https://a0.muscache.com/im/pictures/71501149-2cf3-4bc4-bafe-1470c42763b0.jpg?im_w=720',366);
INSERT INTO image (type, url, room) VALUES ('detail','https://a0.muscache.com/im/pictures/13a092aa-4bad-4d6b-ac1e-24ddc631f4af.jpg?im_w=720',366);
insert into location(id,latitude,longitude,city) values (367,33.242,126.337,'제주');
INSERT INTO room (id, title, description, price_per_day, room_type, bed, max_guest, bathroom, location) VALUES (367,'금모래해변 여성전용 셰어하우스 소담인1(개별화장실)','Andeok-myeon, Seogwipo의 개인실',80000,'개인실',2,4,1,367);
INSERT INTO image (type, url, room) VALUES ('thumb','https://a0.muscache.com/im/pictures/c3202f96-e488-48c5-acd6-b3dae3a5ad4d.jpg?im_w=720',367);
INSERT INTO image (type, url, room) VALUES ('detail','https://a0.muscache.com/im/pictures/cc289c68-de9c-45f5-b1a5-e41ecc13503c.jpg?im_w=720',367);
INSERT INTO image (type, url, room) VALUES ('detail','https://a0.muscache.com/im/pictures/b7c241e1-662d-4e29-8106-0fbaca70a658.jpg?im_w=720',367);
INSERT INTO image (type, url, room) VALUES ('detail','https://a0.muscache.com/im/pictures/8d2711a3-8bc1-47a1-a5c4-d04ca0d8239a.jpg?im_w=720',367);
INSERT INTO image (type, url, room) VALUES ('detail','https://a0.muscache.com/im/pictures/528e5a44-7a43-45a1-a711-184e27a664b5.jpg?im_w=720',367);
INSERT INTO image (type, url, room) VALUES ('detail','https://a0.muscache.com/im/pictures/aa9d739c-a5c6-4fca-be0e-1d44b3dc9232.jpg?im_w=720',367);
INSERT INTO image (type, url, room) VALUES ('detail','https://a0.muscache.com/im/pictures/6b6814dd-f7f3-4268-9a75-315445fbccf9.jpg?im_w=720',367);
INSERT INTO image (type, url, room) VALUES ('detail','https://a0.muscache.com/im/pictures/16b84f45-5f46-43d7-8e38-809612fd4f6f.jpg?im_w=720',367);
INSERT INTO image (type, url, room) VALUES ('detail','https://a0.muscache.com/im/pictures/3cde2367-0f57-4672-aa95-3255dcce9ef5.jpg?im_w=720',367);
INSERT INTO image (type, url, room) VALUES ('detail','https://a0.muscache.com/im/pictures/c26dd6aa-4f63-4fc8-a2ea-4662d4ba8f82.jpg?im_w=720',367);
INSERT INTO image (type, url, room) VALUES ('detail','https://a0.muscache.com/im/pictures/db0d6078-d70d-4989-aacb-9b6cb602183a.jpg?im_w=720',367);
INSERT INTO image (type, url, room) VALUES ('detail','https://a0.muscache.com/im/pictures/8af11bb6-37f6-402c-b555-23a83866c89d.jpg?im_w=720',367);
INSERT INTO image (type, url, room) VALUES ('detail','https://a0.muscache.com/im/pictures/a8d710d1-e475-4a52-a4e3-c83c24ae15fe.jpg?im_w=720',367);
INSERT INTO image (type, url, room) VALUES ('detail','https://a0.muscache.com/im/pictures/8f84f5d6-f42e-4ea5-a4f1-215d14af9939.jpg?im_w=720',367);
INSERT INTO image (type, url, room) VALUES ('detail','https://a0.muscache.com/im/pictures/db61f38d-972e-4ec0-b9e1-bb9884e7ba17.jpg?im_w=720',367);
INSERT INTO image (type, url, room) VALUES ('detail','https://a0.muscache.com/im/pictures/749fafb1-988e-4430-a167-188a26403016.jpg?im_w=720',367);
INSERT INTO image (type, url, room) VALUES ('detail','https://a0.muscache.com/im/pictures/ba4b56f9-c36a-4180-b08a-9dbd2a90f563.jpg?im_w=720',367);
INSERT INTO image (type, url, room) VALUES ('detail','https://a0.muscache.com/im/pictures/aedc6965-0d8f-471e-be9d-a876c3398313.jpg?im_w=720',367);
insert into location(id,latitude,longitude,city) values (368,33.495,126.494,'제주');
INSERT INTO room (id, title, description, price_per_day, room_type, bed, max_guest, bathroom, location) VALUES (368,'(할인중) YCA 공항근처/ 가성비 최고/ 개인실/ 개별욕실/ 주방/ 세탁건조기/ 주차공간','제주시의 호스텔 객실',95000,'개인실',1,2,1,368);
INSERT INTO image (type, url, room) VALUES ('thumb','https://a0.muscache.com/im/pictures/4ce23fb3-c6f1-4269-a1ac-49a0bcefd640.jpg?im_w=720',368);
INSERT INTO image (type, url, room) VALUES ('detail','https://a0.muscache.com/im/pictures/1cc6470d-c16c-4506-a26d-3441b289279f.jpg?im_w=720',368);
INSERT INTO image (type, url, room) VALUES ('detail','https://a0.muscache.com/im/pictures/480e44bc-58a1-40ea-b9fa-fc716b426b96.jpg?im_w=720',368);
INSERT INTO image (type, url, room) VALUES ('detail','https://a0.muscache.com/im/pictures/50863b5f-08a8-45a4-a93a-f1d081fd485b.jpg?im_w=720',368);
INSERT INTO image (type, url, room) VALUES ('detail','https://a0.muscache.com/im/pictures/08036fb5-23b3-4df3-a11d-62f5a42cd189.jpg?im_w=720',368);
INSERT INTO image (type, url, room) VALUES ('detail','https://a0.muscache.com/im/pictures/61544b7d-e0c2-4757-b1f5-194371e52c2d.jpg?im_w=720',368);
INSERT INTO image (type, url, room) VALUES ('detail','https://a0.muscache.com/im/pictures/60267d3c-7eb3-4d93-9ab0-fa3d5b1d61e0.jpg?im_w=720',368);
INSERT INTO image (type, url, room) VALUES ('detail','https://a0.muscache.com/im/pictures/fcbb965a-b108-4b5d-8e64-d874c7b493e1.jpg?im_w=720',368);
INSERT INTO image (type, url, room) VALUES ('detail','https://a0.muscache.com/im/pictures/ba471d8c-cc17-4209-a4ee-dd1d7c26bc90.jpg?im_w=720',368);
INSERT INTO image (type, url, room) VALUES ('detail','https://a0.muscache.com/im/pictures/47ae3448-e560-4e6e-a9ca-b657bad1602a.jpg?im_w=720',368);
INSERT INTO image (type, url, room) VALUES ('detail','https://a0.muscache.com/im/pictures/48ed11a4-2000-4f65-81ec-f553b5f94cd2.jpg?im_w=720',368);
INSERT INTO image (type, url, room) VALUES ('detail','https://a0.muscache.com/im/pictures/baa59e57-a934-46fe-a5b1-99b2717ab912.jpg?im_w=720',368);
INSERT INTO image (type, url, room) VALUES ('detail','https://a0.muscache.com/im/pictures/miso/Hosting-27504388/original/e103b70f-cc48-48c8-8826-03c77d7f76ca.jpeg?im_w=720',368);
INSERT INTO image (type, url, room) VALUES ('detail','https://a0.muscache.com/im/pictures/miso/Hosting-27504388/original/c87683eb-b4af-489e-b92d-be38f6807686.jpeg?im_w=720',368);
INSERT INTO image (type, url, room) VALUES ('detail','https://a0.muscache.com/im/pictures/miso/Hosting-27504388/original/f2719dcb-dfd3-4dd4-92d3-8bae9bdfe5f5.jpeg?im_w=720',368);
insert into location(id,latitude,longitude,city) values (369,33.49,126.494,'제주');
INSERT INTO room (id, title, description, price_per_day, room_type, bed, max_guest, bathroom, location) VALUES (369,'연동야경 거리뷰 .!','Yeon-dong, Cheju의 레지던스 전체',100000,'집 전체',1,2,1,369);
INSERT INTO image (type, url, room) VALUES ('thumb','https://a0.muscache.com/im/pictures/9dd0ba91-21c6-4eb8-960d-baa041fa75a2.jpg?im_w=720',369);
INSERT INTO image (type, url, room) VALUES ('detail','https://a0.muscache.com/im/pictures/0335a914-b769-4f93-ab13-0de2b27446c7.jpg?im_w=720',369);
INSERT INTO image (type, url, room) VALUES ('detail','https://a0.muscache.com/im/pictures/8cab9f00-4ebb-4c00-9ee6-cc11f6490012.jpg?im_w=720',369);
INSERT INTO image (type, url, room) VALUES ('detail','https://a0.muscache.com/im/pictures/52cffeba-fc57-4da0-a59b-2e96026e5097.jpg?im_w=720',369);
INSERT INTO image (type, url, room) VALUES ('detail','https://a0.muscache.com/im/pictures/31f50d5f-2752-46b0-b166-e75033fee0c6.jpg?im_w=720',369);
INSERT INTO image (type, url, room) VALUES ('detail','https://a0.muscache.com/im/pictures/b386dd00-f937-4026-9e50-6aa8c8aed471.jpg?im_w=720',369);
INSERT INTO image (type, url, room) VALUES ('detail','https://a0.muscache.com/im/pictures/9975e869-9491-41af-a007-58567c1451a1.jpg?im_w=720',369);
INSERT INTO image (type, url, room) VALUES ('detail','https://a0.muscache.com/im/pictures/41830884-baad-4ca1-acce-f0c07eb23d83.jpg?im_w=720',369);
INSERT INTO image (type, url, room) VALUES ('detail','https://a0.muscache.com/im/pictures/7a2c1e19-2dd2-48f1-9e68-4cb84ae1b1b3.jpg?im_w=720',369);
INSERT INTO image (type, url, room) VALUES ('detail','https://a0.muscache.com/im/pictures/5794f80d-c160-4c82-be9e-d009bdf912eb.jpg?im_w=720',369);
INSERT INTO image (type, url, room) VALUES ('detail','https://a0.muscache.com/im/pictures/4726e5c1-e66a-4de5-92e7-17292fe000ac.jpg?im_w=720',369);
INSERT INTO image (type, url, room) VALUES ('detail','https://a0.muscache.com/im/pictures/0acdf338-99cf-4a91-96c8-120644bb955a.jpg?im_w=720',369);
INSERT INTO image (type, url, room) VALUES ('detail','https://a0.muscache.com/im/pictures/90b9c05c-8c84-4d62-b753-8ddaa19a003b.jpg?im_w=720',369);
INSERT INTO image (type, url, room) VALUES ('detail','https://a0.muscache.com/im/pictures/2339725b-3118-4a5a-ac2f-ab74c8c28008.jpg?im_w=720',369);
INSERT INTO image (type, url, room) VALUES ('detail','https://a0.muscache.com/im/pictures/3c463c29-5d81-4951-974c-084c9d0ff7f6.jpg?im_w=720',369);
insert into location(id,latitude,longitude,city) values (370,33.242,126.553,'제주');
INSERT INTO room (id, title, description, price_per_day, room_type, bed, max_guest, bathroom, location) VALUES (370,'[서귀포 1인]  외돌개가 보이는 오롯이 나만 아는 휴식같은 공간','Seogwipo-si의 호텔 객실',80000,'개인실',1,2,1,370);
INSERT INTO image (type, url, room) VALUES ('thumb','https://a0.muscache.com/im/pictures/miso/Hosting-45429998/original/cf674d23-434c-410b-bc86-906dd0337894.jpeg?im_w=720',370);
INSERT INTO image (type, url, room) VALUES ('detail','https://a0.muscache.com/im/pictures/miso/Hosting-45429998/original/e79c4789-3190-4e52-85ef-b9536a5bfa43.jpeg?im_w=720',370);
INSERT INTO image (type, url, room) VALUES ('detail','https://a0.muscache.com/im/pictures/05313fa5-b6b7-488a-a474-e67b6f778225.jpg?im_w=720',370);
INSERT INTO image (type, url, room) VALUES ('detail','https://a0.muscache.com/im/pictures/cfdba6cd-6f54-4b7b-b52c-ea8ea2633de5.jpg?im_w=720',370);
INSERT INTO image (type, url, room) VALUES ('detail','https://a0.muscache.com/im/pictures/11aa43e8-1b1a-4c7b-8f55-9e7bba4a2566.jpg?im_w=720',370);
INSERT INTO image (type, url, room) VALUES ('detail','https://a0.muscache.com/im/pictures/4093d5bb-26cc-4661-b7cb-4c334c6d4720.jpg?im_w=720',370);
INSERT INTO image (type, url, room) VALUES ('detail','https://a0.muscache.com/im/pictures/5d4cd493-fb22-4fb0-a464-1ebe680b71e4.jpg?im_w=720',370);
INSERT INTO image (type, url, room) VALUES ('detail','https://a0.muscache.com/im/pictures/1315931e-e21a-4fa0-93fb-155273c4c2fc.jpg?im_w=720',370);
INSERT INTO image (type, url, room) VALUES ('detail','https://a0.muscache.com/im/pictures/3a818dc6-e984-4937-960a-f79f87d6a49c.jpg?im_w=720',370);
INSERT INTO image (type, url, room) VALUES ('detail','https://a0.muscache.com/im/pictures/9230fd1d-0206-4650-8883-c0945b17cef5.jpg?im_w=720',370);
INSERT INTO image (type, url, room) VALUES ('detail','https://a0.muscache.com/im/pictures/cc5b8f5b-26b3-4b02-b3a7-c4528f1d2f62.jpg?im_w=720',370);
INSERT INTO image (type, url, room) VALUES ('detail','https://a0.muscache.com/im/pictures/01899239-b3fc-428c-930a-e7b7af6c021c.jpg?im_w=720',370);
INSERT INTO image (type, url, room) VALUES ('detail','https://a0.muscache.com/im/pictures/6ff8d334-ddee-414a-ab1c-cf0bb0f232d6.jpg?im_w=720',370);
insert into location(id,latitude,longitude,city) values (371,33.252,126.509,'제주');
INSERT INTO room (id, title, description, price_per_day, room_type, bed, max_guest, bathroom, location) VALUES (371,'★윈스카이호텔★#더블룸＃서귀포 중심 위치＃가성비갑','Seogwipo-si의 호텔 객실',92000,'개인실',1,2,1,371);
INSERT INTO image (type, url, room) VALUES ('thumb','https://a0.muscache.com/im/pictures/9b4e9097-5590-47a9-aae7-99f68f481b80.jpg?im_w=720',371);
INSERT INTO image (type, url, room) VALUES ('detail','https://a0.muscache.com/im/pictures/4fecebdf-cf33-4f92-8b5c-c2a90f0d7ed1.jpg?im_w=720',371);
INSERT INTO image (type, url, room) VALUES ('detail','https://a0.muscache.com/im/pictures/4fc00756-a2f7-4f28-8aeb-0838a7ee83e9.jpg?im_w=720',371);
INSERT INTO image (type, url, room) VALUES ('detail','https://a0.muscache.com/im/pictures/3e7d5020-bd85-4d80-a942-e14f90245f93.jpg?im_w=720',371);
INSERT INTO image (type, url, room) VALUES ('detail','https://a0.muscache.com/im/pictures/cd248bfb-b623-4c62-ad2e-2f0453919821.jpg?im_w=720',371);
INSERT INTO image (type, url, room) VALUES ('detail','https://a0.muscache.com/im/pictures/d4285f5c-91dd-472e-82cd-e54faf3cc8a9.jpg?im_w=720',371);
INSERT INTO image (type, url, room) VALUES ('detail','https://a0.muscache.com/im/pictures/a9e02692-1d9e-41dd-a19f-0db8fe744d1c.jpg?im_w=720',371);
INSERT INTO image (type, url, room) VALUES ('detail','https://a0.muscache.com/im/pictures/16c60df9-cce1-41ce-8e2b-db183077ff76.jpg?im_w=720',371);
INSERT INTO image (type, url, room) VALUES ('detail','https://a0.muscache.com/im/pictures/7cd2d959-c465-4d66-830a-05c6200e13fd.jpg?im_w=720',371);
INSERT INTO image (type, url, room) VALUES ('detail','https://a0.muscache.com/im/pictures/82422071-8ad7-4368-a983-4c6bfe243aaf.jpg?im_w=720',371);
INSERT INTO image (type, url, room) VALUES ('detail','https://a0.muscache.com/im/pictures/335ea1c3-77ca-4305-8b62-3fe0a4ee2cb8.jpg?im_w=720',371);
INSERT INTO image (type, url, room) VALUES ('detail','https://a0.muscache.com/im/pictures/c3acccf4-c336-4997-b738-4134b11f11cc.jpg?im_w=720',371);
INSERT INTO image (type, url, room) VALUES ('detail','https://a0.muscache.com/im/pictures/6f38ac17-c322-4a8e-9b09-7fa59a2cfc4c.jpg?im_w=720',371);
INSERT INTO image (type, url, room) VALUES ('detail','https://a0.muscache.com/im/pictures/5b599dee-70cf-4d1c-a077-61ba51ee2c5c.jpg?im_w=720',371);
INSERT INTO image (type, url, room) VALUES ('detail','https://a0.muscache.com/im/pictures/201792e1-bdcb-43a4-abe3-4a9ccf577316.jpg?im_w=720',371);
INSERT INTO image (type, url, room) VALUES ('detail','https://a0.muscache.com/im/pictures/d273a6ac-1ccd-414f-a15e-7180ed8fc3e6.jpg?im_w=720',371);
INSERT INTO image (type, url, room) VALUES ('detail','https://a0.muscache.com/im/pictures/18226582-f8f2-480b-b40d-a7275ab8db67.jpg?im_w=720',371);
INSERT INTO image (type, url, room) VALUES ('detail','https://a0.muscache.com/im/pictures/e8f359ad-56a7-4ce3-98c2-45a0c417bb8a.jpg?im_w=720',371);
INSERT INTO image (type, url, room) VALUES ('detail','https://a0.muscache.com/im/pictures/b83a0443-617e-48af-9d95-339506921d64.jpg?im_w=720',371);
INSERT INTO image (type, url, room) VALUES ('detail','https://a0.muscache.com/im/pictures/73947324-655d-40b9-8396-6cafccb7643c.jpg?im_w=720',371);
insert into location(id,latitude,longitude,city) values (372,33.49,126.487,'제주');
INSERT INTO room (id, title, description, price_per_day, room_type, bed, max_guest, bathroom, location) VALUES (372,'제주공항 💛 5분거리 여성전용 신축건물 신제주중심, 아늑한숙소','Yeon-dong, Cheju의 레지던스 전체',92000,'집 전체',1,2,1,372);
INSERT INTO image (type, url, room) VALUES ('thumb','https://a0.muscache.com/im/pictures/933742c5-2ad8-45dc-b9c5-ad705dab8880.jpg?im_w=720',372);
INSERT INTO image (type, url, room) VALUES ('detail','https://a0.muscache.com/im/pictures/2ac92737-46e0-480c-a371-4b9b62607d7a.jpg?im_w=720',372);
INSERT INTO image (type, url, room) VALUES ('detail','https://a0.muscache.com/im/pictures/054b985f-ca02-44d8-ae37-707d761d5f10.jpg?im_w=720',372);
INSERT INTO image (type, url, room) VALUES ('detail','https://a0.muscache.com/im/pictures/02f06ca8-e4da-447c-9021-25e0764926fa.jpg?im_w=720',372);
INSERT INTO image (type, url, room) VALUES ('detail','https://a0.muscache.com/im/pictures/371c44ae-159d-44e5-ab5a-85f5f80579c8.jpg?im_w=720',372);
INSERT INTO image (type, url, room) VALUES ('detail','https://a0.muscache.com/im/pictures/b33b1315-4fc7-4553-8e4b-939250de0c3b.jpg?im_w=720',372);
INSERT INTO image (type, url, room) VALUES ('detail','https://a0.muscache.com/im/pictures/6b923a3b-fb91-4cb7-9757-f5623a3cfcb5.jpg?im_w=720',372);
INSERT INTO image (type, url, room) VALUES ('detail','https://a0.muscache.com/im/pictures/c9622665-88d5-47db-9caa-998894be252b.jpg?im_w=720',372);
INSERT INTO image (type, url, room) VALUES ('detail','https://a0.muscache.com/im/pictures/6d0d5c14-2054-480e-81a7-ab98d73f13d8.jpg?im_w=720',372);
INSERT INTO image (type, url, room) VALUES ('detail','https://a0.muscache.com/im/pictures/8ef6a086-a576-44ed-a6fd-f2acc24a386d.jpg?im_w=720',372);
INSERT INTO image (type, url, room) VALUES ('detail','https://a0.muscache.com/im/pictures/b0ddb726-790d-4b90-86da-fe05fd7d49ee.jpg?im_w=720',372);
INSERT INTO image (type, url, room) VALUES ('detail','https://a0.muscache.com/im/pictures/c9211c62-2d2f-4626-8e6d-0679abca537f.jpg?im_w=720',372);
INSERT INTO image (type, url, room) VALUES ('detail','https://a0.muscache.com/im/pictures/dc8cd211-c47d-411f-886f-bd3660813e81.jpg?im_w=720',372);
INSERT INTO image (type, url, room) VALUES ('detail','https://a0.muscache.com/im/pictures/7be0866d-4189-403b-8dbb-c084f2980ba1.jpg?im_w=720',372);
INSERT INTO image (type, url, room) VALUES ('detail','https://a0.muscache.com/im/pictures/0f23ef26-929b-418b-bd32-eaa9940e70fc.jpg?im_w=720',372);
INSERT INTO image (type, url, room) VALUES ('detail','https://a0.muscache.com/im/pictures/99cbb7d5-e445-4632-ad7e-4b81241fc496.jpg?im_w=720',372);
INSERT INTO image (type, url, room) VALUES ('detail','https://a0.muscache.com/im/pictures/0605d7f3-54e9-40bb-93df-aabc966a0d5f.jpg?im_w=720',372);
INSERT INTO image (type, url, room) VALUES ('detail','https://a0.muscache.com/im/pictures/caffd721-f926-45c9-b5ad-483b621d938a.jpg?im_w=720',372);
INSERT INTO image (type, url, room) VALUES ('detail','https://a0.muscache.com/im/pictures/2b574d73-9c03-41f6-b0b5-83e34e713659.jpg?im_w=720',372);
INSERT INTO image (type, url, room) VALUES ('detail','https://a0.muscache.com/im/pictures/9b09043a-5902-49a4-92fa-2fdcd12c29af.jpg?im_w=720',372);
INSERT INTO image (type, url, room) VALUES ('detail','https://a0.muscache.com/im/pictures/911c862f-5eef-4d12-a107-fa9174624c8b.jpg?im_w=720',372);
INSERT INTO image (type, url, room) VALUES ('detail','https://a0.muscache.com/im/pictures/d489b959-0c77-44c6-9518-a3446d84b9c4.jpg?im_w=720',372);
INSERT INTO image (type, url, room) VALUES ('detail','https://a0.muscache.com/im/pictures/f2c00aca-82f3-4a42-a3b2-19b792c3f3eb.jpg?im_w=720',372);
INSERT INTO image (type, url, room) VALUES ('detail','https://a0.muscache.com/im/pictures/dbb4d41f-f5a2-4459-8253-924edce7d61f.jpg?im_w=720',372);
INSERT INTO image (type, url, room) VALUES ('detail','https://a0.muscache.com/im/pictures/65c180b8-aa41-4c4f-9ff3-60c7587462e6.jpg?im_w=720',372);
INSERT INTO image (type, url, room) VALUES ('detail','https://a0.muscache.com/im/pictures/99002115-3b3a-451c-a268-e7371af8f6df.jpg?im_w=720',372);
INSERT INTO image (type, url, room) VALUES ('detail','https://a0.muscache.com/im/pictures/41afabd0-d077-405d-ad2a-597c13ec9d05.jpg?im_w=720',372);
INSERT INTO image (type, url, room) VALUES ('detail','https://a0.muscache.com/im/pictures/0838cc58-a043-4d32-83ef-f8547cef2378.jpg?im_w=720',372);
INSERT INTO image (type, url, room) VALUES ('detail','https://a0.muscache.com/im/pictures/5b5c36de-063f-482c-ae07-fd7ebb61044e.jpg?im_w=720',372);
INSERT INTO image (type, url, room) VALUES ('detail','https://a0.muscache.com/im/pictures/3b268caa-2ef4-450b-a7e5-7ddb3be1049f.jpg?im_w=720',372);
insert into location(id,latitude,longitude,city) values (373,33.499,126.458,'제주');
INSERT INTO room (id, title, description, price_per_day, room_type, bed, max_guest, bathroom, location) VALUES (373,'A-201호_이호베이_제주보름살기,2층전용1.5룸,이호해수욕장인근,제주공항서쪽km!!','제주시의 집 전체',100000,'집 전체',1,2,1,373);
INSERT INTO image (type, url, room) VALUES ('thumb','https://a0.muscache.com/im/pictures/86013e80-ebc1-4fd4-85f9-6ca58c77e1cd.jpg?im_w=720',373);
INSERT INTO image (type, url, room) VALUES ('detail','https://a0.muscache.com/im/pictures/72475e02-dc6f-4a37-ac1c-9e998d286e65.jpg?im_w=720',373);
INSERT INTO image (type, url, room) VALUES ('detail','https://a0.muscache.com/im/pictures/f5102acf-df62-4da5-a413-d1273c609df4.jpg?im_w=720',373);
INSERT INTO image (type, url, room) VALUES ('detail','https://a0.muscache.com/im/pictures/ae5bea51-141e-4f51-b2fa-cfd2e69040bd.jpg?im_w=720',373);
INSERT INTO image (type, url, room) VALUES ('detail','https://a0.muscache.com/im/pictures/5c961c78-5c4e-44ac-a135-23d15592630f.jpg?im_w=720',373);
INSERT INTO image (type, url, room) VALUES ('detail','https://a0.muscache.com/im/pictures/69ad2294-c771-447e-a46c-19272f137b41.jpg?im_w=720',373);
INSERT INTO image (type, url, room) VALUES ('detail','https://a0.muscache.com/im/pictures/8cb26baa-4b03-4790-872e-6a7a96c335e1.jpg?im_w=720',373);
INSERT INTO image (type, url, room) VALUES ('detail','https://a0.muscache.com/im/pictures/ed779a5c-3ffe-4843-8e45-67890ab3e8cc.jpg?im_w=720',373);
INSERT INTO image (type, url, room) VALUES ('detail','https://a0.muscache.com/im/pictures/d95e46d3-9f23-448c-a9fa-e70c3c733b91.jpg?im_w=720',373);
INSERT INTO image (type, url, room) VALUES ('detail','https://a0.muscache.com/im/pictures/ff4db4a4-0426-4b1c-a3ef-6659f7cd2613.jpg?im_w=720',373);
INSERT INTO image (type, url, room) VALUES ('detail','https://a0.muscache.com/im/pictures/f9747d57-7e9a-4889-92cf-35614c5c469f.jpg?im_w=720',373);
INSERT INTO image (type, url, room) VALUES ('detail','https://a0.muscache.com/im/pictures/c2247d08-d9b7-4c89-b71c-db37ef118ee4.jpg?im_w=720',373);
INSERT INTO image (type, url, room) VALUES ('detail','https://a0.muscache.com/im/pictures/45522a67-08d6-449b-b7fc-d362d11456f4.jpg?im_w=720',373);
INSERT INTO image (type, url, room) VALUES ('detail','https://a0.muscache.com/im/pictures/0754b2f6-c5ef-4a35-9244-320352a8cd94.jpg?im_w=720',373);
INSERT INTO image (type, url, room) VALUES ('detail','https://a0.muscache.com/im/pictures/4ceb142c-6dfb-4789-b518-f784e26ff3dc.jpg?im_w=720',373);
INSERT INTO image (type, url, room) VALUES ('detail','https://a0.muscache.com/im/pictures/51a8b227-66d4-46ed-ba39-e64677a5cc6f.jpg?im_w=720',373);
INSERT INTO image (type, url, room) VALUES ('detail','https://a0.muscache.com/im/pictures/6270a9ae-5a79-4a61-bd3d-cee5fdfa71b8.jpg?im_w=720',373);
insert into location(id,latitude,longitude,city) values (374,33.325,126.169,'제주');
INSERT INTO room (id, title, description, price_per_day, room_type, bed, max_guest, bathroom, location) VALUES (374,'제주서쪽 바닷가마을의 시골집, 서로의 나날','Hangyeong-myeon, Cheju의 개인실',100000,'개인실',1,2,1,374);
INSERT INTO image (type, url, room) VALUES ('thumb','https://a0.muscache.com/im/pictures/4d52abff-bf3c-4d80-8c54-e55879b778f8.jpg?im_w=720',374);
INSERT INTO image (type, url, room) VALUES ('detail','https://a0.muscache.com/im/pictures/1fdf5793-dcb6-4315-92f8-da13cb16312a.jpg?im_w=720',374);
INSERT INTO image (type, url, room) VALUES ('detail','https://a0.muscache.com/im/pictures/d9c37cbd-4b05-4188-830d-9d5586bd1461.jpg?im_w=720',374);
INSERT INTO image (type, url, room) VALUES ('detail','https://a0.muscache.com/im/pictures/9713667d-7339-47ad-919c-7607a63766c3.jpg?im_w=720',374);
INSERT INTO image (type, url, room) VALUES ('detail','https://a0.muscache.com/im/pictures/92b479f2-baeb-4885-9ebf-b1ec6597246f.jpg?im_w=720',374);
INSERT INTO image (type, url, room) VALUES ('detail','https://a0.muscache.com/im/pictures/89b3c574-e5b1-4e23-a5dd-e1cb11057449.jpg?im_w=720',374);
INSERT INTO image (type, url, room) VALUES ('detail','https://a0.muscache.com/im/pictures/e5857e40-637d-4f35-961b-f80e537115a5.jpg?im_w=720',374);
INSERT INTO image (type, url, room) VALUES ('detail','https://a0.muscache.com/im/pictures/f22163c8-5bcd-4039-948b-8c9c41736568.jpg?im_w=720',374);
INSERT INTO image (type, url, room) VALUES ('detail','https://a0.muscache.com/im/pictures/983fb12d-887b-4857-bbff-2df9080bae15.jpg?im_w=720',374);
INSERT INTO image (type, url, room) VALUES ('detail','https://a0.muscache.com/im/pictures/aca270ee-d7cc-4eac-9be0-88b94902a8b9.jpg?im_w=720',374);
INSERT INTO image (type, url, room) VALUES ('detail','https://a0.muscache.com/im/pictures/ec714609-f190-496d-9e94-8af9ecd15359.jpg?im_w=720',374);
INSERT INTO image (type, url, room) VALUES ('detail','https://a0.muscache.com/im/pictures/7f8034e9-8e63-404e-800d-f63c05ac13c4.jpg?im_w=720',374);
INSERT INTO image (type, url, room) VALUES ('detail','https://a0.muscache.com/im/pictures/f898b87c-963f-4299-8daf-d6ed23e97eaf.jpg?im_w=720',374);
INSERT INTO image (type, url, room) VALUES ('detail','https://a0.muscache.com/im/pictures/b3d6e972-058d-422b-b4bf-9cfcbca6dbb5.jpg?im_w=720',374);
INSERT INTO image (type, url, room) VALUES ('detail','https://a0.muscache.com/im/pictures/7d6c0a75-97e5-4299-afe1-ac9d2d3675ae.jpg?im_w=720',374);
INSERT INTO image (type, url, room) VALUES ('detail','https://a0.muscache.com/im/pictures/57211d89-9377-4284-b72f-129d3495aece.jpg?im_w=720',374);
INSERT INTO image (type, url, room) VALUES ('detail','https://a0.muscache.com/im/pictures/bc02a7d4-07c9-4258-b6c7-1bf56d408730.jpg?im_w=720',374);
INSERT INTO image (type, url, room) VALUES ('detail','https://a0.muscache.com/im/pictures/949b38d4-fd32-4b38-a1c9-33743d19ec1e.jpg?im_w=720',374);
INSERT INTO image (type, url, room) VALUES ('detail','https://a0.muscache.com/im/pictures/c1f0381e-aca6-4d9d-bd1a-f3eca8dbd4df.jpg?im_w=720',374);
INSERT INTO image (type, url, room) VALUES ('detail','https://a0.muscache.com/im/pictures/6fa07a03-dca8-4f1a-9cc7-8108757d7b39.jpg?im_w=720',374);
INSERT INTO image (type, url, room) VALUES ('detail','https://a0.muscache.com/im/pictures/d9d65547-1279-488a-859f-08efcc956e86.jpg?im_w=720',374);
INSERT INTO image (type, url, room) VALUES ('detail','https://a0.muscache.com/im/pictures/d819cb71-b8cd-4c39-be65-31746ac80ed7.jpg?im_w=720',374);
INSERT INTO image (type, url, room) VALUES ('detail','https://a0.muscache.com/im/pictures/9ec03265-c8d3-4512-9fa4-3b037df4127d.jpg?im_w=720',374);
INSERT INTO image (type, url, room) VALUES ('detail','https://a0.muscache.com/im/pictures/6b3a563e-7d13-42e1-959e-322469b015f0.jpg?im_w=720',374);
INSERT INTO image (type, url, room) VALUES ('detail','https://a0.muscache.com/im/pictures/de85d0d1-19d7-44f5-b624-b05ed6b2b021.jpg?im_w=720',374);
INSERT INTO image (type, url, room) VALUES ('detail','https://a0.muscache.com/im/pictures/537f34c0-7495-40d5-8099-83c47cfd0a16.jpg?im_w=720',374);
INSERT INTO image (type, url, room) VALUES ('detail','https://a0.muscache.com/im/pictures/703c4072-c0a0-48b0-b354-bdab298769a0.jpg?im_w=720',374);
INSERT INTO image (type, url, room) VALUES ('detail','https://a0.muscache.com/im/pictures/20cb1853-f19c-4048-9a8a-68c0d8da1514.jpg?im_w=720',374);
INSERT INTO image (type, url, room) VALUES ('detail','https://a0.muscache.com/im/pictures/c9e8878d-4f17-4edb-94b1-0fae85d9f4d4.jpg?im_w=720',374);
INSERT INTO image (type, url, room) VALUES ('detail','https://a0.muscache.com/im/pictures/b2c93a53-4759-4c29-8b0f-5c65c1004b18.jpg?im_w=720',374);
insert into location(id,latitude,longitude,city) values (375,33.559,126.794,'제주');
INSERT INTO room (id, title, description, price_per_day, room_type, bed, max_guest, bathroom, location) VALUES (375,'월정리바다 바로앞 아늑한 제주옛집','Gujwa-eup, Cheju의 개인실',100000,'개인실',1,2,1,375);
INSERT INTO image (type, url, room) VALUES ('thumb','https://a0.muscache.com/im/pictures/dd0673c0-d6f4-4267-a15d-78cca4b4a999.jpg?im_w=720',375);
INSERT INTO image (type, url, room) VALUES ('detail','https://a0.muscache.com/im/pictures/929febd8-5490-49c9-b456-644453deb041.jpg?im_w=720',375);
INSERT INTO image (type, url, room) VALUES ('detail','https://a0.muscache.com/im/pictures/4bce7480-3a17-4fe3-8f98-af3e474ec3d8.jpg?im_w=720',375);
INSERT INTO image (type, url, room) VALUES ('detail','https://a0.muscache.com/im/pictures/5a27b489-a051-447e-b0ba-e8a2c6b667d4.jpg?im_w=720',375);
INSERT INTO image (type, url, room) VALUES ('detail','https://a0.muscache.com/im/pictures/2dfc03f1-a4aa-4d27-9788-ea4e34d2ab7d.jpg?im_w=720',375);
INSERT INTO image (type, url, room) VALUES ('detail','https://a0.muscache.com/im/pictures/dbc5df11-ec3f-4126-b4db-648cbbab4e0a.jpg?im_w=720',375);
INSERT INTO image (type, url, room) VALUES ('detail','https://a0.muscache.com/im/pictures/153117d5-cf9a-44eb-84a5-f94c3b26a97e.jpg?im_w=720',375);
INSERT INTO image (type, url, room) VALUES ('detail','https://a0.muscache.com/im/pictures/c52b3819-442d-4f03-9032-7df647c2daf3.jpg?im_w=720',375);
INSERT INTO image (type, url, room) VALUES ('detail','https://a0.muscache.com/im/pictures/caedc331-f205-4412-ba6b-ec675c6a3eb0.jpg?im_w=720',375);
INSERT INTO image (type, url, room) VALUES ('detail','https://a0.muscache.com/im/pictures/37d904d5-00e0-4d2a-af2a-348e5f16752a.jpg?im_w=720',375);
INSERT INTO image (type, url, room) VALUES ('detail','https://a0.muscache.com/im/pictures/cdb59904-c883-458a-82ca-35c3a652f56e.jpg?im_w=720',375);
INSERT INTO image (type, url, room) VALUES ('detail','https://a0.muscache.com/im/pictures/6d4b8faf-1c19-4590-92fc-539f98f9289d.jpg?im_w=720',375);
INSERT INTO image (type, url, room) VALUES ('detail','https://a0.muscache.com/im/pictures/e835832a-bd9a-4d65-8035-790b49098ef4.jpg?im_w=720',375);
INSERT INTO image (type, url, room) VALUES ('detail','https://a0.muscache.com/im/pictures/112ef3d6-f84d-4192-9fdb-80f946fe8d20.jpg?im_w=720',375);
INSERT INTO image (type, url, room) VALUES ('detail','https://a0.muscache.com/im/pictures/a2fda742-a578-49d7-80c9-9afb128b93ea.jpg?im_w=720',375);
INSERT INTO image (type, url, room) VALUES ('detail','https://a0.muscache.com/im/pictures/081213e1-0a8a-4c8e-ab27-63bee9a6ebcd.jpg?im_w=720',375);
INSERT INTO image (type, url, room) VALUES ('detail','https://a0.muscache.com/im/pictures/4f3d6329-aa8c-455a-92f5-f7d6bd4042e1.jpg?im_w=720',375);
INSERT INTO image (type, url, room) VALUES ('detail','https://a0.muscache.com/im/pictures/8094d8d0-7e52-45d1-aabb-62d2f124edb7.jpg?im_w=720',375);
INSERT INTO image (type, url, room) VALUES ('detail','https://a0.muscache.com/im/pictures/4a88cdd0-27a3-47b2-b1e4-1f2859ecb4ed.jpg?im_w=720',375);
INSERT INTO image (type, url, room) VALUES ('detail','https://a0.muscache.com/im/pictures/4058dbdd-5bc8-4202-83c2-50675e006a08.jpg?im_w=720',375);
INSERT INTO image (type, url, room) VALUES ('detail','https://a0.muscache.com/im/pictures/3d3f783b-7852-42ad-9007-bac2edbb465b.jpg?im_w=720',375);
INSERT INTO image (type, url, room) VALUES ('detail','https://a0.muscache.com/im/pictures/770a0544-02a1-44dd-b8fb-ae996b951243.jpg?im_w=720',375);
INSERT INTO image (type, url, room) VALUES ('detail','https://a0.muscache.com/im/pictures/b1e96f93-ad96-4dd1-b8b6-562d0ecc4fbe.jpg?im_w=720',375);
INSERT INTO image (type, url, room) VALUES ('detail','https://a0.muscache.com/im/pictures/96cb9738-1ba0-476b-9b8a-5dc331b0317b.jpg?im_w=720',375);
INSERT INTO image (type, url, room) VALUES ('detail','https://a0.muscache.com/im/pictures/2656296f-c690-4ee4-8cb6-d9c92026929c.jpg?im_w=720',375);
INSERT INTO image (type, url, room) VALUES ('detail','https://a0.muscache.com/im/pictures/37e8b438-4884-46cb-845a-4c199ff6d5fd.jpg?im_w=720',375);
INSERT INTO image (type, url, room) VALUES ('detail','https://a0.muscache.com/im/pictures/cec8b8d8-0056-4eb3-81c6-8e573e8bd88b.jpg?im_w=720',375);
INSERT INTO image (type, url, room) VALUES ('detail','https://a0.muscache.com/im/pictures/8bbfebe1-baf2-4d09-a342-f6cb4e6d6b25.jpg?im_w=720',375);
INSERT INTO image (type, url, room) VALUES ('detail','https://a0.muscache.com/im/pictures/cfc4ab8e-e7c8-4926-8013-f73f855044ea.jpg?im_w=720',375);
INSERT INTO image (type, url, room) VALUES ('detail','https://a0.muscache.com/im/pictures/14c8eabb-ccfa-4afe-b736-d6a9daf9cff1.jpg?im_w=720',375);
insert into location(id,latitude,longitude,city) values (376,33.509,126.472,'제주');
INSERT INTO room (id, title, description, price_per_day, room_type, bed, max_guest, bathroom, location) VALUES (376,'혼자서 넓고 편안하게 지낼 수 있는 분위기 있는 공간, 공항근처숙소 타오하우스입니다.','제주시의 개인실',90000,'개인실',1,1,1,376);
INSERT INTO image (type, url, room) VALUES ('thumb','https://a0.muscache.com/im/pictures/915301ab-d2f9-4b01-8ef1-77c27ddce5f8.jpg?im_w=720',376);
INSERT INTO image (type, url, room) VALUES ('detail','https://a0.muscache.com/im/pictures/37d39128-a1d0-47e5-bccb-3a44a9c5d515.jpg?im_w=720',376);
INSERT INTO image (type, url, room) VALUES ('detail','https://a0.muscache.com/im/pictures/3212a0bc-e820-4e4e-a4f1-0ec5361895ee.jpg?im_w=720',376);
INSERT INTO image (type, url, room) VALUES ('detail','https://a0.muscache.com/im/pictures/fcced5e3-39e6-40b8-9630-0b041edc923e.jpg?im_w=720',376);
insert into location(id,latitude,longitude,city) values (377,33.554,126.795,'제주');
INSERT INTO room (id, title, description, price_per_day, room_type, bed, max_guest, bathroom, location) VALUES (377,'월정리 복층펜션 1,2층 전체 단독사용 moon1 (월정해변 도보 3분)','구좌읍, 제주시의 개인실',100000,'개인실',1,2,1,377);
INSERT INTO image (type, url, room) VALUES ('thumb','https://a0.muscache.com/im/pictures/miso/Hosting-43273199/original/c543f5f8-8e59-45f9-b7a5-0c83456ef6eb.jpeg?im_w=720',377);
INSERT INTO image (type, url, room) VALUES ('detail','https://a0.muscache.com/im/pictures/miso/Hosting-43273199/original/8e94e0f1-4751-4259-8474-3b248c135aea.jpeg?im_w=720',377);
INSERT INTO image (type, url, room) VALUES ('detail','https://a0.muscache.com/im/pictures/miso/Hosting-43273199/original/6ab06c65-bb9c-49fa-ab37-b4fb584fb626.jpeg?im_w=720',377);
INSERT INTO image (type, url, room) VALUES ('detail','https://a0.muscache.com/im/pictures/miso/Hosting-43273199/original/044e0911-a24b-4c2c-a442-df20ba676ffe.jpeg?im_w=720',377);
INSERT INTO image (type, url, room) VALUES ('detail','https://a0.muscache.com/im/pictures/miso/Hosting-43273199/original/5a90b3d7-d2e8-4a23-9b7b-a259c9d062a0.jpeg?im_w=720',377);
INSERT INTO image (type, url, room) VALUES ('detail','https://a0.muscache.com/im/pictures/miso/Hosting-43273199/original/af08bb42-19bc-4629-9c51-a51676506988.jpeg?im_w=720',377);
INSERT INTO image (type, url, room) VALUES ('detail','https://a0.muscache.com/im/pictures/miso/Hosting-43273199/original/9396ee40-78d6-4c63-8fab-06d026db89a0.jpeg?im_w=720',377);
INSERT INTO image (type, url, room) VALUES ('detail','https://a0.muscache.com/im/pictures/miso/Hosting-43273199/original/5b16d17c-90bd-4f22-9bb5-0387175ba84e.jpeg?im_w=720',377);
INSERT INTO image (type, url, room) VALUES ('detail','https://a0.muscache.com/im/pictures/miso/Hosting-43273199/original/0960c844-e29a-4161-9007-6164678f846e.jpeg?im_w=720',377);
INSERT INTO image (type, url, room) VALUES ('detail','https://a0.muscache.com/im/pictures/miso/Hosting-43273199/original/5d5edefe-054d-4f90-b71c-e863e02f3877.jpeg?im_w=720',377);
INSERT INTO image (type, url, room) VALUES ('detail','https://a0.muscache.com/im/pictures/miso/Hosting-43273199/original/889ce43d-442c-4c5c-9146-ccaef948e3a2.jpeg?im_w=720',377);
INSERT INTO image (type, url, room) VALUES ('detail','https://a0.muscache.com/im/pictures/miso/Hosting-43273199/original/5718bc91-ac67-41a7-8bad-b702a642eb3a.jpeg?im_w=720',377);
INSERT INTO image (type, url, room) VALUES ('detail','https://a0.muscache.com/im/pictures/miso/Hosting-43273199/original/36ff61bb-8e29-40a9-8bcf-fee87b5e34a3.jpeg?im_w=720',377);
INSERT INTO image (type, url, room) VALUES ('detail','https://a0.muscache.com/im/pictures/miso/Hosting-43273199/original/f9b2d485-3733-4afd-a449-90d5e2e4b94a.jpeg?im_w=720',377);
insert into location(id,latitude,longitude,city) values (378,33.501,126.544,'제주');
INSERT INTO room (id, title, description, price_per_day, room_type, bed, max_guest, bathroom, location) VALUES (378,'[OPEN]제주를 혼자 여행하는 여행객을 위한 공간 (Only female)','Idoi-dong, Cheju의 개인실',89000,'개인실',1,1,1,378);
INSERT INTO image (type, url, room) VALUES ('thumb','https://a0.muscache.com/im/pictures/38576fbc-40de-4fb7-94ce-af8de5c7ac03.jpg?im_w=720',378);
INSERT INTO image (type, url, room) VALUES ('detail','https://a0.muscache.com/im/pictures/771e2649-5330-436d-9714-c9d70f784909.jpg?im_w=720',378);
INSERT INTO image (type, url, room) VALUES ('detail','https://a0.muscache.com/im/pictures/cdc9e214-3c85-4c35-ace6-e4a48671e7de.jpg?im_w=720',378);
INSERT INTO image (type, url, room) VALUES ('detail','https://a0.muscache.com/im/pictures/4618a383-0b69-4a01-8017-680cee33c64e.jpg?im_w=720',378);
INSERT INTO image (type, url, room) VALUES ('detail','https://a0.muscache.com/im/pictures/5e2c7e4b-9ec3-4d7e-ac0e-9a5900f14942.jpg?im_w=720',378);
INSERT INTO image (type, url, room) VALUES ('detail','https://a0.muscache.com/im/pictures/e4dc2cef-917e-4f34-848e-18035aeb8235.jpg?im_w=720',378);
INSERT INTO image (type, url, room) VALUES ('detail','https://a0.muscache.com/im/pictures/9afc9d19-d885-41ed-bb8f-f4642a744b9e.jpg?im_w=720',378);
INSERT INTO image (type, url, room) VALUES ('detail','https://a0.muscache.com/im/pictures/f2a3ef10-a558-46d9-a552-056c6e7bcb4a.jpg?im_w=720',378);
INSERT INTO image (type, url, room) VALUES ('detail','https://a0.muscache.com/im/pictures/1fd82868-bd67-4e72-ac53-1ec3332962b2.jpg?im_w=720',378);
INSERT INTO image (type, url, room) VALUES ('detail','https://a0.muscache.com/im/pictures/2a5b4bb7-c075-4d12-b4f3-a7294938d0dc.jpg?im_w=720',378);
INSERT INTO image (type, url, room) VALUES ('detail','https://a0.muscache.com/im/pictures/2e0d6d7a-eb82-48a4-8598-8f436993fe97.jpg?im_w=720',378);
INSERT INTO image (type, url, room) VALUES ('detail','https://a0.muscache.com/im/pictures/f6c69a13-5d83-4ad3-847b-aad6b1cbf0bf.jpg?im_w=720',378);
INSERT INTO image (type, url, room) VALUES ('detail','https://a0.muscache.com/im/pictures/26e34fe2-a760-4557-8194-53275230478f.jpg?im_w=720',378);
INSERT INTO image (type, url, room) VALUES ('detail','https://a0.muscache.com/im/pictures/26302e7b-a692-4321-84b2-eec1327a1829.jpg?im_w=720',378);
insert into location(id,latitude,longitude,city) values (379,33.441,126.278,'제주');
INSERT INTO room (id, title, description, price_per_day, room_type, bed, max_guest, bathroom, location) VALUES (379,'안채 넓은 방1칸, 한림읍, 곽지 협재 근처, 제주돌집 1또는 2인 가능, 자전거대여','Hallim-eub, Cheju의 개인실',90000,'개인실',0,1,2,379);
INSERT INTO image (type, url, room) VALUES ('thumb','https://a0.muscache.com/im/pictures/2750e069-55b8-427b-b1e4-eaa3ede6f53f.jpg?im_w=720',379);
INSERT INTO image (type, url, room) VALUES ('detail','https://a0.muscache.com/im/pictures/a319209d-0962-470e-90c1-dc3cbd01da5c.jpg?im_w=720',379);
INSERT INTO image (type, url, room) VALUES ('detail','https://a0.muscache.com/im/pictures/ecdea14c-7535-4aff-bfa8-e822c83d5a1e.jpg?im_w=720',379);
INSERT INTO image (type, url, room) VALUES ('detail','https://a0.muscache.com/im/pictures/cbd7e7e2-e91f-490e-9924-992e7175a43d.jpg?im_w=720',379);
INSERT INTO image (type, url, room) VALUES ('detail','https://a0.muscache.com/im/pictures/52e3bad7-4dd4-4e83-809b-b38e07e68ab9.jpg?im_w=720',379);
INSERT INTO image (type, url, room) VALUES ('detail','https://a0.muscache.com/im/pictures/66e68faf-0b14-4f51-b804-d2c1f9745f03.jpg?im_w=720',379);
INSERT INTO image (type, url, room) VALUES ('detail','https://a0.muscache.com/im/pictures/fb2442a2-9374-4978-a3c0-b3c75a981f6d.jpg?im_w=720',379);
INSERT INTO image (type, url, room) VALUES ('detail','https://a0.muscache.com/im/pictures/87c118bc-06e6-4f11-908c-314f719b2b48.jpg?im_w=720',379);
INSERT INTO image (type, url, room) VALUES ('detail','https://a0.muscache.com/im/pictures/8a4d0251-1587-4464-a1c3-8a124c200f29.jpg?im_w=720',379);
INSERT INTO image (type, url, room) VALUES ('detail','https://a0.muscache.com/im/pictures/e5a043c6-63ca-445f-a70b-5efc3a338cce.jpg?im_w=720',379);
INSERT INTO image (type, url, room) VALUES ('detail','https://a0.muscache.com/im/pictures/8454d4f6-2186-48d5-8739-b437a1d60786.jpg?im_w=720',379);
INSERT INTO image (type, url, room) VALUES ('detail','https://a0.muscache.com/im/pictures/143b559a-6646-4ee1-aa3d-f260e0a2c048.jpg?im_w=720',379);
INSERT INTO image (type, url, room) VALUES ('detail','https://a0.muscache.com/im/pictures/3cebef84-4ec3-4292-aab4-1bacb81379b2.jpg?im_w=720',379);
INSERT INTO image (type, url, room) VALUES ('detail','https://a0.muscache.com/im/pictures/bf4e81cc-a838-4c67-8022-7dcccbe8a811.jpg?im_w=720',379);
INSERT INTO image (type, url, room) VALUES ('detail','https://a0.muscache.com/im/pictures/0086b403-754a-4270-a117-a5cf1300b1cb.jpg?im_w=720',379);
INSERT INTO image (type, url, room) VALUES ('detail','https://a0.muscache.com/im/pictures/a5c6285e-e288-4e5f-b71a-91175cc4b706.jpg?im_w=720',379);
INSERT INTO image (type, url, room) VALUES ('detail','https://a0.muscache.com/im/pictures/ef287c9d-e5b6-4e8e-93cf-875c9edf7665.jpg?im_w=720',379);
INSERT INTO image (type, url, room) VALUES ('detail','https://a0.muscache.com/im/pictures/8d8045d2-c7c7-47c6-940a-8e872970d84a.jpg?im_w=720',379);
INSERT INTO image (type, url, room) VALUES ('detail','https://a0.muscache.com/im/pictures/44c92227-2c3d-4e3a-b302-d91e32df0048.jpg?im_w=720',379);
INSERT INTO image (type, url, room) VALUES ('detail','https://a0.muscache.com/im/pictures/bd4cdbc9-7b7a-401e-a2c5-0bb323a8dbba.jpg?im_w=720',379);
insert into location(id,latitude,longitude,city) values (380,33.553,126.808,'제주');
INSERT INTO room (id, title, description, price_per_day, room_type, bed, max_guest, bathroom, location) VALUES (380,'"월정야小" 월정해변 근처 조용한 마을 돌집. 일출이 보이는 들판. (구)봄이네 작은집','Gujwa-eup, Cheju의 게스트용 별채 전체',85000,'집 전체',1,2,1,380);
INSERT INTO image (type, url, room) VALUES ('thumb','https://a0.muscache.com/im/pictures/miso/Hosting-34028781/original/16d66abb-09f0-438f-93e4-820d4f156f01.jpeg?im_w=720',380);
INSERT INTO image (type, url, room) VALUES ('detail','https://a0.muscache.com/im/pictures/a9be37f9-9406-4e58-a1f2-73eeda2cdf2f.jpg?im_w=720',380);
INSERT INTO image (type, url, room) VALUES ('detail','https://a0.muscache.com/im/pictures/3f26dc0e-4c42-436e-bd6b-728e56013e75.jpg?im_w=720',380);
INSERT INTO image (type, url, room) VALUES ('detail','https://a0.muscache.com/im/pictures/2e59a459-d9a4-4d7a-8493-a3d2e5f98282.jpg?im_w=720',380);
INSERT INTO image (type, url, room) VALUES ('detail','https://a0.muscache.com/im/pictures/0226f333-b257-4ea2-88a5-9674b106aaf4.jpg?im_w=720',380);
INSERT INTO image (type, url, room) VALUES ('detail','https://a0.muscache.com/im/pictures/9b3f9fb1-4f50-47f9-b21e-1948d7754e82.jpg?im_w=720',380);
INSERT INTO image (type, url, room) VALUES ('detail','https://a0.muscache.com/im/pictures/31875178-be00-4362-b62a-8949bf866314.jpg?im_w=720',380);
INSERT INTO image (type, url, room) VALUES ('detail','https://a0.muscache.com/im/pictures/d1d36636-e9b7-4e46-888e-8cf028c7a9a8.jpg?im_w=720',380);
INSERT INTO image (type, url, room) VALUES ('detail','https://a0.muscache.com/im/pictures/0c7fa376-b2f8-4493-bd84-0bdda24a1b11.jpg?im_w=720',380);
INSERT INTO image (type, url, room) VALUES ('detail','https://a0.muscache.com/im/pictures/75716ace-1680-4ce9-b00c-f8d4f5bfbda5.jpg?im_w=720',380);
INSERT INTO image (type, url, room) VALUES ('detail','https://a0.muscache.com/im/pictures/7c670eb0-6cf2-4b57-b61c-a88909155ad6.jpg?im_w=720',380);
INSERT INTO image (type, url, room) VALUES ('detail','https://a0.muscache.com/im/pictures/miso/Hosting-34028781/original/11704b67-1b1e-4109-a655-1f586b56ef59.jpeg?im_w=720',380);
INSERT INTO image (type, url, room) VALUES ('detail','https://a0.muscache.com/im/pictures/miso/Hosting-34028781/original/2358603f-b708-42ce-ab29-bf69ffcdcd51.jpeg?im_w=720',380);
INSERT INTO image (type, url, room) VALUES ('detail','https://a0.muscache.com/im/pictures/af58a2dd-01de-4bb1-9ae8-d6cc84458068.jpg?im_w=720',380);
INSERT INTO image (type, url, room) VALUES ('detail','https://a0.muscache.com/im/pictures/36d32f06-75d4-4094-a2c8-de907ba2cf72.jpg?im_w=720',380);
INSERT INTO image (type, url, room) VALUES ('detail','https://a0.muscache.com/im/pictures/miso/Hosting-34028781/original/5fbe4052-08ce-4363-b06a-875e235c4e42.jpeg?im_w=720',380);
INSERT INTO image (type, url, room) VALUES ('detail','https://a0.muscache.com/im/pictures/8dd1f5d6-c0ff-4c47-91db-228e9eb3d7f4.jpg?im_w=720',380);
INSERT INTO image (type, url, room) VALUES ('detail','https://a0.muscache.com/im/pictures/miso/Hosting-34028781/original/a965ba88-a9ce-4338-bc1f-dae562f19ea5.jpeg?im_w=720',380);
INSERT INTO image (type, url, room) VALUES ('detail','https://a0.muscache.com/im/pictures/miso/Hosting-34028781/original/4dd498bb-613b-4c67-b68b-5ff615f62441.jpeg?im_w=720',380);
INSERT INTO image (type, url, room) VALUES ('detail','https://a0.muscache.com/im/pictures/miso/Hosting-34028781/original/4fcbc855-387d-482d-995b-6727e6d35f2c.jpeg?im_w=720',380);
INSERT INTO image (type, url, room) VALUES ('detail','https://a0.muscache.com/im/pictures/miso/Hosting-34028781/original/f5bde80e-2e54-4320-a437-a0c7a410d95e.jpeg?im_w=720',380);
INSERT INTO image (type, url, room) VALUES ('detail','https://a0.muscache.com/im/pictures/miso/Hosting-34028781/original/28818b66-dc18-4794-af8e-87480dcc056f.jpeg?im_w=720',380);
INSERT INTO image (type, url, room) VALUES ('detail','https://a0.muscache.com/im/pictures/miso/Hosting-34028781/original/6f63aea5-f402-4136-a150-2c9eb658466b.jpeg?im_w=720',380);
insert into location(id,latitude,longitude,city) values (381,33.494,126.424,'제주');
INSERT INTO room (id, title, description, price_per_day, room_type, bed, max_guest, bathroom, location) VALUES (381,'[Open] *Woman. Lovely 3 cat.Aewol. Bus stop 2min.','제주시의 개인실',95000,'개인실',0,2,1,381);
INSERT INTO image (type, url, room) VALUES ('thumb','https://a0.muscache.com/im/pictures/af9af469-6c11-42fc-a534-9a6585ce6153.jpg?im_w=720',381);
INSERT INTO image (type, url, room) VALUES ('detail','https://a0.muscache.com/im/pictures/cb1d2caf-c6c8-4ab2-88ab-8f78adedeefd.jpg?im_w=720',381);
INSERT INTO image (type, url, room) VALUES ('detail','https://a0.muscache.com/im/pictures/124d6490-15e5-4cb8-84e4-a7980f956843.jpg?im_w=720',381);
INSERT INTO image (type, url, room) VALUES ('detail','https://a0.muscache.com/im/pictures/36c49906-5219-4661-b27d-471655eae043.jpg?im_w=720',381);
INSERT INTO image (type, url, room) VALUES ('detail','https://a0.muscache.com/im/pictures/e7c6d014-2287-400a-9935-3521eed439b9.jpg?im_w=720',381);
INSERT INTO image (type, url, room) VALUES ('detail','https://a0.muscache.com/im/pictures/87500d32-dad2-4f2f-88aa-6caa281a11a5.jpg?im_w=720',381);
INSERT INTO image (type, url, room) VALUES ('detail','https://a0.muscache.com/im/pictures/89e365a1-412d-4c64-b613-624b0c35c6a7.jpg?im_w=720',381);
INSERT INTO image (type, url, room) VALUES ('detail','https://a0.muscache.com/im/pictures/71138950-280b-4f2d-a80d-fae677052cc2.jpg?im_w=720',381);
INSERT INTO image (type, url, room) VALUES ('detail','https://a0.muscache.com/im/pictures/8c887923-664f-4a08-b75b-853e252c256d.jpg?im_w=720',381);
INSERT INTO image (type, url, room) VALUES ('detail','https://a0.muscache.com/im/pictures/b89f289c-3f88-4ba8-befd-6333f314c625.jpg?im_w=720',381);
INSERT INTO image (type, url, room) VALUES ('detail','https://a0.muscache.com/im/pictures/2dbdfbf0-b3eb-4045-ac0e-5aa595e3be5e.jpg?im_w=720',381);
INSERT INTO image (type, url, room) VALUES ('detail','https://a0.muscache.com/im/pictures/1f8b64f9-43c7-46fc-8a75-ef3883a3862c.jpg?im_w=720',381);
INSERT INTO image (type, url, room) VALUES ('detail','https://a0.muscache.com/im/pictures/30b5cedd-81b3-4cd9-9a9d-80cc1de06c94.jpg?im_w=720',381);
INSERT INTO image (type, url, room) VALUES ('detail','https://a0.muscache.com/im/pictures/c544e915-cb6f-44ea-a5e0-c0df42d884e9.jpg?im_w=720',381);
INSERT INTO image (type, url, room) VALUES ('detail','https://a0.muscache.com/im/pictures/ab07f8f1-be3a-4015-bf5a-e2fd87055687.jpg?im_w=720',381);
INSERT INTO image (type, url, room) VALUES ('detail','https://a0.muscache.com/im/pictures/a6817a27-25fc-4355-9e82-829f3ff0f1cd.jpg?im_w=720',381);
INSERT INTO image (type, url, room) VALUES ('detail','https://a0.muscache.com/im/pictures/bda3443a-3f75-4ccf-b5c4-dfee1b7ee5c2.jpg?im_w=720',381);
INSERT INTO image (type, url, room) VALUES ('detail','https://a0.muscache.com/im/pictures/2c14dda1-aad1-405b-97c5-4515074cded7.jpg?im_w=720',381);
INSERT INTO image (type, url, room) VALUES ('detail','https://a0.muscache.com/im/pictures/5739378c-aa82-4f2f-a0d5-73f7da769384.jpg?im_w=720',381);
INSERT INTO image (type, url, room) VALUES ('detail','https://a0.muscache.com/im/pictures/26725375-5cd5-469f-be59-cf06fbf08ec5.jpg?im_w=720',381);
INSERT INTO image (type, url, room) VALUES ('detail','https://a0.muscache.com/im/pictures/73ae4961-e89e-4710-85d8-da1712cc39a4.jpg?im_w=720',381);
insert into location(id,latitude,longitude,city) values (382,33.483,126.403,'제주');
INSERT INTO room (id, title, description, price_per_day, room_type, bed, max_guest, bathroom, location) VALUES (382,'제주 애월 감성 공유 민박. 별채 2인실','Aewol-eup, Jeju-si의 게스트용 별채 전체',85000,'집 전체',0,2,1,382);
INSERT INTO image (type, url, room) VALUES ('thumb','https://a0.muscache.com/im/pictures/eee837a9-c283-41f9-bfa4-1205963de2f9.jpg?im_w=720',382);
INSERT INTO image (type, url, room) VALUES ('detail','https://a0.muscache.com/im/pictures/bd6e8e32-490e-4a28-b3f1-d3a62fb3b527.jpg?im_w=720',382);
INSERT INTO image (type, url, room) VALUES ('detail','https://a0.muscache.com/im/pictures/1934a04c-a510-4f7f-bf41-b2ae2f11578a.jpg?im_w=720',382);
INSERT INTO image (type, url, room) VALUES ('detail','https://a0.muscache.com/im/pictures/b4d9b2e6-7c94-4349-a366-9f825c2c67a4.jpg?im_w=720',382);
INSERT INTO image (type, url, room) VALUES ('detail','https://a0.muscache.com/im/pictures/3ba06bd5-f766-43f5-a9bf-2156c57294fa.jpg?im_w=720',382);
INSERT INTO image (type, url, room) VALUES ('detail','https://a0.muscache.com/im/pictures/e8b45864-dc46-476f-839b-bc6b665a52cd.jpg?im_w=720',382);
INSERT INTO image (type, url, room) VALUES ('detail','https://a0.muscache.com/im/pictures/7b9d3d45-32b6-40ba-b376-279413fe9edc.jpg?im_w=720',382);
INSERT INTO image (type, url, room) VALUES ('detail','https://a0.muscache.com/im/pictures/6950aade-04a6-4327-8aac-e4a440d9addd.jpg?im_w=720',382);
INSERT INTO image (type, url, room) VALUES ('detail','https://a0.muscache.com/im/pictures/d8bea744-de94-4759-80a2-02ba63b288ea.jpg?im_w=720',382);
INSERT INTO image (type, url, room) VALUES ('detail','https://a0.muscache.com/im/pictures/b0faa1ce-b66a-4284-90d4-ce34654bed35.jpg?im_w=720',382);
INSERT INTO image (type, url, room) VALUES ('detail','https://a0.muscache.com/im/pictures/945b3c8c-3953-4115-a7bb-50023708cd40.jpg?im_w=720',382);
INSERT INTO image (type, url, room) VALUES ('detail','https://a0.muscache.com/im/pictures/866f6049-5b3d-471c-81a3-d10ee78de38d.jpg?im_w=720',382);
INSERT INTO image (type, url, room) VALUES ('detail','https://a0.muscache.com/im/pictures/0561e5f3-ab6f-40a0-a3f2-57bcdec9b0d8.jpg?im_w=720',382);
INSERT INTO image (type, url, room) VALUES ('detail','https://a0.muscache.com/im/pictures/7833a2c3-6fa1-4826-a53a-df2e683769eb.jpg?im_w=720',382);
INSERT INTO image (type, url, room) VALUES ('detail','https://a0.muscache.com/im/pictures/4a58450a-aa6f-4554-9d79-5f2d0438444a.jpg?im_w=720',382);
INSERT INTO image (type, url, room) VALUES ('detail','https://a0.muscache.com/im/pictures/3754aa75-9068-4f7a-a1c7-ddfaa709059d.jpg?im_w=720',382);
INSERT INTO image (type, url, room) VALUES ('detail','https://a0.muscache.com/im/pictures/431bf153-9f94-4dbc-b547-880876f47e1b.jpg?im_w=720',382);
INSERT INTO image (type, url, room) VALUES ('detail','https://a0.muscache.com/im/pictures/dfcdfb8e-da3e-47ea-b189-405c3c06c12c.jpg?im_w=720',382);
INSERT INTO image (type, url, room) VALUES ('detail','https://a0.muscache.com/im/pictures/66d1cba6-76d1-46b0-b5cf-1e57f24b021a.jpg?im_w=720',382);
INSERT INTO image (type, url, room) VALUES ('detail','https://a0.muscache.com/im/pictures/e77e504a-573b-4dd8-9ed8-80c0c7cf17ca.jpg?im_w=720',382);
INSERT INTO image (type, url, room) VALUES ('detail','https://a0.muscache.com/im/pictures/894702c7-4ea9-4bbb-a738-30c339a61ff3.jpg?im_w=720',382);
INSERT INTO image (type, url, room) VALUES ('detail','https://a0.muscache.com/im/pictures/6b1c0a9e-aca0-4ea0-bc30-ba10762dd255.jpg?im_w=720',382);
INSERT INTO image (type, url, room) VALUES ('detail','https://a0.muscache.com/im/pictures/28a1ee1a-4b3c-4d98-939e-6e81abe4e916.jpg?im_w=720',382);
INSERT INTO image (type, url, room) VALUES ('detail','https://a0.muscache.com/im/pictures/92718916-8c73-480c-8fc4-83c24bb53b62.jpg?im_w=720',382);
INSERT INTO image (type, url, room) VALUES ('detail','https://a0.muscache.com/im/pictures/abbd0c06-a714-4cc3-936c-b57bae332d3d.jpg?im_w=720',382);
INSERT INTO image (type, url, room) VALUES ('detail','https://a0.muscache.com/im/pictures/21d86d87-e05d-49d6-b646-a2e0c2305859.jpg?im_w=720',382);
INSERT INTO image (type, url, room) VALUES ('detail','https://a0.muscache.com/im/pictures/82b72e61-6163-4b89-9fe9-41b341874c12.jpg?im_w=720',382);
INSERT INTO image (type, url, room) VALUES ('detail','https://a0.muscache.com/im/pictures/22c983fb-dddf-4682-aae2-6c8c8f1112eb.jpg?im_w=720',382);
INSERT INTO image (type, url, room) VALUES ('detail','https://a0.muscache.com/im/pictures/3f3354b0-12cf-4217-93e4-6da047a62ad4.jpg?im_w=720',382);
INSERT INTO image (type, url, room) VALUES ('detail','https://a0.muscache.com/im/pictures/8b8342e3-f354-4a2a-acb1-4ad2cfce8cb9.jpg?im_w=720',382);
insert into location(id,latitude,longitude,city) values (383,33.376,126.217,'제주');
INSERT INTO room (id, title, description, price_per_day, room_type, bed, max_guest, bathroom, location) VALUES (383,'제주 협재 금능 독채(풀옵션) 제주 가옥 한달살기 (월세) 더월령 입니다','Hallim-eub, Cheju의 전원주택 전체',100000,'집 전체',2,4,1,383);
INSERT INTO image (type, url, room) VALUES ('thumb','https://a0.muscache.com/im/pictures/pro_photo_tool/Hosting-39848173-unapproved/original/fd328600-c025-4219-a21b-93aa34edffb3.JPEG?im_w=720',383);
INSERT INTO image (type, url, room) VALUES ('detail','https://a0.muscache.com/im/pictures/pro_photo_tool/Hosting-39848173-unapproved/original/7e6b23f6-aac0-4bb6-aa0c-b1eb49b44311.JPEG?im_w=720',383);
INSERT INTO image (type, url, room) VALUES ('detail','https://a0.muscache.com/im/pictures/pro_photo_tool/Hosting-39848173-unapproved/original/d6e1fc48-2e39-400e-bdd3-14edae614fad.JPEG?im_w=720',383);
INSERT INTO image (type, url, room) VALUES ('detail','https://a0.muscache.com/im/pictures/pro_photo_tool/Hosting-39848173-unapproved/original/c79015df-3434-43fc-a712-0b8bfe58bb4d.JPEG?im_w=720',383);
INSERT INTO image (type, url, room) VALUES ('detail','https://a0.muscache.com/im/pictures/pro_photo_tool/Hosting-39848173-unapproved/original/53792fc4-4ee1-46e3-907a-1f6e77f1ad3c.JPEG?im_w=720',383);
INSERT INTO image (type, url, room) VALUES ('detail','https://a0.muscache.com/im/pictures/895a94e3-d12f-40bc-826a-4def45dc357a.jpg?im_w=720',383);
INSERT INTO image (type, url, room) VALUES ('detail','https://a0.muscache.com/im/pictures/2a0bcd4f-1021-4437-938d-5e8330281423.jpg?im_w=720',383);
INSERT INTO image (type, url, room) VALUES ('detail','https://a0.muscache.com/im/pictures/40416c13-873d-4997-94f2-9f14efa40d83.jpg?im_w=720',383);
INSERT INTO image (type, url, room) VALUES ('detail','https://a0.muscache.com/im/pictures/16cf5420-b92d-48bd-97a6-09a39edc3269.jpg?im_w=720',383);
INSERT INTO image (type, url, room) VALUES ('detail','https://a0.muscache.com/im/pictures/pro_photo_tool/Hosting-39848173-unapproved/original/30b0f438-fc98-4477-aeff-534c66544780.JPEG?im_w=720',383);
INSERT INTO image (type, url, room) VALUES ('detail','https://a0.muscache.com/im/pictures/b06cf35c-92b1-4637-a496-9afd80dc309c.jpg?im_w=720',383);
INSERT INTO image (type, url, room) VALUES ('detail','https://a0.muscache.com/im/pictures/pro_photo_tool/Hosting-39848173-unapproved/original/8db51b4e-d809-4997-a4dd-0ecbf20ae2f8.JPEG?im_w=720',383);
INSERT INTO image (type, url, room) VALUES ('detail','https://a0.muscache.com/im/pictures/474bc9e1-5065-4516-b2cf-5bab840b8320.jpg?im_w=720',383);
INSERT INTO image (type, url, room) VALUES ('detail','https://a0.muscache.com/im/pictures/pro_photo_tool/Hosting-39848173-unapproved/original/23c89d02-f37f-401b-a55d-e1e76e7b8e6c.JPEG?im_w=720',383);
INSERT INTO image (type, url, room) VALUES ('detail','https://a0.muscache.com/im/pictures/pro_photo_tool/Hosting-39848173-unapproved/original/5eebbc18-c71d-4765-8877-1050c34111bd.JPEG?im_w=720',383);
INSERT INTO image (type, url, room) VALUES ('detail','https://a0.muscache.com/im/pictures/3451b51f-87cc-44db-8c3f-34c956d43ef3.jpg?im_w=720',383);
INSERT INTO image (type, url, room) VALUES ('detail','https://a0.muscache.com/im/pictures/76fd8572-4f84-45c3-a5d6-0a8b49be53bb.jpg?im_w=720',383);
INSERT INTO image (type, url, room) VALUES ('detail','https://a0.muscache.com/im/pictures/e5c247d1-e2aa-4f8e-a60a-73c1e0d26d50.jpg?im_w=720',383);
INSERT INTO image (type, url, room) VALUES ('detail','https://a0.muscache.com/im/pictures/c57e89fd-4e55-4cd4-8be8-45e3cfe32ccb.jpg?im_w=720',383);
INSERT INTO image (type, url, room) VALUES ('detail','https://a0.muscache.com/im/pictures/1d680aaa-6ac2-4ec4-b69b-7276eb283726.jpg?im_w=720',383);
INSERT INTO image (type, url, room) VALUES ('detail','https://a0.muscache.com/im/pictures/f85f5877-3919-4eca-9a7d-7e91120c4008.jpg?im_w=720',383);
INSERT INTO image (type, url, room) VALUES ('detail','https://a0.muscache.com/im/pictures/79744712-37d6-406c-a9af-318b9cf21cb5.jpg?im_w=720',383);
INSERT INTO image (type, url, room) VALUES ('detail','https://a0.muscache.com/im/pictures/pro_photo_tool/Hosting-39848173-unapproved/original/504deb04-12dc-44ed-b163-933b7ae82209.JPEG?im_w=720',383);
INSERT INTO image (type, url, room) VALUES ('detail','https://a0.muscache.com/im/pictures/ce315c1b-2c73-4188-80c0-793286e35e6b.jpg?im_w=720',383);
INSERT INTO image (type, url, room) VALUES ('detail','https://a0.muscache.com/im/pictures/3c9b9d7f-1ce2-4871-b83e-1071ddb7ec75.jpg?im_w=720',383);
INSERT INTO image (type, url, room) VALUES ('detail','https://a0.muscache.com/im/pictures/9a5b5ae3-dcac-421f-9577-680740373691.jpg?im_w=720',383);
INSERT INTO image (type, url, room) VALUES ('detail','https://a0.muscache.com/im/pictures/pro_photo_tool/Hosting-39848173-unapproved/original/fe21a4b4-710e-4d80-8411-459666b23a95.JPEG?im_w=720',383);
INSERT INTO image (type, url, room) VALUES ('detail','https://a0.muscache.com/im/pictures/75e48a2d-17e9-4da7-b25a-4cb9ea0b1d76.jpg?im_w=720',383);
INSERT INTO image (type, url, room) VALUES ('detail','https://a0.muscache.com/im/pictures/79695a1b-d610-4d16-9be5-19a7d79c3969.jpg?im_w=720',383);
INSERT INTO image (type, url, room) VALUES ('detail','https://a0.muscache.com/im/pictures/pro_photo_tool/Hosting-39848173-unapproved/original/ea8d0b4d-e69d-4e91-8ec4-e0c6585602a0.JPEG?im_w=720',383);
insert into location(id,latitude,longitude,city) values (384,33.499,126.525,'제주');
INSERT INTO room (id, title, description, price_per_day, room_type, bed, max_guest, bathroom, location) VALUES (384,'깔끔한 원룸형 쉐어하우스/터미널,시청,공항 근처 위치','Samdoil-dong, Cheju의 개인실',100000,'개인실',0,2,1,384);
INSERT INTO image (type, url, room) VALUES ('thumb','https://a0.muscache.com/im/pictures/145c3881-b88a-49eb-9e97-9e6a0c94b650.jpg?im_w=720',384);
INSERT INTO image (type, url, room) VALUES ('detail','https://a0.muscache.com/im/pictures/f05e11aa-d0d9-460b-99e4-b3e241f728bc.jpg?im_w=720',384);
INSERT INTO image (type, url, room) VALUES ('detail','https://a0.muscache.com/im/pictures/2a5fd543-bd0b-4336-8977-dda5f8e58739.jpg?im_w=720',384);
INSERT INTO image (type, url, room) VALUES ('detail','https://a0.muscache.com/im/pictures/61858afa-d10d-4ca4-b64f-a2c38d7f32bd.jpg?im_w=720',384);
INSERT INTO image (type, url, room) VALUES ('detail','https://a0.muscache.com/im/pictures/a7615b6f-1b24-4893-abf0-9f482af67baf.jpg?im_w=720',384);
INSERT INTO image (type, url, room) VALUES ('detail','https://a0.muscache.com/im/pictures/41704f0e-2273-41e3-bf13-b15597f55aa7.jpg?im_w=720',384);
INSERT INTO image (type, url, room) VALUES ('detail','https://a0.muscache.com/im/pictures/f2c89896-e872-4f29-bb71-978b9be9a124.jpg?im_w=720',384);
INSERT INTO image (type, url, room) VALUES ('detail','https://a0.muscache.com/im/pictures/ad816e88-0dfd-4c46-942f-ac76bbcdf92f.jpg?im_w=720',384);
INSERT INTO image (type, url, room) VALUES ('detail','https://a0.muscache.com/im/pictures/905e933f-eab7-4bb0-86fa-2d74e8e1807e.jpg?im_w=720',384);
INSERT INTO image (type, url, room) VALUES ('detail','https://a0.muscache.com/im/pictures/ea8b4b61-74fb-4b3a-970b-0b9fb9fc1fff.jpg?im_w=720',384);
INSERT INTO image (type, url, room) VALUES ('detail','https://a0.muscache.com/im/pictures/73e9ba94-baca-460d-9e1d-d66785a74bba.jpg?im_w=720',384);
insert into location(id,latitude,longitude,city) values (385,33.234,126.366,'제주');
INSERT INTO room (id, title, description, price_per_day, room_type, bed, max_guest, bathroom, location) VALUES (385,'몽돌하우스','Andeok-myeon, Seogwipo-si의 개인실',100000,'개인실',1,3,2,385);
INSERT INTO image (type, url, room) VALUES ('thumb','https://a0.muscache.com/im/pictures/655d70f0-4ec7-4c0d-9151-e140e3aed5ef.jpg?im_w=720',385);
INSERT INTO image (type, url, room) VALUES ('detail','https://a0.muscache.com/im/pictures/d99332b6-9ef2-46a9-b4d7-c59c04a20acb.jpg?im_w=720',385);
INSERT INTO image (type, url, room) VALUES ('detail','https://a0.muscache.com/im/pictures/bc809b4a-a365-4e8b-85c9-ea107912008d.jpg?im_w=720',385);
INSERT INTO image (type, url, room) VALUES ('detail','https://a0.muscache.com/im/pictures/688ae4a1-c529-4959-b4d1-e60afeffeb03.jpg?im_w=720',385);
INSERT INTO image (type, url, room) VALUES ('detail','https://a0.muscache.com/im/pictures/df3bfcfd-9ae5-4141-a8bf-17431fdd6d91.jpg?im_w=720',385);
INSERT INTO image (type, url, room) VALUES ('detail','https://a0.muscache.com/im/pictures/e3d59c37-3b2d-4041-8de8-7a6334e5e832.jpg?im_w=720',385);
INSERT INTO image (type, url, room) VALUES ('detail','https://a0.muscache.com/im/pictures/815a992c-d6fc-4f67-ab16-b023fe84e478.jpg?im_w=720',385);
INSERT INTO image (type, url, room) VALUES ('detail','https://a0.muscache.com/im/pictures/360fbb56-499f-496a-81d7-b4f0cd9323a1.jpg?im_w=720',385);
INSERT INTO image (type, url, room) VALUES ('detail','https://a0.muscache.com/im/pictures/b7f328cc-34e3-4900-b392-27600f0cf3f6.jpg?im_w=720',385);
INSERT INTO image (type, url, room) VALUES ('detail','https://a0.muscache.com/im/pictures/0482e713-caa6-47ae-a970-94371de21077.jpg?im_w=720',385);
INSERT INTO image (type, url, room) VALUES ('detail','https://a0.muscache.com/im/pictures/d671cf7b-5baa-4252-b446-9c68bb04aec1.jpg?im_w=720',385);
INSERT INTO image (type, url, room) VALUES ('detail','https://a0.muscache.com/im/pictures/35ea863a-720e-47ff-b245-625cb33f6936.jpg?im_w=720',385);
INSERT INTO image (type, url, room) VALUES ('detail','https://a0.muscache.com/im/pictures/f6c5f484-3d11-4e01-90cd-6432b3358c75.jpg?im_w=720',385);
INSERT INTO image (type, url, room) VALUES ('detail','https://a0.muscache.com/im/pictures/c45685fd-d007-4e4d-82a9-2de099b032ad.jpg?im_w=720',385);
INSERT INTO image (type, url, room) VALUES ('detail','https://a0.muscache.com/im/pictures/2cfbc496-893e-4065-a7ef-ea279b33087d.jpg?im_w=720',385);
INSERT INTO image (type, url, room) VALUES ('detail','https://a0.muscache.com/im/pictures/c6b964be-f080-42d3-b2cd-caedd1284868.jpg?im_w=720',385);
INSERT INTO image (type, url, room) VALUES ('detail','https://a0.muscache.com/im/pictures/3c494821-3360-47a4-9a70-e8095bc2a663.jpg?im_w=720',385);
INSERT INTO image (type, url, room) VALUES ('detail','https://a0.muscache.com/im/pictures/7de26717-94ad-409c-b683-057a2791d1dc.jpg?im_w=720',385);
INSERT INTO image (type, url, room) VALUES ('detail','https://a0.muscache.com/im/pictures/c7eb8fd9-0785-47f2-926e-d0e2a17f1513.jpg?im_w=720',385);
INSERT INTO image (type, url, room) VALUES ('detail','https://a0.muscache.com/im/pictures/b4e8388d-1d5b-4264-b615-e6c10995a4e0.jpg?im_w=720',385);
INSERT INTO image (type, url, room) VALUES ('detail','https://a0.muscache.com/im/pictures/56d9b550-9672-4cf0-bb3d-3602d89074a1.jpg?im_w=720',385);
INSERT INTO image (type, url, room) VALUES ('detail','https://a0.muscache.com/im/pictures/26dd5c56-586d-4a3c-896c-ec11cc417ff6.jpg?im_w=720',385);
INSERT INTO image (type, url, room) VALUES ('detail','https://a0.muscache.com/im/pictures/4fe6df47-c156-4005-a408-ae9ae546ee4c.jpg?im_w=720',385);
INSERT INTO image (type, url, room) VALUES ('detail','https://a0.muscache.com/im/pictures/d17d4687-8bf5-4caa-8927-92dca3ac3cff.jpg?im_w=720',385);
INSERT INTO image (type, url, room) VALUES ('detail','https://a0.muscache.com/im/pictures/e0d0d080-483c-4002-a7b2-d9dbaef9a280.jpg?im_w=720',385);
INSERT INTO image (type, url, room) VALUES ('detail','https://a0.muscache.com/im/pictures/37ed3f7c-1f0f-4282-ad94-b8cf22c3060b.jpg?im_w=720',385);
INSERT INTO image (type, url, room) VALUES ('detail','https://a0.muscache.com/im/pictures/6b4b244d-7a52-4880-ab44-02d7061664ce.jpg?im_w=720',385);
INSERT INTO image (type, url, room) VALUES ('detail','https://a0.muscache.com/im/pictures/9ec4a4c0-6595-489f-bbb2-bc7e7bfb8a13.jpg?im_w=720',385);
INSERT INTO image (type, url, room) VALUES ('detail','https://a0.muscache.com/im/pictures/f114a133-0fcd-469b-82a8-9ff816930c37.jpg?im_w=720',385);
INSERT INTO image (type, url, room) VALUES ('detail','https://a0.muscache.com/im/pictures/3201110c-cd06-4723-ace2-3eca12a0a879.jpg?im_w=720',385);
insert into location(id,latitude,longitude,city) values (386,33.496,126.492,'제주');
INSERT INTO room (id, title, description, price_per_day, room_type, bed, max_guest, bathroom, location) VALUES (386,'(할인중) YAB 공항근처/ 가성비 최고/ 개인실/ 개별욕실/ 주방/ 세탁건조기/ 주차공간','Cheju의 호스텔 객실',100000,'개인실',1,2,1,386);
INSERT INTO image (type, url, room) VALUES ('thumb','https://a0.muscache.com/im/pictures/276aefab-0732-4adb-83dc-b5c311b01af5.jpg?im_w=720',386);
INSERT INTO image (type, url, room) VALUES ('detail','https://a0.muscache.com/im/pictures/6566b433-65d9-496f-a9de-496f41e439b1.jpg?im_w=720',386);
INSERT INTO image (type, url, room) VALUES ('detail','https://a0.muscache.com/im/pictures/2952596c-9d53-45fd-847a-1d870d615f68.jpg?im_w=720',386);
INSERT INTO image (type, url, room) VALUES ('detail','https://a0.muscache.com/im/pictures/cb3ae2cb-f887-4234-9c99-97262e7b8a3d.jpg?im_w=720',386);
INSERT INTO image (type, url, room) VALUES ('detail','https://a0.muscache.com/im/pictures/5ab2ff18-7b30-4106-af01-2cd17c6aa6f1.jpg?im_w=720',386);
INSERT INTO image (type, url, room) VALUES ('detail','https://a0.muscache.com/im/pictures/b07a49fc-f872-47d9-9395-9d6bf843e4c9.jpg?im_w=720',386);
INSERT INTO image (type, url, room) VALUES ('detail','https://a0.muscache.com/im/pictures/0ba01a2f-f8a7-4e02-ab49-7089ea0a7ece.jpg?im_w=720',386);
INSERT INTO image (type, url, room) VALUES ('detail','https://a0.muscache.com/im/pictures/192db153-badb-4e6e-ad6f-f22565c09f4c.jpg?im_w=720',386);
INSERT INTO image (type, url, room) VALUES ('detail','https://a0.muscache.com/im/pictures/6dd8d5fc-86e1-42ba-8c2b-328e7cf37b94.jpg?im_w=720',386);
INSERT INTO image (type, url, room) VALUES ('detail','https://a0.muscache.com/im/pictures/2b8a96cc-7aa4-4b8b-963f-cdb3b7f48456.jpg?im_w=720',386);
INSERT INTO image (type, url, room) VALUES ('detail','https://a0.muscache.com/im/pictures/bf995137-1d22-455f-81ff-c70cff861d21.jpg?im_w=720',386);
INSERT INTO image (type, url, room) VALUES ('detail','https://a0.muscache.com/im/pictures/miso/Hosting-28633788/original/8a39a9ab-f9ef-45a4-ae06-cec7d4f6a33e.jpeg?im_w=720',386);
INSERT INTO image (type, url, room) VALUES ('detail','https://a0.muscache.com/im/pictures/miso/Hosting-28633788/original/35b82c94-bbd9-4284-bc92-4328468e5130.jpeg?im_w=720',386);
INSERT INTO image (type, url, room) VALUES ('detail','https://a0.muscache.com/im/pictures/miso/Hosting-28633788/original/25854c98-17ef-4715-8389-12d02a34948a.jpeg?im_w=720',386);
insert into location(id,latitude,longitude,city) values (387,33.241,126.335,'제주');
INSERT INTO room (id, title, description, price_per_day, room_type, bed, max_guest, bathroom, location) VALUES (387,'금모래해변 여성전용 셰어하우스 소담인5(개별화장실)','Andeok-myeon, Seogwipo의 개인실',80000,'개인실',1,2,1,387);
INSERT INTO image (type, url, room) VALUES ('thumb','https://a0.muscache.com/im/pictures/c3202f96-e488-48c5-acd6-b3dae3a5ad4d.jpg?im_w=720',387);
INSERT INTO image (type, url, room) VALUES ('detail','https://a0.muscache.com/im/pictures/cc289c68-de9c-45f5-b1a5-e41ecc13503c.jpg?im_w=720',387);
INSERT INTO image (type, url, room) VALUES ('detail','https://a0.muscache.com/im/pictures/b7c241e1-662d-4e29-8106-0fbaca70a658.jpg?im_w=720',387);
INSERT INTO image (type, url, room) VALUES ('detail','https://a0.muscache.com/im/pictures/8d2711a3-8bc1-47a1-a5c4-d04ca0d8239a.jpg?im_w=720',387);
INSERT INTO image (type, url, room) VALUES ('detail','https://a0.muscache.com/im/pictures/528e5a44-7a43-45a1-a711-184e27a664b5.jpg?im_w=720',387);
INSERT INTO image (type, url, room) VALUES ('detail','https://a0.muscache.com/im/pictures/aa9d739c-a5c6-4fca-be0e-1d44b3dc9232.jpg?im_w=720',387);
INSERT INTO image (type, url, room) VALUES ('detail','https://a0.muscache.com/im/pictures/6b6814dd-f7f3-4268-9a75-315445fbccf9.jpg?im_w=720',387);
INSERT INTO image (type, url, room) VALUES ('detail','https://a0.muscache.com/im/pictures/16b84f45-5f46-43d7-8e38-809612fd4f6f.jpg?im_w=720',387);
INSERT INTO image (type, url, room) VALUES ('detail','https://a0.muscache.com/im/pictures/3cde2367-0f57-4672-aa95-3255dcce9ef5.jpg?im_w=720',387);
INSERT INTO image (type, url, room) VALUES ('detail','https://a0.muscache.com/im/pictures/c26dd6aa-4f63-4fc8-a2ea-4662d4ba8f82.jpg?im_w=720',387);
INSERT INTO image (type, url, room) VALUES ('detail','https://a0.muscache.com/im/pictures/db0d6078-d70d-4989-aacb-9b6cb602183a.jpg?im_w=720',387);
INSERT INTO image (type, url, room) VALUES ('detail','https://a0.muscache.com/im/pictures/8af11bb6-37f6-402c-b555-23a83866c89d.jpg?im_w=720',387);
INSERT INTO image (type, url, room) VALUES ('detail','https://a0.muscache.com/im/pictures/a8d710d1-e475-4a52-a4e3-c83c24ae15fe.jpg?im_w=720',387);
INSERT INTO image (type, url, room) VALUES ('detail','https://a0.muscache.com/im/pictures/8f84f5d6-f42e-4ea5-a4f1-215d14af9939.jpg?im_w=720',387);
INSERT INTO image (type, url, room) VALUES ('detail','https://a0.muscache.com/im/pictures/db61f38d-972e-4ec0-b9e1-bb9884e7ba17.jpg?im_w=720',387);
INSERT INTO image (type, url, room) VALUES ('detail','https://a0.muscache.com/im/pictures/749fafb1-988e-4430-a167-188a26403016.jpg?im_w=720',387);
INSERT INTO image (type, url, room) VALUES ('detail','https://a0.muscache.com/im/pictures/aedc6965-0d8f-471e-be9d-a876c3398313.jpg?im_w=720',387);
INSERT INTO image (type, url, room) VALUES ('detail','https://a0.muscache.com/im/pictures/f6ee4885-d41b-4494-b18b-6009f28b8834.jpg?im_w=720',387);
insert into location(id,latitude,longitude,city) values (388,33.49,126.492,'제주');
INSERT INTO room (id, title, description, price_per_day, room_type, bed, max_guest, bathroom, location) VALUES (388,'연동 스카이 바다뷰 ..!','Yeon-dong, Cheju의 아파트 전체',100000,'집 전체',2,2,1,388);
INSERT INTO image (type, url, room) VALUES ('thumb','https://a0.muscache.com/im/pictures/c4f5fd24-fe01-4446-94e4-83a63ba3c0d4.jpg?im_w=720',388);
INSERT INTO image (type, url, room) VALUES ('detail','https://a0.muscache.com/im/pictures/bc83a8e9-b0c7-4968-8687-6d6756db2084.jpg?im_w=720',388);
INSERT INTO image (type, url, room) VALUES ('detail','https://a0.muscache.com/im/pictures/26017345-bbfc-4541-a69b-74db2ee47ad0.jpg?im_w=720',388);
INSERT INTO image (type, url, room) VALUES ('detail','https://a0.muscache.com/im/pictures/9d0a3337-5cca-448f-89f9-e9e74020c0bd.jpg?im_w=720',388);
INSERT INTO image (type, url, room) VALUES ('detail','https://a0.muscache.com/im/pictures/2034aa05-5243-4e38-808e-6e1144636714.jpg?im_w=720',388);
INSERT INTO image (type, url, room) VALUES ('detail','https://a0.muscache.com/im/pictures/abc7bd72-7184-496f-81a2-6ed1a8b4cc19.jpg?im_w=720',388);
INSERT INTO image (type, url, room) VALUES ('detail','https://a0.muscache.com/im/pictures/c7f9b3d3-c71e-416b-bc93-9e87dfa03d3f.jpg?im_w=720',388);
INSERT INTO image (type, url, room) VALUES ('detail','https://a0.muscache.com/im/pictures/2c56613a-d8f7-4157-9a2b-9e6dc6ffb353.jpg?im_w=720',388);
INSERT INTO image (type, url, room) VALUES ('detail','https://a0.muscache.com/im/pictures/4173f8fa-4572-4b2a-9c6d-1ccef40438e0.jpg?im_w=720',388);
INSERT INTO image (type, url, room) VALUES ('detail','https://a0.muscache.com/im/pictures/ef457c2e-a4c5-4dc9-ba48-507fc61c2f3c.jpg?im_w=720',388);
INSERT INTO image (type, url, room) VALUES ('detail','https://a0.muscache.com/im/pictures/0bf2f538-e758-4f3a-9247-7c5b8db04cc2.jpg?im_w=720',388);
INSERT INTO image (type, url, room) VALUES ('detail','https://a0.muscache.com/im/pictures/98ecf4b6-2667-44a0-942f-38f1e769cb50.jpg?im_w=720',388);
INSERT INTO image (type, url, room) VALUES ('detail','https://a0.muscache.com/im/pictures/e8a30462-7443-4ae8-aa39-5b0a8b403188.jpg?im_w=720',388);
INSERT INTO image (type, url, room) VALUES ('detail','https://a0.muscache.com/im/pictures/0bd46839-f743-4ce2-a39c-c028127d40dd.jpg?im_w=720',388);
INSERT INTO image (type, url, room) VALUES ('detail','https://a0.muscache.com/im/pictures/23c7b268-5120-49f8-afbe-434b3a9eadab.jpg?im_w=720',388);
INSERT INTO image (type, url, room) VALUES ('detail','https://a0.muscache.com/im/pictures/51785932-011e-4921-bed4-40c960976c99.jpg?im_w=720',388);
insert into location(id,latitude,longitude,city) values (389,33.442,126.278,'제주');
INSERT INTO room (id, title, description, price_per_day, room_type, bed, max_guest, bathroom, location) VALUES (389,'1인실 별채, 한림해안도로 옆, 애견동반환영, 넓은마당, 조용한책방, 에어컨없음.','제주시의 개인실',90000,'개인실',1,1,1,389);
INSERT INTO image (type, url, room) VALUES ('thumb','https://a0.muscache.com/im/pictures/637bc68d-07c5-4738-bfe1-73fc2063cdeb.jpg?im_w=720',389);
INSERT INTO image (type, url, room) VALUES ('detail','https://a0.muscache.com/im/pictures/8454d4f6-2186-48d5-8739-b437a1d60786.jpg?im_w=720',389);
INSERT INTO image (type, url, room) VALUES ('detail','https://a0.muscache.com/im/pictures/3cebef84-4ec3-4292-aab4-1bacb81379b2.jpg?im_w=720',389);
INSERT INTO image (type, url, room) VALUES ('detail','https://a0.muscache.com/im/pictures/bf4e81cc-a838-4c67-8022-7dcccbe8a811.jpg?im_w=720',389);
INSERT INTO image (type, url, room) VALUES ('detail','https://a0.muscache.com/im/pictures/0086b403-754a-4270-a117-a5cf1300b1cb.jpg?im_w=720',389);
INSERT INTO image (type, url, room) VALUES ('detail','https://a0.muscache.com/im/pictures/a5c6285e-e288-4e5f-b71a-91175cc4b706.jpg?im_w=720',389);
INSERT INTO image (type, url, room) VALUES ('detail','https://a0.muscache.com/im/pictures/ef287c9d-e5b6-4e8e-93cf-875c9edf7665.jpg?im_w=720',389);
INSERT INTO image (type, url, room) VALUES ('detail','https://a0.muscache.com/im/pictures/1a7457c7-2935-4272-9485-f28ff79c23d3.jpg?im_w=720',389);
INSERT INTO image (type, url, room) VALUES ('detail','https://a0.muscache.com/im/pictures/6987a672-76ed-41ac-9e87-7282c01294bd.jpg?im_w=720',389);
INSERT INTO image (type, url, room) VALUES ('detail','https://a0.muscache.com/im/pictures/620e2f2f-11bd-4440-88ab-812b1a0e0f0c.jpg?im_w=720',389);
INSERT INTO image (type, url, room) VALUES ('detail','https://a0.muscache.com/im/pictures/a31e6bc0-2c9b-4471-972d-c504084cf6f4.jpg?im_w=720',389);
INSERT INTO image (type, url, room) VALUES ('detail','https://a0.muscache.com/im/pictures/71d632d1-307d-42dd-8d8b-8de83ad87da6.jpg?im_w=720',389);
INSERT INTO image (type, url, room) VALUES ('detail','https://a0.muscache.com/im/pictures/4827bd8c-ad22-4a53-9280-3513e237f833.jpg?im_w=720',389);
INSERT INTO image (type, url, room) VALUES ('detail','https://a0.muscache.com/im/pictures/e6287a4c-7140-445f-81a7-c27a6edf537b.jpg?im_w=720',389);
INSERT INTO image (type, url, room) VALUES ('detail','https://a0.muscache.com/im/pictures/097375bd-6840-4cd6-a8ac-6be2e47286cc.jpg?im_w=720',389);
INSERT INTO image (type, url, room) VALUES ('detail','https://a0.muscache.com/im/pictures/24f6e347-55e1-4ceb-9329-88e4a2762afb.jpg?im_w=720',389);
INSERT INTO image (type, url, room) VALUES ('detail','https://a0.muscache.com/im/pictures/143b559a-6646-4ee1-aa3d-f260e0a2c048.jpg?im_w=720',389);
insert into location(id,latitude,longitude,city) values (390,33.462,126.33,'제주');
INSERT INTO room (id, title, description, price_per_day, room_type, bed, max_guest, bathroom, location) VALUES (390,'애월 노천탕 소길리 애월풀빌라신축','제주시의 게스트 스위트 전체',93000,'집 전체',2,2,1,390);
INSERT INTO image (type, url, room) VALUES ('thumb','https://a0.muscache.com/im/pictures/e43ceb4a-8228-4a3e-8330-dc5836eedd8f.jpg?im_w=720',390);
INSERT INTO image (type, url, room) VALUES ('detail','https://a0.muscache.com/im/pictures/60f1b54f-9760-4209-9ac1-7889aea6c23a.jpg?im_w=720',390);
INSERT INTO image (type, url, room) VALUES ('detail','https://a0.muscache.com/im/pictures/02177f58-0ba7-4597-9788-96c0fd39a880.jpg?im_w=720',390);
INSERT INTO image (type, url, room) VALUES ('detail','https://a0.muscache.com/im/pictures/52d5a8c4-4396-4320-9fe2-14980cd68816.jpg?im_w=720',390);
INSERT INTO image (type, url, room) VALUES ('detail','https://a0.muscache.com/im/pictures/2172bf26-3d38-4678-a554-4a3549a0a3e6.jpg?im_w=720',390);
INSERT INTO image (type, url, room) VALUES ('detail','https://a0.muscache.com/im/pictures/2878b731-3e5d-4133-9811-860144669624.jpg?im_w=720',390);
INSERT INTO image (type, url, room) VALUES ('detail','https://a0.muscache.com/im/pictures/bd20f686-83df-40aa-b28b-9c587007fc21.jpg?im_w=720',390);
INSERT INTO image (type, url, room) VALUES ('detail','https://a0.muscache.com/im/pictures/d39c00ff-680d-48fd-99fc-2500ce1720d9.jpg?im_w=720',390);
INSERT INTO image (type, url, room) VALUES ('detail','https://a0.muscache.com/im/pictures/7eddb0bc-b505-41c4-bcef-503beb00c5c9.jpg?im_w=720',390);
INSERT INTO image (type, url, room) VALUES ('detail','https://a0.muscache.com/im/pictures/4d201ef1-fd2f-4961-bef1-4111ad95316d.jpg?im_w=720',390);
INSERT INTO image (type, url, room) VALUES ('detail','https://a0.muscache.com/im/pictures/4e9ea971-5abc-4dc0-a4a5-f6d3791ae150.jpg?im_w=720',390);
INSERT INTO image (type, url, room) VALUES ('detail','https://a0.muscache.com/im/pictures/9d3f2c97-b774-415f-bc80-e7ea8f8589c7.jpg?im_w=720',390);
INSERT INTO image (type, url, room) VALUES ('detail','https://a0.muscache.com/im/pictures/651250ef-696f-4c5a-8e12-47feb8c8b347.jpg?im_w=720',390);
INSERT INTO image (type, url, room) VALUES ('detail','https://a0.muscache.com/im/pictures/6b6a5854-0576-4305-a82b-47436a33b7d2.jpg?im_w=720',390);
INSERT INTO image (type, url, room) VALUES ('detail','https://a0.muscache.com/im/pictures/ec8a1f9f-d6cc-410d-baca-b1e9d19630c4.jpg?im_w=720',390);
INSERT INTO image (type, url, room) VALUES ('detail','https://a0.muscache.com/im/pictures/a957c3ab-79e3-4349-bbf4-5a6c2660aaa9.jpg?im_w=720',390);
INSERT INTO image (type, url, room) VALUES ('detail','https://a0.muscache.com/im/pictures/d0549c19-54c8-47d9-a17d-13dd89b071cf.jpg?im_w=720',390);
INSERT INTO image (type, url, room) VALUES ('detail','https://a0.muscache.com/im/pictures/6a31e797-f80e-4336-9b63-9daf9e257ebb.jpg?im_w=720',390);
insert into location(id,latitude,longitude,city) values (391,33.223,126.256,'제주');
INSERT INTO room (id, title, description, price_per_day, room_type, bed, max_guest, bathroom, location) VALUES (391,'모슬포 제주도 가정집, 자운게스트하우스 2인실 황토방(Jaun Guesthouse)','Daejeong-eup, Seogwipo의 개인실',90000,'개인실',0,2,1,391);
INSERT INTO image (type, url, room) VALUES ('thumb','https://a0.muscache.com/im/pictures/41eb77ee-ffb8-4cd6-9f63-dfbf9e00043b.jpg?im_w=720',391);
INSERT INTO image (type, url, room) VALUES ('detail','https://a0.muscache.com/im/pictures/a817f1f4-7a3d-4e7c-a83e-82c7805d1f33.jpg?im_w=720',391);
INSERT INTO image (type, url, room) VALUES ('detail','https://a0.muscache.com/im/pictures/3a29f1a8-aa9f-465b-9015-61002d0b118b.jpg?im_w=720',391);
INSERT INTO image (type, url, room) VALUES ('detail','https://a0.muscache.com/im/pictures/e623f8b5-a752-4425-bf5c-f81e3b84ed05.jpg?im_w=720',391);
INSERT INTO image (type, url, room) VALUES ('detail','https://a0.muscache.com/im/pictures/6369a543-bdf0-4b16-a485-9f014bc9ab2f.jpg?im_w=720',391);
INSERT INTO image (type, url, room) VALUES ('detail','https://a0.muscache.com/im/pictures/258f18a4-d244-421f-bf85-7a543a9c4718.jpg?im_w=720',391);
INSERT INTO image (type, url, room) VALUES ('detail','https://a0.muscache.com/im/pictures/ac7de8ff-e586-47f6-ad5f-19f856d9e747.jpg?im_w=720',391);
INSERT INTO image (type, url, room) VALUES ('detail','https://a0.muscache.com/im/pictures/abf1946f-ed57-41d1-9260-c868e2f7ea3e.jpg?im_w=720',391);
INSERT INTO image (type, url, room) VALUES ('detail','https://a0.muscache.com/im/pictures/6c9c97ae-daf7-4da7-8b9c-7aad3e767d29.jpg?im_w=720',391);
INSERT INTO image (type, url, room) VALUES ('detail','https://a0.muscache.com/im/pictures/6a68ca06-b692-48f1-ac8c-89069ecd8428.jpg?im_w=720',391);
INSERT INTO image (type, url, room) VALUES ('detail','https://a0.muscache.com/im/pictures/b3873829-0deb-44b7-9775-5840df8ee895.jpg?im_w=720',391);
INSERT INTO image (type, url, room) VALUES ('detail','https://a0.muscache.com/im/pictures/5de8b7e8-3512-42a5-a506-dc0d325731e2.jpg?im_w=720',391);
INSERT INTO image (type, url, room) VALUES ('detail','https://a0.muscache.com/im/pictures/1307dc0e-697c-4098-8653-2f593cb7eb8c.jpg?im_w=720',391);
INSERT INTO image (type, url, room) VALUES ('detail','https://a0.muscache.com/im/pictures/8d96c69b-b710-4875-84c8-959bc72910b4.jpg?im_w=720',391);
INSERT INTO image (type, url, room) VALUES ('detail','https://a0.muscache.com/im/pictures/f5922b69-79bd-43b0-9773-db5b4cf85611.jpg?im_w=720',391);
INSERT INTO image (type, url, room) VALUES ('detail','https://a0.muscache.com/im/pictures/70616b74-554e-4f34-ae23-755668af3d3f.jpg?im_w=720',391);
INSERT INTO image (type, url, room) VALUES ('detail','https://a0.muscache.com/im/pictures/1597bafd-3090-46f0-9d20-0acf29f2a4da.jpg?im_w=720',391);
INSERT INTO image (type, url, room) VALUES ('detail','https://a0.muscache.com/im/pictures/5aceda02-c82f-4422-9e34-0ff07cde3fed.jpg?im_w=720',391);
INSERT INTO image (type, url, room) VALUES ('detail','https://a0.muscache.com/im/pictures/74b3c84d-ceae-4df9-9a0f-4a8e71f318b4.jpg?im_w=720',391);
INSERT INTO image (type, url, room) VALUES ('detail','https://a0.muscache.com/im/pictures/4ae25eb4-9605-4e1f-96a2-429312a73706.jpg?im_w=720',391);
INSERT INTO image (type, url, room) VALUES ('detail','https://a0.muscache.com/im/pictures/93d73c57-1df0-40da-963c-d4d6585b11ac.jpg?im_w=720',391);
INSERT INTO image (type, url, room) VALUES ('detail','https://a0.muscache.com/im/pictures/19ef2c29-d9fb-457b-a698-d6ed88909019.jpg?im_w=720',391);
INSERT INTO image (type, url, room) VALUES ('detail','https://a0.muscache.com/im/pictures/19bd6e7e-39d2-44ba-81a8-e2673fcf55b6.jpg?im_w=720',391);
INSERT INTO image (type, url, room) VALUES ('detail','https://a0.muscache.com/im/pictures/196c8aa8-f070-429f-91b0-b3fdda7248f5.jpg?im_w=720',391);
INSERT INTO image (type, url, room) VALUES ('detail','https://a0.muscache.com/im/pictures/655431d3-252f-4864-9f12-869d7104eb3e.jpg?im_w=720',391);
INSERT INTO image (type, url, room) VALUES ('detail','https://a0.muscache.com/im/pictures/57caa105-25e2-40ee-a04e-f74867b7050f.jpg?im_w=720',391);
INSERT INTO image (type, url, room) VALUES ('detail','https://a0.muscache.com/im/pictures/f4e0fd2f-6c06-4d0d-9073-36089f2582dc.jpg?im_w=720',391);
INSERT INTO image (type, url, room) VALUES ('detail','https://a0.muscache.com/im/pictures/637ebea1-0a85-413f-a81a-7347196b6d8c.jpg?im_w=720',391);
INSERT INTO image (type, url, room) VALUES ('detail','https://a0.muscache.com/im/pictures/a985f32d-2c8a-4550-bca8-54a46498bfe9.jpg?im_w=720',391);
INSERT INTO image (type, url, room) VALUES ('detail','https://a0.muscache.com/im/pictures/47be2a77-9de6-49ac-8b7e-05d9c5db28a0.jpg?im_w=720',391);
insert into location(id,latitude,longitude,city) values (392,33.543,126.663,'제주');
INSERT INTO room (id, title, description, price_per_day, room_type, bed, max_guest, bathroom, location) VALUES (392,'소곤닥하우스 싱글룸 101호','Jochon-eup, Cheju의 개인실',90000,'개인실',1,1,1,392);
INSERT INTO image (type, url, room) VALUES ('thumb','https://a0.muscache.com/im/pictures/miso/Hosting-43228401/original/d324f21d-a60a-40b7-bb1f-e1728ec522a3.jpeg?im_w=720',392);
INSERT INTO image (type, url, room) VALUES ('detail','https://a0.muscache.com/im/pictures/miso/Hosting-43228401/original/603d752a-073d-4d5f-98ab-c665a92f1bad.jpeg?im_w=720',392);
INSERT INTO image (type, url, room) VALUES ('detail','https://a0.muscache.com/im/pictures/miso/Hosting-43228401/original/48530ff3-a469-435c-8fe3-150b144ebd90.jpeg?im_w=720',392);
INSERT INTO image (type, url, room) VALUES ('detail','https://a0.muscache.com/im/pictures/miso/Hosting-43228401/original/3779c554-6c25-44b2-8a45-a044de4f0461.jpeg?im_w=720',392);
INSERT INTO image (type, url, room) VALUES ('detail','https://a0.muscache.com/im/pictures/miso/Hosting-43228401/original/8506d98e-592d-436d-ae18-f9c4a9b4dc6f.jpeg?im_w=720',392);
INSERT INTO image (type, url, room) VALUES ('detail','https://a0.muscache.com/im/pictures/miso/Hosting-43228401/original/aa4b16cb-814f-4b2e-96ee-6ffe4ce51581.jpeg?im_w=720',392);
INSERT INTO image (type, url, room) VALUES ('detail','https://a0.muscache.com/im/pictures/miso/Hosting-43228401/original/0d800a3a-3b4e-4c99-b070-13a42e7f75c7.jpeg?im_w=720',392);
INSERT INTO image (type, url, room) VALUES ('detail','https://a0.muscache.com/im/pictures/miso/Hosting-43228401/original/36f26d89-d665-409d-a0d0-f23eed008eb5.jpeg?im_w=720',392);
INSERT INTO image (type, url, room) VALUES ('detail','https://a0.muscache.com/im/pictures/miso/Hosting-43228401/original/c4e668b4-dfd5-487e-883d-fb8cb908dd47.jpeg?im_w=720',392);
INSERT INTO image (type, url, room) VALUES ('detail','https://a0.muscache.com/im/pictures/miso/Hosting-43228401/original/8831f0cc-244f-40df-b677-7c0e6aecfb33.jpeg?im_w=720',392);
INSERT INTO image (type, url, room) VALUES ('detail','https://a0.muscache.com/im/pictures/miso/Hosting-43228401/original/6927f431-d0e7-4b8b-a82b-387691f35cd5.jpeg?im_w=720',392);
INSERT INTO image (type, url, room) VALUES ('detail','https://a0.muscache.com/im/pictures/miso/Hosting-43228401/original/b3152464-7466-4de4-91f6-abb3c10a7c93.jpeg?im_w=720',392);
INSERT INTO image (type, url, room) VALUES ('detail','https://a0.muscache.com/im/pictures/miso/Hosting-43228401/original/4271f4b4-97a1-4b60-ba17-bc012b5d384b.jpeg?im_w=720',392);
INSERT INTO image (type, url, room) VALUES ('detail','https://a0.muscache.com/im/pictures/miso/Hosting-43228401/original/ada62e7a-e5e5-41c0-9966-a1b5621576ad.jpeg?im_w=720',392);
INSERT INTO image (type, url, room) VALUES ('detail','https://a0.muscache.com/im/pictures/miso/Hosting-43228401/original/34a36b46-e38d-4f73-aff9-8c8cbad3e6e1.jpeg?im_w=720',392);
INSERT INTO image (type, url, room) VALUES ('detail','https://a0.muscache.com/im/pictures/miso/Hosting-43228401/original/4e3444f3-18a3-45d9-b858-9abc6bf51326.jpeg?im_w=720',392);
INSERT INTO image (type, url, room) VALUES ('detail','https://a0.muscache.com/im/pictures/miso/Hosting-43228401/original/1c3aa4de-2f51-41f1-8d96-37f2246f1c3a.jpeg?im_w=720',392);
INSERT INTO image (type, url, room) VALUES ('detail','https://a0.muscache.com/im/pictures/miso/Hosting-43228401/original/3b61b985-5690-4e27-b977-c56049ad8f6b.jpeg?im_w=720',392);
INSERT INTO image (type, url, room) VALUES ('detail','https://a0.muscache.com/im/pictures/miso/Hosting-43228401/original/8ad562ce-b923-4049-9711-71e93a06f025.jpeg?im_w=720',392);
INSERT INTO image (type, url, room) VALUES ('detail','https://a0.muscache.com/im/pictures/miso/Hosting-43228401/original/2f8a835c-ec57-4935-a01e-7db8bdefdace.jpeg?im_w=720',392);
INSERT INTO image (type, url, room) VALUES ('detail','https://a0.muscache.com/im/pictures/miso/Hosting-43228401/original/9198e73c-66ef-4760-8ab1-5155477bcf24.jpeg?im_w=720',392);
INSERT INTO image (type, url, room) VALUES ('detail','https://a0.muscache.com/im/pictures/miso/Hosting-43228401/original/8e60bea8-d57e-4ee8-8414-0d1e7d734630.jpeg?im_w=720',392);
INSERT INTO image (type, url, room) VALUES ('detail','https://a0.muscache.com/im/pictures/miso/Hosting-43228401/original/7eea053f-6037-4d6c-bb10-59e19ef90e0c.jpeg?im_w=720',392);
INSERT INTO image (type, url, room) VALUES ('detail','https://a0.muscache.com/im/pictures/miso/Hosting-43228401/original/3799413b-abc1-4e29-a6d6-331dd5ab5724.jpeg?im_w=720',392);
INSERT INTO image (type, url, room) VALUES ('detail','https://a0.muscache.com/im/pictures/miso/Hosting-43228401/original/e1f09c1b-72b2-4567-b381-84cbd592ffbe.jpeg?im_w=720',392);
INSERT INTO image (type, url, room) VALUES ('detail','https://a0.muscache.com/im/pictures/miso/Hosting-43228401/original/c1427a08-25df-4fa4-be60-e05080f7b442.jpeg?im_w=720',392);
INSERT INTO image (type, url, room) VALUES ('detail','https://a0.muscache.com/im/pictures/miso/Hosting-43228401/original/a22a7cc8-f9d1-4f73-82bd-1611c90edb15.jpeg?im_w=720',392);
INSERT INTO image (type, url, room) VALUES ('detail','https://a0.muscache.com/im/pictures/miso/Hosting-43228401/original/175be78a-79bc-4f5f-84ec-4791ec9e9ef6.jpeg?im_w=720',392);
INSERT INTO image (type, url, room) VALUES ('detail','https://a0.muscache.com/im/pictures/miso/Hosting-43228401/original/dd98de74-3523-46d2-845d-9022b1740006.jpeg?im_w=720',392);
INSERT INTO image (type, url, room) VALUES ('detail','https://a0.muscache.com/im/pictures/miso/Hosting-43228401/original/278cd2c2-477b-49c5-a5a6-81ecff03b328.jpeg?im_w=720',392);
insert into location(id,latitude,longitude,city) values (393,33.373,126.859,'제주');
INSERT INTO room (id, title, description, price_per_day, room_type, bed, max_guest, bathroom, location) VALUES (393,'제주감성숙소 /넷플릭스/빔프로젝터/하트욕조//프라이빗정원/느리게가는구름
(취사×바베큐×)','Seongsan-eup, Seogwipo-si의 집 전체',100000,'집 전체',1,2,1,393);
INSERT INTO image (type, url, room) VALUES ('thumb','https://a0.muscache.com/im/pictures/3590d9f3-5332-47ce-84aa-fbe12a2b19ee.jpg?im_w=720',393);
INSERT INTO image (type, url, room) VALUES ('detail','https://a0.muscache.com/im/pictures/58ac1301-8614-4254-9613-175f086b2533.jpg?im_w=720',393);
INSERT INTO image (type, url, room) VALUES ('detail','https://a0.muscache.com/im/pictures/4cfe4da4-1988-40e2-a851-aff4192d3750.jpg?im_w=720',393);
INSERT INTO image (type, url, room) VALUES ('detail','https://a0.muscache.com/im/pictures/f5ffba61-b54d-488b-b985-9331088af8a0.jpg?im_w=720',393);
INSERT INTO image (type, url, room) VALUES ('detail','https://a0.muscache.com/im/pictures/dac2a7c5-46c7-4ff5-bc59-1d54ce36c0fe.jpg?im_w=720',393);
INSERT INTO image (type, url, room) VALUES ('detail','https://a0.muscache.com/im/pictures/81ed71f1-8179-4ef2-843e-dd645d17e973.jpg?im_w=720',393);
INSERT INTO image (type, url, room) VALUES ('detail','https://a0.muscache.com/im/pictures/d6e2303f-b7e0-4287-9e30-81459f5920ba.jpg?im_w=720',393);
INSERT INTO image (type, url, room) VALUES ('detail','https://a0.muscache.com/im/pictures/22405df8-6936-41a1-9fb1-e3d5c7ed1d39.jpg?im_w=720',393);
INSERT INTO image (type, url, room) VALUES ('detail','https://a0.muscache.com/im/pictures/def5fe36-3353-4602-abaf-5816f50fafa4.jpg?im_w=720',393);
INSERT INTO image (type, url, room) VALUES ('detail','https://a0.muscache.com/im/pictures/502856ed-c321-4676-a138-dc582eb96464.jpg?im_w=720',393);
INSERT INTO image (type, url, room) VALUES ('detail','https://a0.muscache.com/im/pictures/99f809ed-4375-46e2-8858-19c6187d7573.jpg?im_w=720',393);
INSERT INTO image (type, url, room) VALUES ('detail','https://a0.muscache.com/im/pictures/16333a36-52a8-48bd-9230-1cd42b5fce7f.jpg?im_w=720',393);
INSERT INTO image (type, url, room) VALUES ('detail','https://a0.muscache.com/im/pictures/26fc671d-79fb-4b68-a87c-23a156d766d0.jpg?im_w=720',393);
INSERT INTO image (type, url, room) VALUES ('detail','https://a0.muscache.com/im/pictures/81a66d1b-4ff7-48ca-915c-9e8d88fec1c4.jpg?im_w=720',393);
INSERT INTO image (type, url, room) VALUES ('detail','https://a0.muscache.com/im/pictures/5346475f-2263-426a-b9e5-6864f1904c63.jpg?im_w=720',393);
INSERT INTO image (type, url, room) VALUES ('detail','https://a0.muscache.com/im/pictures/dc915494-3cf6-4147-ba45-71263f9467f8.jpg?im_w=720',393);
INSERT INTO image (type, url, room) VALUES ('detail','https://a0.muscache.com/im/pictures/1c222db5-9745-4390-ae1d-600663a9eeb5.jpg?im_w=720',393);
INSERT INTO image (type, url, room) VALUES ('detail','https://a0.muscache.com/im/pictures/6d1ed22a-4265-4348-8631-49cf9d6d961e.jpg?im_w=720',393);
INSERT INTO image (type, url, room) VALUES ('detail','https://a0.muscache.com/im/pictures/8ba80430-ecc7-4fc0-9cae-cf8cadb1e6b6.jpg?im_w=720',393);
INSERT INTO image (type, url, room) VALUES ('detail','https://a0.muscache.com/im/pictures/2a8fbd4d-f06a-4e50-a26b-bbd0c66aeabe.jpg?im_w=720',393);
INSERT INTO image (type, url, room) VALUES ('detail','https://a0.muscache.com/im/pictures/84416b36-6365-43d6-ae55-0bcaec17d2e1.jpg?im_w=720',393);
INSERT INTO image (type, url, room) VALUES ('detail','https://a0.muscache.com/im/pictures/d28b6455-9293-4ac7-a819-8426abf5e93f.jpg?im_w=720',393);
INSERT INTO image (type, url, room) VALUES ('detail','https://a0.muscache.com/im/pictures/5eb34e98-4b37-48d3-b266-959c0ed20331.jpg?im_w=720',393);
INSERT INTO image (type, url, room) VALUES ('detail','https://a0.muscache.com/im/pictures/09c1c30e-2258-4b87-a477-86b6d1b88bbb.jpg?im_w=720',393);
INSERT INTO image (type, url, room) VALUES ('detail','https://a0.muscache.com/im/pictures/da5d5638-f4f0-4c2e-ac2a-e21d16e6b016.jpg?im_w=720',393);
INSERT INTO image (type, url, room) VALUES ('detail','https://a0.muscache.com/im/pictures/4be56ada-47c4-4dac-b3a3-6c9626aa714c.jpg?im_w=720',393);
INSERT INTO image (type, url, room) VALUES ('detail','https://a0.muscache.com/im/pictures/87ec696a-6e65-488b-8efe-ad40d1543639.jpg?im_w=720',393);
INSERT INTO image (type, url, room) VALUES ('detail','https://a0.muscache.com/im/pictures/01aa26c1-d46b-43f1-89ec-5c8c57817a8e.jpg?im_w=720',393);
INSERT INTO image (type, url, room) VALUES ('detail','https://a0.muscache.com/im/pictures/70c684aa-a20c-4e67-a105-8590dcf725c3.jpg?im_w=720',393);
INSERT INTO image (type, url, room) VALUES ('detail','https://a0.muscache.com/im/pictures/a396cf96-7e5e-4945-a762-476786851af1.jpg?im_w=720',393);
insert into location(id,latitude,longitude,city) values (394,33.42,126.402,'제주');
INSERT INTO room (id, title, description, price_per_day, room_type, bed, max_guest, bathroom, location) VALUES (394,'[애월] 휴식과 힐링의 공간  아무것도 하고싶지 않을땐 *자파리하우스*(도미토리)','제주시의 다인실',90000,'다인실',1,6,1,394);
INSERT INTO image (type, url, room) VALUES ('thumb','https://a0.muscache.com/im/pictures/c58e585a-e9ec-42c3-959e-518d14ef4681.jpg?im_w=720',394);
INSERT INTO image (type, url, room) VALUES ('detail','https://a0.muscache.com/im/pictures/228b4e6a-572c-4322-8a22-8cd7e9084eff.jpg?im_w=720',394);
INSERT INTO image (type, url, room) VALUES ('detail','https://a0.muscache.com/im/pictures/71dcc97f-f352-494d-ba92-f370c08d69f9.jpg?im_w=720',394);
INSERT INTO image (type, url, room) VALUES ('detail','https://a0.muscache.com/im/pictures/f3186b72-969a-4cb6-9f72-689075232afe.jpg?im_w=720',394);
INSERT INTO image (type, url, room) VALUES ('detail','https://a0.muscache.com/im/pictures/ce61373f-77c2-4252-aeb3-1a05f77e85df.jpg?im_w=720',394);
INSERT INTO image (type, url, room) VALUES ('detail','https://a0.muscache.com/im/pictures/2467744b-6fc0-455b-9253-d590313b9007.jpg?im_w=720',394);
INSERT INTO image (type, url, room) VALUES ('detail','https://a0.muscache.com/im/pictures/d11b434f-8b6e-4abe-8732-8929fa740c3c.jpg?im_w=720',394);
INSERT INTO image (type, url, room) VALUES ('detail','https://a0.muscache.com/im/pictures/3b6daddf-ee64-4f01-a8d7-f579b835b9ff.jpg?im_w=720',394);
INSERT INTO image (type, url, room) VALUES ('detail','https://a0.muscache.com/im/pictures/9b1285ad-bb37-41e6-9da5-99e2dea0d2d3.jpg?im_w=720',394);
INSERT INTO image (type, url, room) VALUES ('detail','https://a0.muscache.com/im/pictures/93682ba8-61b0-4938-b8f8-edbc779b8c49.jpg?im_w=720',394);
INSERT INTO image (type, url, room) VALUES ('detail','https://a0.muscache.com/im/pictures/c4a86ca9-5023-4d20-9911-71e7e90de2c7.jpg?im_w=720',394);
INSERT INTO image (type, url, room) VALUES ('detail','https://a0.muscache.com/im/pictures/1638c18c-4253-4e47-adc5-faccf2685df1.jpg?im_w=720',394);
INSERT INTO image (type, url, room) VALUES ('detail','https://a0.muscache.com/im/pictures/86f8ac89-1be4-40ea-942a-f3cf626240fb.jpg?im_w=720',394);
INSERT INTO image (type, url, room) VALUES ('detail','https://a0.muscache.com/im/pictures/0a134170-4265-4026-ac71-ac2ce0682116.jpg?im_w=720',394);
INSERT INTO image (type, url, room) VALUES ('detail','https://a0.muscache.com/im/pictures/fff5dd3b-deb7-4cba-aa83-0e17ddffa89a.jpg?im_w=720',394);
INSERT INTO image (type, url, room) VALUES ('detail','https://a0.muscache.com/im/pictures/4a2374c4-b8f2-4197-a046-04e1520df425.jpg?im_w=720',394);
INSERT INTO image (type, url, room) VALUES ('detail','https://a0.muscache.com/im/pictures/a681fe6c-4429-476a-a971-aa169c742c7d.jpg?im_w=720',394);
INSERT INTO image (type, url, room) VALUES ('detail','https://a0.muscache.com/im/pictures/82948bc9-6638-4820-8f26-0d847a9fdc21.jpg?im_w=720',394);
INSERT INTO image (type, url, room) VALUES ('detail','https://a0.muscache.com/im/pictures/1e9edeff-ef32-4c84-91df-1b8604525395.jpg?im_w=720',394);
INSERT INTO image (type, url, room) VALUES ('detail','https://a0.muscache.com/im/pictures/39742578-5597-4d9c-8b4a-7fcf51702c31.jpg?im_w=720',394);
INSERT INTO image (type, url, room) VALUES ('detail','https://a0.muscache.com/im/pictures/00881a2f-be2c-4ff6-ae56-b202755b08fa.jpg?im_w=720',394);
INSERT INTO image (type, url, room) VALUES ('detail','https://a0.muscache.com/im/pictures/dfdcbf98-d8f9-428c-9a61-f723b2aca084.jpg?im_w=720',394);
insert into location(id,latitude,longitude,city) values (395,33.248,126.554,'제주');
INSERT INTO room (id, title, description, price_per_day, room_type, bed, max_guest, bathroom, location) VALUES (395,'[호수공원뷰 1인]서귀포 아늑하고 포근한 산책하기 좋은 고즈넉한 공원호수뷰','Seogwipo-si의 호텔 객실',85000,'개인실',1,2,1,395);
INSERT INTO image (type, url, room) VALUES ('thumb','https://a0.muscache.com/im/pictures/8c468f95-9cb3-431f-936d-d1866c03235f.jpg?im_w=720',395);
INSERT INTO image (type, url, room) VALUES ('detail','https://a0.muscache.com/im/pictures/c4194d75-adc9-4419-955d-7fbd0b51b17f.jpg?im_w=720',395);
INSERT INTO image (type, url, room) VALUES ('detail','https://a0.muscache.com/im/pictures/92fc1dd4-a27b-4628-84d9-0198a2e21b5b.jpg?im_w=720',395);
INSERT INTO image (type, url, room) VALUES ('detail','https://a0.muscache.com/im/pictures/9ff583fa-8e14-4274-bf88-d57c3904b830.jpg?im_w=720',395);
INSERT INTO image (type, url, room) VALUES ('detail','https://a0.muscache.com/im/pictures/ca0c9c9a-d9c0-4da7-9628-d0e4192a6d70.jpg?im_w=720',395);
INSERT INTO image (type, url, room) VALUES ('detail','https://a0.muscache.com/im/pictures/a9a10593-88b8-4325-8e5a-6fd2e628e9e2.jpg?im_w=720',395);
INSERT INTO image (type, url, room) VALUES ('detail','https://a0.muscache.com/im/pictures/a1c97e63-3197-4d19-afe3-5e434a557e95.jpg?im_w=720',395);
INSERT INTO image (type, url, room) VALUES ('detail','https://a0.muscache.com/im/pictures/020f9eac-035e-4c93-b4d4-bf0d0f167bbc.jpg?im_w=720',395);
INSERT INTO image (type, url, room) VALUES ('detail','https://a0.muscache.com/im/pictures/15a2ac24-5e44-49fa-ba39-00d3f137d92f.jpg?im_w=720',395);
INSERT INTO image (type, url, room) VALUES ('detail','https://a0.muscache.com/im/pictures/e9532681-a0c1-4e25-a967-7d6039ab2f4e.jpg?im_w=720',395);
INSERT INTO image (type, url, room) VALUES ('detail','https://a0.muscache.com/im/pictures/30d4e563-0bad-432d-bfda-6ff62fe016f9.jpg?im_w=720',395);
INSERT INTO image (type, url, room) VALUES ('detail','https://a0.muscache.com/im/pictures/1297abfb-d47f-4069-9b76-6aadf77d045a.jpg?im_w=720',395);
INSERT INTO image (type, url, room) VALUES ('detail','https://a0.muscache.com/im/pictures/76ecc5de-a5d3-4f2e-aae9-c5481ae966c6.jpg?im_w=720',395);
INSERT INTO image (type, url, room) VALUES ('detail','https://a0.muscache.com/im/pictures/a061a53c-66a6-4f78-96f8-e16000bac8c3.jpg?im_w=720',395);
insert into location(id,latitude,longitude,city) values (396,33.494,126.677,'제주');
INSERT INTO room (id, title, description, price_per_day, room_type, bed, max_guest, bathroom, location) VALUES (396,'Deep Healing(깊은 치유) - 함덕해변이 내려다 보이는 숲 속 마을','Jochon-eup, Cheju의 펜션',90000,'집 전체',1,2,1,396);
INSERT INTO image (type, url, room) VALUES ('thumb','https://a0.muscache.com/im/pictures/64a66aba-c212-4486-a87f-7e33dc8d1982.jpg?im_w=720',396);
INSERT INTO image (type, url, room) VALUES ('detail','https://a0.muscache.com/im/pictures/04503135-83f0-407a-971c-9559d2b30422.jpg?im_w=720',396);
INSERT INTO image (type, url, room) VALUES ('detail','https://a0.muscache.com/im/pictures/92739ae2-07b8-4fa6-8621-a434ebd0829b.jpg?im_w=720',396);
INSERT INTO image (type, url, room) VALUES ('detail','https://a0.muscache.com/im/pictures/ad87a9ef-529a-4e28-b365-0846a76d8945.jpg?im_w=720',396);
INSERT INTO image (type, url, room) VALUES ('detail','https://a0.muscache.com/im/pictures/08733a25-358a-44a5-8840-9ae9620eb4e9.jpg?im_w=720',396);
INSERT INTO image (type, url, room) VALUES ('detail','https://a0.muscache.com/im/pictures/292fe391-a125-4bdb-9f6c-404f1e5de95f.jpg?im_w=720',396);
INSERT INTO image (type, url, room) VALUES ('detail','https://a0.muscache.com/im/pictures/c1ceda76-d317-46fa-982a-5aec05d277b8.jpg?im_w=720',396);
INSERT INTO image (type, url, room) VALUES ('detail','https://a0.muscache.com/im/pictures/6b77e096-cbcc-441e-addb-d5120522d118.jpg?im_w=720',396);
INSERT INTO image (type, url, room) VALUES ('detail','https://a0.muscache.com/im/pictures/e02cbc41-0a26-474c-8d66-d516b607ed89.jpg?im_w=720',396);
INSERT INTO image (type, url, room) VALUES ('detail','https://a0.muscache.com/im/pictures/976e84bb-06f9-4645-9726-0924d6eb6613.jpg?im_w=720',396);
INSERT INTO image (type, url, room) VALUES ('detail','https://a0.muscache.com/im/pictures/6909de2b-60ad-4eab-b187-8083e896c7f4.jpg?im_w=720',396);
INSERT INTO image (type, url, room) VALUES ('detail','https://a0.muscache.com/im/pictures/51fc48ac-ba09-4db1-9275-50dcd76f2bf0.jpg?im_w=720',396);
INSERT INTO image (type, url, room) VALUES ('detail','https://a0.muscache.com/im/pictures/dbdd4df2-d4d1-4f43-93e5-ba44fc1ee78e.jpg?im_w=720',396);
INSERT INTO image (type, url, room) VALUES ('detail','https://a0.muscache.com/im/pictures/d09403ea-f9b6-432f-981c-ff15b1782325.jpg?im_w=720',396);
INSERT INTO image (type, url, room) VALUES ('detail','https://a0.muscache.com/im/pictures/53522310-8626-4c69-8163-6c98705a5433.jpg?im_w=720',396);
INSERT INTO image (type, url, room) VALUES ('detail','https://a0.muscache.com/im/pictures/4a43a27a-f269-4572-94ca-3307934116f3.jpg?im_w=720',396);
INSERT INTO image (type, url, room) VALUES ('detail','https://a0.muscache.com/im/pictures/c7645a33-f1c5-44ca-b67f-34d38bfe1e6f.jpg?im_w=720',396);
INSERT INTO image (type, url, room) VALUES ('detail','https://a0.muscache.com/im/pictures/cd2d2e8c-06bb-44a0-8cb0-2208d075af64.jpg?im_w=720',396);
INSERT INTO image (type, url, room) VALUES ('detail','https://a0.muscache.com/im/pictures/42974343-6b33-43c3-af57-3343dba1f4d4.jpg?im_w=720',396);
INSERT INTO image (type, url, room) VALUES ('detail','https://a0.muscache.com/im/pictures/4b9ef8b2-c786-406a-8442-1d65fe5e7fc6.jpg?im_w=720',396);
INSERT INTO image (type, url, room) VALUES ('detail','https://a0.muscache.com/im/pictures/41932879-fc01-4a10-9660-188081c59d5c.jpg?im_w=720',396);
insert into location(id,latitude,longitude,city) values (397,33.503,126.456,'제주');
INSERT INTO room (id, title, description, price_per_day, room_type, bed, max_guest, bathroom, location) VALUES (397,'B-201호_이호베이_제주보름살기,2층전용1.5룸,이호해수욕장인근,제주공항서쪽km!!','Iho-dong, Cheju의 집 전체',100000,'집 전체',1,2,1,397);
INSERT INTO image (type, url, room) VALUES ('thumb','https://a0.muscache.com/im/pictures/86013e80-ebc1-4fd4-85f9-6ca58c77e1cd.jpg?im_w=720',397);
INSERT INTO image (type, url, room) VALUES ('detail','https://a0.muscache.com/im/pictures/72475e02-dc6f-4a37-ac1c-9e998d286e65.jpg?im_w=720',397);
INSERT INTO image (type, url, room) VALUES ('detail','https://a0.muscache.com/im/pictures/f5102acf-df62-4da5-a413-d1273c609df4.jpg?im_w=720',397);
INSERT INTO image (type, url, room) VALUES ('detail','https://a0.muscache.com/im/pictures/ae5bea51-141e-4f51-b2fa-cfd2e69040bd.jpg?im_w=720',397);
INSERT INTO image (type, url, room) VALUES ('detail','https://a0.muscache.com/im/pictures/5c961c78-5c4e-44ac-a135-23d15592630f.jpg?im_w=720',397);
INSERT INTO image (type, url, room) VALUES ('detail','https://a0.muscache.com/im/pictures/69ad2294-c771-447e-a46c-19272f137b41.jpg?im_w=720',397);
INSERT INTO image (type, url, room) VALUES ('detail','https://a0.muscache.com/im/pictures/8cb26baa-4b03-4790-872e-6a7a96c335e1.jpg?im_w=720',397);
INSERT INTO image (type, url, room) VALUES ('detail','https://a0.muscache.com/im/pictures/ed779a5c-3ffe-4843-8e45-67890ab3e8cc.jpg?im_w=720',397);
INSERT INTO image (type, url, room) VALUES ('detail','https://a0.muscache.com/im/pictures/d95e46d3-9f23-448c-a9fa-e70c3c733b91.jpg?im_w=720',397);
INSERT INTO image (type, url, room) VALUES ('detail','https://a0.muscache.com/im/pictures/ff4db4a4-0426-4b1c-a3ef-6659f7cd2613.jpg?im_w=720',397);
INSERT INTO image (type, url, room) VALUES ('detail','https://a0.muscache.com/im/pictures/f9747d57-7e9a-4889-92cf-35614c5c469f.jpg?im_w=720',397);
INSERT INTO image (type, url, room) VALUES ('detail','https://a0.muscache.com/im/pictures/c2247d08-d9b7-4c89-b71c-db37ef118ee4.jpg?im_w=720',397);
INSERT INTO image (type, url, room) VALUES ('detail','https://a0.muscache.com/im/pictures/45522a67-08d6-449b-b7fc-d362d11456f4.jpg?im_w=720',397);
INSERT INTO image (type, url, room) VALUES ('detail','https://a0.muscache.com/im/pictures/0754b2f6-c5ef-4a35-9244-320352a8cd94.jpg?im_w=720',397);
INSERT INTO image (type, url, room) VALUES ('detail','https://a0.muscache.com/im/pictures/4ceb142c-6dfb-4789-b518-f784e26ff3dc.jpg?im_w=720',397);
INSERT INTO image (type, url, room) VALUES ('detail','https://a0.muscache.com/im/pictures/51a8b227-66d4-46ed-ba39-e64677a5cc6f.jpg?im_w=720',397);
INSERT INTO image (type, url, room) VALUES ('detail','https://a0.muscache.com/im/pictures/6270a9ae-5a79-4a61-bd3d-cee5fdfa71b8.jpg?im_w=720',397);
insert into location(id,latitude,longitude,city) values (398,33.5,126.504,'제주');
INSERT INTO room (id, title, description, price_per_day, room_type, bed, max_guest, bathroom, location) VALUES (398,'##카일룸 2호##제주공항 5분 // 퀸침대1개
원룸형 주택 단독사용','Yongdam 2(i)-dong, Cheju의 펜션',100000,'집 전체',1,2,1,398);
INSERT INTO image (type, url, room) VALUES ('thumb','https://a0.muscache.com/im/pictures/41bcf8c0-3694-4e3b-8e41-a3271d5ccdfe.jpg?im_w=720',398);
INSERT INTO image (type, url, room) VALUES ('detail','https://a0.muscache.com/im/pictures/d039c7f4-d05f-4351-a8ef-b1b654c8711d.jpg?im_w=720',398);
INSERT INTO image (type, url, room) VALUES ('detail','https://a0.muscache.com/im/pictures/cb0f699e-9704-499e-b5fd-af90be75d604.jpg?im_w=720',398);
INSERT INTO image (type, url, room) VALUES ('detail','https://a0.muscache.com/im/pictures/39b446ca-e781-472f-ac14-f73404bcc2a9.jpg?im_w=720',398);
INSERT INTO image (type, url, room) VALUES ('detail','https://a0.muscache.com/im/pictures/35764080-180a-4b99-b796-7313af06e490.jpg?im_w=720',398);
INSERT INTO image (type, url, room) VALUES ('detail','https://a0.muscache.com/im/pictures/5085175b-79ff-4e27-84d7-5271450d6599.jpg?im_w=720',398);
insert into location(id,latitude,longitude,city) values (399,33.485,126.486,'제주');
INSERT INTO room (id, title, description, price_per_day, room_type, bed, max_guest, bathroom, location) VALUES (399,'쇼핑천국..신라면세점 앞..제주에서의 소중한 시간을 위한 선택, 제주시내중심 숙소.','Yeon-dong, Cheju의 호텔 객실',90000,'개인실',2,3,1,399);
INSERT INTO image (type, url, room) VALUES ('thumb','https://a0.muscache.com/im/pictures/524c47e3-1fc1-45eb-9d28-23320cb66af1.jpg?im_w=720',399);
INSERT INTO image (type, url, room) VALUES ('detail','https://a0.muscache.com/im/pictures/722c2e3d-b96d-4113-a749-8e964c3ef99e.jpg?im_w=720',399);
INSERT INTO image (type, url, room) VALUES ('detail','https://a0.muscache.com/im/pictures/8756a818-1fd6-4397-883f-b5985a66fb02.jpg?im_w=720',399);
INSERT INTO image (type, url, room) VALUES ('detail','https://a0.muscache.com/im/pictures/95cf7b63-3c80-4785-8c77-3c6772d80d13.jpg?im_w=720',399);
INSERT INTO image (type, url, room) VALUES ('detail','https://a0.muscache.com/im/pictures/31622aae-db2b-4565-94c4-5d23b5e6d9dd.jpg?im_w=720',399);
INSERT INTO image (type, url, room) VALUES ('detail','https://a0.muscache.com/im/pictures/2d859f6a-6d0d-4cff-8d9a-1d8c6615efac.jpg?im_w=720',399);
INSERT INTO image (type, url, room) VALUES ('detail','https://a0.muscache.com/im/pictures/c01a2ece-5715-4475-8c85-1cbcf52ee580.jpg?im_w=720',399);
INSERT INTO image (type, url, room) VALUES ('detail','https://a0.muscache.com/im/pictures/55b9414d-b060-4a79-ab8b-79aa0ebc0d0b.jpg?im_w=720',399);
INSERT INTO image (type, url, room) VALUES ('detail','https://a0.muscache.com/im/pictures/eeeb3db9-333d-4da2-9c76-0ddfc96fe729.jpg?im_w=720',399);
INSERT INTO image (type, url, room) VALUES ('detail','https://a0.muscache.com/im/pictures/897741e8-0107-48f4-81b8-bb6673011490.jpg?im_w=720',399);
INSERT INTO image (type, url, room) VALUES ('detail','https://a0.muscache.com/im/pictures/db88f417-67bf-4ed0-91f8-cd0c92bd1203.jpg?im_w=720',399);
INSERT INTO image (type, url, room) VALUES ('detail','https://a0.muscache.com/im/pictures/e23be21a-793d-47ac-ba1e-3d3f8ee94df2.jpg?im_w=720',399);
INSERT INTO image (type, url, room) VALUES ('detail','https://a0.muscache.com/im/pictures/008f6283-5485-48fe-bc82-6db5e566b487.jpg?im_w=720',399);
INSERT INTO image (type, url, room) VALUES ('detail','https://a0.muscache.com/im/pictures/ecdef285-db01-47ca-8775-405f1fc26a6f.jpg?im_w=720',399);
INSERT INTO image (type, url, room) VALUES ('detail','https://a0.muscache.com/im/pictures/e606951d-7fd5-4fe5-b2a2-369ae1c5af34.jpg?im_w=720',399);
INSERT INTO image (type, url, room) VALUES ('detail','https://a0.muscache.com/im/pictures/198dc715-c1c2-49c0-8e67-ddf852a3862d.jpg?im_w=720',399);
INSERT INTO image (type, url, room) VALUES ('detail','https://a0.muscache.com/im/pictures/0323115a-080b-48e4-b2a9-2b276b71b1fd.jpg?im_w=720',399);
insert into location(id,latitude,longitude,city) values (400,33.508,126.472,'제주');
INSERT INTO room (id, title, description, price_per_day, room_type, bed, max_guest, bathroom, location) VALUES (400,'제주공항근처에 위치한 책향기 가득한 포근한 작가의 방(O-room)','제주시의 개인실',95000,'개인실',1,1,1,400);





